customer_id,age,gender,city,segment,employment_type,annual_income,months_on_book,num_products,income_log
CUST100000,25,F,Chandigarh,Mass Affluent,Self-Employed,504300.0,194,3,13.130928591009509
CUST100001,62,F,Jaipur,Retail,Student,266600.0,89,5,12.493508437657445
CUST100002,56,M,Mumbai,Retail,Salaried,374400.0,67,1,12.833082694522178
CUST100003,44,M,Bhopal,SME,Salaried,297600.0,13,2,12.603508942150482
CUST100004,44,F,Chandigarh,Retail,Self-Employed,623000.0,34,1,13.342303402904738
CUST100005,67,F,Chennai,Retail,Salaried,250000.0,13,2,12.429220196836383
CUST100006,25,M,Pune,Retail,Self-Employed,250000.0,83,2,12.429220196836383
CUST100007,58,M,Mumbai,Corporate,Self-Employed,419600.0,49,2,12.947059538723556
CUST100008,31,M,Indore,HNWI,Business Owner,250000.0,10,2,12.429220196836383
CUST100009,26,F,Kochi,Mass Affluent,Salaried,361900.0,188,4,12.799125972742269
CUST100010,49,F,Mumbai,SME,Salaried,1091200.0,211,1,13.902789482493203
CUST100011,73,M,Surat,Retail,Business Owner,250000.0,215,3,12.429220196836383
CUST100012,60,M,Pune,Corporate,Salaried,672700.0,201,3,13.419056230559343
CUST100013,62,M,Jaipur,Retail,Salaried,250000.0,35,2,12.429220196836383
CUST100014,59,F,Hyderabad,Retail,Salaried,598800.0,44,2,13.302684601532896
CUST100015,63,M,Indore,Retail,Salaried,405000.0,203,5,12.91164481522143
CUST100016,48,M,Pune,SME,Salaried,384700.0,9,2,12.860221688165133
CUST100017,27,M,Indore,Corporate,Salaried,250000.0,182,1,12.429220196836383
CUST100018,66,M,Bangalore,Mass Affluent,Self-Employed,250000.0,35,1,12.429220196836383
CUST100019,45,F,Jaipur,Retail,Self-Employed,250000.0,18,4,12.429220196836383
CUST100020,48,M,Chennai,Retail,Retired,269300.0,188,1,12.503584992123654
CUST100021,41,M,Chandigarh,Retail,Business Owner,250000.0,177,2,12.429220196836383
CUST100022,30,F,Jaipur,Retail,Salaried,300900.0,25,3,12.614536585975857
CUST100023,71,M,Surat,Retail,Salaried,250000.0,14,2,12.429220196836383
CUST100024,63,M,Delhi,Mass Affluent,Business Owner,272000.0,212,3,12.513561021741964
CUST100025,55,F,Surat,Mass Affluent,Salaried,572400.0,67,2,13.257595073692956
CUST100026,42,F,Delhi,Corporate,Salaried,472800.0,232,3,13.066429860131011
CUST100027,65,M,Kolkata,Mass Affluent,Salaried,272100.0,130,1,12.513928599884025
CUST100028,50,M,Hyderabad,Retail,Self-Employed,1248500.0,235,1,14.037454189662798
CUST100029,44,F,Mumbai,Mass Affluent,Salaried,250000.0,218,1,12.429220196836383
CUST100030,45,M,Jaipur,Retail,Salaried,254700.0,150,2,12.447845587147512
CUST100031,33,F,Hyderabad,Mass Affluent,Salaried,250000.0,30,1,12.429220196836383
CUST100032,25,F,Ahmedabad,HNWI,Business Owner,250000.0,215,2,12.429220196836383
CUST100033,50,M,Kochi,Retail,Salaried,784400.0,87,1,13.572675648163282
CUST100034,68,F,Bangalore,Retail,Self-Employed,250000.0,64,2,12.429220196836383
CUST100035,24,M,Surat,Corporate,Salaried,250000.0,140,1,12.429220196836383
CUST100036,67,F,Chennai,Mass Affluent,Salaried,452800.0,89,2,13.023208014349237
CUST100037,65,M,Chennai,Mass Affluent,Salaried,338900.0,179,4,12.733463308313716
CUST100038,35,M,Jaipur,HNWI,Salaried,441700.0,68,2,12.998388461562133
CUST100039,55,F,Lucknow,Mass Affluent,Salaried,250000.0,220,3,12.429220196836383
CUST100040,29,F,Lucknow,Retail,Retired,250000.0,29,2,12.429220196836383
CUST100041,61,M,Bangalore,Corporate,Salaried,250000.0,115,1,12.429220196836383
CUST100042,58,F,Jaipur,SME,Student,374300.0,230,2,12.832815565542704
CUST100043,40,M,Hyderabad,Retail,Salaried,256900.0,202,2,12.456446075655599
CUST100044,24,M,Chennai,Retail,Salaried,338700.0,197,3,12.732872991266813
CUST100045,73,M,Chandigarh,HNWI,Self-Employed,250000.0,150,1,12.429220196836383
CUST100046,45,M,Delhi,Mass Affluent,Business Owner,346300.0,139,5,12.755063618055994
CUST100047,69,F,Pune,Retail,Salaried,267900.0,53,3,12.498372788261829
CUST100048,57,F,Pune,Mass Affluent,Salaried,250000.0,75,2,12.429220196836383
CUST100049,63,F,Hyderabad,HNWI,Self-Employed,291800.0,141,5,12.583827342069748
CUST100050,62,M,Kochi,Mass Affluent,Salaried,250000.0,77,1,12.429220196836383
CUST100051,31,F,Ahmedabad,Retail,Self-Employed,388600.0,79,3,12.87030838926236
CUST100052,40,M,Surat,Retail,Business Owner,453100.0,164,1,13.023870337671113
CUST100053,46,F,Kolkata,Retail,Salaried,362600.0,170,2,12.801058335158986
CUST100054,47,F,Bhopal,SME,Business Owner,250000.0,122,1,12.429220196836383
CUST100055,23,F,Surat,Mass Affluent,Salaried,250000.0,72,4,12.429220196836383
CUST100056,50,F,Chennai,Retail,Retired,250000.0,47,2,12.429220196836383
CUST100057,29,M,Chandigarh,Corporate,Student,250000.0,67,2,12.429220196836383
CUST100058,61,F,Indore,Retail,Self-Employed,250000.0,83,5,12.429220196836383
CUST100059,57,F,Jaipur,Mass Affluent,Student,467500.0,227,1,13.055156766746023
CUST100060,70,M,Mumbai,Retail,Business Owner,408100.0,81,5,12.919269971770703
CUST100061,61,F,Jaipur,HNWI,Salaried,250000.0,218,2,12.429220196836383
CUST100062,40,M,Surat,HNWI,Salaried,382700.0,131,3,12.855009284423183
CUST100063,73,M,Kolkata,HNWI,Salaried,326900.0,111,2,12.697412651747085
CUST100064,43,F,Bangalore,Retail,Salaried,263100.0,68,4,12.480293267857345
CUST100065,38,F,Jaipur,Retail,Self-Employed,534400.0,185,4,13.188901772460307
CUST100066,69,M,Indore,Retail,Salaried,250000.0,203,2,12.429220196836383
CUST100067,41,F,Chennai,SME,Self-Employed,277000.0,235,3,12.531776395271262
CUST100068,25,F,Pune,Retail,Salaried,250000.0,197,5,12.429220196836383
CUST100069,46,M,Mumbai,Mass Affluent,Salaried,250000.0,26,3,12.429220196836383
CUST100070,63,M,Surat,HNWI,Salaried,250000.0,211,5,12.429220196836383
CUST100071,31,M,Indore,Retail,Student,250000.0,147,3,12.429220196836383
CUST100072,45,F,Kochi,Retail,Salaried,282100.0,126,2,12.550020441826058
CUST100073,28,M,Pune,Retail,Salaried,250000.0,65,4,12.429220196836383
CUST100074,58,F,Mumbai,Mass Affluent,Salaried,250000.0,124,3,12.429220196836383
CUST100075,46,F,Ahmedabad,SME,Student,250000.0,193,1,12.429220196836383
CUST100076,38,F,Chandigarh,Retail,Salaried,777300.0,143,1,13.56358294172205
CUST100077,33,M,Delhi,SME,Self-Employed,250000.0,29,1,12.429220196836383
CUST100078,51,M,Hyderabad,Retail,Salaried,250000.0,182,3,12.429220196836383
CUST100079,57,F,Indore,Retail,Salaried,250000.0,190,3,12.429220196836383
CUST100080,71,F,Jaipur,Corporate,Self-Employed,257000.0,163,4,12.456835254920371
CUST100081,44,M,Bangalore,Corporate,Self-Employed,365400.0,52,1,12.808750659649172
CUST100082,29,F,Mumbai,Retail,Self-Employed,388900.0,75,1,12.871080091495637
CUST100083,65,F,Pune,Mass Affluent,Salaried,473000.0,112,1,13.06685278163674
CUST100084,55,F,Jaipur,Corporate,Student,251500.0,209,3,12.435202244657168
CUST100085,58,M,Indore,HNWI,Self-Employed,250000.0,196,4,12.429220196836383
CUST100086,26,F,Bhopal,Mass Affluent,Student,715000.0,28,4,13.480039220276565
CUST100087,37,F,Pune,Retail,Salaried,250000.0,21,1,12.429220196836383
CUST100088,62,F,Pune,Retail,Salaried,278600.0,17,3,12.53753592969685
CUST100089,65,M,Bhopal,Mass Affluent,Salaried,347300.0,223,3,12.757947118083045
CUST100090,44,F,Kochi,Mass Affluent,Business Owner,825900.0,208,5,13.624230190598414
CUST100091,64,M,Hyderabad,Retail,Self-Employed,250000.0,56,3,12.429220196836383
CUST100092,66,F,Surat,Retail,Salaried,250000.0,220,2,12.429220196836383
CUST100093,41,M,Surat,Retail,Salaried,250000.0,123,3,12.429220196836383
CUST100094,69,M,Hyderabad,Mass Affluent,Salaried,250000.0,79,2,12.429220196836383
CUST100095,36,M,Chandigarh,Retail,Salaried,250000.0,177,3,12.429220196836383
CUST100096,33,M,Chennai,Retail,Business Owner,442300.0,22,3,12.999745924762747
CUST100097,57,M,Jaipur,Retail,Salaried,553300.0,34,4,13.223657436222359
CUST100098,55,M,Ahmedabad,Corporate,Salaried,250000.0,65,1,12.429220196836383
CUST100099,28,F,Surat,Mass Affluent,Salaried,400300.0,148,4,12.89997204310395
CUST100100,65,M,Bhopal,Retail,Salaried,250000.0,202,1,12.429220196836383
CUST100101,31,F,Kolkata,Retail,Student,374700.0,126,3,12.833883653579926
CUST100102,64,M,Kolkata,Retail,Salaried,536400.0,108,5,13.19263729466831
CUST100103,21,F,Kochi,Mass Affluent,Retired,250000.0,143,1,12.429220196836383
CUST100104,64,M,Chandigarh,Mass Affluent,Self-Employed,512100.0,8,3,13.14627715019234
CUST100105,63,F,Bhopal,Mass Affluent,Self-Employed,250000.0,161,3,12.429220196836383
CUST100106,63,M,Kochi,Mass Affluent,Salaried,397900.0,194,4,12.893958509606131
CUST100107,56,M,Surat,Retail,Self-Employed,498900.0,104,1,13.120162958256822
CUST100108,46,F,Kochi,Retail,Self-Employed,468900.0,157,4,13.058146937726288
CUST100109,59,F,Chandigarh,Retail,Salaried,250000.0,75,5,12.429220196836383
CUST100110,35,M,Mumbai,Mass Affluent,Retired,250000.0,225,3,12.429220196836383
CUST100111,63,F,Jaipur,Retail,Salaried,321700.0,49,2,12.681377821708454
CUST100112,51,M,Mumbai,HNWI,Salaried,350100.0,38,3,12.765976963265441
CUST100113,45,M,Jaipur,Retail,Salaried,287700.0,225,1,12.56967702537649
CUST100114,48,M,Kolkata,Mass Affluent,Self-Employed,632500.0,124,3,13.35743708061023
CUST100115,51,F,Chennai,Retail,Salaried,250000.0,99,1,12.429220196836383
CUST100116,23,M,Bhopal,Retail,Salaried,250000.0,196,2,12.429220196836383
CUST100117,28,M,Surat,HNWI,Salaried,250000.0,72,1,12.429220196836383
CUST100118,34,M,Jaipur,Retail,Salaried,389600.0,75,3,12.872878417482337
CUST100119,27,F,Bhopal,Retail,Salaried,374300.0,18,2,12.832815565542704
CUST100120,44,M,Delhi,Retail,Business Owner,2001000.0,127,3,14.50915811331587
CUST100121,57,F,Lucknow,HNWI,Salaried,496700.0,181,1,13.115743514381114
CUST100122,56,F,Bangalore,Retail,Student,327400.0,236,2,12.698940998282254
CUST100123,46,F,Hyderabad,SME,Self-Employed,312700.0,129,2,12.653002741394129
CUST100124,67,F,Bangalore,SME,Business Owner,250000.0,23,3,12.429220196836383
CUST100125,51,M,Jaipur,Corporate,Retired,290200.0,50,1,12.578329065325667
CUST100126,25,M,Lucknow,Retail,Salaried,316700.0,71,3,12.665713390084107
CUST100127,62,F,Kochi,Mass Affluent,Self-Employed,250000.0,215,2,12.429220196836383
CUST100128,52,M,Pune,Retail,Salaried,302000.0,141,4,12.618185607609803
CUST100129,55,M,Chandigarh,Corporate,Salaried,285100.0,224,2,12.560598782435825
CUST100130,51,M,Kolkata,Mass Affluent,Salaried,768700.0,203,1,13.552457356233997
CUST100131,50,F,Bangalore,Retail,Self-Employed,250000.0,212,1,12.429220196836383
CUST100132,25,F,Mumbai,Retail,Business Owner,250000.0,71,1,12.429220196836383
CUST100133,51,M,Delhi,Corporate,Salaried,315200.0,137,1,12.66096580954966
CUST100134,63,F,Pune,Corporate,Self-Employed,280600.0,20,3,12.544689010436022
CUST100135,37,F,Pune,Mass Affluent,Salaried,250000.0,93,3,12.429220196836383
CUST100136,53,F,Indore,Mass Affluent,Salaried,250000.0,79,1,12.429220196836383
CUST100137,22,F,Delhi,HNWI,Salaried,250000.0,43,4,12.429220196836383
CUST100138,39,F,Hyderabad,Corporate,Self-Employed,250000.0,20,1,12.429220196836383
CUST100139,44,M,Chandigarh,HNWI,Salaried,250000.0,94,3,12.429220196836383
CUST100140,74,F,Mumbai,Retail,Salaried,416400.0,22,1,12.93940401725705
CUST100141,32,M,Pune,Mass Affluent,Salaried,250000.0,149,2,12.429220196836383
CUST100142,35,M,Bangalore,Corporate,Self-Employed,250000.0,70,3,12.429220196836383
CUST100143,43,F,Jaipur,Retail,Business Owner,371300.0,59,1,12.824768333401511
CUST100144,74,F,Chandigarh,Retail,Salaried,250000.0,31,1,12.429220196836383
CUST100145,67,M,Hyderabad,Retail,Self-Employed,1284000.0,114,3,14.06549154204794
CUST100146,22,F,Kolkata,Retail,Self-Employed,311600.0,45,3,12.6494788022162
CUST100147,33,M,Pune,HNWI,Salaried,250000.0,140,4,12.429220196836383
CUST100148,65,M,Kochi,Retail,Salaried,250000.0,236,3,12.429220196836383
CUST100149,24,M,Chandigarh,Mass Affluent,Retired,250000.0,177,1,12.429220196836383
CUST100150,67,F,Delhi,Retail,Salaried,250000.0,33,3,12.429220196836383
CUST100151,36,M,Ahmedabad,Corporate,Salaried,370300.0,27,4,12.822071467411154
CUST100152,70,M,Kochi,Corporate,Business Owner,250000.0,210,1,12.429220196836383
CUST100153,36,F,Mumbai,Mass Affluent,Business Owner,250000.0,208,1,12.429220196836383
CUST100154,44,M,Indore,HNWI,Self-Employed,532700.0,90,3,13.185715570132539
CUST100155,56,F,Hyderabad,Retail,Business Owner,250000.0,112,3,12.429220196836383
CUST100156,27,M,Ahmedabad,Corporate,Salaried,401500.0,94,2,12.902965303025876
CUST100157,51,M,Chandigarh,HNWI,Business Owner,250000.0,142,3,12.429220196836383
CUST100158,48,F,Lucknow,Retail,Salaried,250000.0,54,1,12.429220196836383
CUST100159,63,M,Chandigarh,SME,Business Owner,250000.0,226,2,12.429220196836383
CUST100160,74,M,Lucknow,Retail,Salaried,321200.0,100,3,12.679822374374929
CUST100161,56,M,Hyderabad,Mass Affluent,Salaried,250000.0,45,1,12.429220196836383
CUST100162,43,M,Surat,Retail,Salaried,928900.0,76,2,13.741757445917179
CUST100163,42,M,Lucknow,HNWI,Business Owner,250000.0,212,3,12.429220196836383
CUST100164,43,M,Chennai,Retail,Salaried,530400.0,73,2,13.181388603221546
CUST100165,64,F,Delhi,Retail,Business Owner,454500.0,194,4,13.026955392817271
CUST100166,38,M,Lucknow,Mass Affluent,Salaried,323200.0,185,5,12.686029699683697
CUST100167,30,M,Jaipur,SME,Salaried,277200.0,238,3,12.532498153794986
CUST100168,39,M,Kochi,Retail,Self-Employed,816700.0,41,3,13.613028333785437
CUST100169,22,F,Delhi,Mass Affluent,Salaried,1181800.0,97,4,13.982550104060218
CUST100170,26,F,Jaipur,Mass Affluent,Self-Employed,250000.0,202,3,12.429220196836383
CUST100171,25,F,Indore,Corporate,Student,295000.0,35,3,12.59473402514672
CUST100172,62,M,Bhopal,Retail,Self-Employed,250000.0,14,1,12.429220196836383
CUST100173,60,F,Chandigarh,Mass Affluent,Salaried,250000.0,9,4,12.429220196836383
CUST100174,58,M,Hyderabad,SME,Salaried,354300.0,25,1,12.777902113316417
CUST100175,45,F,Bangalore,Retail,Retired,311700.0,191,1,12.649799673963308
CUST100176,59,M,Jaipur,Retail,Self-Employed,250000.0,87,2,12.429220196836383
CUST100177,29,M,Pune,Corporate,Business Owner,352800.0,37,1,12.773659437577876
CUST100178,69,F,Hyderabad,Retail,Salaried,318000.0,170,1,12.669809806411457
CUST100179,48,M,Delhi,Retail,Self-Employed,250000.0,77,3,12.429220196836383
CUST100180,71,M,Bangalore,Retail,Salaried,250000.0,38,1,12.429220196836383
CUST100181,29,M,Kolkata,Corporate,Self-Employed,346000.0,237,4,12.754196944209095
CUST100182,47,F,Kochi,SME,Retired,704600.0,142,5,13.465386964133229
CUST100183,58,F,Mumbai,Mass Affluent,Retired,340800.0,109,3,12.739054008205294
CUST100184,47,F,Delhi,Mass Affluent,Salaried,428600.0,221,1,12.96828169519668
CUST100185,45,F,Hyderabad,Retail,Business Owner,250000.0,60,2,12.429220196836383
CUST100186,29,M,Bhopal,Retail,Salaried,250000.0,144,1,12.429220196836383
CUST100187,41,M,Chandigarh,Retail,Salaried,386500.0,182,3,12.864889734328388
CUST100188,33,M,Pune,Retail,Self-Employed,250000.0,7,1,12.429220196836383
CUST100189,37,M,Mumbai,Retail,Salaried,303900.0,69,2,12.624457269455574
CUST100190,57,M,Mumbai,Mass Affluent,Salaried,360800.0,28,1,12.79608183878539
CUST100191,55,M,Indore,Retail,Self-Employed,262200.0,130,5,12.476866664186996
CUST100192,53,M,Pune,Retail,Self-Employed,325000.0,165,1,12.691583538230217
CUST100193,40,F,Delhi,Retail,Self-Employed,277800.0,42,2,12.534660309007924
CUST100194,72,M,Indore,Retail,Salaried,250000.0,39,1,12.429220196836383
CUST100195,25,F,Ahmedabad,Retail,Self-Employed,250000.0,113,2,12.429220196836383
CUST100196,39,M,Kolkata,Retail,Salaried,254200.0,98,4,12.44588057164006
CUST100197,27,F,Pune,Retail,Salaried,587000.0,31,1,13.282781802386296
CUST100198,39,F,Hyderabad,Mass Affluent,Salaried,496100.0,165,1,13.114534814009746
CUST100199,72,F,Bhopal,HNWI,Self-Employed,250000.0,186,1,12.429220196836383
CUST100200,40,M,Kochi,Corporate,Salaried,250000.0,106,2,12.429220196836383
CUST100201,70,M,Bangalore,HNWI,Salaried,250000.0,91,3,12.429220196836383
CUST100202,47,F,Kochi,Mass Affluent,Retired,250000.0,43,4,12.429220196836383
CUST100203,58,F,Bangalore,Corporate,Business Owner,318900.0,80,4,12.672635988772473
CUST100204,45,M,Pune,Mass Affluent,Self-Employed,506100.0,124,1,13.134491533094309
CUST100205,35,F,Kochi,Mass Affluent,Business Owner,1043100.0,238,4,13.857708565344458
CUST100206,62,M,Mumbai,Retail,Student,250000.0,49,4,12.429220196836383
CUST100207,73,M,Surat,Retail,Self-Employed,396600.0,200,3,12.890686016496828
CUST100208,35,M,Hyderabad,Retail,Salaried,371500.0,123,2,12.82530683492637
CUST100209,63,F,Surat,Retail,Self-Employed,250000.0,135,3,12.429220196836383
CUST100210,35,F,Ahmedabad,HNWI,Retired,250000.0,76,3,12.429220196836383
CUST100211,59,M,Mumbai,Retail,Self-Employed,316500.0,226,2,12.66508168011904
CUST100212,63,F,Kochi,Mass Affluent,Salaried,957400.0,21,1,13.771977600435509
CUST100213,45,F,Hyderabad,Corporate,Retired,315300.0,55,2,12.661283017110742
CUST100214,60,M,Chandigarh,Mass Affluent,Business Owner,250000.0,80,2,12.429220196836383
CUST100215,35,F,Indore,Retail,Salaried,250000.0,140,1,12.429220196836383
CUST100216,25,F,Bangalore,Retail,Student,250000.0,105,4,12.429220196836383
CUST100217,26,F,Lucknow,Retail,Self-Employed,271300.0,223,1,12.510984184596735
CUST100218,45,M,Kolkata,SME,Business Owner,404400.0,49,1,12.910162238924604
CUST100219,69,F,Lucknow,Mass Affluent,Retired,250000.0,139,2,12.429220196836383
CUST100220,27,M,Jaipur,HNWI,Salaried,250000.0,119,3,12.429220196836383
CUST100221,45,M,Chennai,Mass Affluent,Business Owner,316800.0,78,1,12.666029095483083
CUST100222,59,F,Lucknow,HNWI,Salaried,250000.0,11,3,12.429220196836383
CUST100223,31,F,Hyderabad,HNWI,Business Owner,250000.0,195,2,12.429220196836383
CUST100224,59,F,Bhopal,Retail,Retired,250000.0,52,1,12.429220196836383
CUST100225,37,F,Chandigarh,Retail,Business Owner,341200.0,38,1,12.740227025427723
CUST100226,64,F,Bangalore,Retail,Business Owner,250000.0,139,2,12.429220196836383
CUST100227,52,F,Surat,Mass Affluent,Business Owner,469000.0,41,2,13.058360179622305
CUST100228,50,M,Bhopal,Corporate,Salaried,475200.0,155,1,13.071493151405463
CUST100229,30,F,Delhi,Mass Affluent,Salaried,250000.0,177,2,12.429220196836383
CUST100230,46,M,Kochi,Mass Affluent,Salaried,250000.0,59,2,12.429220196836383
CUST100231,67,M,Chandigarh,SME,Business Owner,289700.0,22,5,12.576604635598223
CUST100232,22,F,Hyderabad,Retail,Self-Employed,250000.0,28,3,12.429220196836383
CUST100233,61,F,Jaipur,Retail,Self-Employed,250000.0,17,1,12.429220196836383
CUST100234,47,M,Kochi,Corporate,Salaried,846200.0,119,2,13.648512199021129
CUST100235,59,F,Kolkata,Corporate,Self-Employed,411900.0,94,1,12.928538308194957
CUST100236,56,F,Hyderabad,Mass Affluent,Salaried,250000.0,187,2,12.429220196836383
CUST100237,44,M,Kolkata,Retail,Student,250000.0,99,2,12.429220196836383
CUST100238,37,F,Kolkata,SME,Business Owner,250000.0,158,4,12.429220196836383
CUST100239,54,M,Surat,HNWI,Salaried,250000.0,115,2,12.429220196836383
CUST100240,28,F,Kolkata,Mass Affluent,Business Owner,258800.0,106,4,12.463814705589053
CUST100241,52,F,Kolkata,Retail,Salaried,250000.0,179,2,12.429220196836383
CUST100242,26,F,Chandigarh,Mass Affluent,Salaried,250000.0,125,2,12.429220196836383
CUST100243,56,F,Jaipur,Corporate,Self-Employed,250000.0,139,1,12.429220196836383
CUST100244,54,F,Bhopal,Corporate,Self-Employed,250000.0,111,1,12.429220196836383
CUST100245,25,F,Surat,Mass Affluent,Salaried,250000.0,172,3,12.429220196836383
CUST100246,61,M,Bhopal,Mass Affluent,Salaried,276900.0,77,4,12.531415320564594
CUST100247,43,M,Bangalore,Mass Affluent,Salaried,668400.0,17,2,13.41264357181237
CUST100248,63,M,Chandigarh,Mass Affluent,Salaried,250000.0,105,2,12.429220196836383
CUST100249,23,F,Chandigarh,Retail,Salaried,250000.0,79,1,12.429220196836383
CUST100250,30,F,Mumbai,Retail,Salaried,250000.0,215,2,12.429220196836383
CUST100251,47,M,Kolkata,Retail,Retired,250000.0,232,4,12.429220196836383
CUST100252,31,M,Pune,HNWI,Salaried,250000.0,56,1,12.429220196836383
CUST100253,38,F,Pune,Retail,Salaried,477400.0,106,1,13.076112087564187
CUST100254,56,F,Kochi,Retail,Salaried,253300.0,107,3,12.442333783869854
CUST100255,28,M,Surat,Corporate,Salaried,471500.0,58,2,13.063676501944174
CUST100256,57,F,Hyderabad,HNWI,Business Owner,646600.0,8,1,13.379484690823464
CUST100257,26,F,Lucknow,Retail,Salaried,250000.0,238,2,12.429220196836383
CUST100258,30,F,Chandigarh,Retail,Salaried,250000.0,158,3,12.429220196836383
CUST100259,52,F,Pune,HNWI,Retired,596600.0,102,5,13.299003827226315
CUST100260,63,F,Bhopal,Retail,Business Owner,300600.0,48,4,12.613539082975452
CUST100261,30,F,Lucknow,Mass Affluent,Salaried,366900.0,118,2,12.812847335877953
CUST100262,37,F,Bhopal,Mass Affluent,Salaried,498700.0,69,3,13.119761996745758
CUST100263,70,F,Bhopal,Retail,Business Owner,459500.0,58,2,13.037896397054075
CUST100264,74,M,Mumbai,HNWI,Self-Employed,343300.0,230,2,12.746362892345706
CUST100265,52,M,Indore,Retail,Retired,620200.0,159,1,13.337798898030288
CUST100266,45,M,Bangalore,Mass Affluent,Salaried,257600.0,78,1,12.459167155192379
CUST100267,39,F,Indore,Retail,Business Owner,366500.0,54,2,12.811756528818082
CUST100268,54,M,Indore,Retail,Salaried,250000.0,185,5,12.429220196836383
CUST100269,52,F,Hyderabad,Retail,Salaried,495000.0,148,3,13.112315061750808
CUST100270,36,M,Mumbai,Corporate,Business Owner,250000.0,206,5,12.429220196836383
CUST100271,22,M,Pune,Retail,Self-Employed,250000.0,183,1,12.429220196836383
CUST100272,29,M,Chennai,Retail,Salaried,397500.0,100,1,12.89295272879663
CUST100273,72,F,Jaipur,Retail,Salaried,250000.0,158,5,12.429220196836383
CUST100274,43,M,Delhi,HNWI,Business Owner,250000.0,95,2,12.429220196836383
CUST100275,47,F,Mumbai,Retail,Salaried,573200.0,27,2,13.258991719526398
CUST100276,46,F,Pune,SME,Salaried,479100.0,13,1,13.079666710115957
CUST100277,63,F,Kochi,Mass Affluent,Salaried,250000.0,24,4,12.429220196836383
CUST100278,24,M,Chennai,Mass Affluent,Salaried,250000.0,221,1,12.429220196836383
CUST100279,25,F,Chennai,Mass Affluent,Business Owner,369500.0,203,4,12.819908725726677
CUST100280,35,F,Bangalore,Retail,Salaried,399300.0,97,1,12.897470797430847
CUST100281,47,M,Chennai,SME,Salaried,365900.0,217,1,12.81011808399072
CUST100282,57,M,Chennai,SME,Self-Employed,355900.0,178,4,12.782407881272364
CUST100283,47,F,Hyderabad,Retail,Salaried,250000.0,37,2,12.429220196836383
CUST100284,44,F,Kolkata,Mass Affluent,Self-Employed,250000.0,58,1,12.429220196836383
CUST100285,71,M,Chennai,Retail,Salaried,250000.0,93,2,12.429220196836383
CUST100286,29,M,Surat,Mass Affluent,Business Owner,250000.0,194,1,12.429220196836383
CUST100287,51,M,Kolkata,HNWI,Business Owner,325400.0,159,1,12.692813546903102
CUST100288,50,F,Kochi,SME,Business Owner,328700.0,97,1,12.702903801935484
CUST100289,46,M,Lucknow,Retail,Salaried,431000.0,201,2,12.973865689268807
CUST100290,64,M,Lucknow,Mass Affluent,Business Owner,250000.0,82,1,12.429220196836383
CUST100291,35,M,Jaipur,HNWI,Self-Employed,250000.0,218,4,12.429220196836383
CUST100292,72,M,Bhopal,Retail,Salaried,250000.0,174,3,12.429220196836383
CUST100293,38,M,Hyderabad,Mass Affluent,Salaried,250000.0,169,1,12.429220196836383
CUST100294,50,M,Chandigarh,Mass Affluent,Salaried,300000.0,26,2,12.611541086966115
CUST100295,49,F,Hyderabad,HNWI,Salaried,250000.0,40,2,12.429220196836383
CUST100296,66,F,Bangalore,SME,Salaried,544800.0,236,3,13.20817586935173
CUST100297,44,M,Indore,Retail,Retired,250000.0,185,2,12.429220196836383
CUST100298,36,M,Bhopal,Retail,Student,697700.0,66,3,13.455545923207081
CUST100299,22,M,Delhi,Retail,Salaried,367500.0,207,1,12.814481318719762
CUST100300,40,F,Jaipur,Retail,Retired,250000.0,78,2,12.429220196836383
CUST100301,65,M,Ahmedabad,Mass Affluent,Self-Employed,943000.0,88,1,13.756822622060419
CUST100302,21,M,Hyderabad,Corporate,Salaried,314700.0,77,5,12.659378260676938
CUST100303,69,F,Ahmedabad,Retail,Student,296500.0,121,2,12.599805870095512
CUST100304,50,M,Surat,Mass Affluent,Self-Employed,258000.0,184,3,12.460718739865236
CUST100305,28,M,Jaipur,Retail,Self-Employed,355000.0,44,2,12.779875885354993
CUST100306,37,M,Ahmedabad,Retail,Salaried,367800.0,232,1,12.815297310017613
CUST100307,50,M,Bhopal,Corporate,Salaried,250000.0,77,1,12.429220196836383
CUST100308,38,F,Hyderabad,Mass Affluent,Retired,250000.0,232,1,12.429220196836383
CUST100309,26,F,Lucknow,Retail,Salaried,287600.0,209,3,12.569329381874445
CUST100310,56,M,Chennai,Corporate,Salaried,380700.0,134,3,12.849769569107353
CUST100311,57,M,Chandigarh,Mass Affluent,Salaried,384500.0,26,1,12.859701668704687
CUST100312,27,M,Hyderabad,Retail,Salaried,296200.0,140,2,12.598793556907369
CUST100313,36,F,Bhopal,Mass Affluent,Salaried,250000.0,184,2,12.429220196836383
CUST100314,34,M,Lucknow,Mass Affluent,Retired,250000.0,235,2,12.429220196836383
CUST100315,56,M,Hyderabad,Retail,Salaried,250000.0,28,2,12.429220196836383
CUST100316,60,F,Kochi,Corporate,Retired,382900.0,180,4,12.855531749109925
CUST100317,60,M,Hyderabad,Mass Affluent,Self-Employed,250000.0,74,2,12.429220196836383
CUST100318,71,M,Hyderabad,Mass Affluent,Salaried,250000.0,181,2,12.429220196836383
CUST100319,62,M,Kolkata,Corporate,Salaried,309500.0,142,3,12.64271660211934
CUST100320,38,F,Surat,Mass Affluent,Salaried,269000.0,208,3,12.502470376049185
CUST100321,26,F,Kolkata,Retail,Business Owner,267400.0,6,2,12.496504683358769
CUST100322,54,F,Jaipur,Retail,Business Owner,250000.0,124,1,12.429220196836383
CUST100323,70,M,Jaipur,Retail,Salaried,315300.0,164,1,12.661283017110742
CUST100324,73,F,Bangalore,Retail,Retired,250000.0,94,2,12.429220196836383
CUST100325,33,F,Hyderabad,Retail,Business Owner,254800.0,79,3,12.448238127319225
CUST100326,33,M,Chennai,Mass Affluent,Salaried,537600.0,82,3,13.194871928308395
CUST100327,23,M,Hyderabad,Retail,Self-Employed,363400.0,181,1,12.803262186729084
CUST100328,28,M,Bhopal,Retail,Business Owner,250000.0,54,1,12.429220196836383
CUST100329,50,F,Kolkata,Mass Affluent,Business Owner,250000.0,234,3,12.429220196836383
CUST100330,50,M,Pune,Retail,Salaried,700600.0,54,2,13.459693817092493
CUST100331,41,M,Surat,Mass Affluent,Salaried,250000.0,103,3,12.429220196836383
CUST100332,37,F,Kochi,Mass Affluent,Salaried,274800.0,238,3,12.523802478333899
CUST100333,65,M,Surat,Retail,Salaried,399700.0,13,1,12.898472046572692
CUST100334,45,F,Jaipur,Retail,Salaried,305300.0,84,3,12.629053454184358
CUST100335,64,M,Chandigarh,Mass Affluent,Self-Employed,250000.0,204,2,12.429220196836383
CUST100336,73,M,Bhopal,Retail,Salaried,250000.0,80,2,12.429220196836383
CUST100337,38,F,Hyderabad,Mass Affluent,Salaried,266700.0,70,2,12.493883459694384
CUST100338,31,F,Bangalore,HNWI,Self-Employed,398200.0,6,3,12.894712181909934
CUST100339,72,M,Kolkata,Mass Affluent,Salaried,592800.0,40,1,13.292614039872173
CUST100340,55,F,Indore,Retail,Salaried,250000.0,51,1,12.429220196836383
CUST100341,36,F,Chandigarh,SME,Business Owner,772700.0,211,1,13.557647448084161
CUST100342,54,M,Surat,Retail,Retired,250000.0,133,3,12.429220196836383
CUST100343,48,F,Surat,Corporate,Salaried,467400.0,60,3,13.054942840579685
CUST100344,69,M,Hyderabad,Corporate,Business Owner,250000.0,195,1,12.429220196836383
CUST100345,34,F,Jaipur,Retail,Retired,250000.0,147,1,12.429220196836383
CUST100346,74,M,Bangalore,Retail,Self-Employed,250000.0,79,1,12.429220196836383
CUST100347,71,M,Jaipur,Retail,Student,250000.0,65,3,12.429220196836383
CUST100348,30,F,Bangalore,SME,Salaried,367500.0,57,2,12.814481318719762
CUST100349,29,F,Delhi,Retail,Salaried,273400.0,172,3,12.518694860909774
CUST100350,49,M,Chandigarh,Corporate,Business Owner,250000.0,173,3,12.429220196836383
CUST100351,23,F,Bhopal,Mass Affluent,Salaried,524800.0,157,4,13.170774422098006
CUST100352,37,M,Surat,Mass Affluent,Salaried,268700.0,110,2,12.501354516219285
CUST100353,44,F,Lucknow,Mass Affluent,Salaried,317400.0,125,4,12.667921237668097
CUST100354,73,F,Hyderabad,Retail,Salaried,1735200.0,216,2,14.36663381479708
CUST100355,74,F,Jaipur,Retail,Salaried,267000.0,135,3,12.495007682693725
CUST100356,29,F,Kochi,SME,Salaried,250000.0,149,2,12.429220196836383
CUST100357,69,F,Jaipur,Retail,Student,358100.0,59,5,12.788570348498682
CUST100358,25,F,Chennai,SME,Salaried,416800.0,112,2,12.940364168650662
CUST100359,61,F,Kolkata,SME,Business Owner,321400.0,11,3,12.680444843668388
CUST100360,66,M,Indore,Retail,Salaried,294800.0,113,2,12.594055831421823
CUST100361,69,F,Hyderabad,Mass Affluent,Salaried,653000.0,193,5,13.389333939650964
CUST100362,33,F,Chandigarh,Retail,Retired,605800.0,162,1,13.314306828283717
CUST100363,69,M,Kochi,Mass Affluent,Salaried,250100.0,214,2,12.429620115258357
CUST100364,27,F,Bhopal,SME,Salaried,250000.0,85,1,12.429220196836383
CUST100365,49,F,Ahmedabad,Corporate,Business Owner,347200.0,188,4,12.757659141948515
CUST100366,46,M,Hyderabad,SME,Salaried,250000.0,177,3,12.429220196836383
CUST100367,38,M,Mumbai,Retail,Salaried,456400.0,171,3,13.03112708802813
CUST100368,22,M,Jaipur,Mass Affluent,Student,346100.0,193,2,12.754485918957602
CUST100369,62,F,Kolkata,Retail,Salaried,1331800.0,116,3,14.10204271952187
CUST100370,39,F,Delhi,Corporate,Self-Employed,649500.0,85,2,13.383959654737488
CUST100371,56,F,Bhopal,Retail,Salaried,250000.0,142,1,12.429220196836383
CUST100372,43,F,Chandigarh,Retail,Salaried,250000.0,95,4,12.429220196836383
CUST100373,41,M,Kolkata,Retail,Salaried,250000.0,167,2,12.429220196836383
CUST100374,68,F,Surat,Retail,Self-Employed,250000.0,208,1,12.429220196836383
CUST100375,26,M,Pune,Retail,Salaried,287300.0,12,3,12.568285725643538
CUST100376,60,M,Ahmedabad,Retail,Retired,250000.0,151,1,12.429220196836383
CUST100377,61,M,Lucknow,Corporate,Business Owner,718300.0,105,3,13.484643980237895
CUST100378,41,F,Pune,HNWI,Self-Employed,537500.0,30,2,13.194685899447341
CUST100379,35,M,Indore,Retail,Salaried,250000.0,58,3,12.429220196836383
CUST100380,21,M,Bangalore,HNWI,Self-Employed,250000.0,199,1,12.429220196836383
CUST100381,71,M,Surat,Retail,Self-Employed,654200.0,91,3,13.391169922669784
CUST100382,72,M,Chandigarh,HNWI,Salaried,750700.0,26,3,13.528762715650256
CUST100383,34,F,Indore,Retail,Business Owner,250000.0,181,3,12.429220196836383
CUST100384,22,F,Mumbai,Mass Affluent,Salaried,250000.0,61,2,12.429220196836383
CUST100385,27,F,Delhi,Retail,Retired,250000.0,91,3,12.429220196836383
CUST100386,24,F,Lucknow,Retail,Student,347600.0,51,2,12.758810549239202
CUST100387,65,F,Bhopal,Mass Affluent,Salaried,250000.0,178,1,12.429220196836383
CUST100388,69,F,Indore,HNWI,Salaried,352000.0,220,1,12.771389295485289
CUST100389,29,M,Bhopal,HNWI,Salaried,864700.0,233,2,13.670139061418306
CUST100390,61,F,Bangalore,Retail,Salaried,250000.0,23,4,12.429220196836383
CUST100391,30,F,Ahmedabad,Mass Affluent,Business Owner,250000.0,222,2,12.429220196836383
CUST100392,40,F,Surat,HNWI,Salaried,250000.0,154,3,12.429220196836383
CUST100393,53,M,Lucknow,Retail,Self-Employed,250000.0,199,3,12.429220196836383
CUST100394,59,M,Kochi,Retail,Retired,250000.0,23,2,12.429220196836383
CUST100395,68,F,Hyderabad,Retail,Student,250000.0,205,1,12.429220196836383
CUST100396,23,F,Pune,Retail,Salaried,366600.0,82,2,12.812029342152707
CUST100397,31,M,Pune,Retail,Student,293800.0,98,2,12.590657946392092
CUST100398,36,F,Chandigarh,Retail,Salaried,321100.0,215,1,12.679510994367368
CUST100399,37,M,Hyderabad,Mass Affluent,Salaried,250000.0,177,4,12.429220196836383
CUST100400,74,F,Chennai,Mass Affluent,Salaried,250000.0,125,5,12.429220196836383
CUST100401,62,M,Mumbai,HNWI,Self-Employed,250000.0,162,1,12.429220196836383
CUST100402,38,M,Bangalore,Mass Affluent,Salaried,250000.0,89,1,12.429220196836383
CUST100403,73,F,Chandigarh,Retail,Salaried,345000.0,235,3,12.75130259456002
CUST100404,47,F,Indore,SME,Salaried,250000.0,22,5,12.429220196836383
CUST100405,48,M,Hyderabad,HNWI,Retired,318900.0,140,5,12.672635988772473
CUST100406,44,M,Surat,Mass Affluent,Self-Employed,250000.0,16,5,12.429220196836383
CUST100407,28,F,Jaipur,Retail,Self-Employed,250000.0,106,2,12.429220196836383
CUST100408,71,M,Bhopal,Mass Affluent,Self-Employed,250000.0,124,5,12.429220196836383
CUST100409,21,F,Chennai,Mass Affluent,Salaried,250000.0,201,2,12.429220196836383
CUST100410,30,F,Chandigarh,Mass Affluent,Salaried,317000.0,225,1,12.666660207428574
CUST100411,33,F,Kolkata,HNWI,Salaried,353000.0,181,3,12.77422616877261
CUST100412,36,M,Surat,Corporate,Salaried,250000.0,231,2,12.429220196836383
CUST100413,28,M,Kolkata,SME,Retired,342900.0,35,3,12.745197054748889
CUST100414,21,F,Surat,Mass Affluent,Salaried,531700.0,129,3,13.183836580250489
CUST100415,57,M,Kolkata,SME,Self-Employed,250000.0,145,4,12.429220196836383
CUST100416,73,F,Indore,Corporate,Business Owner,268500.0,24,2,12.500609917318906
CUST100417,27,M,Lucknow,Retail,Retired,250000.0,144,1,12.429220196836383
CUST100418,37,F,Chennai,Mass Affluent,Salaried,250000.0,15,3,12.429220196836383
CUST100419,48,M,Chandigarh,Retail,Retired,315600.0,153,2,12.662234036516644
CUST100420,71,F,Surat,Retail,Self-Employed,476100.0,57,1,13.073385295579481
CUST100421,58,F,Pune,Retail,Salaried,250000.0,226,2,12.429220196836383
CUST100422,62,M,Bangalore,Mass Affluent,Business Owner,1331300.0,82,4,14.101667217565224
CUST100423,52,M,Chandigarh,Retail,Salaried,323900.0,146,5,12.6881931925273
CUST100424,43,M,Kochi,Retail,Business Owner,250000.0,148,3,12.429220196836383
CUST100425,31,M,Surat,Retail,Self-Employed,580900.0,209,3,13.272335625445832
CUST100426,67,M,Indore,Mass Affluent,Business Owner,250000.0,84,4,12.429220196836383
CUST100427,64,M,Lucknow,Corporate,Business Owner,326800.0,89,1,12.697106701938823
CUST100428,22,F,Hyderabad,SME,Self-Employed,250000.0,165,2,12.429220196836383
CUST100429,59,F,Hyderabad,Retail,Salaried,250000.0,19,2,12.429220196836383
CUST100430,25,M,Delhi,Retail,Salaried,478000.0,135,5,13.077368103521614
CUST100431,60,M,Mumbai,Corporate,Retired,250000.0,93,1,12.429220196836383
CUST100432,65,M,Surat,Retail,Self-Employed,755700.0,234,5,13.535401074284367
CUST100433,28,F,Indore,SME,Retired,250000.0,130,3,12.429220196836383
CUST100434,44,M,Bangalore,HNWI,Salaried,250000.0,186,1,12.429220196836383
CUST100435,27,M,Jaipur,Mass Affluent,Salaried,250000.0,200,2,12.429220196836383
CUST100436,51,M,Delhi,Retail,Business Owner,1520100.0,40,1,14.234287337983352
CUST100437,71,F,Pune,Retail,Business Owner,442600.0,153,3,13.000423965972946
CUST100438,25,M,Kochi,Mass Affluent,Salaried,374100.0,165,2,12.832281093414728
CUST100439,42,F,Indore,Retail,Salaried,381600.0,109,3,12.852130839097908
CUST100440,73,M,Chandigarh,Corporate,Retired,250000.0,52,2,12.429220196836383
CUST100441,37,M,Chennai,Mass Affluent,Business Owner,1380000.0,114,3,14.137594781770806
CUST100442,28,M,Chandigarh,Retail,Salaried,353200.0,17,2,12.774792578965013
CUST100443,47,M,Kochi,Retail,Salaried,333900.0,239,4,12.718599820835916
CUST100444,48,F,Kolkata,Mass Affluent,Salaried,484500.0,26,4,13.090874774294315
CUST100445,56,M,Chennai,Retail,Salaried,250000.0,39,3,12.429220196836383
CUST100446,37,M,Delhi,Mass Affluent,Salaried,250000.0,38,1,12.429220196836383
CUST100447,72,M,Bhopal,Mass Affluent,Salaried,250000.0,54,5,12.429220196836383
CUST100448,49,F,Hyderabad,Corporate,Business Owner,486400.0,49,4,13.094788665553034
CUST100449,36,M,Chennai,Retail,Salaried,250000.0,152,4,12.429220196836383
CUST100450,72,F,Pune,Retail,Business Owner,257700.0,32,1,12.459555277114108
CUST100451,70,F,Bangalore,Corporate,Salaried,250000.0,170,4,12.429220196836383
CUST100452,47,F,Indore,Mass Affluent,Salaried,250000.0,101,1,12.429220196836383
CUST100453,22,F,Surat,HNWI,Salaried,250000.0,98,2,12.429220196836383
CUST100454,53,F,Bangalore,Mass Affluent,Salaried,371500.0,125,3,12.82530683492637
CUST100455,50,M,Bangalore,Corporate,Self-Employed,250000.0,13,2,12.429220196836383
CUST100456,29,F,Mumbai,Retail,Retired,625800.0,123,1,13.346787708170261
CUST100457,55,F,Chandigarh,Retail,Business Owner,355300.0,128,2,12.780720596528097
CUST100458,66,M,Pune,HNWI,Business Owner,330200.0,181,1,12.707456838931174
CUST100459,26,M,Lucknow,Retail,Business Owner,269700.0,39,3,12.505069216944454
CUST100460,60,F,Bangalore,Corporate,Business Owner,250000.0,17,1,12.429220196836383
CUST100461,28,F,Hyderabad,Retail,Self-Employed,250000.0,19,2,12.429220196836383
CUST100462,61,F,Jaipur,Retail,Self-Employed,333400.0,230,2,12.717101248694453
CUST100463,43,M,Hyderabad,Retail,Salaried,250000.0,86,5,12.429220196836383
CUST100464,21,M,Lucknow,Corporate,Salaried,300500.0,61,2,12.613206360738884
CUST100465,73,F,Bhopal,HNWI,Self-Employed,250000.0,37,2,12.429220196836383
CUST100466,29,M,Chennai,Retail,Self-Employed,351800.0,65,5,12.770820953805716
CUST100467,53,F,Lucknow,Retail,Salaried,367900.0,108,5,12.815569159219098
CUST100468,30,F,Bhopal,Retail,Student,250000.0,232,3,12.429220196836383
CUST100469,71,M,Bhopal,Retail,Salaried,279400.0,184,2,12.54040330489666
CUST100470,60,F,Mumbai,HNWI,Self-Employed,250000.0,205,1,12.429220196836383
CUST100471,64,M,Delhi,Retail,Student,250000.0,17,3,12.429220196836383
CUST100472,44,M,Chandigarh,Retail,Salaried,250000.0,140,4,12.429220196836383
CUST100473,46,M,Bhopal,Retail,Retired,1437100.0,122,5,14.178138447907896
CUST100474,55,F,Chennai,Mass Affluent,Business Owner,427300.0,51,1,12.96524396190553
CUST100475,63,F,Ahmedabad,Mass Affluent,Self-Employed,618600.0,122,1,13.335215755785308
CUST100476,66,M,Jaipur,Mass Affluent,Student,386600.0,142,4,12.865148432405894
CUST100477,21,F,Surat,Mass Affluent,Self-Employed,303500.0,6,4,12.623140184369177
CUST100478,56,F,Kochi,SME,Salaried,459200.0,235,3,13.037243301685471
CUST100479,26,F,Kolkata,Mass Affluent,Self-Employed,250000.0,178,1,12.429220196836383
CUST100480,36,F,Bhopal,Corporate,Salaried,355900.0,222,3,12.782407881272364
CUST100481,65,F,Mumbai,Mass Affluent,Salaried,543800.0,26,2,13.206338650090181
CUST100482,34,F,Mumbai,Retail,Salaried,408300.0,20,2,12.919759926484193
CUST100483,64,F,Chandigarh,Corporate,Salaried,565600.0,224,1,13.245644161596884
CUST100484,46,M,Bangalore,Mass Affluent,Business Owner,299400.0,224,2,12.609539090975447
CUST100485,33,M,Chandigarh,Mass Affluent,Retired,740600.0,155,2,13.515217297717287
CUST100486,39,M,Chennai,Retail,Student,250000.0,52,1,12.429220196836383
CUST100487,49,F,Kolkata,Retail,Salaried,956100.0,73,2,13.77061883498869
CUST100488,62,F,Mumbai,Corporate,Self-Employed,378600.0,191,1,12.844238159063961
CUST100489,53,F,Chandigarh,Retail,Self-Employed,250000.0,222,2,12.429220196836383
CUST100490,71,M,Kolkata,Retail,Salaried,250000.0,163,5,12.429220196836383
CUST100491,67,M,Bangalore,Retail,Self-Employed,250000.0,99,3,12.429220196836383
CUST100492,61,M,Ahmedabad,Mass Affluent,Salaried,250000.0,198,1,12.429220196836383
CUST100493,53,F,Bangalore,Corporate,Retired,254400.0,66,3,12.446667041257989
CUST100494,36,M,Kochi,Mass Affluent,Salaried,250000.0,36,1,12.429220196836383
CUST100495,43,M,Delhi,Corporate,Business Owner,582800.0,95,2,13.27560106915621
CUST100496,27,F,Ahmedabad,Mass Affluent,Retired,286800.0,115,1,12.566543874451872
CUST100497,41,M,Kolkata,Retail,Self-Employed,279900.0,149,5,12.5421912482017
CUST100498,71,F,Mumbai,Retail,Salaried,250000.0,167,1,12.429220196836383
CUST100499,43,F,Mumbai,Retail,Salaried,250000.0,175,4,12.429220196836383
CUST100500,27,M,Ahmedabad,HNWI,Student,250000.0,53,3,12.429220196836383
CUST100501,56,M,Kolkata,Retail,Salaried,708300.0,160,2,13.470624423571863
CUST100502,72,M,Delhi,Retail,Salaried,250000.0,16,4,12.429220196836383
CUST100503,67,M,Bangalore,Corporate,Student,250000.0,221,2,12.429220196836383
CUST100504,35,M,Indore,Mass Affluent,Business Owner,626500.0,109,3,13.34790564948618
CUST100505,45,M,Surat,Retail,Self-Employed,338600.0,229,3,12.732577702014082
CUST100506,49,M,Lucknow,HNWI,Salaried,288500.0,209,1,12.57245383112879
CUST100507,34,F,Indore,Mass Affluent,Salaried,329100.0,52,1,12.704119973516908
CUST100508,35,M,Delhi,Corporate,Business Owner,475600.0,32,4,13.072334546403786
CUST100509,33,F,Surat,Mass Affluent,Salaried,284900.0,219,1,12.55989703048335
CUST100510,74,F,Kochi,Retail,Salaried,250000.0,120,5,12.429220196836383
CUST100511,61,M,Hyderabad,Retail,Salaried,416600.0,30,2,12.93988420819019
CUST100512,66,F,Jaipur,Retail,Self-Employed,345700.0,148,2,12.753329518587048
CUST100513,65,M,Kochi,HNWI,Salaried,542000.0,229,2,13.20302312543853
CUST100514,72,F,Lucknow,Mass Affluent,Business Owner,250000.0,146,2,12.429220196836383
CUST100515,26,M,Hyderabad,HNWI,Salaried,250000.0,66,5,12.429220196836383
CUST100516,68,F,Lucknow,Mass Affluent,Salaried,339500.0,84,1,12.73523217148465
CUST100517,24,F,Kochi,Retail,Student,250000.0,68,3,12.429220196836383
CUST100518,46,F,Mumbai,Retail,Student,250000.0,131,1,12.429220196836383
CUST100519,53,M,Jaipur,Retail,Self-Employed,302100.0,104,1,12.618516677531483
CUST100520,40,F,Ahmedabad,Retail,Retired,459100.0,86,1,13.03702550840963
CUST100521,28,F,Kolkata,Mass Affluent,Salaried,250000.0,48,2,12.429220196836383
CUST100522,31,F,Mumbai,SME,Salaried,372800.0,12,3,12.82880004419341
CUST100523,65,F,Delhi,Retail,Salaried,341800.0,199,1,12.741983975346884
CUST100524,38,M,Kochi,Mass Affluent,Salaried,270000.0,193,5,12.506180941677357
CUST100525,37,M,Indore,Retail,Business Owner,291100.0,35,2,12.581425564973435
CUST100526,70,F,Pune,HNWI,Business Owner,602900.0,59,4,13.30950828312598
CUST100527,28,F,Chandigarh,Retail,Salaried,250000.0,108,1,12.429220196836383
CUST100528,70,F,Bhopal,Mass Affluent,Salaried,426700.0,145,3,12.963838812740255
CUST100529,70,F,Lucknow,Retail,Student,250000.0,218,2,12.429220196836383
CUST100530,53,F,Jaipur,Retail,Self-Employed,250000.0,169,2,12.429220196836383
CUST100531,29,F,Chandigarh,Mass Affluent,Salaried,549900.0,154,4,13.217493541006709
CUST100532,29,M,Lucknow,Retail,Salaried,250000.0,180,3,12.429220196836383
CUST100533,36,M,Chandigarh,Mass Affluent,Salaried,250000.0,148,2,12.429220196836383
CUST100534,52,M,Chandigarh,Retail,Salaried,1106600.0,223,3,13.916803713114634
CUST100535,29,F,Bangalore,SME,Salaried,496500.0,238,2,13.115340776564027
CUST100536,45,F,Lucknow,Retail,Salaried,250000.0,111,1,12.429220196836383
CUST100537,27,F,Surat,Mass Affluent,Salaried,250000.0,11,3,12.429220196836383
CUST100538,50,M,Indore,Corporate,Salaried,250000.0,238,5,12.429220196836383
CUST100539,22,F,Kolkata,Mass Affluent,Salaried,589600.0,80,1,13.287201315920955
CUST100540,59,F,Indore,Retail,Salaried,250000.0,68,3,12.429220196836383
CUST100541,23,F,Ahmedabad,Mass Affluent,Salaried,250000.0,35,4,12.429220196836383
CUST100542,31,M,Kolkata,Retail,Retired,411700.0,184,2,12.928052636708168
CUST100543,30,M,Bangalore,Mass Affluent,Business Owner,250000.0,49,2,12.429220196836383
CUST100544,65,M,Chennai,Retail,Salaried,250000.0,231,1,12.429220196836383
CUST100545,23,F,Chandigarh,HNWI,Salaried,255000.0,56,1,12.449022745701502
CUST100546,44,F,Surat,Corporate,Self-Employed,262900.0,22,2,12.479532814438391
CUST100547,52,F,Surat,Retail,Salaried,250000.0,152,3,12.429220196836383
CUST100548,48,M,Bhopal,Retail,Self-Employed,331800.0,54,2,12.712290670597714
CUST100549,57,M,Chennai,Retail,Student,374100.0,69,2,12.832281093414728
CUST100550,64,F,Lucknow,Mass Affluent,Salaried,250000.0,30,2,12.429220196836383
CUST100551,42,M,Kolkata,Retail,Salaried,726800.0,161,1,13.496407991397538
CUST100552,65,F,Indore,Mass Affluent,Salaried,329000.0,57,3,12.703816069256568
CUST100553,38,M,Pune,Mass Affluent,Self-Employed,250000.0,178,3,12.429220196836383
CUST100554,74,F,Indore,SME,Salaried,709600.0,66,2,13.472458119221159
CUST100555,48,F,Kochi,Retail,Self-Employed,250000.0,100,2,12.429220196836383
CUST100556,60,F,Kochi,Retail,Salaried,298700.0,121,2,12.60719835203924
CUST100557,68,M,Bhopal,Retail,Self-Employed,250000.0,131,2,12.429220196836383
CUST100558,63,F,Kochi,Mass Affluent,Self-Employed,390200.0,199,3,12.874417269956178
CUST100559,66,F,Chennai,Retail,Salaried,250000.0,36,3,12.429220196836383
CUST100560,49,F,Ahmedabad,Retail,Student,250000.0,59,3,12.429220196836383
CUST100561,23,M,Ahmedabad,Retail,Business Owner,250000.0,182,1,12.429220196836383
CUST100562,47,F,Mumbai,HNWI,Salaried,250000.0,206,3,12.429220196836383
CUST100563,30,M,Jaipur,SME,Student,510500.0,104,2,13.143147875448797
CUST100564,69,M,Pune,Retail,Business Owner,250000.0,7,1,12.429220196836383
CUST100565,33,F,Kolkata,Retail,Salaried,262400.0,201,1,12.47762914702042
CUST100566,33,F,Delhi,Retail,Self-Employed,283100.0,149,4,12.553559003414486
CUST100567,34,M,Ahmedabad,Retail,Self-Employed,250000.0,129,3,12.429220196836383
CUST100568,55,M,Jaipur,SME,Self-Employed,479700.0,97,4,13.080918272124213
CUST100569,51,F,Delhi,Mass Affluent,Retired,250000.0,169,2,12.429220196836383
CUST100570,72,F,Lucknow,Mass Affluent,Salaried,377300.0,73,4,12.840798556359703
CUST100571,43,M,Bangalore,Corporate,Salaried,250000.0,89,2,12.429220196836383
CUST100572,36,F,Bangalore,Mass Affluent,Salaried,250000.0,185,3,12.429220196836383
CUST100573,23,F,Pune,Retail,Business Owner,250000.0,92,1,12.429220196836383
CUST100574,21,F,Kolkata,Mass Affluent,Salaried,250000.0,227,3,12.429220196836383
CUST100575,41,M,Bhopal,Retail,Salaried,250000.0,108,2,12.429220196836383
CUST100576,70,F,Delhi,Retail,Salaried,717100.0,137,1,13.482971974375342
CUST100577,49,F,Kolkata,SME,Self-Employed,310200.0,154,1,12.644975753446007
CUST100578,69,F,Kochi,Retail,Salaried,349400.0,169,2,12.763975538727225
CUST100579,26,F,Hyderabad,Mass Affluent,Salaried,250000.0,124,1,12.429220196836383
CUST100580,26,M,Chandigarh,Retail,Salaried,418300.0,90,3,12.943956548056168
CUST100581,66,M,Kochi,Retail,Salaried,717100.0,194,2,13.482971974375342
CUST100582,26,M,Chandigarh,Mass Affluent,Salaried,452200.0,173,4,13.021882050234442
CUST100583,23,M,Chandigarh,HNWI,Salaried,250000.0,18,2,12.429220196836383
CUST100584,42,M,Delhi,Mass Affluent,Self-Employed,250000.0,152,3,12.429220196836383
CUST100585,70,M,Pune,Retail,Salaried,286400.0,216,3,12.565148205682643
CUST100586,58,F,Kochi,Retail,Salaried,250000.0,137,3,12.429220196836383
CUST100587,26,F,Mumbai,Mass Affluent,Self-Employed,1226600.0,222,2,14.019757487435387
CUST100588,66,F,Pune,Mass Affluent,Salaried,250000.0,97,2,12.429220196836383
CUST100589,66,F,Surat,HNWI,Salaried,261400.0,63,1,12.473810905719647
CUST100590,64,M,Kochi,Mass Affluent,Salaried,250000.0,122,3,12.429220196836383
CUST100591,69,M,Pune,Corporate,Salaried,308400.0,29,2,12.639156163208208
CUST100592,33,M,Indore,HNWI,Salaried,615000.0,21,2,13.329379172803593
CUST100593,73,M,Surat,Retail,Student,287500.0,139,5,12.568981617474362
CUST100594,38,M,Mumbai,Mass Affluent,Salaried,250000.0,12,3,12.429220196836383
CUST100595,64,F,Chennai,HNWI,Self-Employed,250000.0,21,1,12.429220196836383
CUST100596,52,F,Chandigarh,SME,Retired,554200.0,112,2,13.22528271581213
CUST100597,63,F,Mumbai,Retail,Salaried,250000.0,59,3,12.429220196836383
CUST100598,54,M,Delhi,Mass Affluent,Business Owner,250000.0,48,4,12.429220196836383
CUST100599,55,F,Kolkata,Retail,Salaried,250000.0,124,3,12.429220196836383
CUST100600,54,F,Chandigarh,HNWI,Self-Employed,250000.0,82,2,12.429220196836383
CUST100601,63,M,Surat,Corporate,Retired,250000.0,149,4,12.429220196836383
CUST100602,60,M,Bangalore,Corporate,Salaried,250000.0,105,1,12.429220196836383
CUST100603,28,F,Kolkata,Retail,Retired,485900.0,51,1,13.093760178428509
CUST100604,65,M,Chandigarh,Retail,Salaried,250000.0,170,1,12.429220196836383
CUST100605,49,F,Hyderabad,HNWI,Self-Employed,836800.0,224,2,13.637341567320762
CUST100606,38,M,Jaipur,Mass Affluent,Salaried,627000.0,176,2,13.348703414510117
CUST100607,48,M,Pune,Corporate,Salaried,250000.0,48,1,12.429220196836383
CUST100608,73,F,Kochi,Retail,Salaried,610200.0,136,1,13.321543690070312
CUST100609,67,M,Kochi,Corporate,Retired,705300.0,41,1,13.466379941031647
CUST100610,66,M,Indore,Mass Affluent,Self-Employed,250000.0,12,5,12.429220196836383
CUST100611,45,M,Delhi,Retail,Retired,250000.0,43,3,12.429220196836383
CUST100612,63,M,Pune,Retail,Salaried,250000.0,195,3,12.429220196836383
CUST100613,41,F,Surat,HNWI,Salaried,337100.0,223,3,12.728137867696542
CUST100614,58,M,Pune,Retail,Salaried,250000.0,145,3,12.429220196836383
CUST100615,55,M,Surat,HNWI,Salaried,343300.0,211,1,12.746362892345706
CUST100616,34,F,Lucknow,Mass Affluent,Salaried,250000.0,101,5,12.429220196836383
CUST100617,35,F,Kolkata,Mass Affluent,Retired,250000.0,13,2,12.429220196836383
CUST100618,24,M,Delhi,Retail,Retired,250000.0,217,2,12.429220196836383
CUST100619,28,F,Chandigarh,SME,Salaried,250000.0,176,4,12.429220196836383
CUST100620,44,M,Indore,HNWI,Salaried,250000.0,160,1,12.429220196836383
CUST100621,46,F,Bhopal,HNWI,Self-Employed,250000.0,23,2,12.429220196836383
CUST100622,29,F,Chennai,HNWI,Self-Employed,266100.0,231,4,12.491631214944439
CUST100623,43,F,Chennai,Mass Affluent,Self-Employed,285700.0,23,2,12.562701088387747
CUST100624,53,M,Chennai,SME,Salaried,250000.0,9,2,12.429220196836383
CUST100625,33,M,Mumbai,Mass Affluent,Salaried,519400.0,23,5,13.160431503507352
CUST100626,39,F,Bangalore,Mass Affluent,Salaried,250000.0,226,4,12.429220196836383
CUST100627,40,F,Chennai,Retail,Student,661000.0,200,4,13.401510631691982
CUST100628,48,M,Chandigarh,Retail,Self-Employed,310100.0,32,1,12.644653329849545
CUST100629,40,M,Hyderabad,HNWI,Retired,279700.0,106,4,12.541476454442867
CUST100630,60,M,Ahmedabad,Retail,Salaried,250000.0,129,3,12.429220196836383
CUST100631,38,F,Jaipur,HNWI,Salaried,388100.0,136,3,12.869020894009179
CUST100632,44,M,Kolkata,SME,Salaried,273800.0,53,1,12.520156844130765
CUST100633,41,F,Bhopal,Retail,Retired,449100.0,13,2,13.015003085748925
CUST100634,30,F,Delhi,Retail,Salaried,702800.0,13,1,13.462829058173975
CUST100635,58,F,Bhopal,Mass Affluent,Self-Employed,250000.0,216,5,12.429220196836383
CUST100636,33,M,Kochi,Retail,Salaried,387700.0,151,2,12.867989702969597
CUST100637,37,F,Chennai,HNWI,Salaried,381200.0,235,3,12.851082074053602
CUST100638,63,F,Kochi,Mass Affluent,Salaried,353200.0,207,1,12.774792578965013
CUST100639,72,M,Pune,Mass Affluent,Salaried,250000.0,61,2,12.429220196836383
CUST100640,57,F,Chandigarh,Mass Affluent,Business Owner,250000.0,27,2,12.429220196836383
CUST100641,70,F,Mumbai,Mass Affluent,Student,250000.0,159,4,12.429220196836383
CUST100642,67,F,Mumbai,Retail,Self-Employed,250000.0,58,3,12.429220196836383
CUST100643,46,F,Jaipur,Retail,Salaried,250000.0,164,1,12.429220196836383
CUST100644,62,M,Bhopal,Retail,Business Owner,252000.0,232,2,12.437188334739655
CUST100645,38,F,Mumbai,Corporate,Salaried,250000.0,232,1,12.429220196836383
CUST100646,45,F,Kochi,Retail,Business Owner,348500.0,64,2,12.761396378619057
CUST100647,49,M,Chandigarh,Retail,Business Owner,277700.0,119,2,12.53430027429669
CUST100648,72,F,Ahmedabad,Retail,Salaried,297000.0,171,1,12.601490784782536
CUST100649,66,M,Bhopal,Retail,Salaried,250000.0,61,1,12.429220196836383
CUST100650,47,F,Kochi,Retail,Salaried,279700.0,137,3,12.541476454442867
CUST100651,56,F,Hyderabad,HNWI,Salaried,250000.0,90,2,12.429220196836383
CUST100652,31,M,Indore,Retail,Retired,428400.0,140,1,12.967814951820046
CUST100653,64,M,Surat,Mass Affluent,Self-Employed,250000.0,155,2,12.429220196836383
CUST100654,50,M,Mumbai,Retail,Salaried,336200.0,211,2,12.725464474372217
CUST100655,49,F,Jaipur,Mass Affluent,Salaried,250000.0,116,1,12.429220196836383
CUST100656,62,M,Lucknow,Retail,Business Owner,411400.0,73,1,12.927323686922396
CUST100657,55,F,Indore,HNWI,Salaried,250000.0,24,2,12.429220196836383
CUST100658,24,M,Kochi,SME,Salaried,250000.0,169,3,12.429220196836383
CUST100659,36,F,Ahmedabad,Retail,Self-Employed,250000.0,194,1,12.429220196836383
CUST100660,30,F,Chennai,SME,Salaried,250000.0,102,5,12.429220196836383
CUST100661,60,M,Bangalore,Retail,Salaried,250000.0,208,2,12.429220196836383
CUST100662,22,F,Delhi,Mass Affluent,Salaried,659500.0,116,3,13.399238767438584
CUST100663,31,F,Lucknow,HNWI,Salaried,250000.0,117,5,12.429220196836383
CUST100664,53,M,Chandigarh,Retail,Retired,250000.0,16,1,12.429220196836383
CUST100665,58,M,Delhi,Retail,Business Owner,334100.0,128,2,12.719198621456203
CUST100666,48,F,Surat,Retail,Student,250000.0,145,2,12.429220196836383
CUST100667,67,M,Jaipur,Mass Affluent,Student,437500.0,121,1,12.98883427049148
CUST100668,70,M,Bangalore,Retail,Salaried,250000.0,131,3,12.429220196836383
CUST100669,28,F,Hyderabad,Corporate,Salaried,250000.0,129,1,12.429220196836383
CUST100670,72,F,Chennai,Retail,Self-Employed,550400.0,169,4,13.218402382460086
CUST100671,54,M,Surat,SME,Salaried,388700.0,30,3,12.870565689515162
CUST100672,55,M,Chennai,Retail,Student,250000.0,130,3,12.429220196836383
CUST100673,26,M,Indore,Mass Affluent,Salaried,250000.0,107,2,12.429220196836383
CUST100674,54,F,Kolkata,Retail,Salaried,250000.0,87,4,12.429220196836383
CUST100675,60,M,Delhi,Retail,Self-Employed,1279400.0,110,1,14.061902557614252
CUST100676,52,F,Delhi,Retail,Retired,250000.0,164,3,12.429220196836383
CUST100677,25,F,Pune,Mass Affluent,Self-Employed,541400.0,239,1,13.201915503223802
CUST100678,49,F,Pune,Retail,Self-Employed,250000.0,57,1,12.429220196836383
CUST100679,71,F,Kochi,Mass Affluent,Salaried,250000.0,17,2,12.429220196836383
CUST100680,60,F,Ahmedabad,SME,Self-Employed,271800.0,87,2,12.512825459868276
CUST100681,28,M,Bangalore,Retail,Self-Employed,250000.0,79,1,12.429220196836383
CUST100682,72,M,Hyderabad,Retail,Salaried,434100.0,22,3,12.98103250490171
CUST100683,72,M,Jaipur,Retail,Business Owner,437400.0,122,2,12.988605673459045
CUST100684,30,F,Kolkata,Retail,Salaried,250000.0,127,5,12.429220196836383
CUST100685,64,F,Surat,Mass Affluent,Salaried,250000.0,204,3,12.429220196836383
CUST100686,42,M,Bhopal,HNWI,Student,250000.0,169,4,12.429220196836383
CUST100687,53,M,Kolkata,Retail,Salaried,250000.0,113,4,12.429220196836383
CUST100688,45,F,Jaipur,Retail,Self-Employed,250000.0,159,4,12.429220196836383
CUST100689,63,F,Indore,Mass Affluent,Salaried,266400.0,74,1,12.49275797139508
CUST100690,74,M,Hyderabad,Retail,Retired,250000.0,42,1,12.429220196836383
CUST100691,63,F,Ahmedabad,Mass Affluent,Salaried,250000.0,131,2,12.429220196836383
CUST100692,71,F,Chennai,SME,Salaried,265800.0,122,2,12.490503187481444
CUST100693,72,F,Lucknow,Retail,Business Owner,250000.0,75,4,12.429220196836383
CUST100694,25,M,Kochi,Mass Affluent,Self-Employed,250000.0,216,2,12.429220196836383
CUST100695,34,F,Bangalore,Corporate,Salaried,250000.0,134,4,12.429220196836383
CUST100696,59,F,Bangalore,Mass Affluent,Salaried,311500.0,138,2,12.649157827477366
CUST100697,52,F,Mumbai,HNWI,Salaried,250000.0,167,4,12.429220196836383
CUST100698,23,M,Mumbai,HNWI,Retired,250000.0,73,1,12.429220196836383
CUST100699,26,F,Mumbai,Mass Affluent,Self-Employed,250000.0,130,2,12.429220196836383
CUST100700,49,F,Surat,Mass Affluent,Retired,260400.0,215,4,12.469978029554953
CUST100701,54,M,Bhopal,HNWI,Student,283000.0,148,2,12.553205710188037
CUST100702,30,F,Pune,Mass Affluent,Salaried,250000.0,205,3,12.429220196836383
CUST100703,30,M,Bhopal,Mass Affluent,Self-Employed,845000.0,15,2,13.647093089770562
CUST100704,27,F,Surat,Retail,Self-Employed,295900.0,174,4,12.597780217902699
CUST100705,51,F,Indore,Corporate,Business Owner,250000.0,160,3,12.429220196836383
CUST100706,21,F,Kochi,Retail,Self-Employed,362000.0,216,4,12.799402253235032
CUST100707,51,M,Bangalore,Retail,Salaried,953300.0,232,2,13.767685977468846
CUST100708,46,M,Ahmedabad,Retail,Retired,312300.0,38,3,12.651722745315356
CUST100709,46,F,Ahmedabad,Retail,Self-Employed,250000.0,121,2,12.429220196836383
CUST100710,57,M,Lucknow,Mass Affluent,Business Owner,347700.0,224,2,12.759098194034383
CUST100711,49,F,Kochi,Retail,Salaried,250000.0,193,3,12.429220196836383
CUST100712,60,F,Delhi,Mass Affluent,Salaried,250000.0,29,1,12.429220196836383
CUST100713,62,F,Surat,Mass Affluent,Self-Employed,743100.0,134,3,13.518587249858557
CUST100714,70,F,Indore,Retail,Business Owner,652700.0,87,2,13.388874416719576
CUST100715,64,M,Delhi,Retail,Salaried,250000.0,170,1,12.429220196836383
CUST100716,48,F,Pune,Mass Affluent,Salaried,250000.0,125,3,12.429220196836383
CUST100717,47,M,Bhopal,HNWI,Business Owner,295400.0,78,3,12.596089034314039
CUST100718,33,F,Mumbai,Retail,Student,250000.0,103,3,12.429220196836383
CUST100719,53,F,Bangalore,Retail,Salaried,250000.0,232,5,12.429220196836383
CUST100720,28,F,Indore,Retail,Salaried,250000.0,91,2,12.429220196836383
CUST100721,71,M,Bangalore,Retail,Salaried,250000.0,56,5,12.429220196836383
CUST100722,66,F,Surat,Retail,Salaried,250000.0,32,2,12.429220196836383
CUST100723,27,F,Bhopal,SME,Salaried,440700.0,43,2,12.996121919944818
CUST100724,63,F,Ahmedabad,Retail,Salaried,552500.0,18,3,13.222210522327158
CUST100725,27,F,Ahmedabad,Retail,Self-Employed,252700.0,16,1,12.43996225063003
CUST100726,59,F,Pune,Corporate,Salaried,262600.0,130,5,12.478391048916697
CUST100727,25,F,Kolkata,Mass Affluent,Salaried,391400.0,132,2,12.877487888871865
CUST100728,47,F,Kolkata,Retail,Student,268600.0,192,1,12.500982286072535
CUST100729,56,F,Jaipur,Mass Affluent,Salaried,757500.0,150,3,13.537780136496803
CUST100730,60,F,Bhopal,SME,Business Owner,250000.0,50,1,12.429220196836383
CUST100731,43,M,Chandigarh,Retail,Salaried,449800.0,157,1,13.016560541715197
CUST100732,70,M,Indore,Retail,Business Owner,250600.0,109,1,12.431617311859128
CUST100733,62,M,Delhi,Corporate,Business Owner,250000.0,46,4,12.429220196836383
CUST100734,32,F,Chennai,HNWI,Salaried,1033300.0,158,1,13.848269089975132
CUST100735,57,F,Kochi,SME,Self-Employed,1122600.0,158,2,13.93115887227908
CUST100736,60,M,Jaipur,Retail,Self-Employed,250000.0,104,2,12.429220196836383
CUST100737,39,M,Kolkata,SME,Salaried,350400.0,44,4,12.76683349192158
CUST100738,60,F,Chennai,Retail,Business Owner,250000.0,12,4,12.429220196836383
CUST100739,69,M,Delhi,HNWI,Salaried,250000.0,182,5,12.429220196836383
CUST100740,65,M,Chennai,Corporate,Salaried,250000.0,42,2,12.429220196836383
CUST100741,62,M,Pune,Retail,Student,250000.0,70,2,12.429220196836383
CUST100742,55,F,Pune,Retail,Salaried,811400.0,164,4,13.606517662191486
CUST100743,35,M,Jaipur,Mass Affluent,Salaried,262200.0,104,1,12.476866664186996
CUST100744,63,M,Chennai,Corporate,Salaried,276600.0,198,1,12.530331313535255
CUST100745,40,F,Hyderabad,Retail,Student,250000.0,91,5,12.429220196836383
CUST100746,49,M,Bhopal,Corporate,Salaried,300700.0,214,1,12.613871694544752
CUST100747,37,M,Pune,Retail,Salaried,250000.0,92,2,12.429220196836383
CUST100748,37,F,Hyderabad,Retail,Self-Employed,250000.0,25,1,12.429220196836383
CUST100749,29,F,Lucknow,Retail,Business Owner,250000.0,174,1,12.429220196836383
CUST100750,72,M,Jaipur,Corporate,Salaried,582900.0,160,5,13.2757726395923
CUST100751,28,M,Jaipur,Retail,Student,250000.0,239,1,12.429220196836383
CUST100752,25,M,Hyderabad,Mass Affluent,Salaried,250000.0,29,2,12.429220196836383
CUST100753,71,F,Surat,Retail,Self-Employed,250000.0,129,1,12.429220196836383
CUST100754,50,F,Bangalore,SME,Self-Employed,250000.0,172,2,12.429220196836383
CUST100755,44,M,Indore,HNWI,Salaried,250000.0,99,3,12.429220196836383
CUST100756,60,F,Pune,Retail,Retired,482500.0,67,3,13.08673827229789
CUST100757,41,F,Pune,Retail,Self-Employed,250000.0,74,2,12.429220196836383
CUST100758,27,M,Kolkata,Retail,Salaried,250000.0,8,2,12.429220196836383
CUST100759,60,M,Pune,Retail,Salaried,321200.0,152,1,12.679822374374929
CUST100760,30,F,Lucknow,Corporate,Salaried,250000.0,188,2,12.429220196836383
CUST100761,50,F,Ahmedabad,Mass Affluent,Retired,1139300.0,111,4,13.945925474417763
CUST100762,72,F,Delhi,Retail,Salaried,250000.0,15,4,12.429220196836383
CUST100763,71,M,Jaipur,HNWI,Retired,343900.0,186,1,12.748109104238171
CUST100764,40,M,Chennai,Mass Affluent,Salaried,440600.0,218,4,12.995894982980124
CUST100765,63,M,Delhi,Retail,Student,250000.0,147,4,12.429220196836383
CUST100766,54,M,Indore,Retail,Business Owner,296300.0,26,4,12.599131108513774
CUST100767,46,M,Chennai,Retail,Salaried,250000.0,102,4,12.429220196836383
CUST100768,28,M,Jaipur,Mass Affluent,Salaried,316300.0,139,5,12.664449570844228
CUST100769,41,F,Bangalore,Retail,Business Owner,285100.0,229,1,12.560598782435825
CUST100770,56,F,Kolkata,Mass Affluent,Salaried,250000.0,122,2,12.429220196836383
CUST100771,74,F,Kolkata,Retail,Salaried,250000.0,8,5,12.429220196836383
CUST100772,21,F,Bangalore,Mass Affluent,Business Owner,820900.0,170,2,13.61815779651079
CUST100773,59,M,Chandigarh,Retail,Retired,381500.0,167,3,12.851868750935193
CUST100774,66,F,Chennai,Mass Affluent,Business Owner,250000.0,61,2,12.429220196836383
CUST100775,72,M,Jaipur,Retail,Retired,250000.0,102,1,12.429220196836383
CUST100776,43,F,Jaipur,Retail,Self-Employed,250000.0,16,5,12.429220196836383
CUST100777,27,F,Pune,Retail,Business Owner,423900.0,34,2,12.95725521638489
CUST100778,35,M,Jaipur,Mass Affluent,Salaried,264900.0,78,2,12.487111450262473
CUST100779,66,F,Jaipur,HNWI,Business Owner,269000.0,27,1,12.502470376049185
CUST100780,68,F,Delhi,Retail,Self-Employed,250000.0,70,5,12.429220196836383
CUST100781,55,M,Surat,HNWI,Self-Employed,250000.0,157,1,12.429220196836383
CUST100782,27,M,Delhi,Mass Affluent,Student,430300.0,95,4,12.972240242784018
CUST100783,27,F,Pune,Mass Affluent,Salaried,505600.0,40,1,13.13350309966093
CUST100784,46,M,Kolkata,Mass Affluent,Self-Employed,445900.0,152,5,13.007852233268357
CUST100785,52,F,Pune,Retail,Salaried,250000.0,206,2,12.429220196836383
CUST100786,22,M,Delhi,HNWI,Salaried,250000.0,144,4,12.429220196836383
CUST100787,58,F,Surat,HNWI,Salaried,312400.0,78,2,12.652042897966872
CUST100788,50,M,Pune,HNWI,Student,250000.0,194,1,12.429220196836383
CUST100789,21,M,Mumbai,Retail,Salaried,250000.0,86,1,12.429220196836383
CUST100790,26,F,Mumbai,Mass Affluent,Self-Employed,250000.0,9,3,12.429220196836383
CUST100791,45,M,Jaipur,Retail,Self-Employed,659900.0,160,3,13.399845102751483
CUST100792,60,F,Lucknow,Mass Affluent,Retired,250000.0,174,2,12.429220196836383
CUST100793,65,M,Jaipur,Retail,Business Owner,276100.0,57,1,12.528522019787818
CUST100794,44,M,Surat,Retail,Salaried,250000.0,94,4,12.429220196836383
CUST100795,36,F,Kochi,Mass Affluent,Salaried,250000.0,7,3,12.429220196836383
CUST100796,73,M,Bhopal,Corporate,Self-Employed,250000.0,115,3,12.429220196836383
CUST100797,45,M,Chandigarh,Retail,Salaried,430800.0,110,2,12.973401545524442
CUST100798,38,F,Bhopal,Mass Affluent,Salaried,274100.0,66,2,12.521251930587761
CUST100799,44,F,Kochi,Mass Affluent,Salaried,250000.0,129,2,12.429220196836383
CUST100800,21,F,Pune,SME,Salaried,276700.0,164,1,12.530692779790893
CUST100801,37,F,Ahmedabad,Mass Affluent,Student,250000.0,110,5,12.429220196836383
CUST100802,48,F,Lucknow,Retail,Retired,357000.0,192,2,12.785493861878301
CUST100803,70,F,Bangalore,Retail,Self-Employed,250000.0,113,2,12.429220196836383
CUST100804,60,F,Surat,Mass Affluent,Salaried,250000.0,101,2,12.429220196836383
CUST100805,63,M,Jaipur,Retail,Student,365100.0,161,2,12.8079293066156
CUST100806,50,F,Ahmedabad,SME,Self-Employed,250000.0,46,3,12.429220196836383
CUST100807,26,M,Indore,SME,Student,250000.0,203,3,12.429220196836383
CUST100808,42,F,Surat,SME,Salaried,540700.0,147,4,13.200621724822797
CUST100809,74,M,Bhopal,Retail,Salaried,250000.0,91,1,12.429220196836383
CUST100810,23,F,Chandigarh,HNWI,Self-Employed,361900.0,60,4,12.799125972742269
CUST100811,68,F,Indore,Mass Affluent,Retired,474400.0,190,5,13.069808234589232
CUST100812,57,F,Chennai,Retail,Salaried,540400.0,9,5,13.200066735547594
CUST100813,36,F,Bangalore,Retail,Salaried,990400.0,20,1,13.805865190605012
CUST100814,63,M,Chennai,Retail,Self-Employed,250000.0,148,2,12.429220196836383
CUST100815,66,M,Surat,Retail,Student,250000.0,118,5,12.429220196836383
CUST100816,23,M,Indore,SME,Business Owner,438200.0,46,3,12.990432988203883
CUST100817,26,F,Bhopal,Corporate,Retired,471700.0,94,1,13.064100589261626
CUST100818,56,F,Surat,Retail,Self-Employed,250000.0,189,4,12.429220196836383
CUST100819,74,M,Surat,Mass Affluent,Retired,358900.0,115,4,12.790801863423264
CUST100820,22,M,Chandigarh,Retail,Salaried,1375800.0,129,3,14.134546664923619
CUST100821,56,M,Surat,Retail,Salaried,285700.0,27,2,12.562701088387747
CUST100822,28,F,Bangalore,Retail,Self-Employed,467000.0,174,3,13.054086677976365
CUST100823,56,M,Ahmedabad,Mass Affluent,Self-Employed,691100.0,38,3,13.446041257047039
CUST100824,54,F,Kolkata,Mass Affluent,Salaried,1205300.0,60,2,14.002239886245054
CUST100825,25,F,Lucknow,Corporate,Salaried,311000.0,74,3,12.647551406590285
CUST100826,57,M,Lucknow,Corporate,Business Owner,569100.0,106,1,13.2518132017501
CUST100827,69,M,Chennai,Retail,Business Owner,250000.0,70,1,12.429220196836383
CUST100828,67,F,Chennai,HNWI,Salaried,272400.0,196,4,12.51503052432271
CUST100829,22,M,Delhi,Retail,Retired,250000.0,96,2,12.429220196836383
CUST100830,34,F,Chennai,Retail,Salaried,250000.0,14,1,12.429220196836383
CUST100831,34,F,Indore,Mass Affluent,Salaried,250000.0,112,4,12.429220196836383
CUST100832,45,F,Lucknow,Retail,Salaried,347300.0,34,3,12.757947118083045
CUST100833,28,F,Chandigarh,Retail,Salaried,351400.0,57,4,12.769683300490902
CUST100834,67,F,Bhopal,Retail,Salaried,250000.0,144,2,12.429220196836383
CUST100835,62,M,Indore,Retail,Self-Employed,683100.0,150,3,13.434398004633376
CUST100836,64,M,Bangalore,SME,Business Owner,250000.0,161,1,12.429220196836383
CUST100837,31,M,Kolkata,Retail,Salaried,313100.0,93,1,12.65428110117717
CUST100838,21,F,Mumbai,Mass Affluent,Retired,250000.0,202,1,12.429220196836383
CUST100839,70,F,Delhi,SME,Student,286100.0,20,2,12.564100174313463
CUST100840,36,M,Hyderabad,Mass Affluent,Salaried,460100.0,94,3,13.039201309581754
CUST100841,56,M,Chennai,Retail,Salaried,422700.0,63,1,12.95442035229611
CUST100842,70,F,Mumbai,SME,Salaried,410300.0,15,4,12.924646315668351
CUST100843,22,M,Indore,Retail,Self-Employed,380100.0,137,5,12.848192285860488
CUST100844,21,F,Ahmedabad,Retail,Salaried,250000.0,19,1,12.429220196836383
CUST100845,21,F,Lucknow,Mass Affluent,Self-Employed,530000.0,148,4,13.180634172318978
CUST100846,29,M,Lucknow,Retail,Self-Employed,250000.0,206,3,12.429220196836383
CUST100847,23,M,Chandigarh,HNWI,Self-Employed,251800.0,193,2,12.436394371990376
CUST100848,65,M,Bangalore,Retail,Salaried,250000.0,165,2,12.429220196836383
CUST100849,53,F,Kolkata,Mass Affluent,Salaried,331100.0,63,3,12.710178743766354
CUST100850,73,M,Chennai,HNWI,Salaried,250000.0,158,1,12.429220196836383
CUST100851,64,M,Jaipur,SME,Business Owner,250000.0,137,3,12.429220196836383
CUST100852,73,F,Ahmedabad,Retail,Self-Employed,708800.0,121,1,13.471330089107228
CUST100853,33,M,Kochi,Retail,Self-Employed,250000.0,117,1,12.429220196836383
CUST100854,36,F,Jaipur,SME,Self-Employed,267900.0,39,2,12.498372788261829
CUST100855,66,M,Hyderabad,Mass Affluent,Salaried,250000.0,204,1,12.429220196836383
CUST100856,34,M,Jaipur,Retail,Salaried,402200.0,201,3,12.904707242642809
CUST100857,24,M,Chandigarh,Retail,Salaried,250000.0,176,3,12.429220196836383
CUST100858,57,M,Jaipur,HNWI,Salaried,274600.0,134,1,12.523074413969974
CUST100859,64,M,Jaipur,Mass Affluent,Salaried,250000.0,36,4,12.429220196836383
CUST100860,73,F,Bangalore,Mass Affluent,Salaried,582400.0,154,2,13.274914492896107
CUST100861,71,M,Mumbai,Corporate,Business Owner,280300.0,230,3,12.543619304752651
CUST100862,27,F,Hyderabad,Retail,Salaried,291500.0,37,1,12.582798715298532
CUST100863,62,F,Mumbai,Retail,Salaried,441300.0,89,1,12.997482461287248
CUST100864,66,F,Pune,Mass Affluent,Salaried,250000.0,217,4,12.429220196836383
CUST100865,58,F,Bhopal,Corporate,Salaried,250000.0,229,4,12.429220196836383
CUST100866,65,M,Pune,Retail,Salaried,297200.0,110,2,12.60216395655763
CUST100867,66,M,Lucknow,Mass Affluent,Salaried,250000.0,72,2,12.429220196836383
CUST100868,45,F,Indore,Retail,Salaried,250000.0,73,3,12.429220196836383
CUST100869,23,F,Kochi,Retail,Student,250000.0,115,1,12.429220196836383
CUST100870,45,M,Lucknow,Corporate,Salaried,250000.0,80,4,12.429220196836383
CUST100871,31,F,Kochi,Retail,Salaried,250000.0,134,1,12.429220196836383
CUST100872,27,F,Chennai,Retail,Salaried,367100.0,24,1,12.813392293534607
CUST100873,27,F,Pune,HNWI,Salaried,420800.0,20,1,12.949915316828669
CUST100874,58,M,Kolkata,Retail,Self-Employed,794600.0,7,2,13.585595380856684
CUST100875,48,M,Kochi,Retail,Salaried,264700.0,173,4,12.486356166069786
CUST100876,50,M,Pune,HNWI,Retired,294400.0,222,3,12.59269806257022
CUST100877,61,M,Chandigarh,Retail,Retired,264400.0,30,1,12.485222169100776
CUST100878,50,M,Bangalore,Mass Affluent,Self-Employed,325200.0,220,1,12.692198731681815
CUST100879,55,M,Bangalore,Retail,Salaried,340800.0,44,1,12.739054008205294
CUST100880,25,M,Surat,Retail,Salaried,466600.0,17,3,13.05322978173048
CUST100881,66,M,Kochi,Mass Affluent,Salaried,465500.0,73,2,13.050869523924664
CUST100882,45,M,Surat,Retail,Business Owner,366500.0,74,1,12.811756528818082
CUST100883,29,M,Chennai,Corporate,Salaried,664000.0,230,3,13.406038934481533
CUST100884,64,M,Mumbai,Corporate,Self-Employed,272700.0,32,3,12.516131235860326
CUST100885,60,F,Chennai,Corporate,Salaried,250000.0,233,5,12.429220196836383
CUST100886,23,F,Pune,Retail,Salaried,250000.0,207,2,12.429220196836383
CUST100887,31,F,Pune,Retail,Salaried,251800.0,120,2,12.436394371990376
CUST100888,21,F,Bhopal,Corporate,Salaried,250000.0,163,1,12.429220196836383
CUST100889,35,M,Indore,Mass Affluent,Self-Employed,250000.0,130,4,12.429220196836383
CUST100890,26,F,Kochi,HNWI,Self-Employed,250000.0,218,1,12.429220196836383
CUST100891,59,M,Mumbai,Corporate,Salaried,329800.0,55,2,12.70624472124373
CUST100892,49,F,Delhi,Retail,Salaried,331800.0,229,2,12.712290670597714
CUST100893,73,M,Pune,Retail,Business Owner,250000.0,103,2,12.429220196836383
CUST100894,61,M,Lucknow,Mass Affluent,Salaried,250000.0,224,2,12.429220196836383
CUST100895,54,M,Surat,Mass Affluent,Self-Employed,802200.0,236,3,13.59511447888924
CUST100896,48,M,Chennai,Retail,Salaried,391500.0,204,1,12.87774334868815
CUST100897,23,F,Delhi,Mass Affluent,Self-Employed,352400.0,191,3,12.772525010724586
CUST100898,24,F,Chennai,HNWI,Self-Employed,250000.0,107,4,12.429220196836383
CUST100899,54,M,Kochi,Retail,Salaried,318800.0,169,1,12.672322362656137
CUST100900,21,M,Chandigarh,Retail,Salaried,266000.0,63,1,12.491255347155265
CUST100901,23,F,Chandigarh,HNWI,Salaried,250000.0,71,5,12.429220196836383
CUST100902,32,F,Jaipur,HNWI,Salaried,250000.0,179,2,12.429220196836383
CUST100903,68,F,Delhi,SME,Self-Employed,250000.0,184,2,12.429220196836383
CUST100904,45,F,Chandigarh,Retail,Salaried,250000.0,67,2,12.429220196836383
CUST100905,59,F,Bangalore,Corporate,Salaried,250000.0,232,2,12.429220196836383
CUST100906,43,F,Chennai,HNWI,Business Owner,250000.0,165,3,12.429220196836383
CUST100907,30,F,Chandigarh,HNWI,Business Owner,250000.0,237,3,12.429220196836383
CUST100908,41,M,Ahmedabad,Retail,Salaried,250000.0,118,2,12.429220196836383
CUST100909,25,F,Bangalore,Retail,Self-Employed,250000.0,146,1,12.429220196836383
CUST100910,62,M,Ahmedabad,Mass Affluent,Salaried,434000.0,158,2,12.980802117227352
CUST100911,30,M,Delhi,Retail,Self-Employed,935000.0,43,2,13.74830287778897
CUST100912,41,F,Chennai,Retail,Salaried,497000.0,71,3,13.116347317149176
CUST100913,73,M,Chandigarh,SME,Business Owner,528800.0,231,3,13.178367458591955
CUST100914,52,F,Chennai,Retail,Salaried,390700.0,163,4,12.875697840548462
CUST100915,45,F,Bhopal,SME,Salaried,314700.0,132,1,12.659378260676938
CUST100916,50,M,Jaipur,Mass Affluent,Business Owner,282600.0,6,1,12.551791287796721
CUST100917,63,M,Lucknow,Corporate,Salaried,250000.0,14,3,12.429220196836383
CUST100918,34,F,Surat,Retail,Salaried,406000.0,136,2,12.914110901635024
CUST100919,55,F,Jaipur,Mass Affluent,Salaried,391800.0,25,1,12.878509336811934
CUST100920,68,F,Mumbai,Mass Affluent,Self-Employed,250000.0,39,5,12.429220196836383
CUST100921,51,M,Bhopal,SME,Salaried,367900.0,141,3,12.815569159219098
CUST100922,45,F,Ahmedabad,Retail,Self-Employed,250000.0,230,2,12.429220196836383
CUST100923,28,M,Lucknow,Retail,Salaried,250000.0,201,3,12.429220196836383
CUST100924,34,M,Jaipur,SME,Self-Employed,427200.0,114,2,12.965009907449353
CUST100925,72,M,Lucknow,Retail,Retired,347400.0,226,2,12.758235011311193
CUST100926,50,M,Kolkata,Mass Affluent,Salaried,250000.0,147,1,12.429220196836383
CUST100927,37,F,Indore,Retail,Self-Employed,250000.0,226,2,12.429220196836383
CUST100928,43,F,Hyderabad,Retail,Salaried,298000.0,61,2,12.604852121186608
CUST100929,52,M,Lucknow,Mass Affluent,Salaried,250000.0,141,3,12.429220196836383
CUST100930,50,F,Jaipur,Mass Affluent,Business Owner,250000.0,221,2,12.429220196836383
CUST100931,58,M,Ahmedabad,Mass Affluent,Retired,250000.0,235,1,12.429220196836383
CUST100932,34,F,Mumbai,Mass Affluent,Business Owner,270300.0,207,3,12.50729143185074
CUST100933,56,M,Kolkata,HNWI,Retired,515600.0,41,1,13.153088489533264
CUST100934,44,M,Mumbai,SME,Salaried,357300.0,150,4,12.786333842776127
CUST100935,71,F,Ahmedabad,Retail,Self-Employed,250000.0,28,3,12.429220196836383
CUST100936,29,F,Surat,Retail,Salaried,250000.0,95,2,12.429220196836383
CUST100937,29,F,Ahmedabad,Retail,Student,250000.0,13,2,12.429220196836383
CUST100938,45,F,Kochi,HNWI,Self-Employed,890700.0,183,1,13.699764072131805
CUST100939,48,M,Kolkata,Retail,Salaried,279500.0,187,3,12.540761149388421
CUST100940,58,M,Chennai,Mass Affluent,Business Owner,302500.0,27,1,12.619839862232693
CUST100941,42,F,Pune,Retail,Self-Employed,250000.0,220,3,12.429220196836383
CUST100942,70,F,Hyderabad,Mass Affluent,Retired,250000.0,202,1,12.429220196836383
CUST100943,46,M,Indore,Corporate,Business Owner,261300.0,202,2,12.473428278520133
CUST100944,27,M,Indore,Mass Affluent,Retired,250000.0,110,1,12.429220196836383
CUST100945,27,F,Pune,Mass Affluent,Salaried,290600.0,225,1,12.579706471268628
CUST100946,73,M,Kochi,Retail,Salaried,288300.0,236,2,12.571760352229566
CUST100947,28,M,Mumbai,Mass Affluent,Business Owner,384700.0,134,3,12.860221688165133
CUST100948,72,F,Bangalore,Retail,Salaried,250000.0,94,1,12.429220196836383
CUST100949,36,M,Chennai,Corporate,Salaried,250000.0,184,2,12.429220196836383
CUST100950,26,M,Kolkata,Retail,Student,252800.0,16,3,12.440357896943219
CUST100951,37,F,Hyderabad,Retail,Retired,250000.0,84,2,12.429220196836383
CUST100952,54,M,Ahmedabad,Retail,Student,250000.0,7,2,12.429220196836383
CUST100953,44,F,Kochi,Mass Affluent,Salaried,286500.0,185,1,12.565497305532237
CUST100954,63,F,Pune,Corporate,Salaried,250000.0,16,1,12.429220196836383
CUST100955,53,M,Pune,Retail,Retired,301100.0,182,1,12.615201035620073
CUST100956,42,F,Mumbai,Retail,Salaried,371900.0,138,5,12.82638296880441
CUST100957,55,F,Chennai,Retail,Salaried,279000.0,107,1,12.53897064502647
CUST100958,73,M,Indore,SME,Salaried,413500.0,153,1,12.932415211822644
CUST100959,43,F,Indore,Corporate,Retired,250000.0,16,1,12.429220196836383
CUST100960,29,M,Delhi,Retail,Salaried,250000.0,195,3,12.429220196836383
CUST100961,43,M,Mumbai,Mass Affluent,Salaried,458400.0,68,2,13.03549962588116
CUST100962,66,F,Indore,HNWI,Salaried,250000.0,203,3,12.429220196836383
CUST100963,32,F,Bangalore,HNWI,Salaried,250000.0,213,2,12.429220196836383
CUST100964,72,F,Jaipur,Mass Affluent,Self-Employed,250000.0,134,3,12.429220196836383
CUST100965,52,F,Indore,HNWI,Self-Employed,265600.0,143,4,12.48975046163757
CUST100966,53,F,Kochi,Mass Affluent,Self-Employed,250000.0,222,2,12.429220196836383
CUST100967,38,M,Jaipur,Retail,Salaried,811100.0,100,5,13.606147862951277
CUST100968,70,M,Kolkata,Retail,Salaried,318700.0,99,5,12.672008638147602
CUST100969,22,F,Kochi,Retail,Salaried,250000.0,227,1,12.429220196836383
CUST100970,37,F,Surat,Retail,Retired,250000.0,100,2,12.429220196836383
CUST100971,43,M,Indore,Retail,Salaried,342300.0,91,3,12.743445745927973
CUST100972,46,M,Ahmedabad,Corporate,Salaried,250000.0,7,4,12.429220196836383
CUST100973,46,F,Chandigarh,Corporate,Salaried,976300.0,82,3,13.791526219488563
CUST100974,28,M,Kochi,Retail,Student,346900.0,64,3,12.756794715628809
CUST100975,33,M,Mumbai,Retail,Business Owner,375500.0,186,1,12.836016413298626
CUST100976,26,F,Chennai,Mass Affluent,Salaried,311500.0,123,4,12.649157827477366
CUST100977,51,M,Kochi,Mass Affluent,Self-Employed,525900.0,89,1,13.172868261077815
CUST100978,39,F,Delhi,Retail,Salaried,250000.0,224,3,12.429220196836383
CUST100979,51,F,Surat,Corporate,Business Owner,250000.0,110,1,12.429220196836383
CUST100980,52,F,Kolkata,Retail,Student,499100.0,103,3,13.120563759062184
CUST100981,58,F,Hyderabad,Retail,Self-Employed,660200.0,175,3,13.4002996130926
CUST100982,50,F,Jaipur,HNWI,Business Owner,250000.0,67,1,12.429220196836383
CUST100983,55,F,Bhopal,Mass Affluent,Salaried,250000.0,106,3,12.429220196836383
CUST100984,52,M,Bhopal,Retail,Salaried,296700.0,171,4,12.600480176681053
CUST100985,56,F,Pune,Mass Affluent,Self-Employed,359100.0,81,1,12.791358964949923
CUST100986,54,F,Mumbai,Corporate,Self-Employed,293100.0,106,2,12.588272538498009
CUST100987,38,M,Bhopal,Retail,Salaried,258900.0,9,1,12.464201028227341
CUST100988,34,M,Bhopal,Mass Affluent,Salaried,250000.0,191,1,12.429220196836383
CUST100989,63,M,Lucknow,Retail,Salaried,250000.0,207,4,12.429220196836383
CUST100990,39,M,Lucknow,Mass Affluent,Salaried,250000.0,162,1,12.429220196836383
CUST100991,50,M,Ahmedabad,Retail,Retired,250000.0,129,3,12.429220196836383
CUST100992,31,F,Mumbai,Retail,Salaried,250000.0,215,1,12.429220196836383
CUST100993,44,M,Bangalore,Retail,Business Owner,381100.0,205,1,12.850819710841716
CUST100994,49,M,Bangalore,Corporate,Salaried,451100.0,115,3,13.0194465401974
CUST100995,54,M,Bhopal,Retail,Self-Employed,250000.0,150,2,12.429220196836383
CUST100996,49,M,Mumbai,Corporate,Retired,250000.0,225,4,12.429220196836383
CUST100997,40,F,Jaipur,Retail,Business Owner,250000.0,52,1,12.429220196836383
CUST100998,72,M,Kolkata,Corporate,Business Owner,250000.0,188,3,12.429220196836383
CUST100999,48,F,Mumbai,Mass Affluent,Salaried,360700.0,90,3,12.795804639274813
CUST101000,64,M,Bhopal,Retail,Salaried,366000.0,27,3,12.810391344620207
CUST101001,60,M,Mumbai,HNWI,Self-Employed,511400.0,103,3,13.144909297253815
CUST101002,51,F,Indore,HNWI,Business Owner,505000.0,127,1,13.132315688453556
CUST101003,68,M,Kochi,Mass Affluent,Business Owner,250000.0,179,3,12.429220196836383
CUST101004,27,F,Kochi,Retail,Self-Employed,1476600.0,41,2,14.20525338283845
CUST101005,70,F,Bangalore,Mass Affluent,Salaried,680100.0,134,3,13.429996595534654
CUST101006,66,F,Bhopal,Mass Affluent,Salaried,250000.0,160,1,12.429220196836383
CUST101007,48,M,Jaipur,Retail,Retired,289500.0,154,1,12.575914030220655
CUST101008,60,M,Pune,HNWI,Self-Employed,250000.0,200,2,12.429220196836383
CUST101009,49,M,Surat,Retail,Business Owner,272800.0,182,2,12.516497870633875
CUST101010,35,M,Kolkata,Mass Affluent,Self-Employed,732500.0,114,1,13.504219985060141
CUST101011,64,M,Chennai,Mass Affluent,Retired,1423700.0,70,1,14.168770376996758
CUST101012,34,F,Chennai,SME,Business Owner,250000.0,212,1,12.429220196836383
CUST101013,37,M,Jaipur,Retail,Salaried,328100.0,212,1,12.701076766795813
CUST101014,49,F,Lucknow,Retail,Retired,385800.0,36,1,12.863076971466995
CUST101015,66,M,Hyderabad,Retail,Salaried,880100.0,112,4,13.687791952595777
CUST101016,41,M,Hyderabad,Mass Affluent,Salaried,250000.0,181,5,12.429220196836383
CUST101017,47,F,Chandigarh,Retail,Business Owner,1320200.0,160,2,14.093294555697511
CUST101018,23,M,Ahmedabad,Retail,Salaried,250000.0,210,1,12.429220196836383
CUST101019,27,M,Indore,Retail,Salaried,250000.0,57,2,12.429220196836383
CUST101020,24,F,Chennai,Corporate,Self-Employed,250000.0,226,4,12.429220196836383
CUST101021,24,F,Chennai,Retail,Student,250000.0,60,5,12.429220196836383
CUST101022,67,F,Chennai,Mass Affluent,Salaried,345100.0,28,1,12.751592406792705
CUST101023,66,F,Ahmedabad,Retail,Self-Employed,250000.0,177,1,12.429220196836383
CUST101024,65,F,Kochi,Retail,Salaried,292100.0,223,2,12.58485491185508
CUST101025,24,F,Ahmedabad,Retail,Salaried,399700.0,87,2,12.898472046572692
CUST101026,25,F,Chennai,Retail,Self-Employed,653200.0,43,1,13.389640171001954
CUST101027,36,M,Chandigarh,Mass Affluent,Self-Employed,403700.0,210,3,12.90842978392491
CUST101028,51,F,Jaipur,Retail,Business Owner,629600.0,28,1,13.352841564394108
CUST101029,39,M,Kolkata,Retail,Self-Employed,250000.0,161,1,12.429220196836383
CUST101030,47,M,Mumbai,Retail,Student,339900.0,35,3,12.736409677721657
CUST101031,30,M,Jaipur,Retail,Business Owner,250000.0,161,3,12.429220196836383
CUST101032,60,F,Lucknow,Retail,Salaried,250600.0,32,1,12.431617311859128
CUST101033,37,M,Bhopal,Retail,Business Owner,338400.0,94,3,12.731986861792581
CUST101034,24,F,Hyderabad,Retail,Self-Employed,357300.0,114,1,12.786333842776127
CUST101035,61,M,Bangalore,Mass Affluent,Salaried,250000.0,217,2,12.429220196836383
CUST101036,69,F,Chandigarh,SME,Self-Employed,250000.0,172,1,12.429220196836383
CUST101037,21,F,Jaipur,Mass Affluent,Business Owner,250000.0,227,1,12.429220196836383
CUST101038,44,F,Mumbai,Retail,Salaried,250000.0,132,1,12.429220196836383
CUST101039,65,M,Delhi,SME,Salaried,414600.0,66,3,12.935071890944245
CUST101040,59,F,Ahmedabad,SME,Salaried,250000.0,105,4,12.429220196836383
CUST101041,67,M,Lucknow,Mass Affluent,Salaried,284800.0,126,1,12.559545969749749
CUST101042,43,F,Hyderabad,Retail,Retired,250000.0,137,1,12.429220196836383
CUST101043,41,M,Kolkata,HNWI,Salaried,508300.0,218,2,13.138829070775179
CUST101044,59,F,Kochi,SME,Business Owner,531500.0,215,2,13.183460358229915
CUST101045,29,F,Chandigarh,HNWI,Business Owner,250000.0,29,4,12.429220196836383
CUST101046,33,F,Ahmedabad,Mass Affluent,Salaried,1484200.0,191,1,14.210387138281586
CUST101047,53,F,Pune,Mass Affluent,Salaried,250000.0,75,3,12.429220196836383
CUST101048,57,M,Kolkata,SME,Salaried,491100.0,143,2,13.104405088270427
CUST101049,27,F,Bangalore,Retail,Salaried,250000.0,229,4,12.429220196836383
CUST101050,48,M,Mumbai,Retail,Salaried,426700.0,212,2,12.963838812740255
CUST101051,40,F,Indore,Corporate,Salaried,407200.0,119,1,12.917062200011113
CUST101052,48,M,Mumbai,Retail,Business Owner,250000.0,16,1,12.429220196836383
CUST101053,72,F,Indore,Retail,Self-Employed,250000.0,228,3,12.429220196836383
CUST101054,25,F,Hyderabad,Retail,Salaried,822900.0,218,2,13.620591180807551
CUST101055,74,F,Surat,Retail,Salaried,250000.0,94,2,12.429220196836383
CUST101056,45,F,Chandigarh,Retail,Business Owner,341500.0,38,1,12.74110588624638
CUST101057,62,M,Kochi,Mass Affluent,Salaried,328200.0,129,1,12.701381504556094
CUST101058,43,F,Surat,Retail,Self-Employed,261600.0,193,2,12.474575721187843
CUST101059,37,F,Hyderabad,Mass Affluent,Salaried,250000.0,112,1,12.429220196836383
CUST101060,62,F,Jaipur,Retail,Retired,441200.0,10,5,12.9972558329047
CUST101061,58,F,Lucknow,SME,Salaried,270200.0,112,4,12.506921405463638
CUST101062,28,F,Pune,Mass Affluent,Salaried,520400.0,126,1,13.16235494721741
CUST101063,59,M,Mumbai,SME,Self-Employed,308400.0,220,2,12.639156163208208
CUST101064,61,F,Bhopal,Retail,Salaried,278900.0,194,1,12.538612159123673
CUST101065,41,F,Bangalore,Retail,Self-Employed,335500.0,168,5,12.723380216015363
CUST101066,70,F,Chandigarh,HNWI,Salaried,250000.0,100,2,12.429220196836383
CUST101067,55,M,Bhopal,Corporate,Salaried,683400.0,227,2,13.434837081934134
CUST101068,39,F,Mumbai,Retail,Salaried,250000.0,60,3,12.429220196836383
CUST101069,21,F,Kochi,Mass Affluent,Self-Employed,250000.0,83,1,12.429220196836383
CUST101070,57,M,Lucknow,Mass Affluent,Retired,582700.0,204,1,13.275429469278654
CUST101071,32,M,Hyderabad,Retail,Salaried,311300.0,238,1,12.648515568759908
CUST101072,61,M,Indore,Mass Affluent,Business Owner,250000.0,196,2,12.429220196836383
CUST101073,49,F,Delhi,Retail,Business Owner,344000.0,171,1,12.748399843328054
CUST101074,46,M,Hyderabad,Retail,Salaried,390700.0,225,5,12.875697840548462
CUST101075,29,F,Chandigarh,Corporate,Salaried,250000.0,36,2,12.429220196836383
CUST101076,59,F,Kochi,Mass Affluent,Salaried,466700.0,162,4,13.053444074639703
CUST101077,29,M,Delhi,HNWI,Salaried,250000.0,102,1,12.429220196836383
CUST101078,43,M,Bangalore,HNWI,Business Owner,314000.0,145,4,12.657151449598695
CUST101079,66,M,Hyderabad,SME,Salaried,433700.0,64,3,12.980110635562095
CUST101080,70,F,Delhi,Retail,Salaried,389700.0,120,3,12.873135057399978
CUST101081,74,M,Bangalore,Retail,Self-Employed,250000.0,61,4,12.429220196836383
CUST101082,72,M,Jaipur,Retail,Salaried,250000.0,156,2,12.429220196836383
CUST101083,51,M,Mumbai,Mass Affluent,Retired,250000.0,223,3,12.429220196836383
CUST101084,31,M,Chennai,Mass Affluent,Self-Employed,580400.0,19,4,13.271474522940375
CUST101085,66,F,Chennai,HNWI,Salaried,250000.0,230,1,12.429220196836383
CUST101086,64,F,Chandigarh,Retail,Salaried,543000.0,160,1,13.204866440535003
CUST101087,74,M,Chandigarh,Retail,Salaried,250000.0,9,5,12.429220196836383
CUST101088,56,M,Indore,Corporate,Student,339200.0,141,4,12.734348131008748
CUST101089,28,M,Kolkata,Corporate,Salaried,269600.0,38,2,12.504698367212223
CUST101090,48,F,Ahmedabad,Retail,Retired,1409100.0,193,3,14.158462470355785
CUST101091,45,M,Ahmedabad,Mass Affluent,Student,544000.0,71,4,13.206706364071684
CUST101092,66,F,Indore,Mass Affluent,Salaried,523500.0,19,2,13.16829421951058
CUST101093,42,F,Kochi,HNWI,Self-Employed,905900.0,204,1,13.71668530753137
CUST101094,38,M,Bhopal,Retail,Self-Employed,318100.0,131,2,12.670124221397808
CUST101095,25,M,Jaipur,Mass Affluent,Salaried,252800.0,148,2,12.440357896943219
CUST101096,66,M,Bhopal,Retail,Student,250000.0,200,1,12.429220196836383
CUST101097,61,F,Kochi,Retail,Salaried,326700.0,138,5,12.69680065849663
CUST101098,23,M,Kochi,HNWI,Retired,250000.0,192,3,12.429220196836383
CUST101099,44,M,Lucknow,Retail,Self-Employed,268700.0,145,3,12.501354516219285
CUST101100,46,M,Kolkata,Retail,Salaried,307500.0,12,2,12.636233618255941
CUST101101,46,M,Lucknow,Retail,Salaried,250000.0,228,1,12.429220196836383
CUST101102,70,M,Kolkata,Retail,Salaried,250000.0,230,2,12.429220196836383
CUST101103,29,F,Lucknow,HNWI,Salaried,250000.0,70,3,12.429220196836383
CUST101104,37,M,Hyderabad,Retail,Self-Employed,250000.0,158,2,12.429220196836383
CUST101105,30,M,Kochi,HNWI,Salaried,777800.0,34,1,13.56422598638051
CUST101106,34,M,Jaipur,Corporate,Student,250000.0,72,4,12.429220196836383
CUST101107,69,F,Surat,Retail,Salaried,250000.0,148,1,12.429220196836383
CUST101108,71,M,Hyderabad,Corporate,Salaried,250000.0,87,2,12.429220196836383
CUST101109,23,M,Kochi,Retail,Salaried,459200.0,232,2,13.037243301685471
CUST101110,55,M,Indore,Retail,Salaried,298200.0,24,5,12.60552303476121
CUST101111,33,F,Bangalore,Retail,Self-Employed,250000.0,172,2,12.429220196836383
CUST101112,31,F,Kolkata,Retail,Salaried,250000.0,149,1,12.429220196836383
CUST101113,36,F,Surat,Retail,Self-Employed,250000.0,214,5,12.429220196836383
CUST101114,31,F,Bhopal,Retail,Self-Employed,250000.0,195,5,12.429220196836383
CUST101115,47,F,Kochi,Corporate,Salaried,250000.0,215,1,12.429220196836383
CUST101116,74,M,Ahmedabad,Mass Affluent,Salaried,257700.0,191,4,12.459555277114108
CUST101117,52,M,Chennai,SME,Salaried,250000.0,57,4,12.429220196836383
CUST101118,60,M,Bhopal,Mass Affluent,Salaried,474200.0,105,1,13.069386561426064
CUST101119,47,F,Bhopal,Mass Affluent,Business Owner,510300.0,166,3,13.142756026681733
CUST101120,21,F,Bhopal,Retail,Salaried,250000.0,239,1,12.429220196836383
CUST101121,25,F,Chennai,Mass Affluent,Salaried,250000.0,207,4,12.429220196836383
CUST101122,35,F,Pune,Retail,Salaried,250000.0,158,1,12.429220196836383
CUST101123,34,M,Hyderabad,SME,Salaried,263300.0,29,3,12.481053143426296
CUST101124,66,M,Chandigarh,SME,Retired,313000.0,104,4,12.653961664405365
CUST101125,66,M,Bhopal,Retail,Business Owner,354300.0,158,1,12.777902113316417
CUST101126,67,F,Bangalore,Mass Affluent,Business Owner,349400.0,186,3,12.763975538727225
CUST101127,55,F,Hyderabad,Mass Affluent,Salaried,681700.0,69,1,13.432346424270733
CUST101128,51,M,Jaipur,Mass Affluent,Salaried,278200.0,115,1,12.536099153001324
CUST101129,56,M,Pune,Retail,Salaried,250000.0,198,5,12.429220196836383
CUST101130,42,F,Pune,Mass Affluent,Business Owner,250000.0,201,5,12.429220196836383
CUST101131,57,F,Kolkata,HNWI,Salaried,716000.0,58,3,13.481436842589853
CUST101132,63,F,Surat,Retail,Salaried,364300.0,65,4,12.80573572798328
CUST101133,62,F,Bhopal,Mass Affluent,Self-Employed,303700.0,93,1,12.6237989437515
CUST101134,54,M,Bhopal,Retail,Business Owner,351300.0,156,2,12.76939868481975
CUST101135,24,M,Pune,SME,Salaried,295400.0,164,4,12.596089034314039
CUST101136,60,F,Indore,Retail,Salaried,348000.0,183,4,12.759960632315702
CUST101137,40,F,Surat,Retail,Retired,250000.0,136,2,12.429220196836383
CUST101138,61,F,Bangalore,Retail,Salaried,505400.0,220,2,13.133107452565062
CUST101139,50,F,Kochi,Corporate,Student,250000.0,34,3,12.429220196836383
CUST101140,68,F,Kolkata,HNWI,Salaried,250000.0,128,1,12.429220196836383
CUST101141,39,M,Lucknow,Retail,Retired,250000.0,58,3,12.429220196836383
CUST101142,71,M,Surat,Retail,Retired,250000.0,132,1,12.429220196836383
CUST101143,66,F,Chandigarh,HNWI,Salaried,574100.0,213,2,13.26056061801103
CUST101144,38,F,Chandigarh,Retail,Business Owner,250000.0,213,1,12.429220196836383
CUST101145,47,M,Indore,Retail,Salaried,250000.0,237,3,12.429220196836383
CUST101146,49,F,Ahmedabad,SME,Salaried,318300.0,120,5,12.670752754955478
CUST101147,62,M,Pune,Retail,Salaried,250000.0,168,2,12.429220196836383
CUST101148,58,M,Pune,Mass Affluent,Self-Employed,679400.0,117,5,13.428966806594497
CUST101149,67,F,Chandigarh,Retail,Salaried,511300.0,8,2,13.144713736865121
CUST101150,40,F,Hyderabad,HNWI,Salaried,250000.0,72,1,12.429220196836383
CUST101151,48,M,Ahmedabad,HNWI,Student,250000.0,179,4,12.429220196836383
CUST101152,44,M,Surat,Retail,Business Owner,250000.0,18,1,12.429220196836383
CUST101153,70,F,Mumbai,Mass Affluent,Salaried,250000.0,156,1,12.429220196836383
CUST101154,37,F,Lucknow,Corporate,Salaried,259500.0,113,3,12.466515835145202
CUST101155,52,M,Hyderabad,Corporate,Salaried,438400.0,102,1,12.99088929563524
CUST101156,27,F,Chennai,Retail,Salaried,255500.0,178,4,12.450981602512561
CUST101157,66,M,Lucknow,Retail,Retired,250000.0,59,2,12.429220196836383
CUST101158,41,F,Mumbai,Corporate,Student,250000.0,66,1,12.429220196836383
CUST101159,39,M,Bangalore,Retail,Salaried,250000.0,44,2,12.429220196836383
CUST101160,52,F,Pune,Retail,Salaried,373700.0,31,1,12.831211291413265
CUST101161,47,F,Jaipur,Retail,Salaried,250000.0,25,3,12.429220196836383
CUST101162,66,F,Delhi,Corporate,Salaried,579300.0,30,1,13.269577483304527
CUST101163,49,F,Kolkata,Retail,Salaried,250000.0,155,4,12.429220196836383
CUST101164,48,F,Chennai,Retail,Salaried,301400.0,76,1,12.616196883019061
CUST101165,26,F,Jaipur,Mass Affluent,Salaried,250000.0,84,1,12.429220196836383
CUST101166,22,F,Chennai,Retail,Salaried,250000.0,182,3,12.429220196836383
CUST101167,42,F,Mumbai,Retail,Business Owner,349500.0,127,2,12.764261701882237
CUST101168,74,F,Ahmedabad,Mass Affluent,Business Owner,250000.0,24,2,12.429220196836383
CUST101169,70,F,Indore,Retail,Salaried,250000.0,128,2,12.429220196836383
CUST101170,54,F,Jaipur,SME,Salaried,250000.0,160,1,12.429220196836383
CUST101171,55,F,Kolkata,Retail,Business Owner,586300.0,148,2,13.281588588562313
CUST101172,42,M,Ahmedabad,Corporate,Salaried,269300.0,209,5,12.503584992123654
CUST101173,30,F,Bangalore,Mass Affluent,Retired,521200.0,145,1,13.163891042880257
CUST101174,21,M,Hyderabad,Retail,Salaried,389300.0,196,2,12.872108102308323
CUST101175,39,F,Pune,Retail,Retired,521200.0,127,2,13.163891042880257
CUST101176,38,M,Jaipur,Mass Affluent,Salaried,250000.0,154,4,12.429220196836383
CUST101177,31,F,Ahmedabad,Retail,Business Owner,250000.0,42,1,12.429220196836383
CUST101178,34,M,Chandigarh,Retail,Salaried,424100.0,238,1,12.957726913394351
CUST101179,22,F,Lucknow,SME,Business Owner,290100.0,12,2,12.577984417190766
CUST101180,53,F,Mumbai,Mass Affluent,Self-Employed,250000.0,232,3,12.429220196836383
CUST101181,71,M,Ahmedabad,SME,Salaried,419000.0,140,1,12.945628585536271
CUST101182,58,F,Jaipur,Retail,Business Owner,322800.0,84,4,12.684791313266565
CUST101183,45,M,Mumbai,Retail,Salaried,393700.0,105,2,12.883347016933683
CUST101184,43,F,Kolkata,Mass Affluent,Salaried,250000.0,23,5,12.429220196836383
CUST101185,37,F,Bhopal,Retail,Salaried,482400.0,101,4,13.086530997361455
CUST101186,28,M,Kolkata,Retail,Business Owner,267600.0,22,3,12.497252344150006
CUST101187,53,M,Pune,Retail,Business Owner,514500.0,106,3,13.15095277788895
CUST101188,51,M,Hyderabad,Retail,Salaried,479700.0,37,3,13.080918272124213
CUST101189,21,M,Delhi,HNWI,Business Owner,405100.0,32,3,12.911891697714024
CUST101190,43,M,Chennai,Retail,Retired,251000.0,172,1,12.433212202169729
CUST101191,36,F,Kochi,SME,Self-Employed,410800.0,47,4,12.925864191308163
CUST101192,30,F,Chandigarh,Retail,Salaried,522500.0,84,2,13.166382176694869
CUST101193,58,M,Lucknow,Retail,Salaried,386200.0,160,3,12.864113238305151
CUST101194,49,M,Indore,Retail,Salaried,303000.0,124,2,12.621491384816093
CUST101195,55,M,Lucknow,Mass Affluent,Salaried,411300.0,126,3,12.927080585530902
CUST101196,59,F,Lucknow,Corporate,Salaried,250000.0,109,2,12.429220196836383
CUST101197,74,M,Pune,Corporate,Business Owner,665600.0,148,2,13.408445670891853
CUST101198,64,M,Mumbai,Retail,Self-Employed,250000.0,158,2,12.429220196836383
CUST101199,54,M,Pune,Retail,Self-Employed,273900.0,36,3,12.520522006212012
CUST101200,68,M,Indore,Corporate,Salaried,250000.0,231,1,12.429220196836383
CUST101201,46,F,Jaipur,Retail,Salaried,250000.0,196,5,12.429220196836383
CUST101202,74,M,Kochi,Mass Affluent,Business Owner,322300.0,105,4,12.683241170498064
CUST101203,62,F,Mumbai,Retail,Salaried,250000.0,93,4,12.429220196836383
CUST101204,56,F,Hyderabad,Retail,Retired,975900.0,175,4,13.79111642582418
CUST101205,69,F,Chennai,Retail,Salaried,250000.0,149,2,12.429220196836383
CUST101206,48,M,Kolkata,Retail,Salaried,250000.0,193,4,12.429220196836383
CUST101207,59,F,Chandigarh,Corporate,Self-Employed,250000.0,114,2,12.429220196836383
CUST101208,36,M,Pune,Mass Affluent,Self-Employed,302300.0,109,1,12.619178488734292
CUST101209,73,F,Lucknow,Corporate,Salaried,493200.0,115,1,13.108672077845291
CUST101210,54,F,Lucknow,HNWI,Self-Employed,367900.0,75,1,12.815569159219098
CUST101211,63,M,Pune,Retail,Salaried,649100.0,188,1,13.383343607615043
CUST101212,45,F,Chandigarh,Mass Affluent,Salaried,250000.0,192,2,12.429220196836383
CUST101213,67,F,Hyderabad,Retail,Salaried,398400.0,31,5,12.895214314729591
CUST101214,25,F,Mumbai,Corporate,Self-Employed,250000.0,27,1,12.429220196836383
CUST101215,27,M,Kochi,Retail,Self-Employed,307700.0,23,4,12.636883811223605
CUST101216,48,F,Lucknow,SME,Salaried,521900.0,83,4,13.165233193705545
CUST101217,60,M,Hyderabad,Mass Affluent,Business Owner,250000.0,29,4,12.429220196836383
CUST101218,64,M,Bhopal,Mass Affluent,Business Owner,886100.0,139,3,13.694586218575553
CUST101219,44,F,Bangalore,Mass Affluent,Salaried,250000.0,238,5,12.429220196836383
CUST101220,56,M,Hyderabad,Mass Affluent,Salaried,250000.0,170,1,12.429220196836383
CUST101221,50,F,Bangalore,Mass Affluent,Salaried,250000.0,222,2,12.429220196836383
CUST101222,72,M,Bangalore,Mass Affluent,Salaried,285300.0,40,2,12.561300042277818
CUST101223,56,M,Surat,Retail,Student,250000.0,169,1,12.429220196836383
CUST101224,43,M,Surat,Mass Affluent,Business Owner,250000.0,176,2,12.429220196836383
CUST101225,73,F,Lucknow,Retail,Salaried,284400.0,110,2,12.558140493079444
CUST101226,26,F,Indore,Mass Affluent,Salaried,250000.0,180,5,12.429220196836383
CUST101227,74,M,Delhi,Mass Affluent,Salaried,396600.0,25,1,12.890686016496828
CUST101228,29,F,Lucknow,Retail,Salaried,250000.0,150,4,12.429220196836383
CUST101229,36,M,Delhi,HNWI,Salaried,1042300.0,198,1,13.856941327143629
CUST101230,65,F,Chandigarh,Mass Affluent,Salaried,365200.0,98,3,12.808203165924832
CUST101231,60,M,Lucknow,Mass Affluent,Salaried,302000.0,50,2,12.618185607609803
CUST101232,73,F,Kochi,Mass Affluent,Salaried,390000.0,8,5,12.873904582205107
CUST101233,61,M,Jaipur,Mass Affluent,Salaried,250000.0,69,3,12.429220196836383
CUST101234,55,M,Kolkata,HNWI,Salaried,250000.0,198,1,12.429220196836383
CUST101235,39,F,Surat,Retail,Salaried,782200.0,202,5,13.569867019748145
CUST101236,21,F,Indore,Retail,Salaried,250000.0,150,1,12.429220196836383
CUST101237,27,M,Bangalore,Mass Affluent,Salaried,258400.0,66,5,12.462267920852137
CUST101238,37,F,Bhopal,Retail,Salaried,250000.0,66,1,12.429220196836383
CUST101239,23,F,Surat,Retail,Student,646100.0,203,1,13.378711117293086
CUST101240,48,M,Delhi,Retail,Salaried,250000.0,142,1,12.429220196836383
CUST101241,62,M,Chandigarh,Retail,Self-Employed,250000.0,189,3,12.429220196836383
CUST101242,73,F,Bangalore,SME,Salaried,1260800.0,92,3,14.047257791232646
CUST101243,47,F,Lucknow,Retail,Salaried,250000.0,201,3,12.429220196836383
CUST101244,68,F,Delhi,Retail,Salaried,253100.0,116,1,12.441543897532917
CUST101245,74,F,Bangalore,SME,Business Owner,250000.0,163,2,12.429220196836383
CUST101246,67,F,Lucknow,SME,Student,250000.0,205,2,12.429220196836383
CUST101247,46,F,Surat,Retail,Salaried,250000.0,88,2,12.429220196836383
CUST101248,38,F,Surat,Corporate,Salaried,250000.0,190,2,12.429220196836383
CUST101249,73,M,Kolkata,Retail,Business Owner,484300.0,158,2,13.090461893225035
CUST101250,34,F,Indore,HNWI,Salaried,250000.0,122,2,12.429220196836383
CUST101251,43,F,Mumbai,Retail,Salaried,571800.0,200,3,13.256546307732059
CUST101252,24,M,Indore,Retail,Business Owner,515600.0,108,1,13.153088489533264
CUST101253,63,F,Chennai,Retail,Salaried,364200.0,181,4,12.805461192015972
CUST101254,56,F,Lucknow,HNWI,Self-Employed,289400.0,23,4,12.575568548598568
CUST101255,25,M,Bhopal,Retail,Salaried,316800.0,207,3,12.666029095483083
CUST101256,32,M,Hyderabad,Mass Affluent,Salaried,630400.0,231,4,13.354111403818964
CUST101257,50,M,Pune,Mass Affluent,Student,250000.0,236,2,12.429220196836383
CUST101258,50,M,Indore,Retail,Salaried,415100.0,203,5,12.936277143096287
CUST101259,64,M,Indore,Corporate,Salaried,250000.0,167,2,12.429220196836383
CUST101260,35,M,Hyderabad,Retail,Salaried,440400.0,179,2,12.995440954491118
CUST101261,70,M,Ahmedabad,Retail,Salaried,250000.0,223,4,12.429220196836383
CUST101262,45,M,Chennai,Retail,Salaried,410100.0,176,4,12.924158749806828
CUST101263,65,M,Ahmedabad,Retail,Salaried,250000.0,69,2,12.429220196836383
CUST101264,33,F,Kolkata,Retail,Salaried,250000.0,43,4,12.429220196836383
CUST101265,22,M,Mumbai,Mass Affluent,Salaried,250700.0,233,3,12.432016272969701
CUST101266,23,F,Bhopal,Mass Affluent,Business Owner,635000.0,38,2,13.361381852676738
CUST101267,41,M,Lucknow,Retail,Salaried,370200.0,219,4,12.821801380360457
CUST101268,72,F,Pune,Retail,Retired,368600.0,225,2,12.817470037182167
CUST101269,23,F,Delhi,HNWI,Salaried,449600.0,15,4,13.016115801758433
CUST101270,40,F,Delhi,Retail,Salaried,250000.0,194,4,12.429220196836383
CUST101271,26,M,Ahmedabad,Mass Affluent,Retired,387100.0,144,1,12.866440919874208
CUST101272,71,F,Lucknow,Corporate,Business Owner,250000.0,97,4,12.429220196836383
CUST101273,57,M,Hyderabad,Retail,Salaried,250000.0,123,1,12.429220196836383
CUST101274,62,M,Kochi,Mass Affluent,Salaried,250000.0,106,4,12.429220196836383
CUST101275,59,F,Kolkata,SME,Business Owner,250000.0,196,3,12.429220196836383
CUST101276,56,M,Mumbai,Mass Affluent,Salaried,257900.0,102,3,12.460331069333806
CUST101277,62,M,Jaipur,SME,Salaried,250000.0,35,5,12.429220196836383
CUST101278,21,F,Bangalore,Retail,Salaried,250000.0,98,3,12.429220196836383
CUST101279,67,M,Mumbai,Mass Affluent,Business Owner,250000.0,129,2,12.429220196836383
CUST101280,60,F,Delhi,Retail,Self-Employed,294500.0,111,2,12.593037677653752
CUST101281,60,M,Chennai,Retail,Salaried,250000.0,123,3,12.429220196836383
CUST101282,42,M,Ahmedabad,SME,Student,344700.0,236,2,12.750432653574146
CUST101283,64,M,Chandigarh,Retail,Salaried,250000.0,98,1,12.429220196836383
CUST101284,41,M,Hyderabad,SME,Business Owner,302200.0,197,2,12.618847637882144
CUST101285,23,M,Mumbai,Mass Affluent,Salaried,250000.0,238,4,12.429220196836383
CUST101286,70,M,Bangalore,Corporate,Self-Employed,504000.0,200,3,13.130333531178522
CUST101287,33,M,Chennai,SME,Salaried,476200.0,132,4,13.073595312990696
CUST101288,26,M,Hyderabad,Mass Affluent,Salaried,250000.0,237,2,12.429220196836383
CUST101289,54,M,Chennai,SME,Salaried,367700.0,102,5,12.815025386894042
CUST101290,33,F,Chandigarh,HNWI,Retired,639100.0,71,3,13.367817780337509
CUST101291,67,F,Kolkata,Mass Affluent,Salaried,250000.0,206,2,12.429220196836383
CUST101292,44,F,Lucknow,Mass Affluent,Salaried,250000.0,221,2,12.429220196836383
CUST101293,21,F,Surat,Retail,Salaried,417100.0,38,5,12.941083677688756
CUST101294,72,M,Delhi,Retail,Self-Employed,250000.0,80,5,12.429220196836383
CUST101295,48,M,Hyderabad,Retail,Self-Employed,250000.0,73,2,12.429220196836383
CUST101296,35,F,Pune,Retail,Salaried,250000.0,197,4,12.429220196836383
CUST101297,57,M,Pune,Retail,Salaried,420200.0,71,4,12.94848844720934
CUST101298,49,F,Mumbai,Mass Affluent,Self-Employed,250000.0,161,1,12.429220196836383
CUST101299,22,M,Lucknow,Mass Affluent,Salaried,250000.0,224,2,12.429220196836383
CUST101300,62,M,Chennai,Mass Affluent,Salaried,250000.0,218,3,12.429220196836383
CUST101301,42,F,Chennai,Corporate,Salaried,534500.0,211,1,13.189088880352877
CUST101302,58,F,Lucknow,SME,Salaried,250000.0,129,4,12.429220196836383
CUST101303,69,F,Chandigarh,Corporate,Student,250000.0,147,1,12.429220196836383
CUST101304,53,M,Indore,Mass Affluent,Self-Employed,250000.0,175,2,12.429220196836383
CUST101305,57,M,Chandigarh,Retail,Salaried,406800.0,80,2,12.916079401363943
CUST101306,34,F,Pune,SME,Business Owner,424900.0,123,3,12.959611479595074
CUST101307,33,M,Delhi,Retail,Salaried,567600.0,115,1,13.24917398607056
CUST101308,43,F,Hyderabad,Retail,Student,250000.0,193,2,12.429220196836383
CUST101309,67,M,Kolkata,Retail,Salaried,250000.0,139,1,12.429220196836383
CUST101310,49,F,Chennai,Mass Affluent,Retired,1151300.0,110,1,13.95640316524472
CUST101311,39,F,Hyderabad,Mass Affluent,Retired,250000.0,132,4,12.429220196836383
CUST101312,63,M,Bangalore,Retail,Business Owner,250000.0,46,1,12.429220196836383
CUST101313,67,F,Bangalore,HNWI,Salaried,265000.0,65,1,12.487488878546145
CUST101314,69,M,Lucknow,Retail,Business Owner,368800.0,193,1,12.818012482157647
CUST101315,37,M,Ahmedabad,Retail,Self-Employed,365100.0,36,2,12.8079293066156
CUST101316,59,F,Mumbai,Retail,Salaried,250000.0,165,1,12.429220196836383
CUST101317,52,F,Jaipur,Retail,Salaried,250000.0,218,2,12.429220196836383
CUST101318,45,M,Indore,HNWI,Self-Employed,250000.0,165,3,12.429220196836383
CUST101319,42,M,Pune,Retail,Retired,250000.0,155,1,12.429220196836383
CUST101320,27,M,Chennai,Retail,Business Owner,250000.0,173,1,12.429220196836383
CUST101321,35,F,Chennai,Retail,Salaried,793900.0,39,2,13.584714047316895
CUST101322,50,F,Kolkata,HNWI,Self-Employed,250000.0,38,4,12.429220196836383
CUST101323,68,F,Chennai,SME,Salaried,250000.0,237,1,12.429220196836383
CUST101324,67,M,Bhopal,Mass Affluent,Salaried,250000.0,105,3,12.429220196836383
CUST101325,31,M,Chandigarh,Mass Affluent,Business Owner,255700.0,102,5,12.451764072104638
CUST101326,57,M,Kolkata,Corporate,Self-Employed,348300.0,43,1,12.760822327438113
CUST101327,25,M,Bhopal,Retail,Business Owner,250000.0,177,2,12.429220196836383
CUST101328,57,M,Indore,Retail,Salaried,531600.0,13,3,13.183648486933077
CUST101329,39,F,Delhi,Mass Affluent,Salaried,384100.0,47,5,12.858660817819281
CUST101330,45,M,Ahmedabad,Retail,Self-Employed,250000.0,58,1,12.429220196836383
CUST101331,59,M,Lucknow,Mass Affluent,Salaried,250000.0,224,3,12.429220196836383
CUST101332,43,F,Pune,Mass Affluent,Student,514500.0,228,3,13.15095277788895
CUST101333,64,F,Pune,Retail,Retired,250000.0,24,2,12.429220196836383
CUST101334,49,F,Ahmedabad,Mass Affluent,Retired,250000.0,38,3,12.429220196836383
CUST101335,74,M,Surat,Retail,Retired,495200.0,229,2,13.112719019736591
CUST101336,55,M,Chennai,Retail,Salaried,250000.0,154,5,12.429220196836383
CUST101337,37,F,Jaipur,Corporate,Salaried,451800.0,176,2,13.020997096382338
CUST101338,62,F,Hyderabad,HNWI,Business Owner,250000.0,138,2,12.429220196836383
CUST101339,43,M,Bhopal,Retail,Salaried,250000.0,59,3,12.429220196836383
CUST101340,49,F,Delhi,Retail,Business Owner,538200.0,176,1,13.195987375318552
CUST101341,28,M,Delhi,Retail,Salaried,269200.0,48,2,12.503213591456063
CUST101342,27,M,Mumbai,Retail,Retired,384200.0,12,1,12.858921132124243
CUST101343,52,M,Kolkata,Retail,Salaried,250000.0,201,3,12.429220196836383
CUST101344,31,F,Lucknow,Retail,Business Owner,330600.0,94,2,12.708667489167874
CUST101345,74,M,Chandigarh,Corporate,Salaried,268900.0,15,4,12.502098561104633
CUST101346,67,F,Pune,Corporate,Self-Employed,310500.0,107,3,12.6459424009624
CUST101347,58,M,Bangalore,HNWI,Retired,912200.0,32,2,13.723615639509958
CUST101348,60,M,Kolkata,Mass Affluent,Salaried,587000.0,116,3,13.282781802386296
CUST101349,53,F,Delhi,HNWI,Salaried,431600.0,163,2,12.97525682932358
CUST101350,24,F,Ahmedabad,HNWI,Salaried,434900.0,85,2,12.982873697962253
CUST101351,42,M,Surat,Corporate,Self-Employed,250000.0,24,1,12.429220196836383
CUST101352,47,M,Mumbai,HNWI,Self-Employed,250000.0,214,1,12.429220196836383
CUST101353,70,M,Kochi,HNWI,Self-Employed,250000.0,132,4,12.429220196836383
CUST101354,32,M,Hyderabad,Corporate,Salaried,250000.0,11,5,12.429220196836383
CUST101355,47,M,Surat,Mass Affluent,Salaried,250000.0,140,2,12.429220196836383
CUST101356,39,F,Indore,Retail,Retired,263700.0,222,1,12.48257116452228
CUST101357,28,M,Kochi,Retail,Self-Employed,250000.0,10,1,12.429220196836383
CUST101358,26,F,Surat,Retail,Salaried,262100.0,190,1,12.476485204641877
CUST101359,40,F,Surat,Retail,Salaried,250000.0,94,4,12.429220196836383
CUST101360,25,F,Bangalore,Retail,Salaried,250000.0,171,2,12.429220196836383
CUST101361,24,F,Bangalore,Retail,Business Owner,670200.0,12,4,13.415332946376147
CUST101362,39,F,Kolkata,Retail,Self-Employed,250000.0,218,2,12.429220196836383
CUST101363,31,M,Lucknow,SME,Self-Employed,524600.0,232,2,13.170393252627353
CUST101364,50,M,Lucknow,Retail,Self-Employed,250000.0,134,3,12.429220196836383
CUST101365,21,F,Kochi,Retail,Business Owner,250000.0,56,1,12.429220196836383
CUST101366,37,M,Chennai,Retail,Salaried,250000.0,41,3,12.429220196836383
CUST101367,45,F,Indore,Retail,Salaried,250000.0,167,3,12.429220196836383
CUST101368,73,F,Pune,Mass Affluent,Salaried,795000.0,191,1,13.586098651497313
CUST101369,55,F,Hyderabad,Mass Affluent,Student,250000.0,163,1,12.429220196836383
CUST101370,68,M,Kochi,Retail,Self-Employed,250000.0,121,2,12.429220196836383
CUST101371,39,M,Delhi,Mass Affluent,Salaried,359500.0,186,5,12.792472237780538
CUST101372,45,M,Pune,Retail,Business Owner,250000.0,178,5,12.429220196836383
CUST101373,43,M,Kochi,Mass Affluent,Salaried,293700.0,84,1,12.59031752201578
CUST101374,68,M,Kochi,SME,Salaried,250000.0,187,3,12.429220196836383
CUST101375,72,M,Hyderabad,Corporate,Self-Employed,250000.0,49,3,12.429220196836383
CUST101376,72,M,Bangalore,Retail,Student,250000.0,197,4,12.429220196836383
CUST101377,61,F,Mumbai,HNWI,Salaried,433200.0,130,1,12.978957102508893
CUST101378,48,F,Delhi,HNWI,Salaried,250000.0,180,5,12.429220196836383
CUST101379,50,F,Indore,Corporate,Retired,250000.0,168,4,12.429220196836383
CUST101380,73,M,Kochi,Retail,Self-Employed,295700.0,28,3,12.597104087640735
CUST101381,36,M,Ahmedabad,Mass Affluent,Self-Employed,281400.0,182,1,12.547535977316382
CUST101382,39,F,Jaipur,Retail,Salaried,378600.0,189,1,12.844238159063961
CUST101383,69,M,Chennai,Retail,Salaried,250000.0,17,2,12.429220196836383
CUST101384,41,M,Bangalore,Mass Affluent,Salaried,256100.0,58,4,12.45332717690471
CUST101385,33,F,Mumbai,Retail,Salaried,345600.0,182,3,12.75304020942637
CUST101386,51,F,Surat,Retail,Business Owner,250000.0,90,5,12.429220196836383
CUST101387,38,F,Mumbai,Corporate,Self-Employed,456700.0,32,2,13.031784188791889
CUST101388,69,M,Delhi,Mass Affluent,Business Owner,271000.0,205,4,12.509877789891931
CUST101389,70,M,Kochi,SME,Salaried,250000.0,128,4,12.429220196836383
CUST101390,37,M,Jaipur,HNWI,Salaried,250000.0,98,1,12.429220196836383
CUST101391,49,F,Ahmedabad,Corporate,Business Owner,252800.0,135,1,12.440357896943219
CUST101392,74,M,Hyderabad,HNWI,Salaried,250000.0,99,3,12.429220196836383
CUST101393,61,M,Bangalore,Retail,Salaried,422000.0,35,3,12.952762962683588
CUST101394,32,M,Pune,Retail,Salaried,250000.0,137,1,12.429220196836383
CUST101395,52,M,Kolkata,Corporate,Salaried,321800.0,231,3,12.681688621055791
CUST101396,54,M,Jaipur,Retail,Salaried,250000.0,228,2,12.429220196836383
CUST101397,56,F,Bangalore,Retail,Salaried,264700.0,155,3,12.486356166069786
CUST101398,22,F,Hyderabad,Mass Affluent,Retired,590900.0,44,5,13.289403769666063
CUST101399,37,F,Delhi,Retail,Salaried,250000.0,58,1,12.429220196836383
CUST101400,67,M,Pune,Retail,Self-Employed,250000.0,79,1,12.429220196836383
CUST101401,34,F,Chennai,Mass Affluent,Self-Employed,250000.0,17,3,12.429220196836383
CUST101402,37,F,Hyderabad,Retail,Salaried,265300.0,38,3,12.488620309436481
CUST101403,38,M,Jaipur,Mass Affluent,Salaried,625100.0,187,2,13.345668515662664
CUST101404,30,F,Ahmedabad,Retail,Salaried,250000.0,106,2,12.429220196836383
CUST101405,29,M,Hyderabad,Mass Affluent,Salaried,260400.0,202,2,12.469978029554953
CUST101406,39,F,Surat,Retail,Salaried,250000.0,20,4,12.429220196836383
CUST101407,68,M,Kolkata,Mass Affluent,Student,250000.0,27,3,12.429220196836383
CUST101408,21,M,Kolkata,Retail,Salaried,314200.0,167,1,12.65778818748478
CUST101409,36,M,Ahmedabad,Retail,Salaried,250000.0,66,1,12.429220196836383
CUST101410,24,F,Bangalore,Corporate,Student,250000.0,58,2,12.429220196836383
CUST101411,51,M,Pune,Retail,Business Owner,319400.0,156,1,12.67420264562853
CUST101412,34,F,Jaipur,HNWI,Business Owner,290300.0,219,1,12.578673594719154
CUST101413,63,M,Delhi,Retail,Salaried,328900.0,104,4,12.70351207261035
CUST101414,52,F,Jaipur,Retail,Retired,250000.0,184,4,12.429220196836383
CUST101415,63,M,Mumbai,Retail,Self-Employed,319400.0,86,1,12.67420264562853
CUST101416,55,M,Lucknow,Corporate,Self-Employed,250000.0,202,4,12.429220196836383
CUST101417,44,M,Mumbai,Retail,Business Owner,411900.0,105,2,12.928538308194957
CUST101418,67,M,Bangalore,Retail,Salaried,250000.0,41,3,12.429220196836383
CUST101419,46,M,Kolkata,Mass Affluent,Student,250000.0,124,4,12.429220196836383
CUST101420,72,M,Lucknow,Retail,Student,284700.0,74,2,12.559194785729225
CUST101421,74,F,Surat,HNWI,Self-Employed,603000.0,49,3,13.30967413408274
CUST101422,52,M,Ahmedabad,SME,Salaried,282700.0,49,2,12.552145080994137
CUST101423,57,M,Delhi,Mass Affluent,Business Owner,300400.0,96,4,12.612873527761383
CUST101424,34,M,Kolkata,Mass Affluent,Salaried,336100.0,8,1,12.72516698901374
CUST101425,64,F,Kochi,Retail,Self-Employed,569100.0,22,3,13.2518132017501
CUST101426,57,M,Delhi,SME,Salaried,250000.0,143,1,12.429220196836383
CUST101427,69,F,Surat,Mass Affluent,Business Owner,250000.0,7,2,12.429220196836383
CUST101428,35,M,Kolkata,Retail,Student,250000.0,186,2,12.429220196836383
CUST101429,63,F,Mumbai,SME,Salaried,399700.0,234,3,12.898472046572692
CUST101430,46,M,Surat,SME,Self-Employed,306800.0,48,1,12.633954607922337
CUST101431,30,M,Mumbai,Retail,Business Owner,250000.0,18,2,12.429220196836383
CUST101432,30,F,Kolkata,Retail,Salaried,250000.0,55,1,12.429220196836383
CUST101433,51,M,Bangalore,Mass Affluent,Salaried,299100.0,16,2,12.608536587975873
CUST101434,38,M,Jaipur,Corporate,Salaried,304300.0,68,1,12.625772622110356
CUST101435,26,F,Mumbai,Mass Affluent,Business Owner,357900.0,214,2,12.788011690826771
CUST101436,44,M,Delhi,Retail,Salaried,250000.0,197,2,12.429220196836383
CUST101437,56,F,Ahmedabad,Retail,Salaried,250000.0,234,5,12.429220196836383
CUST101438,38,M,Chandigarh,Retail,Salaried,250000.0,195,2,12.429220196836383
CUST101439,72,M,Mumbai,Retail,Salaried,250000.0,203,1,12.429220196836383
CUST101440,63,M,Pune,HNWI,Salaried,250000.0,144,4,12.429220196836383
CUST101441,48,M,Indore,Retail,Self-Employed,688200.0,38,1,13.44183622541043
CUST101442,71,M,Chennai,Retail,Salaried,250000.0,185,4,12.429220196836383
CUST101443,44,F,Ahmedabad,Corporate,Business Owner,355700.0,155,2,12.78184576929048
CUST101444,28,F,Indore,Retail,Self-Employed,462400.0,231,1,13.044187758967723
CUST101445,22,M,Surat,Retail,Business Owner,485300.0,169,5,13.092524595972268
CUST101446,71,F,Chennai,SME,Salaried,316900.0,133,2,12.666344701243613
CUST101447,72,F,Kochi,Retail,Self-Employed,592400.0,186,4,13.291939049422972
CUST101448,60,F,Surat,Corporate,Business Owner,782300.0,159,2,13.569994855954343
CUST101449,26,M,Ahmedabad,Retail,Salaried,250000.0,32,2,12.429220196836383
CUST101450,36,F,Pune,Retail,Salaried,351000.0,149,2,12.768544351446794
CUST101451,23,M,Bhopal,Mass Affluent,Salaried,576900.0,97,2,13.265425953646147
CUST101452,23,F,Bhopal,Retail,Self-Employed,250000.0,44,3,12.429220196836383
CUST101453,34,F,Chandigarh,Mass Affluent,Salaried,250000.0,70,1,12.429220196836383
CUST101454,51,M,Surat,Retail,Retired,250000.0,201,2,12.429220196836383
CUST101455,24,M,Kolkata,Mass Affluent,Business Owner,353800.0,159,1,12.776489887159451
CUST101456,74,M,Delhi,Retail,Self-Employed,250000.0,19,2,12.429220196836383
CUST101457,45,F,Delhi,HNWI,Student,635400.0,86,1,13.362011574628086
CUST101458,35,F,Chandigarh,Mass Affluent,Self-Employed,369600.0,166,2,12.820179324373711
CUST101459,48,M,Kolkata,Mass Affluent,Salaried,382300.0,125,2,12.853963535427878
CUST101460,63,M,Delhi,Retail,Salaried,250000.0,187,3,12.429220196836383
CUST101461,37,M,Hyderabad,Mass Affluent,Business Owner,250000.0,152,5,12.429220196836383
CUST101462,23,M,Mumbai,Mass Affluent,Salaried,656200.0,14,1,13.39422242343361
CUST101463,23,F,Ahmedabad,Retail,Retired,250000.0,208,2,12.429220196836383
CUST101464,67,M,Jaipur,Mass Affluent,Salaried,250000.0,139,2,12.429220196836383
CUST101465,27,M,Kolkata,Retail,Salaried,306500.0,221,3,12.632976296995821
CUST101466,55,F,Kochi,Retail,Business Owner,403300.0,57,2,12.90743846040215
CUST101467,41,M,Ahmedabad,HNWI,Business Owner,369100.0,168,1,12.818825598307294
CUST101468,62,F,Chandigarh,Retail,Business Owner,250000.0,12,3,12.429220196836383
CUST101469,24,F,Kochi,Retail,Salaried,530400.0,42,1,13.181388603221546
CUST101470,69,M,Delhi,Mass Affluent,Salaried,250000.0,212,1,12.429220196836383
CUST101471,58,F,Chennai,HNWI,Self-Employed,371000.0,214,4,12.82396003700373
CUST101472,45,F,Kochi,Retail,Retired,291000.0,229,4,12.581081982573842
CUST101473,32,F,Jaipur,Retail,Salaried,250000.0,53,2,12.429220196836383
CUST101474,73,M,Kochi,Retail,Self-Employed,250000.0,214,1,12.429220196836383
CUST101475,37,M,Kolkata,Mass Affluent,Salaried,250000.0,18,2,12.429220196836383
CUST101476,47,M,Mumbai,Mass Affluent,Self-Employed,273600.0,99,2,12.519426119694613
CUST101477,42,M,Kochi,Mass Affluent,Salaried,250000.0,108,3,12.429220196836383
CUST101478,33,M,Kochi,HNWI,Student,416600.0,191,4,12.93988420819019
CUST101479,43,F,Lucknow,SME,Salaried,250000.0,166,2,12.429220196836383
CUST101480,29,F,Pune,Retail,Self-Employed,687600.0,90,2,13.44096400682369
CUST101481,21,M,Mumbai,Retail,Business Owner,250000.0,40,1,12.429220196836383
CUST101482,36,M,Surat,Retail,Salaried,466100.0,91,3,13.052157627820877
CUST101483,27,M,Lucknow,Retail,Salaried,478300.0,76,2,13.077995520404233
CUST101484,43,M,Surat,Retail,Self-Employed,296400.0,162,3,12.59946854621754
CUST101485,67,F,Bangalore,Corporate,Self-Employed,281000.0,24,3,12.546113507028412
CUST101486,29,M,Surat,Retail,Self-Employed,250000.0,102,1,12.429220196836383
CUST101487,21,M,Surat,Retail,Self-Employed,250000.0,150,4,12.429220196836383
CUST101488,26,F,Indore,Mass Affluent,Salaried,306200.0,157,4,12.631997028039708
CUST101489,48,M,Jaipur,SME,Retired,261200.0,171,2,12.473045504861005
CUST101490,35,M,Surat,Retail,Salaried,545700.0,72,1,13.209826485681349
CUST101491,47,M,Pune,HNWI,Self-Employed,250000.0,127,1,12.429220196836383
CUST101492,22,F,Surat,Corporate,Retired,250000.0,29,1,12.429220196836383
CUST101493,38,M,Surat,Retail,Retired,250000.0,109,2,12.429220196836383
CUST101494,43,F,Kochi,Mass Affluent,Salaried,394800.0,235,1,12.886137119466321
CUST101495,44,F,Indore,Retail,Salaried,374000.0,204,4,12.832013750189885
CUST101496,50,M,Mumbai,Retail,Self-Employed,482300.0,151,2,13.086323679453214
CUST101497,63,F,Kochi,Retail,Salaried,498900.0,104,2,13.120162958256822
CUST101498,46,F,Kochi,Retail,Self-Employed,430800.0,216,5,12.973401545524442
CUST101499,66,M,Jaipur,HNWI,Salaried,441800.0,109,2,12.998614833433225
CUST101500,49,F,Ahmedabad,Corporate,Salaried,386900.0,184,2,12.86592412533246
CUST101501,35,M,Surat,Retail,Salaried,424400.0,141,5,12.95843404198686
CUST101502,33,M,Pune,Mass Affluent,Self-Employed,250000.0,11,2,12.429220196836383
CUST101503,38,F,Pune,Retail,Business Owner,250000.0,170,2,12.429220196836383
CUST101504,53,M,Indore,Retail,Salaried,250000.0,215,2,12.429220196836383
CUST101505,34,M,Kochi,Mass Affluent,Salaried,575000.0,187,3,13.26212705890841
CUST101506,70,M,Hyderabad,Retail,Salaried,250000.0,149,3,12.429220196836383
CUST101507,46,M,Indore,HNWI,Self-Employed,250000.0,15,3,12.429220196836383
CUST101508,67,F,Chennai,Retail,Business Owner,269400.0,11,1,12.503956254903999
CUST101509,57,F,Bangalore,Corporate,Retired,250000.0,205,5,12.429220196836383
CUST101510,39,M,Bhopal,Retail,Student,337200.0,117,2,12.72843447070449
CUST101511,33,F,Hyderabad,Retail,Salaried,250000.0,111,4,12.429220196836383
CUST101512,61,M,Hyderabad,HNWI,Retired,250000.0,155,1,12.429220196836383
CUST101513,38,M,Chennai,Mass Affluent,Salaried,302300.0,217,2,12.619178488734292
CUST101514,34,F,Ahmedabad,Retail,Self-Employed,250000.0,108,5,12.429220196836383
CUST101515,71,F,Bangalore,Corporate,Salaried,585100.0,131,3,13.27953976088442
CUST101516,47,M,Bangalore,Retail,Business Owner,275900.0,136,1,12.52779738470044
CUST101517,23,M,Kolkata,Retail,Business Owner,529300.0,117,3,13.179312547132033
CUST101518,47,F,Hyderabad,Retail,Salaried,332600.0,159,1,12.714698852350997
CUST101519,45,F,Bangalore,Mass Affluent,Retired,266400.0,51,2,12.49275797139508
CUST101520,67,M,Bhopal,Mass Affluent,Retired,250000.0,93,1,12.429220196836383
CUST101521,59,F,Jaipur,Corporate,Retired,468600.0,115,1,13.057506939069773
CUST101522,31,F,Mumbai,Mass Affluent,Salaried,349700.0,127,1,12.764833782641317
CUST101523,29,F,Delhi,Retail,Student,937300.0,121,3,13.75075974762828
CUST101524,53,M,Indore,Retail,Business Owner,441100.0,103,3,12.997029153150084
CUST101525,23,F,Chennai,Retail,Self-Employed,250000.0,215,1,12.429220196836383
CUST101526,38,F,Bangalore,HNWI,Salaried,319200.0,193,2,12.673576277384964
CUST101527,28,F,Lucknow,Retail,Business Owner,345700.0,213,2,12.753329518587048
CUST101528,22,M,Indore,Mass Affluent,Business Owner,539200.0,145,5,13.197843693177921
CUST101529,70,M,Kolkata,Mass Affluent,Self-Employed,593100.0,119,4,13.293119983881711
CUST101530,25,F,Kochi,HNWI,Student,250000.0,106,5,12.429220196836383
CUST101531,21,M,Pune,Retail,Salaried,250000.0,209,4,12.429220196836383
CUST101532,71,F,Delhi,Retail,Self-Employed,250000.0,161,3,12.429220196836383
CUST101533,31,F,Kochi,Corporate,Salaried,250000.0,205,1,12.429220196836383
CUST101534,65,M,Bhopal,Mass Affluent,Salaried,250000.0,204,4,12.429220196836383
CUST101535,22,F,Chandigarh,Mass Affluent,Salaried,661700.0,227,3,13.402569071257888
CUST101536,29,F,Delhi,HNWI,Salaried,667800.0,133,1,13.411745503944898
CUST101537,26,M,Jaipur,Corporate,Salaried,477400.0,90,1,13.076112087564187
CUST101538,59,F,Lucknow,Retail,Salaried,561400.0,218,2,13.238190724169465
CUST101539,54,F,Delhi,Corporate,Salaried,250000.0,55,1,12.429220196836383
CUST101540,46,M,Chandigarh,Retail,Self-Employed,250000.0,81,5,12.429220196836383
CUST101541,34,F,Delhi,SME,Salaried,250000.0,226,1,12.429220196836383
CUST101542,25,M,Chennai,Retail,Salaried,250000.0,173,1,12.429220196836383
CUST101543,51,M,Chandigarh,Retail,Salaried,250000.0,142,1,12.429220196836383
CUST101544,33,F,Jaipur,Retail,Salaried,250000.0,130,2,12.429220196836383
CUST101545,52,M,Surat,Corporate,Salaried,296600.0,115,3,12.600143080224452
CUST101546,58,M,Ahmedabad,SME,Retired,291100.0,215,2,12.581425564973435
CUST101547,66,M,Kochi,Retail,Self-Employed,250000.0,102,1,12.429220196836383
CUST101548,47,F,Delhi,Retail,Salaried,377500.0,118,5,12.84132849667433
CUST101549,21,M,Surat,Retail,Salaried,250000.0,25,2,12.429220196836383
CUST101550,36,F,Mumbai,Retail,Salaried,270000.0,32,1,12.506180941677357
CUST101551,67,M,Bangalore,HNWI,Self-Employed,250000.0,53,1,12.429220196836383
CUST101552,49,M,Ahmedabad,Retail,Student,515700.0,76,2,13.153282419149058
CUST101553,54,M,Pune,SME,Salaried,271700.0,74,2,12.512457475937662
CUST101554,45,M,Bangalore,SME,Salaried,403200.0,162,3,12.90719047589495
CUST101555,29,M,Kochi,Retail,Self-Employed,250000.0,135,1,12.429220196836383
CUST101556,69,F,Chennai,Mass Affluent,Salaried,297900.0,6,4,12.604516495526891
CUST101557,62,M,Indore,SME,Salaried,378300.0,126,2,12.843445454022332
CUST101558,74,F,Mumbai,Corporate,Self-Employed,250000.0,25,1,12.429220196836383
CUST101559,67,F,Hyderabad,HNWI,Self-Employed,540800.0,133,3,13.200806652821608
CUST101560,36,F,Chennai,Retail,Salaried,250000.0,17,3,12.429220196836383
CUST101561,34,M,Jaipur,Retail,Business Owner,304500.0,23,5,12.626429650198945
CUST101562,34,F,Pune,HNWI,Salaried,784400.0,199,2,13.572675648163282
CUST101563,70,F,Bangalore,Retail,Salaried,475900.0,8,1,13.072965128388777
CUST101564,51,F,Jaipur,Mass Affluent,Self-Employed,250000.0,233,5,12.429220196836383
CUST101565,45,F,Chandigarh,HNWI,Self-Employed,250000.0,114,2,12.429220196836383
CUST101566,73,M,Bangalore,Retail,Self-Employed,562500.0,199,3,13.24014819083691
CUST101567,53,F,Hyderabad,Retail,Self-Employed,250000.0,51,1,12.429220196836383
CUST101568,70,M,Ahmedabad,Retail,Self-Employed,250000.0,115,2,12.429220196836383
CUST101569,74,F,Surat,Corporate,Retired,250000.0,214,5,12.429220196836383
CUST101570,25,F,Bangalore,Retail,Self-Employed,377800.0,24,5,12.842122880949166
CUST101571,40,F,Hyderabad,Retail,Salaried,250000.0,106,5,12.429220196836383
CUST101572,60,M,Hyderabad,SME,Business Owner,390700.0,34,4,12.875697840548462
CUST101573,64,M,Lucknow,Mass Affluent,Salaried,250000.0,88,2,12.429220196836383
CUST101574,29,F,Delhi,Mass Affluent,Business Owner,266500.0,233,2,12.493133274926212
CUST101575,38,F,Lucknow,Corporate,Salaried,250000.0,133,1,12.429220196836383
CUST101576,50,M,Pune,Retail,Salaried,384600.0,84,3,12.85996171223744
CUST101577,64,M,Chennai,SME,Self-Employed,265000.0,153,3,12.487488878546145
CUST101578,27,M,Indore,Corporate,Self-Employed,636800.0,71,3,13.364212483862836
CUST101579,53,F,Indore,Retail,Salaried,485900.0,25,2,13.093760178428509
CUST101580,37,M,Indore,Retail,Salaried,250000.0,138,1,12.429220196836383
CUST101581,32,M,Bhopal,Retail,Business Owner,608800.0,179,4,13.319246728103822
CUST101582,48,F,Hyderabad,Mass Affluent,Student,325000.0,47,5,12.691583538230217
CUST101583,43,M,Indore,Mass Affluent,Salaried,297100.0,38,2,12.601827427315111
CUST101584,55,F,Bangalore,Mass Affluent,Salaried,446400.0,145,1,13.0089729301901
CUST101585,38,M,Chennai,SME,Salaried,250000.0,96,4,12.429220196836383
CUST101586,65,F,Jaipur,Mass Affluent,Salaried,250000.0,224,3,12.429220196836383
CUST101587,25,F,Kochi,HNWI,Salaried,272400.0,89,3,12.51503052432271
CUST101588,67,F,Jaipur,Mass Affluent,Business Owner,250000.0,97,5,12.429220196836383
CUST101589,22,M,Jaipur,Mass Affluent,Salaried,931200.0,139,3,13.744230429841895
CUST101590,60,M,Kolkata,Retail,Salaried,250000.0,234,3,12.429220196836383
CUST101591,39,M,Jaipur,Mass Affluent,Salaried,274900.0,167,3,12.524166311833152
CUST101592,41,F,Ahmedabad,Mass Affluent,Salaried,301100.0,161,2,12.615201035620073
CUST101593,22,M,Ahmedabad,Retail,Salaried,561700.0,193,1,13.238724958828714
CUST101594,58,M,Jaipur,HNWI,Salaried,250000.0,196,1,12.429220196836383
CUST101595,29,M,Lucknow,Mass Affluent,Salaried,250000.0,129,3,12.429220196836383
CUST101596,56,F,Chennai,Retail,Self-Employed,619500.0,73,1,13.336669594255035
CUST101597,60,F,Bangalore,Corporate,Salaried,281600.0,42,5,12.548246454396082
CUST101598,66,F,Chennai,Retail,Self-Employed,436200.0,138,2,12.985858425273403
CUST101599,59,F,Pune,Mass Affluent,Retired,448700.0,168,3,13.014112020622166
CUST101600,37,F,Bangalore,Mass Affluent,Salaried,497800.0,91,1,13.117955677752501
CUST101601,60,M,Bangalore,Retail,Salaried,250000.0,118,2,12.429220196836383
CUST101602,65,M,Chandigarh,Retail,Business Owner,250000.0,110,2,12.429220196836383
CUST101603,38,M,Chennai,Retail,Salaried,250000.0,143,3,12.429220196836383
CUST101604,27,M,Kochi,Retail,Salaried,250000.0,197,1,12.429220196836383
CUST101605,69,M,Delhi,Mass Affluent,Business Owner,278500.0,109,2,12.537176929007302
CUST101606,28,M,Chandigarh,Retail,Self-Employed,250000.0,127,4,12.429220196836383
CUST101607,53,M,Hyderabad,SME,Retired,250000.0,103,3,12.429220196836383
CUST101608,33,M,Kolkata,Retail,Salaried,276600.0,76,3,12.530331313535255
CUST101609,27,F,Kochi,Retail,Salaried,600600.0,170,3,13.305686099531647
CUST101610,62,F,Hyderabad,Corporate,Salaried,259500.0,150,3,12.466515835145202
CUST101611,28,F,Jaipur,Mass Affluent,Salaried,250000.0,128,2,12.429220196836383
CUST101612,57,M,Kochi,Mass Affluent,Salaried,575800.0,74,2,13.263517393872842
CUST101613,58,M,Mumbai,Mass Affluent,Salaried,250000.0,209,1,12.429220196836383
CUST101614,24,F,Mumbai,Corporate,Salaried,651900.0,194,1,13.387647988889059
CUST101615,30,F,Kochi,Retail,Salaried,250000.0,179,2,12.429220196836383
CUST101616,63,M,Hyderabad,Retail,Salaried,285500.0,196,4,12.562000810699038
CUST101617,48,M,Bhopal,SME,Salaried,684600.0,117,3,13.436591465784137
CUST101618,27,M,Bhopal,Retail,Self-Employed,250000.0,152,2,12.429220196836383
CUST101619,74,F,Bhopal,HNWI,Salaried,250000.0,56,4,12.429220196836383
CUST101620,35,M,Chandigarh,Mass Affluent,Business Owner,250000.0,189,2,12.429220196836383
CUST101621,21,F,Indore,Mass Affluent,Salaried,250000.0,10,1,12.429220196836383
CUST101622,70,M,Kolkata,HNWI,Salaried,1309600.0,124,1,14.085233068630707
CUST101623,21,F,Chandigarh,SME,Retired,250000.0,54,4,12.429220196836383
CUST101624,50,F,Kolkata,Retail,Retired,250000.0,145,3,12.429220196836383
CUST101625,74,F,Jaipur,Mass Affluent,Salaried,250000.0,71,2,12.429220196836383
CUST101626,52,M,Mumbai,HNWI,Salaried,308400.0,231,3,12.639156163208208
CUST101627,52,F,Chandigarh,Retail,Business Owner,360500.0,33,3,12.795250009628397
CUST101628,41,F,Jaipur,Corporate,Salaried,250000.0,198,2,12.429220196836383
CUST101629,27,M,Chandigarh,Mass Affluent,Salaried,271700.0,162,3,12.512457475937662
CUST101630,51,M,Kolkata,Retail,Salaried,862100.0,239,1,13.667127712155585
CUST101631,69,M,Chennai,Corporate,Salaried,274100.0,82,1,12.521251930587761
CUST101632,25,M,Ahmedabad,SME,Business Owner,325300.0,170,2,12.692506186542177
CUST101633,68,M,Indore,Retail,Self-Employed,833500.0,13,1,13.633390180932315
CUST101634,43,F,Jaipur,HNWI,Salaried,250000.0,164,4,12.429220196836383
CUST101635,49,F,Kochi,Retail,Salaried,250000.0,108,1,12.429220196836383
CUST101636,29,F,Hyderabad,Retail,Salaried,250000.0,175,2,12.429220196836383
CUST101637,54,F,Kochi,Retail,Self-Employed,250000.0,189,2,12.429220196836383
CUST101638,30,F,Surat,Corporate,Retired,250000.0,119,3,12.429220196836383
CUST101639,35,F,Bhopal,Retail,Salaried,291500.0,85,1,12.582798715298532
CUST101640,59,M,Mumbai,Retail,Business Owner,305600.0,172,4,12.630035608520458
CUST101641,23,F,Kolkata,HNWI,Salaried,250000.0,217,2,12.429220196836383
CUST101642,45,M,Delhi,Retail,Self-Employed,311300.0,90,1,12.648515568759908
CUST101643,53,M,Pune,Retail,Salaried,313300.0,205,1,12.654919668764107
CUST101644,28,M,Kochi,Retail,Salaried,250000.0,109,5,12.429220196836383
CUST101645,36,F,Lucknow,HNWI,Salaried,319100.0,214,2,12.673262946075276
CUST101646,39,M,Kochi,Mass Affluent,Business Owner,375200.0,157,2,12.835217161355857
CUST101647,56,F,Kochi,HNWI,Salaried,250000.0,162,1,12.429220196836383
CUST101648,73,F,Chandigarh,Retail,Salaried,645600.0,167,2,13.377936944883393
CUST101649,66,M,Bhopal,Mass Affluent,Retired,250000.0,194,2,12.429220196836383
CUST101650,31,M,Jaipur,HNWI,Business Owner,250000.0,207,1,12.429220196836383
CUST101651,21,M,Bhopal,Retail,Salaried,302900.0,97,3,12.62116129842949
CUST101652,23,F,Mumbai,Retail,Salaried,369800.0,180,4,12.820720302095918
CUST101653,53,M,Surat,Retail,Business Owner,427900.0,168,2,12.966647139396802
CUST101654,29,F,Ahmedabad,Retail,Salaried,375700.0,144,1,12.836548893256682
CUST101655,33,M,Chandigarh,Retail,Salaried,250000.0,58,2,12.429220196836383
CUST101656,66,F,Ahmedabad,SME,Salaried,286400.0,114,5,12.565148205682643
CUST101657,68,F,Bangalore,Mass Affluent,Salaried,250000.0,53,2,12.429220196836383
CUST101658,66,F,Surat,Mass Affluent,Self-Employed,297900.0,37,1,12.604516495526891
CUST101659,34,F,Chandigarh,Retail,Business Owner,279600.0,226,3,12.541118865873308
CUST101660,54,M,Mumbai,Mass Affluent,Salaried,250000.0,175,2,12.429220196836383
CUST101661,53,F,Mumbai,Mass Affluent,Student,250000.0,134,1,12.429220196836383
CUST101662,31,M,Lucknow,SME,Self-Employed,250000.0,109,5,12.429220196836383
CUST101663,50,M,Jaipur,Retail,Self-Employed,441600.0,22,1,12.998162038435213
CUST101664,49,M,Jaipur,HNWI,Salaried,320800.0,88,2,12.67857627217662
CUST101665,42,F,Delhi,Retail,Salaried,250000.0,52,3,12.429220196836383
CUST101666,61,F,Jaipur,Mass Affluent,Self-Employed,431900.0,131,2,12.975951674296887
CUST101667,57,F,Jaipur,SME,Self-Employed,259900.0,113,1,12.468056068255885
CUST101668,49,M,Indore,Mass Affluent,Salaried,250000.0,231,3,12.429220196836383
CUST101669,60,M,Kolkata,HNWI,Salaried,250000.0,203,3,12.429220196836383
CUST101670,62,F,Kolkata,Corporate,Salaried,250000.0,146,4,12.429220196836383
CUST101671,51,F,Delhi,SME,Salaried,250000.0,215,1,12.429220196836383
CUST101672,35,F,Jaipur,Retail,Salaried,250000.0,83,1,12.429220196836383
CUST101673,61,M,Lucknow,Retail,Salaried,744400.0,32,5,13.520335147113114
CUST101674,59,M,Chennai,Mass Affluent,Salaried,335300.0,137,3,12.72278391485369
CUST101675,74,M,Surat,SME,Business Owner,910400.0,20,2,13.721640440771878
CUST101676,29,F,Chandigarh,Mass Affluent,Business Owner,307300.0,226,3,12.63558300226232
CUST101677,43,M,Bangalore,Retail,Salaried,379900.0,34,1,12.847665971443902
CUST101678,70,F,Jaipur,Mass Affluent,Salaried,250000.0,206,5,12.429220196836383
CUST101679,48,M,Surat,Retail,Salaried,250000.0,163,3,12.429220196836383
CUST101680,71,M,Mumbai,Retail,Salaried,255500.0,63,4,12.450981602512561
CUST101681,21,F,Bangalore,Retail,Business Owner,389300.0,130,2,12.872108102308323
CUST101682,22,M,Kolkata,Retail,Salaried,260500.0,133,4,12.470361978939783
CUST101683,63,M,Bangalore,HNWI,Business Owner,331300.0,178,2,12.710782606695746
CUST101684,40,F,Kolkata,Retail,Salaried,324300.0,105,1,12.689427375855256
CUST101685,49,M,Bangalore,Retail,Student,250000.0,144,2,12.429220196836383
CUST101686,44,F,Bhopal,Mass Affluent,Business Owner,250000.0,103,4,12.429220196836383
CUST101687,43,M,Jaipur,Retail,Self-Employed,250000.0,28,3,12.429220196836383
CUST101688,71,M,Chennai,Retail,Retired,513700.0,172,2,13.14939666311494
CUST101689,26,M,Kochi,Retail,Salaried,250000.0,66,1,12.429220196836383
CUST101690,62,M,Mumbai,Retail,Salaried,326900.0,71,2,12.697412651747085
CUST101691,69,M,Jaipur,Mass Affluent,Salaried,250000.0,83,2,12.429220196836383
CUST101692,56,F,Surat,Retail,Business Owner,507700.0,138,2,13.137647970600673
CUST101693,42,M,Indore,Retail,Business Owner,250000.0,171,3,12.429220196836383
CUST101694,29,M,Hyderabad,Retail,Salaried,321800.0,196,1,12.681688621055791
CUST101695,57,F,Jaipur,Retail,Self-Employed,250000.0,145,2,12.429220196836383
CUST101696,46,M,Kochi,Retail,Salaried,339200.0,99,2,12.734348131008748
CUST101697,29,M,Kochi,Retail,Salaried,250000.0,227,1,12.429220196836383
CUST101698,40,F,Bangalore,Retail,Self-Employed,250000.0,117,2,12.429220196836383
CUST101699,72,F,Chandigarh,Retail,Salaried,328600.0,40,4,12.702599527794307
CUST101700,35,M,Chennai,Corporate,Salaried,307000.0,193,1,12.634606283893019
CUST101701,30,M,Kolkata,Retail,Business Owner,250000.0,225,1,12.429220196836383
CUST101702,57,M,Bangalore,Retail,Salaried,252000.0,74,2,12.437188334739655
CUST101703,31,F,Bangalore,Mass Affluent,Salaried,295600.0,57,2,12.596765851000393
CUST101704,70,M,Hyderabad,Retail,Salaried,544100.0,88,4,13.206890170369773
CUST101705,67,F,Bangalore,HNWI,Salaried,250000.0,86,3,12.429220196836383
CUST101706,74,M,Surat,Retail,Self-Employed,492800.0,51,3,13.107860720420167
CUST101707,70,M,Jaipur,Mass Affluent,Business Owner,262400.0,14,1,12.47762914702042
CUST101708,34,F,Kolkata,SME,Salaried,583900.0,49,1,13.277486726892187
CUST101709,32,M,Jaipur,Retail,Business Owner,250000.0,75,2,12.429220196836383
CUST101710,39,M,Lucknow,Retail,Business Owner,250000.0,50,3,12.429220196836383
CUST101711,46,F,Bangalore,Mass Affluent,Business Owner,250000.0,52,1,12.429220196836383
CUST101712,68,F,Chennai,SME,Self-Employed,262900.0,226,4,12.479532814438391
CUST101713,60,M,Bhopal,Retail,Salaried,250000.0,56,5,12.429220196836383
CUST101714,55,F,Mumbai,Mass Affluent,Business Owner,623200.0,198,3,13.342624378158698
CUST101715,68,F,Chandigarh,Retail,Salaried,250000.0,139,2,12.429220196836383
CUST101716,55,F,Chandigarh,Mass Affluent,Salaried,250000.0,108,3,12.429220196836383
CUST101717,41,M,Hyderabad,Retail,Salaried,380300.0,188,1,12.848718323415918
CUST101718,43,F,Chennai,Mass Affluent,Salaried,546600.0,9,5,13.211474381965832
CUST101719,48,M,Hyderabad,Retail,Salaried,416100.0,180,2,12.93868329823659
CUST101720,25,F,Jaipur,Mass Affluent,Retired,506500.0,103,3,13.135281577002589
CUST101721,61,F,Hyderabad,Retail,Salaried,255700.0,200,1,12.451764072104638
CUST101722,56,M,Kochi,Mass Affluent,Salaried,257900.0,231,3,12.460331069333806
CUST101723,60,F,Kolkata,HNWI,Student,897200.0,177,1,13.707035196206258
CUST101724,49,M,Chandigarh,Corporate,Salaried,739800.0,32,1,13.514136510096257
CUST101725,63,M,Indore,SME,Salaried,411900.0,234,2,12.928538308194957
CUST101726,72,F,Pune,Mass Affluent,Business Owner,521200.0,183,1,13.163891042880257
CUST101727,51,F,Jaipur,Mass Affluent,Student,449200.0,10,1,13.015225728023822
CUST101728,44,F,Mumbai,Retail,Self-Employed,250000.0,50,4,12.429220196836383
CUST101729,26,F,Delhi,Corporate,Salaried,262000.0,237,1,12.476103599529843
CUST101730,63,F,Ahmedabad,Mass Affluent,Salaried,658700.0,201,3,13.398024992769427
CUST101731,69,M,Ahmedabad,Retail,Business Owner,413400.0,101,1,12.932173345191563
CUST101732,58,F,Kolkata,Retail,Retired,258300.0,229,3,12.461880850543723
CUST101733,67,M,Delhi,HNWI,Salaried,663500.0,117,5,13.405285639912268
CUST101734,67,M,Indore,Corporate,Business Owner,334900.0,208,2,12.721590244743798
CUST101735,64,M,Pune,Corporate,Self-Employed,422200.0,141,5,12.953236782939266
CUST101736,48,M,Ahmedabad,Mass Affluent,Salaried,336000.0,160,3,12.724869415131389
CUST101737,26,M,Pune,Retail,Salaried,371300.0,7,2,12.824768333401511
CUST101738,21,F,Ahmedabad,SME,Salaried,387600.0,233,1,12.867731738974781
CUST101739,32,F,Lucknow,Mass Affluent,Retired,585300.0,48,5,13.279881523803395
CUST101740,44,M,Kochi,Mass Affluent,Salaried,632800.0,55,4,13.357911275712462
CUST101741,61,M,Jaipur,Mass Affluent,Self-Employed,250000.0,110,1,12.429220196836383
CUST101742,45,F,Bangalore,Mass Affluent,Salaried,332100.0,182,1,12.713194418501526
CUST101743,22,M,Bhopal,HNWI,Business Owner,575300.0,186,2,13.26264866107341
CUST101744,32,F,Chennai,Mass Affluent,Salaried,250000.0,152,1,12.429220196836383
CUST101745,73,F,Mumbai,Corporate,Retired,250000.0,209,2,12.429220196836383
CUST101746,74,M,Mumbai,Corporate,Salaried,250000.0,168,5,12.429220196836383
CUST101747,41,F,Kochi,Retail,Business Owner,250000.0,40,4,12.429220196836383
CUST101748,64,F,Kolkata,Retail,Self-Employed,250000.0,189,2,12.429220196836383
CUST101749,59,F,Mumbai,Mass Affluent,Salaried,250000.0,67,1,12.429220196836383
CUST101750,71,M,Indore,Mass Affluent,Retired,497600.0,127,2,13.11755383005139
CUST101751,68,F,Chennai,Mass Affluent,Salaried,250000.0,148,5,12.429220196836383
CUST101752,54,F,Chandigarh,Corporate,Retired,571900.0,97,3,13.256721178459319
CUST101753,42,M,Bhopal,Retail,Salaried,250000.0,90,4,12.429220196836383
CUST101754,54,F,Mumbai,Retail,Self-Employed,250000.0,68,3,12.429220196836383
CUST101755,38,F,Surat,Corporate,Retired,285700.0,75,2,12.562701088387747
CUST101756,39,M,Lucknow,SME,Retired,436400.0,236,1,12.986316824414137
CUST101757,53,M,Bangalore,Retail,Salaried,532900.0,95,4,13.18609094480779
CUST101758,51,F,Kolkata,Retail,Salaried,250000.0,116,3,12.429220196836383
CUST101759,52,M,Ahmedabad,Retail,Business Owner,487000.0,170,3,13.096021455450709
CUST101760,41,F,Bangalore,Mass Affluent,Salaried,250000.0,64,3,12.429220196836383
CUST101761,43,M,Surat,Mass Affluent,Retired,452600.0,52,1,13.022766221635607
CUST101762,21,F,Chennai,Retail,Salaried,250000.0,55,1,12.429220196836383
CUST101763,53,F,Chandigarh,Retail,Salaried,350800.0,20,4,12.76797439010324
CUST101764,52,F,Indore,Mass Affluent,Business Owner,528300.0,111,2,13.17742147601452
CUST101765,71,F,Lucknow,Mass Affluent,Salaried,457000.0,6,1,13.032440858057756
CUST101766,48,M,Delhi,Mass Affluent,Salaried,250000.0,94,3,12.429220196836383
CUST101767,46,M,Mumbai,Retail,Salaried,250000.0,129,1,12.429220196836383
CUST101768,24,F,Bangalore,Retail,Student,412600.0,66,3,12.930236303271222
CUST101769,31,F,Ahmedabad,Retail,Self-Employed,405500.0,64,2,12.91287861862581
CUST101770,39,M,Kochi,SME,Student,316700.0,146,3,12.665713390084107
CUST101771,41,F,Bangalore,Retail,Salaried,250000.0,137,5,12.429220196836383
CUST101772,40,F,Surat,Mass Affluent,Salaried,550600.0,190,1,13.218765687889503
CUST101773,42,M,Mumbai,Mass Affluent,Salaried,612800.0,212,5,13.325795529260972
CUST101774,62,M,Hyderabad,Corporate,Salaried,296000.0,64,3,12.598118111678868
CUST101775,28,F,Jaipur,Retail,Salaried,307800.0,74,4,12.637208749244536
CUST101776,38,F,Indore,Retail,Salaried,362900.0,128,4,12.801885348777414
CUST101777,29,M,Kochi,Corporate,Salaried,644500.0,48,1,13.376231652950555
CUST101778,37,F,Ahmedabad,Retail,Self-Employed,311900.0,176,2,12.650441108746573
CUST101779,57,F,Mumbai,Mass Affluent,Salaried,250000.0,6,1,12.429220196836383
CUST101780,23,M,Chennai,Retail,Salaried,337400.0,91,3,12.729027412930751
CUST101781,39,M,Kochi,SME,Salaried,266600.0,235,1,12.493508437657445
CUST101782,22,F,Delhi,HNWI,Salaried,268400.0,177,1,12.500237409855137
CUST101783,72,M,Surat,Retail,Business Owner,250000.0,126,4,12.429220196836383
CUST101784,60,M,Surat,Corporate,Business Owner,367200.0,6,4,12.813664661036311
CUST101785,34,M,Kochi,HNWI,Business Owner,541900.0,193,3,13.202838606911426
CUST101786,31,F,Hyderabad,Mass Affluent,Salaried,495000.0,110,2,13.112315061750808
CUST101787,26,M,Hyderabad,Retail,Salaried,474800.0,206,4,13.07065104786539
CUST101788,46,F,Bangalore,Retail,Business Owner,259900.0,189,5,12.468056068255885
CUST101789,61,F,Kolkata,Mass Affluent,Retired,292800.0,238,1,12.587248476364008
CUST101790,52,M,Ahmedabad,Retail,Salaried,548400.0,33,1,13.21476205015514
CUST101791,68,M,Delhi,Corporate,Salaried,451500.0,207,4,13.02033286667615
CUST101792,39,M,Jaipur,Retail,Business Owner,654600.0,172,1,13.391781168698524
CUST101793,36,M,Hyderabad,Mass Affluent,Student,250000.0,74,3,12.429220196836383
CUST101794,46,F,Jaipur,Retail,Salaried,250000.0,203,2,12.429220196836383
CUST101795,31,F,Chennai,Mass Affluent,Salaried,250000.0,138,2,12.429220196836383
CUST101796,73,F,Chandigarh,Retail,Business Owner,250000.0,160,1,12.429220196836383
CUST101797,31,F,Chennai,Retail,Self-Employed,250000.0,231,3,12.429220196836383
CUST101798,46,F,Bhopal,Retail,Salaried,355500.0,140,3,12.781283341160998
CUST101799,49,F,Bangalore,Mass Affluent,Salaried,341200.0,154,5,12.740227025427723
CUST101800,24,F,Delhi,Retail,Self-Employed,311100.0,208,2,12.647872897281076
CUST101801,46,M,Bangalore,HNWI,Self-Employed,331800.0,185,4,12.712290670597714
CUST101802,45,F,Pune,Retail,Business Owner,250000.0,156,1,12.429220196836383
CUST101803,35,M,Bhopal,Mass Affluent,Salaried,250000.0,218,1,12.429220196836383
CUST101804,27,F,Bangalore,Mass Affluent,Salaried,250000.0,219,5,12.429220196836383
CUST101805,23,M,Kochi,Retail,Self-Employed,276300.0,149,1,12.529246130159391
CUST101806,21,F,Surat,Retail,Salaried,250000.0,29,1,12.429220196836383
CUST101807,47,F,Kolkata,Retail,Salaried,250000.0,168,1,12.429220196836383
CUST101808,25,M,Kolkata,Mass Affluent,Salaried,250000.0,83,3,12.429220196836383
CUST101809,72,F,Chandigarh,SME,Salaried,506300.0,143,3,13.13488663306962
CUST101810,34,F,Surat,Retail,Business Owner,314000.0,94,4,12.657151449598695
CUST101811,56,F,Hyderabad,HNWI,Salaried,495300.0,85,1,13.112920937552689
CUST101812,57,M,Bhopal,Mass Affluent,Business Owner,250000.0,234,2,12.429220196836383
CUST101813,47,F,Pune,Mass Affluent,Self-Employed,268500.0,64,2,12.500609917318906
CUST101814,68,F,Delhi,Mass Affluent,Salaried,362000.0,43,5,12.799402253235032
CUST101815,26,M,Indore,SME,Retired,250000.0,154,2,12.429220196836383
CUST101816,33,M,Bhopal,Mass Affluent,Salaried,250000.0,156,2,12.429220196836383
CUST101817,34,F,Pune,Corporate,Business Owner,250000.0,235,1,12.429220196836383
CUST101818,28,M,Surat,Retail,Salaried,250000.0,19,2,12.429220196836383
CUST101819,36,M,Hyderabad,Corporate,Student,443200.0,220,3,13.001778670730355
CUST101820,37,F,Indore,SME,Salaried,571700.0,202,2,13.256371406419678
CUST101821,62,M,Kolkata,Corporate,Self-Employed,250000.0,55,3,12.429220196836383
CUST101822,37,M,Chennai,Retail,Salaried,250000.0,197,2,12.429220196836383
CUST101823,68,M,Ahmedabad,Corporate,Salaried,467900.0,203,1,13.05601201406083
CUST101824,62,M,Chennai,Retail,Salaried,279700.0,32,3,12.541476454442867
CUST101825,69,M,Lucknow,Mass Affluent,Salaried,250000.0,10,3,12.429220196836383
CUST101826,26,F,Kochi,Retail,Salaried,250000.0,160,1,12.429220196836383
CUST101827,74,F,Pune,Mass Affluent,Salaried,250000.0,143,3,12.429220196836383
CUST101828,54,F,Kochi,Retail,Self-Employed,250000.0,207,4,12.429220196836383
CUST101829,74,M,Pune,Retail,Salaried,250000.0,223,3,12.429220196836383
CUST101830,40,M,Chandigarh,Retail,Salaried,406400.0,30,3,12.915095635873303
CUST101831,72,F,Hyderabad,Retail,Retired,250000.0,230,3,12.429220196836383
CUST101832,52,M,Surat,Retail,Self-Employed,270300.0,205,2,12.50729143185074
CUST101833,24,F,Jaipur,Corporate,Salaried,1114700.0,147,1,13.924096765479671
CUST101834,43,M,Chandigarh,HNWI,Salaried,287900.0,90,2,12.570371950022508
CUST101835,28,F,Hyderabad,HNWI,Salaried,250400.0,153,1,12.430818911810329
CUST101836,71,F,Bangalore,Corporate,Self-Employed,253800.0,138,3,12.444305774364985
CUST101837,37,F,Bhopal,Retail,Business Owner,400900.0,97,3,12.901469793015115
CUST101838,33,M,Bhopal,Mass Affluent,Self-Employed,372100.0,24,1,12.826920601780714
CUST101839,50,M,Kochi,Mass Affluent,Student,250000.0,175,5,12.429220196836383
CUST101840,43,F,Ahmedabad,Retail,Self-Employed,250000.0,77,5,12.429220196836383
CUST101841,26,M,Pune,Mass Affluent,Student,250000.0,63,1,12.429220196836383
CUST101842,65,F,Lucknow,HNWI,Self-Employed,250000.0,93,2,12.429220196836383
CUST101843,66,M,Kochi,Mass Affluent,Self-Employed,802900.0,13,1,13.595986697657116
CUST101844,61,F,Chennai,HNWI,Self-Employed,388700.0,97,5,12.870565689515162
CUST101845,54,M,Mumbai,Retail,Business Owner,255800.0,201,2,12.452155077423383
CUST101846,42,F,Delhi,HNWI,Salaried,566200.0,177,3,13.246704417818744
CUST101847,50,F,Kolkata,Retail,Salaried,300500.0,20,5,12.613206360738884
CUST101848,49,F,Surat,Corporate,Salaried,250000.0,83,3,12.429220196836383
CUST101849,29,M,Pune,Retail,Salaried,728200.0,161,4,13.498332387971635
CUST101850,25,M,Lucknow,Mass Affluent,Retired,250000.0,223,1,12.429220196836383
CUST101851,34,M,Ahmedabad,Mass Affluent,Self-Employed,250000.0,108,1,12.429220196836383
CUST101852,45,F,Hyderabad,Retail,Salaried,250000.0,237,2,12.429220196836383
CUST101853,29,M,Kochi,Retail,Salaried,527900.0,16,4,13.176664045108076
CUST101854,26,F,Surat,Retail,Salaried,250000.0,219,1,12.429220196836383
CUST101855,67,M,Chandigarh,Mass Affluent,Business Owner,602900.0,43,2,13.30950828312598
CUST101856,41,M,Indore,Corporate,Retired,281700.0,176,4,12.548601503733918
CUST101857,52,F,Kolkata,Retail,Salaried,411800.0,29,1,12.92829550193616
CUST101858,49,M,Surat,Mass Affluent,Salaried,250000.0,237,3,12.429220196836383
CUST101859,60,M,Kolkata,Corporate,Student,367300.0,56,1,12.813936954374158
CUST101860,60,F,Bhopal,Mass Affluent,Self-Employed,324500.0,92,1,12.690043896785632
CUST101861,36,F,Lucknow,Corporate,Business Owner,262200.0,154,2,12.476866664186996
CUST101862,66,F,Indore,Retail,Salaried,250000.0,17,4,12.429220196836383
CUST101863,41,F,Chennai,Retail,Salaried,332700.0,139,1,12.714999467712902
CUST101864,66,F,Mumbai,Retail,Self-Employed,250000.0,74,2,12.429220196836383
CUST101865,42,F,Bangalore,Retail,Salaried,469300.0,107,3,13.058999632613395
CUST101866,26,M,Ahmedabad,Mass Affluent,Business Owner,302000.0,83,2,12.618185607609803
CUST101867,62,M,Chandigarh,Corporate,Business Owner,354500.0,203,2,12.778466445824812
CUST101868,22,M,Lucknow,Retail,Salaried,250000.0,112,2,12.429220196836383
CUST101869,62,F,Indore,Corporate,Salaried,250000.0,182,4,12.429220196836383
CUST101870,23,F,Ahmedabad,Retail,Business Owner,250000.0,15,4,12.429220196836383
CUST101871,32,M,Chandigarh,Retail,Retired,402000.0,165,1,12.904209855160254
CUST101872,53,F,Chandigarh,Corporate,Salaried,250000.0,95,3,12.429220196836383
CUST101873,71,M,Hyderabad,Corporate,Business Owner,1237700.0,146,2,14.028766184478018
CUST101874,43,F,Indore,Mass Affluent,Salaried,250000.0,204,2,12.429220196836383
CUST101875,27,F,Mumbai,Retail,Retired,250000.0,168,2,12.429220196836383
CUST101876,33,F,Jaipur,Retail,Self-Employed,250000.0,88,4,12.429220196836383
CUST101877,69,F,Pune,Retail,Salaried,250000.0,59,3,12.429220196836383
CUST101878,60,F,Chennai,HNWI,Self-Employed,250000.0,213,2,12.429220196836383
CUST101879,26,M,Chandigarh,Retail,Self-Employed,492200.0,66,1,13.106642448631462
CUST101880,41,M,Lucknow,Mass Affluent,Self-Employed,365100.0,14,3,12.8079293066156
CUST101881,35,F,Bangalore,Retail,Salaried,365700.0,75,2,12.80957133861555
CUST101882,30,M,Bangalore,Mass Affluent,Self-Employed,577300.0,8,2,13.266119073249152
CUST101883,66,M,Delhi,Retail,Business Owner,359300.0,179,5,12.791915756287272
CUST101884,54,M,Chennai,Mass Affluent,Salaried,250000.0,214,5,12.429220196836383
CUST101885,30,F,Delhi,Mass Affluent,Salaried,410500.0,107,5,12.925133643925246
CUST101886,56,F,Hyderabad,SME,Retired,250000.0,149,3,12.429220196836383
CUST101887,43,F,Kochi,Corporate,Self-Employed,250000.0,230,2,12.429220196836383
CUST101888,24,F,Bhopal,Mass Affluent,Salaried,261100.0,222,2,12.472662584630097
CUST101889,45,F,Kochi,Retail,Retired,250000.0,15,5,12.429220196836383
CUST101890,31,F,Ahmedabad,Corporate,Salaried,250000.0,22,2,12.429220196836383
CUST101891,34,F,Surat,Corporate,Business Owner,250000.0,95,1,12.429220196836383
CUST101892,68,M,Chandigarh,Corporate,Salaried,264700.0,71,1,12.486356166069786
CUST101893,59,F,Mumbai,Mass Affluent,Salaried,250000.0,42,4,12.429220196836383
CUST101894,28,M,Bhopal,Retail,Student,527400.0,41,2,13.175716448993573
CUST101895,66,F,Surat,HNWI,Business Owner,584500.0,197,3,13.278513770756783
CUST101896,52,F,Kolkata,Retail,Salaried,250000.0,51,3,12.429220196836383
CUST101897,68,F,Pune,Retail,Retired,278100.0,118,1,12.535739636044429
CUST101898,61,F,Pune,Retail,Retired,693600.0,16,4,13.449652146200602
CUST101899,39,F,Bangalore,Mass Affluent,Business Owner,250000.0,151,4,12.429220196836383
CUST101900,49,F,Hyderabad,Retail,Salaried,250000.0,179,1,12.429220196836383
CUST101901,49,M,Chennai,Mass Affluent,Salaried,449600.0,145,1,13.016115801758433
CUST101902,59,M,Mumbai,Mass Affluent,Business Owner,250000.0,72,3,12.429220196836383
CUST101903,34,F,Ahmedabad,Mass Affluent,Retired,575200.0,24,1,13.262474823913193
CUST101904,38,F,Ahmedabad,Retail,Salaried,250000.0,99,2,12.429220196836383
CUST101905,34,M,Chennai,SME,Salaried,250000.0,189,5,12.429220196836383
CUST101906,36,F,Bangalore,Retail,Salaried,431100.0,34,1,12.974097680379948
CUST101907,29,F,Chandigarh,Retail,Salaried,285000.0,198,2,12.560247968016562
CUST101908,22,F,Surat,Mass Affluent,Self-Employed,286400.0,219,1,12.565148205682643
CUST101909,71,M,Ahmedabad,Retail,Salaried,250000.0,148,2,12.429220196836383
CUST101910,25,F,Surat,Mass Affluent,Self-Employed,250000.0,203,2,12.429220196836383
CUST101911,68,M,Kolkata,Retail,Self-Employed,450600.0,71,1,13.018337526241023
CUST101912,21,M,Hyderabad,Corporate,Salaried,250000.0,151,3,12.429220196836383
CUST101913,62,F,Surat,Retail,Retired,408600.0,175,4,12.920494408743966
CUST101914,38,F,Kochi,SME,Salaried,315100.0,173,2,12.660648501336015
CUST101915,48,M,Lucknow,Mass Affluent,Salaried,250000.0,169,4,12.429220196836383
CUST101916,36,M,Jaipur,Retail,Salaried,606000.0,51,1,13.314636915215106
CUST101917,47,M,Mumbai,Mass Affluent,Salaried,250000.0,219,2,12.429220196836383
CUST101918,45,F,Lucknow,Retail,Salaried,250000.0,165,4,12.429220196836383
CUST101919,49,F,Lucknow,SME,Student,250000.0,33,3,12.429220196836383
CUST101920,42,M,Pune,HNWI,Salaried,281600.0,155,5,12.548246454396082
CUST101921,49,M,Hyderabad,Mass Affluent,Salaried,425100.0,218,2,12.960082066731788
CUST101922,65,F,Chandigarh,Retail,Business Owner,250000.0,11,5,12.429220196836383
CUST101923,44,M,Kolkata,SME,Retired,451700.0,213,1,13.020775735499
CUST101924,40,M,Chennai,Mass Affluent,Salaried,279500.0,83,1,12.540761149388421
CUST101925,28,M,Surat,Mass Affluent,Salaried,374200.0,75,2,12.832548365186273
CUST101926,40,F,Ahmedabad,Retail,Salaried,1127000.0,120,4,13.935070680332966
CUST101927,27,M,Jaipur,Retail,Salaried,250000.0,173,1,12.429220196836383
CUST101928,30,M,Lucknow,HNWI,Salaried,250000.0,30,1,12.429220196836383
CUST101929,72,M,Kolkata,Mass Affluent,Self-Employed,301400.0,67,5,12.616196883019061
CUST101930,25,M,Bangalore,Corporate,Salaried,331500.0,194,3,12.711386105194757
CUST101931,47,M,Bangalore,Mass Affluent,Salaried,452700.0,61,2,13.022987142390022
CUST101932,66,M,Chandigarh,Mass Affluent,Business Owner,250000.0,87,1,12.429220196836383
CUST101933,72,M,Ahmedabad,Mass Affluent,Salaried,250000.0,156,3,12.429220196836383
CUST101934,28,M,Pune,HNWI,Salaried,250000.0,64,5,12.429220196836383
CUST101935,29,M,Chennai,Retail,Business Owner,250000.0,17,3,12.429220196836383
CUST101936,41,F,Surat,Corporate,Salaried,250000.0,129,1,12.429220196836383
CUST101937,50,M,Bhopal,Retail,Salaried,250200.0,28,2,12.430019873809519
CUST101938,72,F,Kochi,Mass Affluent,Salaried,926400.0,96,2,13.739062465247608
CUST101939,32,F,Jaipur,Corporate,Self-Employed,250000.0,160,4,12.429220196836383
CUST101940,29,F,Ahmedabad,HNWI,Self-Employed,328200.0,179,3,12.701381504556094
CUST101941,34,F,Indore,Retail,Salaried,250000.0,228,4,12.429220196836383
CUST101942,68,F,Indore,HNWI,Salaried,306700.0,209,2,12.633628610612188
CUST101943,22,M,Kolkata,Retail,Salaried,250000.0,13,1,12.429220196836383
CUST101944,41,M,Chandigarh,Retail,Salaried,499400.0,119,3,13.121164659228688
CUST101945,27,M,Indore,HNWI,Business Owner,497600.0,11,3,13.11755383005139
CUST101946,29,F,Indore,Corporate,Student,250700.0,193,1,12.432016272969701
CUST101947,70,F,Mumbai,Retail,Salaried,636300.0,23,3,13.363427000805379
CUST101948,21,F,Delhi,SME,Salaried,423400.0,187,1,12.956074999512895
CUST101949,38,F,Chennai,Retail,Business Owner,618800.0,6,3,13.33553901371077
CUST101950,70,M,Kochi,Corporate,Salaried,261500.0,31,3,12.474193386571581
CUST101951,53,M,Delhi,HNWI,Salaried,475000.0,223,1,13.07107218827772
CUST101952,24,M,Delhi,Corporate,Retired,250000.0,49,3,12.429220196836383
CUST101953,46,M,Mumbai,Corporate,Salaried,250000.0,116,2,12.429220196836383
CUST101954,73,F,Bangalore,SME,Salaried,992400.0,127,2,13.807882538457477
CUST101955,42,M,Bhopal,Mass Affluent,Salaried,250000.0,167,5,12.429220196836383
CUST101956,49,F,Surat,Retail,Self-Employed,250000.0,224,4,12.429220196836383
CUST101957,49,F,Surat,Retail,Self-Employed,250000.0,103,2,12.429220196836383
CUST101958,56,M,Chennai,HNWI,Salaried,250000.0,147,3,12.429220196836383
CUST101959,31,F,Lucknow,Retail,Self-Employed,250000.0,239,2,12.429220196836383
CUST101960,66,M,Kochi,SME,Salaried,250000.0,31,4,12.429220196836383
CUST101961,74,F,Ahmedabad,Retail,Retired,321200.0,118,2,12.679822374374929
CUST101962,28,F,Indore,Corporate,Salaried,371200.0,77,2,12.824498973856072
CUST101963,65,M,Jaipur,Mass Affluent,Salaried,250000.0,225,1,12.429220196836383
CUST101964,65,F,Chennai,Corporate,Self-Employed,250000.0,149,5,12.429220196836383
CUST101965,61,M,Lucknow,SME,Salaried,514100.0,158,4,13.150175023188563
CUST101966,41,F,Chandigarh,Retail,Self-Employed,746500.0,49,1,13.523152235545213
CUST101967,46,M,Indore,Mass Affluent,Salaried,570100.0,227,2,13.253568817096367
CUST101968,66,M,Ahmedabad,Retail,Salaried,250000.0,21,2,12.429220196836383
CUST101969,29,M,Jaipur,Corporate,Salaried,547800.0,121,1,13.213667361293203
CUST101970,65,M,Chandigarh,Corporate,Salaried,816000.0,169,1,13.61217085943569
CUST101971,70,M,Kochi,Retail,Salaried,250000.0,211,4,12.429220196836383
CUST101972,57,F,Ahmedabad,Retail,Salaried,513800.0,69,1,13.149591309938627
CUST101973,39,F,Chennai,Retail,Salaried,307200.0,84,2,12.63525753545869
CUST101974,51,F,Bhopal,Retail,Business Owner,250000.0,14,4,12.429220196836383
CUST101975,23,M,Chandigarh,Corporate,Self-Employed,286000.0,160,1,12.563750586299374
CUST101976,71,M,Delhi,Retail,Salaried,350100.0,52,2,12.765976963265441
CUST101977,39,F,Mumbai,SME,Salaried,537400.0,150,5,13.19449983597311
CUST101978,24,M,Delhi,SME,Salaried,521100.0,25,4,13.163699159912928
CUST101979,63,M,Kolkata,Corporate,Salaried,250000.0,119,1,12.429220196836383
CUST101980,56,M,Bangalore,Mass Affluent,Salaried,250000.0,117,1,12.429220196836383
CUST101981,54,M,Bhopal,Retail,Salaried,283800.0,123,3,12.556028567310046
CUST101982,23,M,Bhopal,Corporate,Student,689200.0,78,1,13.44328823459249
CUST101983,61,F,Bangalore,HNWI,Business Owner,250000.0,45,2,12.429220196836383
CUST101984,55,M,Indore,SME,Salaried,250000.0,187,1,12.429220196836383
CUST101985,63,F,Bangalore,Retail,Salaried,250000.0,218,4,12.429220196836383
CUST101986,65,M,Kochi,Retail,Salaried,250000.0,70,2,12.429220196836383
CUST101987,32,M,Kolkata,SME,Salaried,484800.0,112,2,13.091493776441386
CUST101988,32,F,Mumbai,Corporate,Salaried,250000.0,31,3,12.429220196836383
CUST101989,70,F,Pune,Retail,Salaried,250000.0,41,1,12.429220196836383
CUST101990,49,M,Indore,HNWI,Salaried,250000.0,88,3,12.429220196836383
CUST101991,44,M,Chandigarh,Retail,Salaried,910300.0,170,5,13.72153059303172
CUST101992,36,F,Delhi,Mass Affluent,Self-Employed,250000.0,163,3,12.429220196836383
CUST101993,55,M,Indore,Retail,Salaried,369400.0,176,1,12.819638053836195
CUST101994,61,F,Chennai,Retail,Student,687400.0,26,4,13.440673098153868
CUST101995,21,M,Pune,Retail,Salaried,260500.0,16,1,12.470361978939783
CUST101996,50,F,Delhi,Retail,Salaried,853200.0,70,2,13.656750437636779
CUST101997,74,M,Chandigarh,Mass Affluent,Salaried,250000.0,83,1,12.429220196836383
CUST101998,36,F,Kochi,Retail,Salaried,638900.0,126,3,13.36750479177938
CUST101999,36,F,Lucknow,Mass Affluent,Salaried,554600.0,142,1,13.226004215263524
CUST102000,68,M,Surat,Mass Affluent,Salaried,263200.0,49,1,12.480673277818179
CUST102001,24,M,Bhopal,HNWI,Salaried,250000.0,198,2,12.429220196836383
CUST102002,42,F,Bangalore,Mass Affluent,Salaried,250000.0,180,1,12.429220196836383
CUST102003,45,F,Hyderabad,Retail,Salaried,250000.0,78,3,12.429220196836383
CUST102004,64,M,Mumbai,Retail,Self-Employed,383300.0,157,2,12.856575860287759
CUST102005,27,F,Ahmedabad,Corporate,Self-Employed,356700.0,76,2,12.784653174819363
CUST102006,44,F,Ahmedabad,Corporate,Self-Employed,281400.0,20,1,12.547535977316382
CUST102007,29,M,Mumbai,SME,Retired,250000.0,178,4,12.429220196836383
CUST102008,63,F,Lucknow,SME,Salaried,606000.0,26,2,13.314636915215106
CUST102009,55,M,Mumbai,Mass Affluent,Retired,320800.0,57,2,12.67857627217662
CUST102010,47,F,Kochi,Corporate,Salaried,250000.0,76,1,12.429220196836383
CUST102011,42,M,Surat,Retail,Salaried,293100.0,215,5,12.588272538498009
CUST102012,29,F,Indore,HNWI,Self-Employed,916700.0,143,3,13.728536634818695
CUST102013,70,F,Delhi,SME,Salaried,389800.0,190,1,12.87339163147047
CUST102014,55,F,Bhopal,HNWI,Salaried,250000.0,218,1,12.429220196836383
CUST102015,38,F,Jaipur,Retail,Salaried,261300.0,214,2,12.473428278520133
CUST102016,43,F,Indore,Retail,Salaried,354300.0,148,1,12.777902113316417
CUST102017,60,F,Surat,Retail,Salaried,250000.0,88,3,12.429220196836383
CUST102018,59,F,Lucknow,Retail,Business Owner,250000.0,100,2,12.429220196836383
CUST102019,45,M,Mumbai,Corporate,Salaried,266500.0,44,2,12.493133274926212
CUST102020,37,M,Surat,HNWI,Salaried,667600.0,143,3,13.41144596867163
CUST102021,56,M,Pune,Retail,Salaried,431300.0,142,2,12.974561501205006
CUST102022,56,F,Indore,HNWI,Retired,250000.0,233,1,12.429220196836383
CUST102023,53,F,Surat,Retail,Student,452000.0,50,2,13.021439671201302
CUST102024,24,M,Delhi,Mass Affluent,Self-Employed,269700.0,183,4,12.505069216944454
CUST102025,46,M,Bhopal,Retail,Salaried,330000.0,68,4,12.706850963741102
CUST102026,54,F,Mumbai,Mass Affluent,Salaried,312400.0,24,3,12.652042897966872
CUST102027,72,F,Chennai,HNWI,Salaried,250000.0,99,4,12.429220196836383
CUST102028,49,F,Hyderabad,HNWI,Business Owner,250000.0,231,1,12.429220196836383
CUST102029,39,M,Chandigarh,HNWI,Salaried,307400.0,114,1,12.635908363171778
CUST102030,51,M,Bangalore,Retail,Business Owner,250000.0,49,1,12.429220196836383
CUST102031,30,M,Indore,Mass Affluent,Salaried,250000.0,81,1,12.429220196836383
CUST102032,25,F,Hyderabad,Retail,Business Owner,250000.0,168,4,12.429220196836383
CUST102033,57,F,Lucknow,Mass Affluent,Salaried,467300.0,72,1,13.054728868639149
CUST102034,74,F,Delhi,Mass Affluent,Salaried,332600.0,60,2,12.714698852350997
CUST102035,66,M,Kolkata,Mass Affluent,Salaried,426400.0,63,1,12.963135497046782
CUST102036,52,M,Lucknow,Corporate,Self-Employed,352200.0,25,4,12.771957314336067
CUST102037,23,F,Surat,Retail,Retired,250000.0,167,4,12.429220196836383
CUST102038,74,F,Bhopal,Corporate,Salaried,427600.0,81,3,12.96594579676453
CUST102039,45,M,Indore,Retail,Retired,381300.0,77,2,12.851344368449087
CUST102040,36,F,Ahmedabad,Mass Affluent,Salaried,250100.0,82,5,12.429620115258357
CUST102041,69,F,Chennai,Corporate,Salaried,278000.0,168,4,12.535379989788607
CUST102042,61,M,Hyderabad,HNWI,Salaried,431700.0,210,3,12.975488497964328
CUST102043,61,F,Chandigarh,Corporate,Salaried,250000.0,179,3,12.429220196836383
CUST102044,35,F,Lucknow,Corporate,Business Owner,515400.0,138,2,13.15270051743911
CUST102045,74,F,Bhopal,Retail,Salaried,376600.0,173,3,12.838941550538891
CUST102046,45,M,Pune,SME,Salaried,268700.0,59,5,12.501354516219285
CUST102047,49,F,Ahmedabad,SME,Salaried,672500.0,219,2,13.418758877445873
CUST102048,61,M,Indore,Retail,Self-Employed,250000.0,149,1,12.429220196836383
CUST102049,56,F,Surat,Retail,Retired,250000.0,229,1,12.429220196836383
CUST102050,30,M,Hyderabad,Retail,Business Owner,250000.0,68,5,12.429220196836383
CUST102051,37,F,Ahmedabad,Corporate,Salaried,332700.0,40,2,12.714999467712902
CUST102052,40,F,Hyderabad,SME,Salaried,545500.0,173,5,13.20945991743415
CUST102053,72,M,Kochi,Corporate,Salaried,250000.0,81,3,12.429220196836383
CUST102054,59,M,Mumbai,Retail,Retired,1949900.0,54,1,14.483289160020359
CUST102055,40,M,Indore,Retail,Salaried,250000.0,190,2,12.429220196836383
CUST102056,60,F,Bhopal,Mass Affluent,Student,333200.0,130,1,12.716501190470801
CUST102057,60,F,Mumbai,Retail,Business Owner,268800.0,188,2,12.501726607862306
CUST102058,42,F,Lucknow,Retail,Self-Employed,275900.0,63,2,12.52779738470044
CUST102059,42,M,Delhi,Retail,Business Owner,250000.0,22,2,12.429220196836383
CUST102060,69,M,Kolkata,Retail,Salaried,509200.0,101,2,13.140598109528346
CUST102061,51,M,Kolkata,Retail,Salaried,250000.0,231,2,12.429220196836383
CUST102062,29,F,Ahmedabad,HNWI,Salaried,250000.0,143,4,12.429220196836383
CUST102063,59,F,Bhopal,Retail,Salaried,250000.0,206,1,12.429220196836383
CUST102064,52,M,Pune,Retail,Self-Employed,638700.0,203,5,13.367191705228743
CUST102065,48,M,Kolkata,Mass Affluent,Salaried,568200.0,216,2,13.250230508344357
CUST102066,60,F,Delhi,SME,Retired,250000.0,113,3,12.429220196836383
CUST102067,69,F,Bhopal,HNWI,Retired,437200.0,53,1,12.988148322564612
CUST102068,38,M,Chennai,Mass Affluent,Salaried,250000.0,216,1,12.429220196836383
CUST102069,43,F,Pune,HNWI,Salaried,264000.0,123,3,12.483708170000067
CUST102070,31,M,Delhi,HNWI,Salaried,250000.0,80,4,12.429220196836383
CUST102071,55,M,Chennai,Mass Affluent,Salaried,457900.0,109,2,13.034408282525746
CUST102072,42,M,Jaipur,Mass Affluent,Self-Employed,374300.0,189,1,12.832815565542704
CUST102073,39,F,Bhopal,Mass Affluent,Self-Employed,483000.0,90,3,13.087774003025942
CUST102074,58,F,Chennai,Mass Affluent,Self-Employed,250000.0,200,4,12.429220196836383
CUST102075,43,M,Jaipur,Retail,Salaried,250000.0,59,3,12.429220196836383
CUST102076,46,F,Bhopal,Retail,Business Owner,250000.0,80,1,12.429220196836383
CUST102077,44,F,Kolkata,Retail,Self-Employed,250000.0,38,2,12.429220196836383
CUST102078,34,F,Chennai,Retail,Student,474100.0,209,5,13.069175658147635
CUST102079,27,F,Mumbai,Mass Affluent,Business Owner,334500.0,209,1,12.720395148082574
CUST102080,65,M,Bhopal,Mass Affluent,Self-Employed,285700.0,54,1,12.562701088387747
CUST102081,25,M,Delhi,Retail,Salaried,572200.0,130,3,13.257245607237305
CUST102082,38,M,Hyderabad,Retail,Business Owner,250000.0,191,2,12.429220196836383
CUST102083,57,M,Bangalore,Retail,Salaried,413400.0,146,1,12.932173345191563
CUST102084,28,M,Surat,HNWI,Salaried,250000.0,157,3,12.429220196836383
CUST102085,56,M,Kolkata,Retail,Salaried,651300.0,67,5,13.38672717992407
CUST102086,60,F,Surat,Retail,Salaried,372000.0,12,4,12.826651821423713
CUST102087,56,M,Lucknow,Retail,Salaried,478600.0,224,1,13.078622543881725
CUST102088,37,M,Mumbai,Mass Affluent,Salaried,250000.0,219,4,12.429220196836383
CUST102089,22,M,Chennai,Retail,Business Owner,993800.0,225,3,13.809292264388532
CUST102090,68,M,Mumbai,Mass Affluent,Self-Employed,890100.0,16,1,13.699090218415664
CUST102091,38,F,Mumbai,Mass Affluent,Retired,347400.0,163,1,12.758235011311193
CUST102092,64,F,Ahmedabad,SME,Business Owner,543200.0,64,5,13.20523469616749
CUST102093,31,M,Hyderabad,Mass Affluent,Salaried,250000.0,81,1,12.429220196836383
CUST102094,29,F,Delhi,Retail,Business Owner,250000.0,102,1,12.429220196836383
CUST102095,63,F,Pune,Retail,Self-Employed,432600.0,60,3,12.977571104102678
CUST102096,71,F,Pune,HNWI,Salaried,250000.0,145,3,12.429220196836383
CUST102097,67,M,Chandigarh,Retail,Student,589000.0,145,1,13.286183160425152
CUST102098,61,F,Lucknow,SME,Retired,503200.0,223,3,13.128744971647793
CUST102099,34,F,Kolkata,Mass Affluent,Salaried,309000.0,200,3,12.6410997921206
CUST102100,70,F,Ahmedabad,Retail,Business Owner,298800.0,170,4,12.607533078955413
CUST102101,57,M,Delhi,Retail,Salaried,485800.0,232,3,13.093554354008361
CUST102102,30,F,Kolkata,Corporate,Retired,316400.0,106,1,12.6647656754269
CUST102103,27,M,Jaipur,SME,Self-Employed,250000.0,21,4,12.429220196836383
CUST102104,68,M,Mumbai,Corporate,Salaried,250000.0,211,2,12.429220196836383
CUST102105,35,F,Bhopal,Retail,Business Owner,477000.0,84,2,13.07527386630434
CUST102106,62,F,Ahmedabad,HNWI,Salaried,334300.0,110,1,12.719797063728873
CUST102107,28,M,Kochi,Retail,Salaried,1402000.0,97,2,14.15341105984318
CUST102108,36,F,Chennai,Retail,Business Owner,253300.0,219,1,12.442333783869854
CUST102109,36,F,Indore,Mass Affluent,Business Owner,321700.0,92,2,12.681377821708454
CUST102110,36,F,Kolkata,SME,Salaried,326200.0,166,1,12.695269034768275
CUST102111,57,M,Bhopal,Retail,Self-Employed,396500.0,162,3,12.890433842121956
CUST102112,70,M,Ahmedabad,Mass Affluent,Salaried,250000.0,136,1,12.429220196836383
CUST102113,70,F,Lucknow,Retail,Salaried,256200.0,134,3,12.453717571637778
CUST102114,61,F,Hyderabad,Retail,Self-Employed,440900.0,22,3,12.996575639431459
CUST102115,31,F,Chandigarh,Retail,Salaried,250000.0,214,2,12.429220196836383
CUST102116,72,F,Bangalore,Corporate,Salaried,431100.0,84,4,12.974097680379948
CUST102117,50,F,Mumbai,Retail,Retired,284400.0,58,2,12.558140493079444
CUST102118,50,F,Pune,Mass Affluent,Business Owner,341500.0,57,3,12.74110588624638
CUST102119,58,M,Indore,Retail,Self-Employed,535400.0,99,2,13.190771277829066
CUST102120,62,F,Bhopal,Mass Affluent,Self-Employed,250000.0,151,3,12.429220196836383
CUST102121,72,M,Indore,Retail,Retired,250000.0,132,4,12.429220196836383
CUST102122,52,F,Jaipur,Retail,Business Owner,250000.0,201,2,12.429220196836383
CUST102123,53,M,Bhopal,Mass Affluent,Salaried,250000.0,197,5,12.429220196836383
CUST102124,61,F,Ahmedabad,Mass Affluent,Salaried,250000.0,84,1,12.429220196836383
CUST102125,34,M,Ahmedabad,SME,Salaried,251700.0,198,4,12.435997154099226
CUST102126,37,M,Bangalore,Retail,Salaried,302400.0,165,2,12.619509230160354
CUST102127,54,M,Kochi,Mass Affluent,Salaried,495100.0,207,1,13.112517061141455
CUST102128,24,M,Chennai,Corporate,Self-Employed,250000.0,6,3,12.429220196836383
CUST102129,38,F,Bangalore,Retail,Business Owner,283000.0,127,1,12.553205710188037
CUST102130,59,M,Kolkata,Corporate,Retired,528000.0,152,4,13.176853456625999
CUST102131,73,F,Lucknow,SME,Salaried,250000.0,62,4,12.429220196836383
CUST102132,49,F,Chennai,Corporate,Salaried,370200.0,159,3,12.821801380360457
CUST102133,42,F,Kolkata,Mass Affluent,Salaried,699900.0,175,1,13.45869417545215
CUST102134,44,M,Chennai,HNWI,Salaried,250000.0,38,5,12.429220196836383
CUST102135,58,M,Jaipur,Mass Affluent,Salaried,316000.0,229,4,12.663500657121004
CUST102136,50,M,Surat,Mass Affluent,Student,539100.0,227,3,13.197658216381464
CUST102137,22,M,Surat,SME,Salaried,250000.0,72,2,12.429220196836383
CUST102138,50,M,Bangalore,Retail,Business Owner,616600.0,52,2,13.331977416229822
CUST102139,42,F,Kolkata,HNWI,Salaried,392600.0,52,2,12.880549107943006
CUST102140,58,M,Lucknow,Mass Affluent,Salaried,775800.0,14,4,13.56165132297918
CUST102141,68,M,Hyderabad,Retail,Retired,380600.0,11,2,12.849506861271108
CUST102142,72,M,Delhi,Mass Affluent,Retired,815500.0,79,1,13.611557927284023
CUST102143,53,M,Chennai,HNWI,Salaried,321300.0,161,1,12.68013365745516
CUST102144,40,M,Surat,Mass Affluent,Retired,250000.0,165,2,12.429220196836383
CUST102145,44,M,Lucknow,Corporate,Salaried,250000.0,133,3,12.429220196836383
CUST102146,30,F,Delhi,Retail,Business Owner,494400.0,158,4,13.111102207777295
CUST102147,71,F,Surat,Corporate,Salaried,488600.0,37,5,13.09930148446762
CUST102148,66,F,Bangalore,Mass Affluent,Salaried,250000.0,238,1,12.429220196836383
CUST102149,67,F,Kochi,Corporate,Self-Employed,792200.0,52,1,13.582570426476655
CUST102150,38,F,Jaipur,Retail,Business Owner,250000.0,91,2,12.429220196836383
CUST102151,38,M,Delhi,Retail,Business Owner,354000.0,160,4,12.777055016970678
CUST102152,67,M,Kolkata,Corporate,Salaried,348200.0,35,4,12.760535178224796
CUST102153,50,M,Indore,Retail,Business Owner,250000.0,108,1,12.429220196836383
CUST102154,59,M,Pune,Retail,Salaried,251100.0,224,1,12.433610527614848
CUST102155,47,M,Surat,HNWI,Salaried,1119300.0,60,4,13.928214941292488
CUST102156,44,M,Kochi,HNWI,Salaried,250000.0,150,2,12.429220196836383
CUST102157,55,M,Mumbai,Corporate,Salaried,390500.0,147,2,12.875185809078062
CUST102158,64,F,Bhopal,HNWI,Salaried,250000.0,24,1,12.429220196836383
CUST102159,39,F,Kolkata,SME,Self-Employed,250000.0,18,1,12.429220196836383
CUST102160,64,F,Kochi,Mass Affluent,Salaried,250000.0,40,1,12.429220196836383
CUST102161,34,M,Ahmedabad,Mass Affluent,Self-Employed,472000.0,9,3,13.064736383209516
CUST102162,42,M,Jaipur,Corporate,Salaried,250000.0,130,3,12.429220196836383
CUST102163,70,F,Kolkata,HNWI,Self-Employed,574100.0,67,2,13.26056061801103
CUST102164,72,M,Indore,Retail,Salaried,250000.0,146,3,12.429220196836383
CUST102165,70,M,Delhi,Retail,Salaried,289800.0,73,1,12.57694975951839
CUST102166,38,M,Bhopal,Mass Affluent,Self-Employed,343500.0,87,1,12.746945301848456
CUST102167,66,M,Hyderabad,HNWI,Retired,250000.0,30,1,12.429220196836383
CUST102168,71,F,Bhopal,Mass Affluent,Student,303200.0,192,1,12.622151230897948
CUST102169,73,F,Mumbai,HNWI,Salaried,331000.0,32,5,12.709876675502672
CUST102170,22,M,Mumbai,Corporate,Retired,531800.0,219,1,13.184024638195456
CUST102171,61,M,Delhi,Retail,Self-Employed,250000.0,45,1,12.429220196836383
CUST102172,74,F,Jaipur,Mass Affluent,Retired,250000.0,237,3,12.429220196836383
CUST102173,62,F,Hyderabad,Mass Affluent,Salaried,398600.0,175,2,12.895716195538418
CUST102174,33,F,Jaipur,Retail,Salaried,626200.0,198,1,13.347426684807054
CUST102175,62,M,Indore,Mass Affluent,Salaried,250000.0,194,1,12.429220196836383
CUST102176,26,F,Mumbai,Mass Affluent,Business Owner,250000.0,110,1,12.429220196836383
CUST102177,46,F,Ahmedabad,Corporate,Salaried,250000.0,48,1,12.429220196836383
CUST102178,54,F,Kochi,Mass Affluent,Salaried,250000.0,164,3,12.429220196836383
CUST102179,45,M,Pune,Retail,Self-Employed,340700.0,159,2,12.7387605387783
CUST102180,58,F,Bhopal,Mass Affluent,Student,250000.0,194,1,12.429220196836383
CUST102181,33,M,Lucknow,Corporate,Self-Employed,481100.0,60,3,13.083832506255328
CUST102182,53,M,Mumbai,Mass Affluent,Self-Employed,304800.0,197,1,12.62741438362914
CUST102183,55,F,Jaipur,Retail,Salaried,490100.0,211,2,13.102366771295475
CUST102184,55,F,Kolkata,SME,Retired,250000.0,177,1,12.429220196836383
CUST102185,36,M,Delhi,Retail,Salaried,250000.0,68,1,12.429220196836383
CUST102186,37,M,Chandigarh,Retail,Salaried,582800.0,63,2,13.27560106915621
CUST102187,34,M,Hyderabad,Retail,Salaried,250000.0,36,1,12.429220196836383
CUST102188,45,M,Delhi,HNWI,Salaried,250000.0,200,1,12.429220196836383
CUST102189,52,F,Hyderabad,Corporate,Self-Employed,250000.0,108,2,12.429220196836383
CUST102190,40,M,Indore,Retail,Self-Employed,310300.0,77,4,12.645298073119001
CUST102191,43,F,Jaipur,HNWI,Salaried,250000.0,42,2,12.429220196836383
CUST102192,36,M,Indore,HNWI,Salaried,355300.0,121,1,12.780720596528097
CUST102193,32,F,Pune,Corporate,Salaried,327600.0,52,2,12.699551683459445
CUST102194,56,F,Delhi,Corporate,Salaried,317500.0,201,2,12.668236246916223
CUST102195,65,F,Kolkata,HNWI,Retired,602600.0,85,1,13.309010565152567
CUST102196,36,F,Bangalore,Retail,Self-Employed,266100.0,110,2,12.491631214944439
CUST102197,67,F,Jaipur,Retail,Salaried,261400.0,160,2,12.473810905719647
CUST102198,51,F,Chennai,SME,Salaried,434400.0,169,5,12.981723349624996
CUST102199,30,F,Chandigarh,Mass Affluent,Business Owner,373800.0,33,4,12.831478849227416
CUST102200,40,M,Kolkata,Mass Affluent,Business Owner,250000.0,23,1,12.429220196836383
CUST102201,21,F,Chennai,Corporate,Retired,253900.0,72,3,12.444699706243501
CUST102202,23,F,Chandigarh,Corporate,Salaried,349000.0,180,2,12.762830066509972
CUST102203,39,M,Ahmedabad,HNWI,Salaried,250000.0,206,4,12.429220196836383
CUST102204,45,F,Bangalore,Corporate,Salaried,250000.0,233,3,12.429220196836383
CUST102205,64,M,Ahmedabad,Retail,Business Owner,250000.0,70,3,12.429220196836383
CUST102206,28,F,Hyderabad,HNWI,Salaried,250000.0,184,2,12.429220196836383
CUST102207,66,F,Surat,SME,Self-Employed,250000.0,45,3,12.429220196836383
CUST102208,33,F,Jaipur,Retail,Salaried,289600.0,50,2,12.57625939252641
CUST102209,28,F,Surat,Retail,Business Owner,250000.0,130,3,12.429220196836383
CUST102210,58,M,Chandigarh,HNWI,Salaried,613400.0,28,2,13.32677416091854
CUST102211,62,M,Surat,Mass Affluent,Business Owner,250000.0,13,1,12.429220196836383
CUST102212,53,F,Kolkata,Retail,Salaried,463900.0,238,2,13.047426446374502
CUST102213,27,M,Hyderabad,Retail,Business Owner,345000.0,194,1,12.75130259456002
CUST102214,27,F,Ahmedabad,Retail,Salaried,990300.0,164,1,13.805764216303896
CUST102215,42,M,Pune,Retail,Self-Employed,371000.0,58,2,12.82396003700373
CUST102216,45,F,Chennai,Corporate,Business Owner,250000.0,23,2,12.429220196836383
CUST102217,74,F,Indore,Mass Affluent,Salaried,505200.0,37,1,13.132711648870607
CUST102218,36,F,Bhopal,HNWI,Salaried,743100.0,104,1,13.518587249858557
CUST102219,31,F,Kolkata,Retail,Salaried,250000.0,195,2,12.429220196836383
CUST102220,72,M,Surat,Retail,Salaried,393800.0,144,5,12.88360098454402
CUST102221,29,M,Chandigarh,Retail,Self-Employed,449600.0,203,2,13.016115801758433
CUST102222,22,M,Mumbai,Corporate,Salaried,250000.0,218,3,12.429220196836383
CUST102223,43,F,Kolkata,SME,Salaried,250000.0,177,2,12.429220196836383
CUST102224,42,F,Kochi,Retail,Salaried,250000.0,29,1,12.429220196836383
CUST102225,54,F,Ahmedabad,SME,Salaried,250000.0,60,1,12.429220196836383
CUST102226,68,M,Kochi,Retail,Salaried,671900.0,84,2,13.417866287223848
CUST102227,71,F,Ahmedabad,Retail,Self-Employed,254400.0,129,4,12.446667041257989
CUST102228,36,M,Mumbai,HNWI,Salaried,250000.0,191,2,12.429220196836383
CUST102229,73,M,Pune,Retail,Retired,250000.0,232,2,12.429220196836383
CUST102230,55,M,Pune,SME,Business Owner,326300.0,236,3,12.695575547241136
CUST102231,24,F,Indore,Retail,Salaried,277700.0,117,3,12.53430027429669
CUST102232,71,M,Bangalore,HNWI,Business Owner,250000.0,238,3,12.429220196836383
CUST102233,28,F,Bangalore,Retail,Self-Employed,314400.0,228,2,12.658424520193709
CUST102234,52,F,Bangalore,Retail,Self-Employed,250000.0,44,5,12.429220196836383
CUST102235,63,F,Jaipur,Retail,Salaried,250000.0,164,2,12.429220196836383
CUST102236,34,F,Chandigarh,SME,Self-Employed,400600.0,108,1,12.900721198466355
CUST102237,35,M,Lucknow,Mass Affluent,Salaried,378500.0,203,4,12.843973993864076
CUST102238,46,M,Indore,Mass Affluent,Salaried,302500.0,209,5,12.619839862232693
CUST102239,68,F,Indore,Retail,Salaried,250000.0,51,5,12.429220196836383
CUST102240,33,F,Lucknow,Retail,Salaried,257000.0,147,2,12.456835254920371
CUST102241,56,F,Lucknow,Retail,Self-Employed,438700.0,222,4,12.991573366613755
CUST102242,45,F,Hyderabad,Corporate,Salaried,250000.0,162,1,12.429220196836383
CUST102243,27,M,Chandigarh,Retail,Salaried,449500.0,205,4,13.015893357585442
CUST102244,59,M,Kochi,Retail,Business Owner,250000.0,175,3,12.429220196836383
CUST102245,65,M,Bhopal,Mass Affluent,Salaried,296800.0,189,2,12.600817159541924
CUST102246,52,M,Chandigarh,Mass Affluent,Salaried,272500.0,204,1,12.515397562803473
CUST102247,30,F,Kolkata,Retail,Salaried,489700.0,226,3,13.101550279754894
CUST102248,29,F,Bangalore,Retail,Retired,250000.0,52,2,12.429220196836383
CUST102249,43,F,Indore,Retail,Self-Employed,250000.0,190,5,12.429220196836383
CUST102250,48,F,Ahmedabad,HNWI,Self-Employed,250000.0,95,4,12.429220196836383
CUST102251,50,M,Chandigarh,Retail,Business Owner,250000.0,140,3,12.429220196836383
CUST102252,34,F,Surat,HNWI,Self-Employed,312800.0,159,2,12.65332248457913
CUST102253,48,M,Hyderabad,Retail,Business Owner,250000.0,157,3,12.429220196836383
CUST102254,36,M,Kolkata,Corporate,Self-Employed,250000.0,52,3,12.429220196836383
CUST102255,58,M,Lucknow,SME,Business Owner,387100.0,198,2,12.866440919874208
CUST102256,64,F,Kolkata,Retail,Self-Employed,252300.0,173,1,12.438378098156768
CUST102257,56,F,Chennai,Mass Affluent,Salaried,280700.0,181,3,12.545045324865894
CUST102258,21,F,Hyderabad,Retail,Salaried,250000.0,150,1,12.429220196836383
CUST102259,74,F,Lucknow,Corporate,Salaried,252700.0,144,1,12.43996225063003
CUST102260,22,M,Mumbai,Mass Affluent,Salaried,273000.0,70,1,12.51723073716405
CUST102261,74,M,Delhi,Mass Affluent,Student,250000.0,145,2,12.429220196836383
CUST102262,22,F,Mumbai,Retail,Business Owner,294100.0,71,2,12.591678524740319
CUST102263,48,M,Kochi,Retail,Business Owner,250000.0,211,1,12.429220196836383
CUST102264,26,F,Mumbai,Mass Affluent,Self-Employed,250000.0,17,2,12.429220196836383
CUST102265,26,M,Pune,Mass Affluent,Retired,250000.0,8,4,12.429220196836383
CUST102266,57,M,Delhi,Corporate,Self-Employed,481500.0,176,2,13.084663587061359
CUST102267,60,M,Jaipur,Corporate,Salaried,250000.0,174,2,12.429220196836383
CUST102268,27,M,Mumbai,Mass Affluent,Salaried,295000.0,136,1,12.59473402514672
CUST102269,73,F,Mumbai,Mass Affluent,Salaried,796400.0,138,2,13.587858106821816
CUST102270,38,F,Pune,Corporate,Salaried,519600.0,14,3,13.160816488334081
CUST102271,38,F,Surat,Corporate,Salaried,364300.0,202,4,12.80573572798328
CUST102272,37,F,Delhi,Corporate,Salaried,311700.0,204,4,12.649799673963308
CUST102273,45,M,Ahmedabad,SME,Salaried,250000.0,54,2,12.429220196836383
CUST102274,30,M,Indore,Retail,Salaried,250000.0,9,1,12.429220196836383
CUST102275,43,M,Lucknow,HNWI,Retired,250000.0,128,3,12.429220196836383
CUST102276,32,F,Kochi,Mass Affluent,Salaried,378900.0,65,5,12.845030236222001
CUST102277,23,M,Chennai,Retail,Business Owner,339000.0,35,5,12.733758336210744
CUST102278,40,M,Chandigarh,Mass Affluent,Salaried,430700.0,32,5,12.973169392841225
CUST102279,57,F,Bangalore,Retail,Student,557800.0,160,1,13.23175754693118
CUST102280,62,F,Lucknow,Mass Affluent,Business Owner,250000.0,90,4,12.429220196836383
CUST102281,40,F,Pune,Retail,Retired,301100.0,184,1,12.615201035620073
CUST102282,38,M,Mumbai,HNWI,Salaried,250000.0,79,1,12.429220196836383
CUST102283,63,F,Chandigarh,Mass Affluent,Self-Employed,1038900.0,151,3,13.85367398161471
CUST102284,57,F,Surat,Mass Affluent,Salaried,250000.0,69,1,12.429220196836383
CUST102285,65,M,Hyderabad,Retail,Salaried,396700.0,135,2,12.890938127295817
CUST102286,69,F,Mumbai,Mass Affluent,Business Owner,250000.0,169,1,12.429220196836383
CUST102287,65,F,Surat,Retail,Salaried,250000.0,86,1,12.429220196836383
CUST102288,71,M,Jaipur,Retail,Salaried,250000.0,213,1,12.429220196836383
CUST102289,43,M,Mumbai,Retail,Retired,250000.0,155,2,12.429220196836383
CUST102290,42,M,Chandigarh,Corporate,Salaried,250000.0,53,2,12.429220196836383
CUST102291,38,F,Surat,Retail,Self-Employed,538100.0,216,2,13.195801553866417
CUST102292,33,M,Pune,Mass Affluent,Salaried,372300.0,122,3,12.82745794586311
CUST102293,61,F,Hyderabad,Corporate,Salaried,250000.0,174,1,12.429220196836383
CUST102294,59,F,Chennai,Retail,Salaried,351900.0,86,4,12.771105165022036
CUST102295,64,M,Pune,Corporate,Salaried,439900.0,11,1,12.994304980578146
CUST102296,30,F,Mumbai,Retail,Business Owner,250000.0,137,4,12.429220196836383
CUST102297,47,F,Kolkata,Retail,Retired,343600.0,125,5,12.747236379448887
CUST102298,32,F,Hyderabad,Retail,Salaried,490900.0,175,4,13.10399775711883
CUST102299,69,M,Delhi,Mass Affluent,Salaried,250000.0,178,2,12.429220196836383
CUST102300,35,M,Delhi,SME,Business Owner,369600.0,167,3,12.820179324373711
CUST102301,28,F,Kolkata,Mass Affluent,Salaried,333900.0,123,1,12.718599820835916
CUST102302,51,M,Kolkata,Mass Affluent,Salaried,829200.0,7,5,13.628217865524704
CUST102303,68,M,Kolkata,Retail,Salaried,374800.0,144,1,12.834150497432493
CUST102304,70,F,Surat,SME,Business Owner,250000.0,228,2,12.429220196836383
CUST102305,26,M,Ahmedabad,Mass Affluent,Salaried,250000.0,219,2,12.429220196836383
CUST102306,38,F,Bangalore,Retail,Salaried,903500.0,25,3,13.71403249582067
CUST102307,29,M,Chandigarh,SME,Student,250000.0,210,3,12.429220196836383
CUST102308,37,M,Surat,Retail,Retired,381400.0,39,2,12.851606594064263
CUST102309,49,M,Ahmedabad,Retail,Self-Employed,250000.0,25,1,12.429220196836383
CUST102310,36,M,Mumbai,Retail,Self-Employed,513400.0,12,3,13.148812495216267
CUST102311,24,M,Bhopal,Retail,Retired,528800.0,125,5,13.178367458591955
CUST102312,48,M,Kochi,Corporate,Self-Employed,264700.0,47,1,12.486356166069786
CUST102313,23,M,Pune,Mass Affluent,Business Owner,250000.0,151,3,12.429220196836383
CUST102314,33,F,Bangalore,SME,Salaried,250000.0,115,2,12.429220196836383
CUST102315,21,F,Delhi,Retail,Salaried,250000.0,205,2,12.429220196836383
CUST102316,25,M,Chennai,Mass Affluent,Business Owner,285000.0,55,1,12.560247968016562
CUST102317,44,M,Hyderabad,HNWI,Self-Employed,281600.0,68,3,12.548246454396082
CUST102318,66,M,Hyderabad,Mass Affluent,Salaried,250000.0,127,1,12.429220196836383
CUST102319,62,M,Pune,Mass Affluent,Self-Employed,250000.0,38,4,12.429220196836383
CUST102320,26,F,Mumbai,Mass Affluent,Business Owner,303700.0,113,1,12.6237989437515
CUST102321,22,F,Chennai,Mass Affluent,Salaried,327600.0,145,2,12.699551683459445
CUST102322,39,M,Bhopal,Corporate,Business Owner,340000.0,150,1,12.73670383776449
CUST102323,56,F,Indore,Retail,Salaried,250000.0,115,3,12.429220196836383
CUST102324,61,F,Mumbai,Mass Affluent,Self-Employed,340500.0,29,1,12.738173341424954
CUST102325,65,M,Surat,Mass Affluent,Student,250000.0,66,2,12.429220196836383
CUST102326,39,F,Chandigarh,Retail,Business Owner,450800.0,22,2,13.018781279423914
CUST102327,30,M,Jaipur,Retail,Retired,250000.0,226,2,12.429220196836383
CUST102328,22,F,Kolkata,SME,Self-Employed,535100.0,142,2,13.190210793107218
CUST102329,28,F,Ahmedabad,Retail,Salaried,664000.0,80,1,13.406038934481533
CUST102330,24,M,Hyderabad,Retail,Self-Employed,287700.0,76,1,12.56967702537649
CUST102331,67,F,Kolkata,Mass Affluent,Salaried,341900.0,18,1,12.742276500454938
CUST102332,35,F,Chandigarh,Retail,Self-Employed,429500.0,116,1,12.970379348692445
CUST102333,65,M,Lucknow,Retail,Salaried,250000.0,19,1,12.429220196836383
CUST102334,50,M,Pune,Retail,Salaried,250000.0,170,1,12.429220196836383
CUST102335,50,F,Delhi,Retail,Salaried,299700.0,53,2,12.610540589969192
CUST102336,45,M,Bhopal,Retail,Salaried,905400.0,29,1,13.716133218467592
CUST102337,65,M,Bangalore,Corporate,Salaried,250000.0,33,2,12.429220196836383
CUST102338,23,F,Surat,Retail,Salaried,716900.0,12,3,13.482693034734677
CUST102339,26,M,Chennai,Retail,Salaried,250000.0,98,3,12.429220196836383
CUST102340,43,F,Chennai,Mass Affluent,Salaried,262800.0,19,2,12.47915237076039
CUST102341,42,F,Bangalore,Retail,Retired,557300.0,24,1,13.23086076792171
CUST102342,50,F,Kolkata,Retail,Salaried,902500.0,57,2,13.7129250772218
CUST102343,60,F,Surat,Retail,Business Owner,345800.0,137,1,12.753618744072142
CUST102344,52,F,Pune,Retail,Salaried,539700.0,57,2,13.198770561486247
CUST102345,34,F,Mumbai,Retail,Business Owner,250000.0,101,4,12.429220196836383
CUST102346,38,F,Hyderabad,Retail,Self-Employed,250000.0,106,2,12.429220196836383
CUST102347,61,M,Bangalore,Corporate,Retired,250000.0,145,5,12.429220196836383
CUST102348,31,F,Pune,SME,Retired,250000.0,16,1,12.429220196836383
CUST102349,48,M,Bhopal,Corporate,Self-Employed,376700.0,237,1,12.839207048308943
CUST102350,50,F,Chandigarh,Retail,Salaried,304800.0,27,1,12.62741438362914
CUST102351,61,M,Chandigarh,HNWI,Salaried,756400.0,238,1,13.53632693781739
CUST102352,59,M,Delhi,Mass Affluent,Salaried,920600.0,72,1,13.732781996612788
CUST102353,46,M,Ahmedabad,Retail,Retired,250000.0,103,5,12.429220196836383
CUST102354,37,F,Mumbai,SME,Retired,250000.0,21,2,12.429220196836383
CUST102355,40,M,Ahmedabad,HNWI,Salaried,538200.0,91,5,13.195987375318552
CUST102356,43,M,Jaipur,Retail,Self-Employed,572900.0,216,4,13.258468205900469
CUST102357,32,F,Kochi,SME,Salaried,349700.0,165,3,12.764833782641317
CUST102358,54,F,Kolkata,Retail,Self-Employed,409800.0,151,4,12.923426954998698
CUST102359,32,F,Mumbai,Mass Affluent,Self-Employed,373100.0,92,1,12.82960443945224
CUST102360,56,M,Pune,Retail,Salaried,250000.0,222,4,12.429220196836383
CUST102361,61,F,Pune,Retail,Retired,250000.0,188,3,12.429220196836383
CUST102362,72,F,Lucknow,SME,Salaried,260300.0,64,2,12.469593932696368
CUST102363,27,M,Delhi,Mass Affluent,Business Owner,250000.0,146,3,12.429220196836383
CUST102364,62,F,Lucknow,Retail,Self-Employed,316800.0,98,4,12.666029095483083
CUST102365,25,M,Pune,HNWI,Salaried,250000.0,52,5,12.429220196836383
CUST102366,39,M,Kochi,Corporate,Salaried,250000.0,159,1,12.429220196836383
CUST102367,30,F,Chandigarh,Corporate,Salaried,250000.0,103,1,12.429220196836383
CUST102368,29,M,Hyderabad,SME,Self-Employed,417700.0,28,1,12.942521144545125
CUST102369,30,M,Kochi,Corporate,Retired,250000.0,208,4,12.429220196836383
CUST102370,23,M,Delhi,Mass Affluent,Salaried,250000.0,147,1,12.429220196836383
CUST102371,65,F,Chandigarh,Retail,Salaried,250000.0,135,3,12.429220196836383
CUST102372,24,M,Ahmedabad,SME,Salaried,250000.0,239,2,12.429220196836383
CUST102373,42,M,Kochi,Retail,Salaried,250000.0,172,4,12.429220196836383
CUST102374,58,F,Kochi,Retail,Salaried,494800.0,235,4,13.11191094051702
CUST102375,74,F,Lucknow,Retail,Self-Employed,250000.0,172,2,12.429220196836383
CUST102376,67,M,Kolkata,Retail,Salaried,392700.0,45,2,12.880803787035994
CUST102377,28,F,Kochi,Mass Affluent,Business Owner,425700.0,118,4,12.961492500885601
CUST102378,74,M,Ahmedabad,Corporate,Salaried,324500.0,125,1,12.690043896785632
CUST102379,56,F,Lucknow,Mass Affluent,Self-Employed,434200.0,75,2,12.981262839509812
CUST102380,30,F,Lucknow,Mass Affluent,Salaried,270700.0,78,5,12.508770169721908
CUST102381,45,F,Pune,Retail,Salaried,608200.0,145,3,13.318260698420037
CUST102382,70,M,Delhi,HNWI,Salaried,439800.0,102,5,12.994077630861014
CUST102383,42,F,Chennai,Retail,Self-Employed,476300.0,32,2,13.073805286303859
CUST102384,30,F,Chandigarh,Retail,Student,250000.0,142,3,12.429220196836383
CUST102385,68,M,Ahmedabad,Mass Affluent,Salaried,314300.0,145,5,12.658106404454157
CUST102386,72,M,Lucknow,Mass Affluent,Salaried,250000.0,197,3,12.429220196836383
CUST102387,73,F,Hyderabad,Retail,Self-Employed,621900.0,30,4,13.340536195066246
CUST102388,72,M,Surat,Retail,Salaried,250000.0,113,4,12.429220196836383
CUST102389,68,F,Ahmedabad,Retail,Business Owner,250000.0,217,1,12.429220196836383
CUST102390,45,M,Hyderabad,Mass Affluent,Salaried,250000.0,67,1,12.429220196836383
CUST102391,31,F,Bangalore,Retail,Retired,262600.0,180,3,12.478391048916697
CUST102392,54,F,Kolkata,Retail,Self-Employed,250000.0,86,4,12.429220196836383
CUST102393,32,M,Jaipur,Corporate,Salaried,801000.0,48,4,13.593617474489168
CUST102394,46,M,Chennai,HNWI,Self-Employed,449300.0,172,2,13.015448320740173
CUST102395,56,M,Hyderabad,Retail,Salaried,250000.0,189,3,12.429220196836383
CUST102396,72,F,Chennai,Mass Affluent,Self-Employed,250000.0,220,3,12.429220196836383
CUST102397,36,F,Chennai,Retail,Business Owner,250000.0,175,2,12.429220196836383
CUST102398,34,M,Kochi,Retail,Self-Employed,250000.0,77,2,12.429220196836383
CUST102399,60,F,Ahmedabad,HNWI,Salaried,250000.0,176,5,12.429220196836383
CUST102400,21,F,Ahmedabad,Retail,Salaried,330800.0,13,2,12.709272265101712
CUST102401,51,M,Bangalore,Retail,Salaried,250000.0,84,1,12.429220196836383
CUST102402,61,F,Jaipur,Corporate,Self-Employed,271100.0,55,2,12.510246724155719
CUST102403,50,M,Chandigarh,HNWI,Self-Employed,250000.0,128,1,12.429220196836383
CUST102404,41,F,Kochi,SME,Salaried,294000.0,167,3,12.591338447675579
CUST102405,65,M,Pune,Corporate,Business Owner,250000.0,143,4,12.429220196836383
CUST102406,41,M,Chennai,Retail,Business Owner,254500.0,48,3,12.447060044238079
CUST102407,59,M,Kolkata,Mass Affluent,Self-Employed,441600.0,94,4,12.998162038435213
CUST102408,46,M,Mumbai,Retail,Salaried,250000.0,27,3,12.429220196836383
CUST102409,22,M,Mumbai,Mass Affluent,Salaried,350200.0,137,2,12.766262554340948
CUST102410,49,F,Kochi,Retail,Salaried,250000.0,179,2,12.429220196836383
CUST102411,23,M,Indore,Retail,Business Owner,250000.0,63,2,12.429220196836383
CUST102412,71,F,Chandigarh,Retail,Business Owner,326600.0,129,2,12.69649452136317
CUST102413,53,M,Lucknow,HNWI,Business Owner,502900.0,210,1,13.12814861062497
CUST102414,41,M,Bhopal,Retail,Salaried,250000.0,32,3,12.429220196836383
CUST102415,47,F,Pune,Mass Affluent,Self-Employed,972000.0,230,1,13.78711211224863
CUST102416,54,M,Hyderabad,Corporate,Retired,250000.0,83,1,12.429220196836383
CUST102417,35,M,Hyderabad,HNWI,Salaried,250000.0,82,2,12.429220196836383
CUST102418,36,F,Hyderabad,Retail,Salaried,291900.0,173,5,12.584169982667103
CUST102419,43,M,Kochi,Retail,Salaried,354600.0,86,2,12.77874849269723
CUST102420,34,F,Mumbai,SME,Self-Employed,250000.0,101,3,12.429220196836383
CUST102421,61,M,Chandigarh,Mass Affluent,Salaried,250000.0,56,2,12.429220196836383
CUST102422,26,F,Kochi,Retail,Salaried,389300.0,37,1,12.872108102308323
CUST102423,65,M,Kolkata,SME,Salaried,290700.0,208,1,12.580050526513531
CUST102424,39,M,Surat,Retail,Business Owner,250000.0,28,1,12.429220196836383
CUST102425,51,F,Bangalore,Retail,Business Owner,362000.0,44,2,12.799402253235032
CUST102426,29,F,Pune,Retail,Business Owner,250000.0,199,2,12.429220196836383
CUST102427,41,F,Delhi,Retail,Retired,250000.0,192,3,12.429220196836383
CUST102428,61,M,Delhi,Retail,Self-Employed,250000.0,56,1,12.429220196836383
CUST102429,35,M,Mumbai,Mass Affluent,Business Owner,250000.0,200,1,12.429220196836383
CUST102430,28,F,Kochi,Retail,Salaried,250000.0,175,1,12.429220196836383
CUST102431,49,M,Kochi,Mass Affluent,Business Owner,250000.0,79,4,12.429220196836383
CUST102432,29,M,Bhopal,Corporate,Retired,273600.0,24,2,12.519426119694613
CUST102433,37,M,Chandigarh,Corporate,Self-Employed,250000.0,187,2,12.429220196836383
CUST102434,45,F,Chandigarh,Retail,Salaried,473000.0,165,3,13.06685278163674
CUST102435,51,M,Chandigarh,HNWI,Salaried,271300.0,111,1,12.510984184596735
CUST102436,55,M,Mumbai,Retail,Salaried,250000.0,70,1,12.429220196836383
CUST102437,57,M,Kochi,Mass Affluent,Salaried,707800.0,87,2,13.469918259720984
CUST102438,66,M,Surat,Retail,Salaried,275200.0,69,4,12.525257018755655
CUST102439,24,M,Bangalore,HNWI,Salaried,250000.0,215,4,12.429220196836383
CUST102440,40,M,Bangalore,Retail,Salaried,689000.0,53,2,13.442998001373553
CUST102441,21,M,Chandigarh,Mass Affluent,Retired,605000.0,112,1,13.312985389904174
CUST102442,21,M,Bhopal,Retail,Self-Employed,250000.0,155,2,12.429220196836383
CUST102443,32,F,Chennai,Retail,Business Owner,250000.0,18,1,12.429220196836383
CUST102444,53,F,Delhi,Mass Affluent,Salaried,250000.0,123,5,12.429220196836383
CUST102445,69,M,Kolkata,Retail,Salaried,250000.0,154,1,12.429220196836383
CUST102446,62,M,Mumbai,HNWI,Salaried,326100.0,129,1,12.694962428316714
CUST102447,55,M,Surat,Mass Affluent,Business Owner,445600.0,159,1,13.007179211757864
CUST102448,63,M,Kolkata,Mass Affluent,Salaried,398000.0,120,4,12.894209796826232
CUST102449,30,M,Mumbai,HNWI,Self-Employed,273700.0,154,2,12.519791548657462
CUST102450,66,F,Chandigarh,HNWI,Salaried,472300.0,234,1,13.065371773180294
CUST102451,69,M,Indore,Corporate,Salaried,250000.0,90,2,12.429220196836383
CUST102452,26,F,Bhopal,Retail,Salaried,798900.0,89,1,13.590992312190467
CUST102453,46,M,Chandigarh,Mass Affluent,Salaried,250000.0,164,1,12.429220196836383
CUST102454,65,M,Mumbai,HNWI,Salaried,250000.0,26,5,12.429220196836383
CUST102455,46,M,Kochi,Retail,Business Owner,250000.0,74,3,12.429220196836383
CUST102456,66,M,Kochi,Retail,Salaried,250000.0,44,3,12.429220196836383
CUST102457,71,M,Kochi,Retail,Salaried,250000.0,114,2,12.429220196836383
CUST102458,46,M,Hyderabad,Mass Affluent,Salaried,250000.0,34,2,12.429220196836383
CUST102459,24,M,Kolkata,Retail,Student,290000.0,56,3,12.577639650232573
CUST102460,39,F,Bhopal,Mass Affluent,Self-Employed,250000.0,105,1,12.429220196836383
CUST102461,32,F,Mumbai,Mass Affluent,Self-Employed,296500.0,149,3,12.599805870095512
CUST102462,46,M,Lucknow,Mass Affluent,Salaried,250000.0,106,2,12.429220196836383
CUST102463,52,F,Kochi,Retail,Business Owner,416400.0,195,2,12.93940401725705
CUST102464,46,M,Kochi,HNWI,Salaried,413300.0,193,1,12.93193142004686
CUST102465,31,M,Jaipur,Mass Affluent,Business Owner,267400.0,28,4,12.496504683358769
CUST102466,37,M,Kochi,Retail,Business Owner,250000.0,168,5,12.429220196836383
CUST102467,57,M,Bhopal,Retail,Salaried,323400.0,12,1,12.686648318266313
CUST102468,22,F,Kochi,Retail,Salaried,250000.0,46,1,12.429220196836383
CUST102469,32,F,Delhi,SME,Salaried,274000.0,184,3,12.520887034998584
CUST102470,69,F,Hyderabad,Retail,Salaried,250000.0,142,3,12.429220196836383
CUST102471,26,F,Chennai,Retail,Salaried,1300100.0,81,2,14.077952511721566
CUST102472,43,F,Kolkata,Retail,Salaried,250000.0,41,5,12.429220196836383
CUST102473,32,M,Kolkata,Retail,Salaried,250000.0,81,4,12.429220196836383
CUST102474,26,M,Hyderabad,Retail,Self-Employed,250000.0,188,1,12.429220196836383
CUST102475,43,M,Surat,HNWI,Salaried,250000.0,138,1,12.429220196836383
CUST102476,49,F,Delhi,Mass Affluent,Self-Employed,250000.0,36,1,12.429220196836383
CUST102477,30,M,Kochi,Corporate,Salaried,250000.0,119,4,12.429220196836383
CUST102478,25,F,Lucknow,Retail,Salaried,250000.0,53,2,12.429220196836383
CUST102479,28,F,Chandigarh,Mass Affluent,Salaried,250000.0,34,5,12.429220196836383
CUST102480,56,M,Mumbai,HNWI,Retired,478200.0,26,3,13.077786425179415
CUST102481,67,M,Chennai,Mass Affluent,Salaried,260600.0,183,3,12.47074578096406
CUST102482,30,F,Bhopal,Corporate,Self-Employed,511600.0,43,1,13.145300303336986
CUST102483,38,M,Ahmedabad,Retail,Business Owner,274900.0,47,1,12.524166311833152
CUST102484,39,M,Jaipur,Mass Affluent,Self-Employed,468400.0,208,5,13.057080045630833
CUST102485,40,M,Mumbai,Mass Affluent,Salaried,250000.0,199,2,12.429220196836383
CUST102486,34,F,Kochi,Retail,Salaried,698500.0,123,5,13.456691889317355
CUST102487,23,M,Hyderabad,Corporate,Self-Employed,356000.0,184,2,12.782688818818986
CUST102488,49,F,Chandigarh,Retail,Self-Employed,250000.0,11,3,12.429220196836383
CUST102489,40,M,Kolkata,Retail,Business Owner,389100.0,45,2,12.871594229002753
CUST102490,39,F,Bangalore,HNWI,Self-Employed,272700.0,88,1,12.516131235860326
CUST102491,35,F,Jaipur,HNWI,Salaried,250000.0,183,2,12.429220196836383
CUST102492,71,M,Ahmedabad,Corporate,Business Owner,284300.0,27,5,12.557788815044091
CUST102493,53,F,Ahmedabad,Corporate,Self-Employed,421200.0,160,2,12.95086543340818
CUST102494,43,M,Chandigarh,Retail,Student,250000.0,22,2,12.429220196836383
CUST102495,32,M,Kolkata,Mass Affluent,Business Owner,250000.0,235,3,12.429220196836383
CUST102496,64,F,Kolkata,SME,Salaried,404200.0,54,3,12.909667557971359
CUST102497,68,M,Lucknow,Retail,Self-Employed,311400.0,172,4,12.648836749680669
CUST102498,22,F,Bangalore,Mass Affluent,Self-Employed,250000.0,151,2,12.429220196836383
CUST102499,71,F,Indore,Corporate,Salaried,250000.0,97,2,12.429220196836383
CUST102500,58,M,Hyderabad,Retail,Salaried,744600.0,184,2,13.520603783422807
CUST102501,26,M,Hyderabad,SME,Salaried,250000.0,151,5,12.429220196836383
CUST102502,61,F,Mumbai,Mass Affluent,Salaried,665600.0,111,5,13.408445670891853
CUST102503,26,M,Kolkata,Corporate,Self-Employed,432300.0,160,3,12.976877383861467
CUST102504,23,M,Jaipur,Mass Affluent,Salaried,250000.0,73,1,12.429220196836383
CUST102505,27,M,Surat,Mass Affluent,Business Owner,250000.0,180,4,12.429220196836383
CUST102506,45,M,Bhopal,HNWI,Salaried,250000.0,169,1,12.429220196836383
CUST102507,54,F,Kochi,Retail,Business Owner,262400.0,115,1,12.47762914702042
CUST102508,42,M,Chennai,Mass Affluent,Self-Employed,351700.0,159,2,12.770536661790418
CUST102509,27,F,Indore,SME,Business Owner,250000.0,199,3,12.429220196836383
CUST102510,31,F,Bangalore,SME,Salaried,298600.0,156,1,12.606863513043441
CUST102511,67,F,Hyderabad,SME,Student,298500.0,73,2,12.606528561892935
CUST102512,72,F,Kolkata,Mass Affluent,Salaried,484800.0,70,3,13.091493776441386
CUST102513,61,F,Jaipur,Mass Affluent,Business Owner,250000.0,231,3,12.429220196836383
CUST102514,26,M,Hyderabad,Mass Affluent,Salaried,350000.0,195,1,12.765691290604371
CUST102515,65,M,Bhopal,Mass Affluent,Salaried,319000.0,78,1,12.672949516558306
CUST102516,58,F,Chennai,Mass Affluent,Self-Employed,453800.0,173,3,13.025414054939377
CUST102517,49,M,Kolkata,Retail,Salaried,250000.0,14,1,12.429220196836383
CUST102518,28,F,Lucknow,Retail,Salaried,250000.0,168,1,12.429220196836383
CUST102519,74,M,Pune,Mass Affluent,Salaried,250000.0,52,5,12.429220196836383
CUST102520,44,F,Pune,Retail,Salaried,250000.0,78,3,12.429220196836383
CUST102521,23,F,Chandigarh,Retail,Student,250000.0,223,2,12.429220196836383
CUST102522,32,M,Pune,Retail,Self-Employed,250000.0,38,2,12.429220196836383
CUST102523,42,F,Delhi,Corporate,Salaried,250000.0,190,3,12.429220196836383
CUST102524,24,M,Surat,SME,Business Owner,250500.0,100,2,12.431218191515056
CUST102525,38,M,Surat,Mass Affluent,Self-Employed,284100.0,108,3,12.557085087723449
CUST102526,46,F,Hyderabad,SME,Self-Employed,250000.0,114,3,12.429220196836383
CUST102527,72,F,Indore,Corporate,Self-Employed,250000.0,217,1,12.429220196836383
CUST102528,25,F,Kolkata,Retail,Salaried,528500.0,123,2,13.177799976438227
CUST102529,52,M,Bangalore,Retail,Salaried,250000.0,63,2,12.429220196836383
CUST102530,70,M,Bangalore,Retail,Business Owner,267900.0,7,3,12.498372788261829
CUST102531,64,M,Surat,Retail,Business Owner,250000.0,60,3,12.429220196836383
CUST102532,70,F,Hyderabad,Mass Affluent,Business Owner,267600.0,43,4,12.497252344150006
CUST102533,30,M,Ahmedabad,Retail,Salaried,250000.0,36,2,12.429220196836383
CUST102534,64,F,Kochi,Corporate,Business Owner,250000.0,238,2,12.429220196836383
CUST102535,73,F,Indore,Mass Affluent,Salaried,250000.0,109,3,12.429220196836383
CUST102536,38,M,Ahmedabad,Retail,Self-Employed,250000.0,239,2,12.429220196836383
CUST102537,47,F,Bhopal,SME,Salaried,876100.0,126,5,13.683236660076016
CUST102538,49,M,Chennai,SME,Business Owner,250000.0,57,2,12.429220196836383
CUST102539,47,M,Bhopal,HNWI,Student,431000.0,39,2,12.973865689268807
CUST102540,36,M,Hyderabad,HNWI,Salaried,250000.0,183,4,12.429220196836383
CUST102541,73,F,Mumbai,SME,Business Owner,250000.0,32,3,12.429220196836383
CUST102542,72,F,Surat,Mass Affluent,Self-Employed,250000.0,18,2,12.429220196836383
CUST102543,41,F,Kochi,Corporate,Salaried,601600.0,97,2,13.307349713850428
CUST102544,64,F,Bhopal,Retail,Salaried,335700.0,79,3,12.723976161813853
CUST102545,42,F,Bhopal,Mass Affluent,Self-Employed,250000.0,60,2,12.429220196836383
CUST102546,63,F,Delhi,Mass Affluent,Salaried,250000.0,126,2,12.429220196836383
CUST102547,52,F,Lucknow,Retail,Salaried,511700.0,140,3,13.145495749061354
CUST102548,46,M,Surat,Retail,Retired,250000.0,107,1,12.429220196836383
CUST102549,27,M,Lucknow,Retail,Self-Employed,323300.0,128,3,12.686339056811123
CUST102550,56,F,Mumbai,Retail,Business Owner,370500.0,162,1,12.822611422769967
CUST102551,38,F,Mumbai,Retail,Self-Employed,250000.0,44,3,12.429220196836383
CUST102552,32,F,Surat,Retail,Salaried,294400.0,92,1,12.59269806257022
CUST102553,31,F,Indore,Corporate,Business Owner,362700.0,9,2,12.801334082366724
CUST102554,74,F,Bangalore,Mass Affluent,Salaried,250000.0,232,1,12.429220196836383
CUST102555,26,F,Mumbai,Mass Affluent,Salaried,444700.0,156,2,13.005157425203253
CUST102556,64,F,Pune,Retail,Self-Employed,320700.0,193,3,12.678264503855369
CUST102557,67,M,Chennai,Corporate,Retired,250000.0,186,2,12.429220196836383
CUST102558,22,F,Chandigarh,Retail,Salaried,285800.0,7,2,12.563051043422098
CUST102559,52,F,Bhopal,Retail,Student,410200.0,120,5,12.924402562452649
CUST102560,52,F,Jaipur,Mass Affluent,Business Owner,1077000.0,209,1,13.889690884643201
CUST102561,40,F,Chandigarh,SME,Salaried,386900.0,140,2,12.86592412533246
CUST102562,57,M,Hyderabad,SME,Salaried,436400.0,145,2,12.986316824414137
CUST102563,43,M,Chandigarh,HNWI,Salaried,301400.0,231,4,12.616196883019061
CUST102564,44,F,Pune,HNWI,Self-Employed,839900.0,181,1,13.64103930673094
CUST102565,44,F,Ahmedabad,Mass Affluent,Salaried,250000.0,185,2,12.429220196836383
CUST102566,64,M,Mumbai,Mass Affluent,Salaried,250000.0,192,4,12.429220196836383
CUST102567,55,M,Bangalore,Retail,Salaried,294100.0,84,2,12.591678524740319
CUST102568,41,F,Bangalore,Retail,Student,398700.0,233,4,12.895967041517792
CUST102569,71,M,Ahmedabad,SME,Salaried,250000.0,204,1,12.429220196836383
CUST102570,64,F,Bangalore,SME,Salaried,267800.0,13,1,12.497999446362185
CUST102571,71,M,Delhi,Retail,Salaried,250000.0,134,2,12.429220196836383
CUST102572,60,M,Lucknow,Retail,Salaried,419400.0,63,1,12.946582781805722
CUST102573,42,F,Bhopal,Retail,Salaried,347100.0,128,2,12.757371082859844
CUST102574,62,F,Delhi,Mass Affluent,Business Owner,250000.0,195,1,12.429220196836383
CUST102575,38,F,Jaipur,Retail,Self-Employed,250000.0,167,2,12.429220196836383
CUST102576,35,F,Chandigarh,Mass Affluent,Salaried,250000.0,193,5,12.429220196836383
CUST102577,45,M,Pune,Retail,Business Owner,418100.0,106,5,12.943478309114099
CUST102578,73,F,Bangalore,Retail,Salaried,336000.0,24,2,12.724869415131389
CUST102579,51,F,Delhi,Retail,Business Owner,250000.0,212,1,12.429220196836383
CUST102580,41,F,Chandigarh,HNWI,Salaried,292600.0,24,4,12.586565185197317
CUST102581,45,M,Pune,Retail,Retired,250000.0,45,2,12.429220196836383
CUST102582,36,F,Delhi,Mass Affluent,Retired,917800.0,175,2,13.729735870504273
CUST102583,56,M,Indore,Mass Affluent,Business Owner,378700.0,104,4,12.844502254499021
CUST102584,39,F,Indore,HNWI,Salaried,430100.0,117,2,12.971775343809814
CUST102585,50,F,Surat,Retail,Salaried,613000.0,21,2,13.326121846238388
CUST102586,40,M,Delhi,HNWI,Business Owner,493700.0,45,4,13.109685349766474
CUST102587,38,F,Delhi,Retail,Salaried,273500.0,171,2,12.519060557144618
CUST102588,73,F,Hyderabad,Mass Affluent,Salaried,250000.0,138,3,12.429220196836383
CUST102589,39,F,Bangalore,Mass Affluent,Salaried,581300.0,69,4,13.273023973970089
CUST102590,24,F,Ahmedabad,SME,Salaried,272600.0,99,2,12.515764466616417
CUST102591,41,F,Kolkata,SME,Salaried,250000.0,105,4,12.429220196836383
CUST102592,49,M,Kochi,HNWI,Salaried,873300.0,221,2,13.680035563483042
CUST102593,26,F,Delhi,Corporate,Self-Employed,250000.0,213,5,12.429220196836383
CUST102594,37,F,Surat,Retail,Salaried,250000.0,118,2,12.429220196836383
CUST102595,29,M,Chandigarh,Mass Affluent,Salaried,486800.0,49,1,13.095610694325117
CUST102596,48,M,Delhi,Retail,Salaried,250000.0,138,3,12.429220196836383
CUST102597,60,M,Lucknow,Retail,Retired,348400.0,6,5,12.76110939422043
CUST102598,73,F,Ahmedabad,Mass Affluent,Self-Employed,798400.0,157,3,13.590366256483616
CUST102599,42,M,Delhi,HNWI,Self-Employed,250000.0,141,3,12.429220196836383
CUST102600,67,F,Chennai,HNWI,Business Owner,261800.0,216,5,12.475339952160343
CUST102601,32,F,Kochi,Corporate,Self-Employed,653500.0,108,2,13.390099342267124
CUST102602,63,M,Bhopal,Mass Affluent,Salaried,404000.0,137,4,12.90917263218775
CUST102603,51,F,Kolkata,SME,Self-Employed,250000.0,18,1,12.429220196836383
CUST102604,61,F,Delhi,Corporate,Salaried,1125400.0,198,1,13.933649974553873
CUST102605,61,F,Hyderabad,Corporate,Self-Employed,253400.0,75,1,12.442728493191302
CUST102606,49,F,Indore,Retail,Salaried,340500.0,183,5,12.738173341424954
CUST102607,34,M,Jaipur,Mass Affluent,Retired,721900.0,61,1,13.489643289359705
CUST102608,49,M,Pune,HNWI,Salaried,483400.0,87,2,13.088601815929563
CUST102609,65,M,Mumbai,SME,Salaried,593000.0,66,1,13.292951364319082
CUST102610,73,M,Kochi,Retail,Self-Employed,250000.0,216,1,12.429220196836383
CUST102611,71,F,Pune,Retail,Salaried,560700.0,190,2,13.236943065595103
CUST102612,30,M,Jaipur,Retail,Salaried,297100.0,170,1,12.601827427315111
CUST102613,53,F,Indore,Retail,Business Owner,250000.0,77,4,12.429220196836383
CUST102614,26,F,Jaipur,Corporate,Business Owner,306600.0,177,4,12.633302506993136
CUST102615,57,M,Bhopal,Retail,Self-Employed,300800.0,120,3,12.614204195520381
CUST102616,74,F,Jaipur,Retail,Salaried,823100.0,173,2,13.620834193879205
CUST102617,23,M,Kolkata,HNWI,Salaried,337300.0,68,4,12.72873098576518
CUST102618,56,F,Bhopal,Retail,Salaried,250000.0,132,2,12.429220196836383
CUST102619,72,M,Lucknow,Retail,Self-Employed,250000.0,228,1,12.429220196836383
CUST102620,66,M,Kochi,Mass Affluent,Self-Employed,260800.0,24,2,12.471512943383113
CUST102621,42,M,Hyderabad,Mass Affluent,Salaried,250000.0,187,2,12.429220196836383
CUST102622,26,F,Surat,SME,Salaried,250000.0,169,2,12.429220196836383
CUST102623,70,M,Jaipur,HNWI,Salaried,250000.0,105,2,12.429220196836383
CUST102624,70,F,Delhi,SME,Salaried,250000.0,218,4,12.429220196836383
CUST102625,52,M,Hyderabad,Retail,Salaried,415000.0,176,3,12.936036208848487
CUST102626,73,M,Bhopal,HNWI,Salaried,250000.0,129,1,12.429220196836383
CUST102627,21,F,Jaipur,Mass Affluent,Salaried,250000.0,79,2,12.429220196836383
CUST102628,54,F,Kochi,HNWI,Salaried,250000.0,166,3,12.429220196836383
CUST102629,23,M,Bangalore,Mass Affluent,Salaried,265500.0,25,1,12.48937388613538
CUST102630,71,M,Hyderabad,Retail,Salaried,250000.0,66,1,12.429220196836383
CUST102631,57,M,Chandigarh,Retail,Business Owner,250000.0,106,3,12.429220196836383
CUST102632,70,F,Pune,Corporate,Salaried,869000.0,58,2,13.675099554994853
CUST102633,51,M,Bhopal,Corporate,Salaried,441200.0,138,1,12.9972558329047
CUST102634,25,M,Indore,Retail,Salaried,259100.0,209,2,12.464973226056454
CUST102635,22,F,Kolkata,Mass Affluent,Salaried,308700.0,87,2,12.640128449875998
CUST102636,39,M,Chandigarh,HNWI,Salaried,250000.0,101,1,12.429220196836383
CUST102637,61,M,Kochi,Mass Affluent,Salaried,250000.0,99,3,12.429220196836383
CUST102638,29,F,Delhi,Retail,Salaried,498000.0,175,2,13.118357364036902
CUST102639,67,M,Delhi,Corporate,Business Owner,447200.0,173,1,13.010763436956484
CUST102640,33,M,Delhi,Mass Affluent,Business Owner,250000.0,60,4,12.429220196836383
CUST102641,47,M,Kochi,HNWI,Salaried,307400.0,215,2,12.635908363171778
CUST102642,31,F,Bangalore,Mass Affluent,Salaried,328400.0,157,5,12.701990701622766
CUST102643,46,F,Chennai,HNWI,Student,250000.0,215,1,12.429220196836383
CUST102644,45,F,Pune,Retail,Salaried,944500.0,210,2,13.75841202468439
CUST102645,21,F,Bangalore,SME,Student,884900.0,140,3,13.693231053325997
CUST102646,51,M,Chennai,Retail,Business Owner,250000.0,170,4,12.429220196836383
CUST102647,63,M,Surat,Corporate,Salaried,250000.0,153,3,12.429220196836383
CUST102648,71,M,Chandigarh,Corporate,Salaried,250000.0,148,3,12.429220196836383
CUST102649,38,M,Ahmedabad,Mass Affluent,Salaried,250000.0,130,3,12.429220196836383
CUST102650,68,F,Kochi,Mass Affluent,Business Owner,250000.0,60,1,12.429220196836383
CUST102651,68,M,Ahmedabad,Retail,Salaried,363700.0,92,3,12.804087380490135
CUST102652,74,F,Pune,Retail,Self-Employed,870500.0,171,2,13.676824186954798
CUST102653,41,F,Ahmedabad,Mass Affluent,Salaried,680100.0,178,1,13.429996595534654
CUST102654,66,M,Chandigarh,Retail,Business Owner,430800.0,115,1,12.973401545524442
CUST102655,51,F,Mumbai,Retail,Business Owner,250000.0,32,1,12.429220196836383
CUST102656,24,F,Ahmedabad,SME,Salaried,250000.0,37,1,12.429220196836383
CUST102657,35,M,Mumbai,Retail,Salaried,508100.0,215,1,13.1384355256964
CUST102658,57,M,Bhopal,Retail,Salaried,709000.0,35,1,13.471612215950506
CUST102659,29,M,Lucknow,Retail,Business Owner,374100.0,72,3,12.832281093414728
CUST102660,44,F,Mumbai,Mass Affluent,Self-Employed,250000.0,20,2,12.429220196836383
CUST102661,62,F,Lucknow,Mass Affluent,Salaried,604000.0,57,1,13.311331132544721
CUST102662,29,M,Pune,HNWI,Business Owner,421700.0,202,3,12.952051811085882
CUST102663,47,F,Mumbai,Mass Affluent,Salaried,531000.0,70,1,13.182519183461475
CUST102664,32,M,Chandigarh,Retail,Salaried,250000.0,201,2,12.429220196836383
CUST102665,49,M,Kolkata,Mass Affluent,Retired,329700.0,195,5,12.70594146211558
CUST102666,33,M,Mumbai,Retail,Salaried,778200.0,169,3,13.56474012454847
CUST102667,73,M,Lucknow,Corporate,Business Owner,368200.0,68,2,12.81638426369269
CUST102668,25,M,Kolkata,Retail,Salaried,474000.0,239,2,13.06896471037963
CUST102669,73,M,Lucknow,Retail,Self-Employed,274300.0,148,1,12.521981322562505
CUST102670,63,M,Bangalore,Mass Affluent,Salaried,286000.0,186,2,12.563750586299374
CUST102671,67,F,Indore,Retail,Salaried,622500.0,86,2,13.341500513745412
CUST102672,66,M,Pune,Mass Affluent,Salaried,250000.0,161,2,12.429220196836383
CUST102673,31,F,Pune,Mass Affluent,Self-Employed,250000.0,159,5,12.429220196836383
CUST102674,71,F,Indore,SME,Salaried,250000.0,145,3,12.429220196836383
CUST102675,53,F,Jaipur,Retail,Salaried,272100.0,144,3,12.513928599884025
CUST102676,72,M,Mumbai,Mass Affluent,Salaried,250000.0,170,3,12.429220196836383
CUST102677,68,F,Jaipur,HNWI,Salaried,416100.0,239,3,12.93868329823659
CUST102678,52,M,Lucknow,Retail,Self-Employed,250000.0,209,2,12.429220196836383
CUST102679,41,M,Chennai,Mass Affluent,Self-Employed,447800.0,78,4,13.012104216284092
CUST102680,27,F,Bangalore,Corporate,Self-Employed,250000.0,214,3,12.429220196836383
CUST102681,26,M,Mumbai,HNWI,Salaried,448900.0,87,3,13.014557652435174
CUST102682,42,F,Indore,SME,Salaried,598500.0,64,1,13.302183474822545
CUST102683,64,M,Mumbai,HNWI,Salaried,349100.0,52,2,12.763116557597762
CUST102684,48,F,Jaipur,Retail,Salaried,273200.0,170,2,12.51796306699418
CUST102685,47,F,Indore,SME,Retired,451000.0,114,1,13.019224835777257
CUST102686,34,F,Kolkata,Retail,Salaried,575400.0,199,3,13.26282246801952
CUST102687,51,F,Hyderabad,Mass Affluent,Retired,367200.0,201,5,12.813664661036311
CUST102688,55,F,Surat,HNWI,Salaried,384100.0,131,3,12.858660817819281
CUST102689,74,M,Lucknow,Corporate,Self-Employed,725200.0,55,1,13.494204136791833
CUST102690,60,M,Mumbai,Corporate,Self-Employed,423700.0,32,1,12.956783296772356
CUST102691,53,M,Jaipur,Retail,Self-Employed,250000.0,230,2,12.429220196836383
CUST102692,70,F,Mumbai,HNWI,Self-Employed,573800.0,77,1,13.260037925295398
CUST102693,43,F,Kolkata,Retail,Salaried,250000.0,9,1,12.429220196836383
CUST102694,71,F,Chennai,HNWI,Self-Employed,273700.0,98,1,12.519791548657462
CUST102695,40,F,Indore,HNWI,Salaried,286100.0,194,2,12.564100174313463
CUST102696,27,M,Chandigarh,Retail,Salaried,479900.0,27,1,13.081335111611617
CUST102697,43,F,Surat,Corporate,Salaried,766300.0,167,1,13.549330321929588
CUST102698,27,F,Kochi,Mass Affluent,Salaried,272300.0,103,4,12.514663351075232
CUST102699,27,M,Mumbai,Mass Affluent,Retired,758200.0,217,5,13.538703800976718
CUST102700,68,M,Mumbai,SME,Salaried,296200.0,111,4,12.598793556907369
CUST102701,63,F,Kochi,Mass Affluent,Salaried,622400.0,128,1,13.341339858528833
CUST102702,32,M,Pune,Mass Affluent,Salaried,302300.0,112,1,12.619178488734292
CUST102703,66,F,Ahmedabad,Retail,Self-Employed,250000.0,165,2,12.429220196836383
CUST102704,24,F,Surat,Retail,Self-Employed,850200.0,22,3,13.653228071099972
CUST102705,36,F,Kolkata,Retail,Retired,250000.0,17,3,12.429220196836383
CUST102706,59,F,Surat,Retail,Self-Employed,250000.0,142,4,12.429220196836383
CUST102707,37,F,Surat,Retail,Salaried,250000.0,98,2,12.429220196836383
CUST102708,60,F,Hyderabad,Mass Affluent,Salaried,574000.0,45,5,13.260386417460465
CUST102709,68,F,Surat,Mass Affluent,Salaried,661400.0,186,3,13.402115591473047
CUST102710,24,M,Bangalore,Retail,Self-Employed,335700.0,181,1,12.723976161813853
CUST102711,22,F,Chennai,Mass Affluent,Student,250000.0,31,2,12.429220196836383
CUST102712,71,F,Kochi,Corporate,Salaried,267200.0,49,2,12.495756463152594
CUST102713,49,F,Chandigarh,Retail,Salaried,250000.0,189,1,12.429220196836383
CUST102714,48,M,Mumbai,Mass Affluent,Self-Employed,250000.0,117,2,12.429220196836383
CUST102715,46,M,Lucknow,Retail,Self-Employed,250000.0,78,3,12.429220196836383
CUST102716,44,F,Jaipur,Mass Affluent,Self-Employed,363500.0,129,2,12.803537326983564
CUST102717,58,M,Lucknow,HNWI,Salaried,250000.0,88,4,12.429220196836383
CUST102718,52,M,Kochi,Retail,Salaried,319700.0,27,1,12.675141462975478
CUST102719,29,F,Delhi,Retail,Salaried,250000.0,157,5,12.429220196836383
CUST102720,54,M,Kochi,Corporate,Salaried,734900.0,168,2,13.507491075245389
CUST102721,57,F,Chennai,Retail,Self-Employed,250000.0,24,5,12.429220196836383
CUST102722,27,M,Bangalore,HNWI,Salaried,452300.0,64,1,13.022103166385445
CUST102723,41,M,Pune,Mass Affluent,Salaried,300500.0,152,2,12.613206360738884
CUST102724,63,F,Mumbai,Retail,Student,341600.0,183,5,12.741398668292735
CUST102725,54,M,Lucknow,HNWI,Salaried,250000.0,219,1,12.429220196836383
CUST102726,28,F,Jaipur,Mass Affluent,Salaried,250000.0,147,4,12.429220196836383
CUST102727,23,F,Ahmedabad,Retail,Retired,250000.0,27,2,12.429220196836383
CUST102728,52,M,Mumbai,SME,Salaried,272400.0,88,2,12.51503052432271
CUST102729,45,F,Kochi,Mass Affluent,Business Owner,594600.0,65,3,13.295645871347613
CUST102730,72,M,Mumbai,HNWI,Salaried,348000.0,237,1,12.759960632315702
CUST102731,49,F,Hyderabad,Retail,Business Owner,250000.0,9,3,12.429220196836383
CUST102732,71,M,Kolkata,Retail,Salaried,282800.0,93,1,12.552498749066196
CUST102733,32,M,Surat,HNWI,Salaried,255700.0,127,3,12.451764072104638
CUST102734,45,M,Pune,Mass Affluent,Student,250000.0,76,3,12.429220196836383
CUST102735,28,F,Indore,Retail,Self-Employed,265900.0,177,1,12.490879338036375
CUST102736,52,M,Chandigarh,HNWI,Salaried,424300.0,36,1,12.958198388010642
CUST102737,31,F,Kochi,Mass Affluent,Salaried,250000.0,222,3,12.429220196836383
CUST102738,47,M,Mumbai,Retail,Salaried,250000.0,99,1,12.429220196836383
CUST102739,39,M,Kochi,HNWI,Salaried,483700.0,92,3,13.089222226206084
CUST102740,31,F,Hyderabad,Mass Affluent,Salaried,355500.0,222,5,12.781283341160998
CUST102741,26,M,Bhopal,Mass Affluent,Salaried,578100.0,40,1,13.267503872873604
CUST102742,48,M,Chandigarh,HNWI,Retired,635100.0,115,2,13.361539320345015
CUST102743,72,F,Delhi,Mass Affluent,Business Owner,250000.0,12,5,12.429220196836383
CUST102744,31,F,Delhi,SME,Retired,319000.0,125,5,12.672949516558306
CUST102745,42,M,Surat,Corporate,Salaried,250000.0,82,1,12.429220196836383
CUST102746,33,F,Bangalore,Retail,Salaried,250000.0,179,4,12.429220196836383
CUST102747,64,F,Chandigarh,Mass Affluent,Self-Employed,250000.0,125,1,12.429220196836383
CUST102748,43,M,Jaipur,SME,Salaried,250000.0,152,3,12.429220196836383
CUST102749,73,F,Jaipur,Corporate,Salaried,250000.0,216,2,12.429220196836383
CUST102750,34,F,Indore,Retail,Business Owner,250000.0,228,1,12.429220196836383
CUST102751,25,F,Hyderabad,Retail,Self-Employed,266100.0,56,2,12.491631214944439
CUST102752,52,M,Jaipur,Retail,Salaried,1164700.0,123,1,13.96797495968057
CUST102753,56,M,Chandigarh,Corporate,Salaried,250000.0,188,2,12.429220196836383
CUST102754,74,F,Mumbai,SME,Salaried,530900.0,35,2,13.182330842163886
CUST102755,68,F,Bangalore,Corporate,Self-Employed,265400.0,118,5,12.48899716877066
CUST102756,68,M,Bangalore,Retail,Salaried,250000.0,136,2,12.429220196836383
CUST102757,55,M,Kolkata,Corporate,Retired,250000.0,209,3,12.429220196836383
CUST102758,40,F,Delhi,Retail,Salaried,424100.0,26,1,12.957726913394351
CUST102759,44,F,Bangalore,Retail,Salaried,250000.0,207,5,12.429220196836383
CUST102760,28,M,Indore,Retail,Self-Employed,441000.0,61,2,12.996802422000108
CUST102761,44,M,Pune,Mass Affluent,Retired,762800.0,206,1,13.544752463667164
CUST102762,40,F,Kolkata,Mass Affluent,Business Owner,250000.0,159,3,12.429220196836383
CUST102763,22,F,Pune,Retail,Salaried,540900.0,99,2,13.200991546628376
CUST102764,32,F,Chandigarh,Retail,Salaried,272500.0,37,1,12.515397562803473
CUST102765,49,F,Ahmedabad,Corporate,Self-Employed,250000.0,87,2,12.429220196836383
CUST102766,40,F,Ahmedabad,Retail,Business Owner,250000.0,179,2,12.429220196836383
CUST102767,74,M,Bhopal,Mass Affluent,Student,298600.0,54,1,12.606863513043441
CUST102768,46,M,Mumbai,Retail,Salaried,341400.0,162,3,12.740813018453595
CUST102769,72,M,Ahmedabad,Retail,Self-Employed,250000.0,59,1,12.429220196836383
CUST102770,56,M,Kochi,Retail,Salaried,273500.0,25,1,12.519060557144618
CUST102771,23,F,Ahmedabad,HNWI,Salaried,439800.0,150,1,12.994077630861014
CUST102772,31,F,Bhopal,Mass Affluent,Salaried,488500.0,196,2,13.099096797545785
CUST102773,59,M,Bhopal,Retail,Salaried,250000.0,231,1,12.429220196836383
CUST102774,50,M,Kolkata,Corporate,Salaried,349100.0,123,1,12.763116557597762
CUST102775,37,M,Indore,Retail,Salaried,510700.0,147,1,13.143539570730548
CUST102776,49,M,Hyderabad,HNWI,Self-Employed,447500.0,165,5,13.011434051331422
CUST102777,69,M,Hyderabad,Retail,Self-Employed,458100.0,102,1,13.034844962801943
CUST102778,41,M,Chandigarh,Corporate,Salaried,287200.0,14,1,12.567937598044296
CUST102779,23,F,Mumbai,Retail,Self-Employed,253500.0,62,2,12.44312304677877
CUST102780,37,M,Kolkata,Mass Affluent,Salaried,315900.0,94,2,12.663184152343888
CUST102781,71,F,Lucknow,Mass Affluent,Salaried,250000.0,158,1,12.429220196836383
CUST102782,62,M,Pune,Mass Affluent,Student,523000.0,77,4,13.167338655091122
CUST102783,66,M,Indore,Corporate,Salaried,250000.0,55,3,12.429220196836383
CUST102784,70,F,Hyderabad,Retail,Salaried,250000.0,217,2,12.429220196836383
CUST102785,27,F,Jaipur,Retail,Self-Employed,262600.0,27,2,12.478391048916697
CUST102786,36,M,Delhi,Corporate,Salaried,355700.0,190,3,12.78184576929048
CUST102787,24,M,Hyderabad,Corporate,Salaried,398100.0,27,1,12.894461020916928
CUST102788,21,M,Bangalore,Mass Affluent,Self-Employed,655700.0,80,5,13.39346017133824
CUST102789,66,M,Kochi,Mass Affluent,Self-Employed,281200.0,205,1,12.54682499510009
CUST102790,71,F,Hyderabad,HNWI,Salaried,250000.0,202,2,12.429220196836383
CUST102791,29,M,Surat,HNWI,Retired,250000.0,95,1,12.429220196836383
CUST102792,59,M,Kolkata,Corporate,Salaried,250000.0,10,3,12.429220196836383
CUST102793,49,M,Jaipur,Corporate,Salaried,366600.0,226,4,12.812029342152707
CUST102794,24,M,Bhopal,Retail,Salaried,250000.0,213,3,12.429220196836383
CUST102795,70,M,Indore,Mass Affluent,Salaried,250000.0,122,1,12.429220196836383
CUST102796,68,M,Mumbai,Mass Affluent,Student,710400.0,12,3,13.473584878316764
CUST102797,51,F,Kochi,Retail,Self-Employed,298900.0,167,5,12.607867693866968
CUST102798,59,M,Chandigarh,Corporate,Salaried,250000.0,189,1,12.429220196836383
CUST102799,42,M,Surat,Mass Affluent,Salaried,250000.0,199,1,12.429220196836383
CUST102800,63,F,Bangalore,Retail,Salaried,250000.0,177,2,12.429220196836383
CUST102801,45,F,Lucknow,Mass Affluent,Self-Employed,259000.0,210,3,12.464587201678082
CUST102802,74,M,Lucknow,Retail,Salaried,721200.0,125,1,13.488673156888265
CUST102803,24,M,Lucknow,Retail,Retired,250000.0,44,1,12.429220196836383
CUST102804,30,F,Pune,Mass Affluent,Salaried,250000.0,167,2,12.429220196836383
CUST102805,73,M,Ahmedabad,HNWI,Salaried,250000.0,56,3,12.429220196836383
CUST102806,36,F,Lucknow,Mass Affluent,Retired,466400.0,153,1,13.052801058098455
CUST102807,37,M,Pune,Retail,Retired,746200.0,41,2,13.522750279891588
CUST102808,63,M,Kochi,Mass Affluent,Salaried,351100.0,15,4,12.768829210343865
CUST102809,31,F,Surat,Retail,Salaried,250000.0,110,1,12.429220196836383
CUST102810,48,M,Chennai,SME,Retired,264800.0,144,2,12.486733879472904
CUST102811,36,F,Lucknow,Retail,Self-Employed,785200.0,42,2,13.573695014944509
CUST102812,31,F,Kochi,Corporate,Self-Employed,250000.0,189,3,12.429220196836383
CUST102813,73,M,Ahmedabad,Retail,Self-Employed,291900.0,158,3,12.584169982667103
CUST102814,31,M,Surat,Retail,Retired,310000.0,193,4,12.644330802262578
CUST102815,26,M,Delhi,Mass Affluent,Salaried,250000.0,90,2,12.429220196836383
CUST102816,57,F,Kolkata,HNWI,Salaried,488300.0,160,1,13.098687297969015
CUST102817,67,M,Surat,SME,Salaried,447900.0,231,2,13.012327504834113
CUST102818,27,F,Bhopal,Mass Affluent,Self-Employed,250000.0,48,2,12.429220196836383
CUST102819,59,F,Lucknow,Retail,Salaried,250000.0,197,3,12.429220196836383
CUST102820,50,F,Lucknow,Retail,Salaried,250000.0,153,5,12.429220196836383
CUST102821,65,M,Kolkata,Mass Affluent,Self-Employed,420400.0,175,2,12.948964296669068
CUST102822,27,M,Surat,Retail,Salaried,250000.0,152,3,12.429220196836383
CUST102823,73,F,Kolkata,Corporate,Student,341400.0,167,1,12.740813018453595
CUST102824,54,F,Mumbai,Mass Affluent,Salaried,250000.0,188,2,12.429220196836383
CUST102825,66,M,Hyderabad,HNWI,Self-Employed,280000.0,15,3,12.54254845357358
CUST102826,40,F,Lucknow,Corporate,Self-Employed,361300.0,13,3,12.797466684914907
CUST102827,71,M,Chandigarh,Retail,Salaried,316000.0,25,5,12.663500657121004
CUST102828,54,F,Ahmedabad,Retail,Salaried,265300.0,223,5,12.488620309436481
CUST102829,27,F,Indore,Corporate,Salaried,326500.0,107,2,12.696188290481068
CUST102830,70,M,Kochi,Retail,Business Owner,305600.0,237,4,12.630035608520458
CUST102831,63,M,Jaipur,Mass Affluent,Self-Employed,250000.0,220,3,12.429220196836383
CUST102832,37,M,Indore,Corporate,Salaried,250000.0,86,2,12.429220196836383
CUST102833,50,M,Pune,Retail,Salaried,829200.0,28,1,13.628217865524704
CUST102834,41,M,Pune,Corporate,Student,250000.0,203,5,12.429220196836383
CUST102835,50,F,Kochi,Retail,Salaried,609400.0,104,5,13.32023178649072
CUST102836,73,M,Lucknow,Mass Affluent,Retired,250000.0,75,2,12.429220196836383
CUST102837,69,M,Ahmedabad,Retail,Salaried,436300.0,191,2,12.98608765110999
CUST102838,32,M,Pune,Mass Affluent,Salaried,782500.0,118,1,13.5702504793509
CUST102839,73,M,Chandigarh,Retail,Salaried,250000.0,80,1,12.429220196836383
CUST102840,44,F,Mumbai,Retail,Salaried,250000.0,98,4,12.429220196836383
CUST102841,59,M,Mumbai,Retail,Retired,250000.0,223,2,12.429220196836383
CUST102842,62,F,Ahmedabad,Retail,Self-Employed,265200.0,76,2,12.4882433080258
CUST102843,47,M,Mumbai,Mass Affluent,Self-Employed,325500.0,224,2,12.693120812822663
CUST102844,45,F,Kolkata,Retail,Self-Employed,262000.0,143,3,12.476103599529843
CUST102845,45,F,Jaipur,Retail,Self-Employed,250000.0,19,3,12.429220196836383
CUST102846,67,M,Pune,Retail,Self-Employed,866900.0,32,4,13.672680062391652
CUST102847,41,M,Hyderabad,Retail,Self-Employed,250000.0,150,2,12.429220196836383
CUST102848,36,F,Chennai,Retail,Business Owner,250000.0,38,2,12.429220196836383
CUST102849,40,F,Lucknow,Retail,Self-Employed,441700.0,40,1,12.998388461562133
CUST102850,31,M,Chandigarh,Mass Affluent,Salaried,445900.0,114,4,13.007852233268357
CUST102851,42,F,Kochi,HNWI,Salaried,626200.0,109,4,13.347426684807054
CUST102852,27,F,Jaipur,Mass Affluent,Salaried,853200.0,226,2,13.656750437636779
CUST102853,25,F,Bangalore,Retail,Salaried,330300.0,216,1,12.70775963892501
CUST102854,60,M,Hyderabad,Corporate,Salaried,250000.0,223,3,12.429220196836383
CUST102855,25,F,Pune,Mass Affluent,Salaried,250000.0,23,3,12.429220196836383
CUST102856,51,F,Hyderabad,Mass Affluent,Salaried,250000.0,194,3,12.429220196836383
CUST102857,63,F,Surat,Retail,Business Owner,304100.0,225,1,12.625115162052026
CUST102858,60,M,Kolkata,Retail,Business Owner,250000.0,149,5,12.429220196836383
CUST102859,45,F,Indore,Mass Affluent,Salaried,250000.0,238,2,12.429220196836383
CUST102860,31,M,Chennai,Retail,Retired,279100.0,193,3,12.539329002463175
CUST102861,71,M,Ahmedabad,Mass Affluent,Retired,427600.0,162,1,12.96594579676453
CUST102862,66,M,Surat,Retail,Business Owner,250000.0,100,1,12.429220196836383
CUST102863,54,M,Hyderabad,Retail,Salaried,459600.0,89,1,13.038114000759418
CUST102864,25,F,Kochi,Retail,Salaried,388500.0,98,2,12.8700510227891
CUST102865,22,F,Jaipur,Retail,Salaried,534700.0,64,5,13.189462991142667
CUST102866,38,M,Lucknow,Retail,Self-Employed,988600.0,141,3,13.804046091385944
CUST102867,29,M,Pune,Retail,Self-Employed,1287800.0,107,5,14.068446670604011
CUST102868,67,M,Chandigarh,Mass Affluent,Self-Employed,416200.0,75,3,12.938923595629799
CUST102869,32,F,Kochi,Retail,Business Owner,250000.0,48,1,12.429220196836383
CUST102870,36,M,Bangalore,Mass Affluent,Retired,278500.0,126,3,12.537176929007302
CUST102871,73,M,Jaipur,SME,Self-Employed,689700.0,10,3,13.444013449324087
CUST102872,65,F,Bhopal,Corporate,Retired,250000.0,93,4,12.429220196836383
CUST102873,32,F,Chennai,Mass Affluent,Business Owner,639600.0,20,2,13.368599823417886
CUST102874,41,M,Jaipur,Retail,Salaried,250000.0,84,1,12.429220196836383
CUST102875,48,M,Kochi,Mass Affluent,Business Owner,307500.0,161,3,12.636233618255941
CUST102876,56,M,Chennai,SME,Salaried,250000.0,155,3,12.429220196836383
CUST102877,71,F,Ahmedabad,Mass Affluent,Salaried,250000.0,10,2,12.429220196836383
CUST102878,68,F,Jaipur,Retail,Student,250000.0,171,1,12.429220196836383
CUST102879,73,M,Bangalore,HNWI,Salaried,586400.0,76,2,13.281759134873726
CUST102880,23,M,Bangalore,Retail,Salaried,250000.0,117,4,12.429220196836383
CUST102881,33,M,Jaipur,HNWI,Student,706100.0,164,2,13.467513565733432
CUST102882,51,M,Bangalore,Retail,Salaried,250000.0,14,3,12.429220196836383
CUST102883,23,F,Chandigarh,Retail,Salaried,250000.0,46,1,12.429220196836383
CUST102884,40,M,Ahmedabad,HNWI,Salaried,312400.0,44,2,12.652042897966872
CUST102885,29,F,Surat,Mass Affluent,Salaried,403300.0,83,2,12.90743846040215
CUST102886,71,M,Kolkata,Mass Affluent,Salaried,300400.0,9,1,12.612873527761383
CUST102887,24,F,Chennai,Corporate,Salaried,293800.0,13,2,12.590657946392092
CUST102888,29,M,Ahmedabad,Corporate,Business Owner,702100.0,125,3,13.461832547302858
CUST102889,31,F,Surat,Mass Affluent,Salaried,284100.0,32,2,12.557085087723449
CUST102890,29,M,Kolkata,SME,Self-Employed,250000.0,107,1,12.429220196836383
CUST102891,51,M,Chennai,Retail,Salaried,250000.0,58,3,12.429220196836383
CUST102892,40,M,Bangalore,Retail,Salaried,576200.0,238,2,13.264211837139563
CUST102893,70,F,Jaipur,Corporate,Self-Employed,250000.0,35,2,12.429220196836383
CUST102894,35,M,Surat,Retail,Salaried,250000.0,118,3,12.429220196836383
CUST102895,50,M,Ahmedabad,Corporate,Salaried,504400.0,116,2,13.131126865624465
CUST102896,56,F,Hyderabad,Retail,Salaried,920300.0,178,2,13.732456069428553
CUST102897,54,F,Hyderabad,Retail,Salaried,312000.0,35,1,12.650761671914688
CUST102898,64,F,Kolkata,Retail,Salaried,250000.0,231,2,12.429220196836383
CUST102899,31,M,Kolkata,Mass Affluent,Salaried,267400.0,77,1,12.496504683358769
CUST102900,48,M,Hyderabad,Corporate,Salaried,250000.0,14,4,12.429220196836383
CUST102901,64,M,Chandigarh,Retail,Salaried,250000.0,175,1,12.429220196836383
CUST102902,67,M,Chennai,Retail,Salaried,250000.0,132,3,12.429220196836383
CUST102903,54,F,Hyderabad,Retail,Business Owner,463400.0,159,3,13.046348048940967
CUST102904,56,F,Lucknow,Retail,Salaried,254500.0,219,2,12.447060044238079
CUST102905,67,F,Indore,Mass Affluent,Self-Employed,606600.0,95,1,13.315626522768065
CUST102906,54,F,Pune,Mass Affluent,Self-Employed,250300.0,218,1,12.430419472617638
CUST102907,72,M,Surat,Retail,Salaried,250000.0,223,1,12.429220196836383
CUST102908,27,F,Delhi,Retail,Salaried,577700.0,134,4,13.266811712770108
CUST102909,39,F,Ahmedabad,Mass Affluent,Salaried,271800.0,190,1,12.512825459868276
CUST102910,27,F,Mumbai,Retail,Salaried,250000.0,13,2,12.429220196836383
CUST102911,25,F,Bangalore,Retail,Salaried,273800.0,148,1,12.520156844130765
CUST102912,46,M,Jaipur,Mass Affluent,Salaried,646900.0,24,3,13.37994854786486
CUST102913,33,M,Hyderabad,Retail,Retired,322400.0,108,2,12.683551391346773
CUST102914,42,M,Mumbai,Retail,Self-Employed,567900.0,181,2,13.249702386737367
CUST102915,44,F,Bangalore,Retail,Salaried,250000.0,20,1,12.429220196836383
CUST102916,54,M,Kochi,HNWI,Retired,515900.0,101,4,13.15367016559101
CUST102917,72,M,Jaipur,Retail,Salaried,309500.0,102,2,12.64271660211934
CUST102918,66,M,Kolkata,Corporate,Salaried,455700.0,61,1,13.029592171675723
CUST102919,41,M,Chandigarh,Mass Affluent,Salaried,479300.0,133,3,13.080084071521512
CUST102920,38,F,Kolkata,Mass Affluent,Retired,250000.0,195,3,12.429220196836383
CUST102921,62,F,Bhopal,HNWI,Salaried,280200.0,237,2,12.543262481758047
CUST102922,27,F,Kolkata,Retail,Business Owner,476500.0,218,5,13.074225100710079
CUST102923,50,M,Mumbai,Retail,Self-Employed,524300.0,228,1,13.169821225863783
CUST102924,43,M,Delhi,Retail,Salaried,569200.0,53,4,13.251988902048012
CUST102925,30,M,Chennai,Mass Affluent,Salaried,285700.0,32,4,12.562701088387747
CUST102926,54,F,Bangalore,Mass Affluent,Salaried,676100.0,48,2,13.42409775214882
CUST102927,38,F,Bangalore,Corporate,Self-Employed,250000.0,235,2,12.429220196836383
CUST102928,31,M,Kolkata,Mass Affluent,Salaried,250000.0,57,1,12.429220196836383
CUST102929,56,M,Chandigarh,Retail,Salaried,250000.0,182,1,12.429220196836383
CUST102930,30,M,Hyderabad,Retail,Salaried,549900.0,100,2,13.217493541006709
CUST102931,57,F,Hyderabad,Retail,Business Owner,250000.0,165,4,12.429220196836383
CUST102932,29,M,Chandigarh,Corporate,Self-Employed,250000.0,182,1,12.429220196836383
CUST102933,44,F,Hyderabad,Retail,Salaried,250000.0,217,2,12.429220196836383
CUST102934,64,M,Indore,Corporate,Salaried,417300.0,26,1,12.941563062934309
CUST102935,33,M,Lucknow,Retail,Salaried,250000.0,82,1,12.429220196836383
CUST102936,62,F,Bhopal,Mass Affluent,Salaried,373000.0,33,2,12.829336379587506
CUST102937,59,F,Jaipur,Retail,Salaried,250000.0,99,5,12.429220196836383
CUST102938,69,F,Jaipur,HNWI,Self-Employed,250000.0,91,1,12.429220196836383
CUST102939,30,M,Hyderabad,Retail,Salaried,250000.0,209,1,12.429220196836383
CUST102940,59,M,Jaipur,Mass Affluent,Salaried,303700.0,170,1,12.6237989437515
CUST102941,71,F,Surat,Corporate,Salaried,250000.0,30,2,12.429220196836383
CUST102942,62,F,Chandigarh,Mass Affluent,Salaried,267500.0,110,2,12.496878583628968
CUST102943,31,M,Delhi,Retail,Self-Employed,341400.0,171,1,12.740813018453595
CUST102944,65,F,Bangalore,HNWI,Self-Employed,387500.0,179,1,12.86747370841737
CUST102945,26,F,Mumbai,Retail,Salaried,470000.0,195,2,13.060490101343552
CUST102946,52,F,Kochi,Retail,Salaried,296200.0,58,1,12.598793556907369
CUST102947,47,M,Delhi,Mass Affluent,Self-Employed,250000.0,213,4,12.429220196836383
CUST102948,49,F,Bhopal,Corporate,Self-Employed,354800.0,217,3,12.779312347902879
CUST102949,49,F,Kolkata,Retail,Business Owner,397800.0,57,2,12.893707159224892
CUST102950,22,M,Chennai,HNWI,Business Owner,250000.0,160,2,12.429220196836383
CUST102951,48,M,Chandigarh,HNWI,Business Owner,250000.0,164,2,12.429220196836383
CUST102952,71,F,Surat,Mass Affluent,Business Owner,1184800.0,211,1,13.985085385959678
CUST102953,44,M,Jaipur,Retail,Retired,250000.0,26,2,12.429220196836383
CUST102954,35,M,Bhopal,HNWI,Self-Employed,360800.0,60,3,12.79608183878539
CUST102955,74,M,Kochi,Retail,Self-Employed,502600.0,207,2,13.12755189374345
CUST102956,26,F,Lucknow,Retail,Self-Employed,250000.0,14,1,12.429220196836383
CUST102957,47,F,Chennai,Retail,Salaried,250000.0,118,1,12.429220196836383
CUST102958,48,F,Chandigarh,Corporate,Salaried,250000.0,74,2,12.429220196836383
CUST102959,46,F,Surat,Retail,Retired,268400.0,152,2,12.500237409855137
CUST102960,70,F,Chandigarh,Retail,Salaried,460300.0,116,3,13.039635902299171
CUST102961,43,M,Chandigarh,Retail,Salaried,250000.0,205,1,12.429220196836383
CUST102962,73,M,Jaipur,Retail,Salaried,1734700.0,24,3,14.366345622217887
CUST102963,24,M,Kolkata,SME,Salaried,250000.0,124,5,12.429220196836383
CUST102964,60,M,Chandigarh,Mass Affluent,Salaried,613200.0,127,1,13.326448056767768
CUST102965,53,M,Chandigarh,HNWI,Salaried,371900.0,125,2,12.82638296880441
CUST102966,33,F,Delhi,HNWI,Salaried,286400.0,24,2,12.565148205682643
CUST102967,33,M,Lucknow,Retail,Salaried,648500.0,114,3,13.382418824757494
CUST102968,59,M,Lucknow,HNWI,Salaried,250000.0,212,4,12.429220196836383
CUST102969,55,F,Kochi,SME,Salaried,346300.0,146,4,12.755063618055994
CUST102970,54,M,Chandigarh,HNWI,Salaried,250000.0,31,2,12.429220196836383
CUST102971,23,F,Hyderabad,HNWI,Salaried,250000.0,173,3,12.429220196836383
CUST102972,53,F,Chandigarh,Retail,Self-Employed,250000.0,223,2,12.429220196836383
CUST102973,73,F,Lucknow,Corporate,Salaried,250000.0,194,3,12.429220196836383
CUST102974,21,F,Delhi,Retail,Retired,250000.0,27,4,12.429220196836383
CUST102975,46,M,Ahmedabad,HNWI,Self-Employed,338800.0,12,3,12.733168193349542
CUST102976,47,F,Bangalore,Retail,Salaried,257900.0,47,1,12.460331069333806
CUST102977,69,M,Chandigarh,Mass Affluent,Salaried,250000.0,87,1,12.429220196836383
CUST102978,36,F,Kochi,Corporate,Salaried,423200.0,222,3,12.955602522472395
CUST102979,46,F,Bhopal,Mass Affluent,Salaried,351900.0,107,1,12.771105165022036
CUST102980,59,F,Lucknow,Retail,Retired,250000.0,233,2,12.429220196836383
CUST102981,24,M,Kolkata,HNWI,Self-Employed,1673700.0,29,3,14.330547899980191
CUST102982,64,F,Pune,SME,Business Owner,494200.0,184,4,13.110697596006878
CUST102983,65,F,Chandigarh,Mass Affluent,Self-Employed,1163400.0,181,4,13.966858170008026
CUST102984,59,F,Bangalore,Corporate,Retired,250000.0,230,1,12.429220196836383
CUST102985,56,M,Bhopal,Corporate,Retired,311700.0,128,3,12.649799673963308
CUST102986,61,F,Pune,Corporate,Salaried,250000.0,147,3,12.429220196836383
CUST102987,63,M,Jaipur,Retail,Salaried,250000.0,6,1,12.429220196836383
CUST102988,69,M,Surat,Mass Affluent,Salaried,250000.0,212,2,12.429220196836383
CUST102989,44,F,Delhi,Corporate,Salaried,1619000.0,153,3,14.297319850324808
CUST102990,45,M,Bangalore,Corporate,Salaried,250000.0,170,2,12.429220196836383
CUST102991,55,M,Bangalore,Retail,Salaried,250000.0,85,2,12.429220196836383
CUST102992,31,F,Kochi,Retail,Business Owner,250000.0,24,1,12.429220196836383
CUST102993,67,F,Delhi,Retail,Salaried,369600.0,176,3,12.820179324373711
CUST102994,62,M,Lucknow,HNWI,Business Owner,250000.0,177,1,12.429220196836383
CUST102995,55,M,Delhi,Corporate,Salaried,465600.0,48,2,13.051084323163382
CUST102996,37,M,Kochi,Mass Affluent,Salaried,250000.0,198,2,12.429220196836383
CUST102997,39,M,Chandigarh,Retail,Business Owner,250000.0,6,1,12.429220196836383
CUST102998,44,F,Pune,Retail,Salaried,250000.0,158,2,12.429220196836383
CUST102999,56,M,Hyderabad,Corporate,Self-Employed,250000.0,26,1,12.429220196836383
CUST103000,63,F,Pune,Retail,Retired,250000.0,181,1,12.429220196836383
CUST103001,57,M,Surat,Retail,Salaried,250000.0,109,2,12.429220196836383
CUST103002,71,F,Surat,Retail,Salaried,250000.0,82,2,12.429220196836383
CUST103003,72,F,Lucknow,Corporate,Salaried,480600.0,181,2,13.082792683014759
CUST103004,59,F,Jaipur,Mass Affluent,Salaried,989200.0,193,1,13.804652825546802
CUST103005,41,M,Lucknow,Retail,Retired,328900.0,147,2,12.70351207261035
CUST103006,53,M,Hyderabad,Retail,Business Owner,250000.0,177,1,12.429220196836383
CUST103007,43,F,Hyderabad,SME,Salaried,278900.0,9,1,12.538612159123673
CUST103008,54,M,Bhopal,Retail,Self-Employed,250000.0,198,1,12.429220196836383
CUST103009,64,F,Jaipur,Retail,Retired,457500.0,144,1,13.033534349487674
CUST103010,40,F,Indore,Retail,Salaried,318900.0,42,2,12.672635988772473
CUST103011,48,M,Lucknow,Retail,Salaried,250000.0,118,5,12.429220196836383
CUST103012,23,M,Pune,Corporate,Business Owner,518500.0,152,1,13.158697235290168
CUST103013,60,M,Jaipur,HNWI,Self-Employed,479300.0,192,3,13.080084071521512
CUST103014,47,M,Surat,Retail,Salaried,658000.0,127,1,13.396961730063138
CUST103015,45,M,Bangalore,Corporate,Salaried,250000.0,66,2,12.429220196836383
CUST103016,49,F,Pune,Retail,Salaried,321400.0,65,2,12.680444843668388
CUST103017,32,F,Surat,Corporate,Self-Employed,250000.0,174,1,12.429220196836383
CUST103018,53,M,Delhi,Retail,Self-Employed,260200.0,207,3,12.469209688250697
CUST103019,61,F,Delhi,Retail,Salaried,340500.0,153,1,12.738173341424954
CUST103020,39,M,Bangalore,Corporate,Business Owner,250000.0,192,4,12.429220196836383
CUST103021,28,M,Jaipur,Corporate,Salaried,329500.0,151,2,12.70533466782146
CUST103022,41,F,Hyderabad,HNWI,Self-Employed,296800.0,120,3,12.600817159541924
CUST103023,31,F,Pune,Mass Affluent,Self-Employed,250000.0,100,1,12.429220196836383
CUST103024,41,M,Bangalore,Corporate,Salaried,620600.0,120,2,13.33844364233898
CUST103025,54,M,Hyderabad,HNWI,Salaried,250000.0,9,3,12.429220196836383
CUST103026,27,F,Mumbai,Retail,Salaried,290600.0,141,2,12.579706471268628
CUST103027,61,M,Indore,Mass Affluent,Self-Employed,250000.0,49,3,12.429220196836383
CUST103028,33,M,Pune,Mass Affluent,Self-Employed,366400.0,216,2,12.81148364103603
CUST103029,69,M,Bangalore,Mass Affluent,Salaried,250000.0,203,3,12.429220196836383
CUST103030,60,M,Ahmedabad,Corporate,Student,476500.0,121,3,13.074225100710079
CUST103031,35,F,Bhopal,Mass Affluent,Business Owner,250000.0,150,1,12.429220196836383
CUST103032,51,F,Indore,Retail,Salaried,347500.0,14,4,12.758522821680685
CUST103033,26,M,Bhopal,Retail,Salaried,250000.0,141,3,12.429220196836383
CUST103034,26,M,Pune,Corporate,Salaried,388300.0,204,1,12.869536091044797
CUST103035,72,M,Kolkata,Retail,Salaried,250000.0,129,1,12.429220196836383
CUST103036,64,M,Chennai,Corporate,Student,341000.0,207,3,12.739640688812674
CUST103037,29,M,Chennai,Retail,Self-Employed,250000.0,24,3,12.429220196836383
CUST103038,36,F,Bhopal,Retail,Salaried,250000.0,234,5,12.429220196836383
CUST103039,31,F,Bangalore,Corporate,Salaried,250000.0,87,3,12.429220196836383
CUST103040,42,F,Indore,Retail,Salaried,301100.0,12,1,12.615201035620073
CUST103041,36,M,Bhopal,Corporate,Salaried,379200.0,150,1,12.845821686490329
CUST103042,38,M,Indore,Retail,Salaried,322000.0,149,2,12.682309930111785
CUST103043,49,M,Lucknow,Mass Affluent,Business Owner,250000.0,35,2,12.429220196836383
CUST103044,31,M,Indore,Mass Affluent,Self-Employed,808200.0,87,5,13.60256606894324
CUST103045,68,M,Mumbai,Corporate,Retired,327600.0,221,3,12.699551683459445
CUST103046,60,M,Indore,Retail,Salaried,250000.0,50,4,12.429220196836383
CUST103047,62,F,Ahmedabad,Retail,Salaried,346100.0,22,3,12.754485918957602
CUST103048,30,M,Chandigarh,Mass Affluent,Business Owner,312900.0,198,3,12.653642125561102
CUST103049,59,M,Delhi,SME,Salaried,250000.0,165,2,12.429220196836383
CUST103050,66,F,Bhopal,Corporate,Salaried,250000.0,122,2,12.429220196836383
CUST103051,30,F,Jaipur,Corporate,Student,484500.0,76,2,13.090874774294315
CUST103052,61,F,Delhi,Mass Affluent,Business Owner,756700.0,209,4,13.536723474209426
CUST103053,40,M,Ahmedabad,Mass Affluent,Business Owner,250000.0,208,1,12.429220196836383
CUST103054,63,M,Mumbai,Corporate,Salaried,561500.0,6,4,13.23836883410295
CUST103055,46,M,Delhi,Corporate,Self-Employed,271600.0,199,2,12.512089356545026
CUST103056,64,M,Ahmedabad,Corporate,Salaried,309300.0,116,2,12.64207019177495
CUST103057,28,F,Indore,Corporate,Salaried,603800.0,83,1,13.310999952431047
CUST103058,42,F,Delhi,Corporate,Salaried,250000.0,87,1,12.429220196836383
CUST103059,35,F,Hyderabad,Retail,Business Owner,437500.0,114,2,12.98883427049148
CUST103060,34,F,Kolkata,Retail,Salaried,579300.0,140,1,13.269577483304527
CUST103061,37,M,Jaipur,SME,Self-Employed,250000.0,230,1,12.429220196836383
CUST103062,41,M,Mumbai,Mass Affluent,Business Owner,250000.0,11,1,12.429220196836383
CUST103063,27,F,Lucknow,Retail,Business Owner,717800.0,148,2,13.483947650840397
CUST103064,59,F,Ahmedabad,Mass Affluent,Salaried,250000.0,21,5,12.429220196836383
CUST103065,50,F,Chandigarh,Mass Affluent,Self-Employed,345000.0,7,2,12.75130259456002
CUST103066,65,F,Chennai,Corporate,Salaried,495800.0,76,2,13.113929915523508
CUST103067,59,M,Ahmedabad,Corporate,Salaried,340400.0,187,5,12.73787961339737
CUST103068,29,M,Delhi,Retail,Salaried,376500.0,86,2,12.838675982261055
CUST103069,24,F,Bhopal,Mass Affluent,Self-Employed,250000.0,90,5,12.429220196836383
CUST103070,43,M,Indore,Retail,Business Owner,354200.0,217,5,12.777619827590577
CUST103071,46,F,Kolkata,Corporate,Retired,250000.0,70,3,12.429220196836383
CUST103072,33,M,Pune,Retail,Salaried,250000.0,185,2,12.429220196836383
CUST103073,63,M,Indore,Mass Affluent,Salaried,274100.0,200,4,12.521251930587761
CUST103074,52,M,Chennai,Mass Affluent,Salaried,250000.0,157,2,12.429220196836383
CUST103075,61,F,Hyderabad,Mass Affluent,Student,379400.0,232,2,12.84634897222022
CUST103076,26,M,Hyderabad,Mass Affluent,Business Owner,250000.0,236,1,12.429220196836383
CUST103077,65,M,Surat,HNWI,Student,333600.0,20,1,12.717700947064154
CUST103078,32,F,Hyderabad,Mass Affluent,Salaried,353000.0,45,1,12.77422616877261
CUST103079,45,M,Delhi,Retail,Salaried,250000.0,97,4,12.429220196836383
CUST103080,44,M,Bangalore,Retail,Self-Employed,250000.0,161,1,12.429220196836383
CUST103081,65,F,Chandigarh,Mass Affluent,Salaried,250000.0,71,2,12.429220196836383
CUST103082,35,F,Bhopal,Retail,Salaried,393900.0,155,2,12.883854887671184
CUST103083,34,F,Chandigarh,HNWI,Salaried,330200.0,216,2,12.707456838931174
CUST103084,39,M,Chennai,Retail,Salaried,250000.0,7,4,12.429220196836383
CUST103085,40,F,Pune,Corporate,Salaried,285900.0,209,4,12.563400876030764
CUST103086,30,M,Ahmedabad,Retail,Retired,314000.0,119,3,12.657151449598695
CUST103087,30,F,Ahmedabad,HNWI,Self-Employed,306100.0,216,3,12.631670391834408
CUST103088,33,M,Mumbai,Retail,Business Owner,250000.0,165,4,12.429220196836383
CUST103089,46,F,Jaipur,Mass Affluent,Salaried,294600.0,15,2,12.593377177438036
CUST103090,39,F,Mumbai,Retail,Self-Employed,465400.0,217,2,13.05065467853732
CUST103091,42,M,Chennai,Mass Affluent,Salaried,370300.0,17,1,12.822071467411154
CUST103092,59,M,Chennai,Retail,Salaried,343500.0,64,1,12.746945301848456
CUST103093,34,F,Surat,HNWI,Salaried,719000.0,135,5,13.4856180275228
CUST103094,70,F,Bhopal,Mass Affluent,Salaried,296800.0,217,3,12.600817159541924
CUST103095,61,F,Surat,SME,Business Owner,250000.0,45,2,12.429220196836383
CUST103096,30,F,Pune,HNWI,Business Owner,250000.0,131,1,12.429220196836383
CUST103097,37,F,Ahmedabad,Mass Affluent,Salaried,298200.0,32,3,12.60552303476121
CUST103098,30,M,Ahmedabad,Corporate,Self-Employed,250000.0,85,5,12.429220196836383
CUST103099,35,M,Bangalore,Retail,Salaried,250000.0,66,5,12.429220196836383
CUST103100,40,F,Chandigarh,Mass Affluent,Salaried,354500.0,106,3,12.778466445824812
CUST103101,28,M,Bhopal,Retail,Self-Employed,541800.0,171,3,13.20265405433095
CUST103102,21,F,Hyderabad,HNWI,Business Owner,250000.0,174,1,12.429220196836383
CUST103103,44,M,Delhi,Retail,Business Owner,284800.0,163,1,12.559545969749749
CUST103104,58,M,Bangalore,Retail,Salaried,257600.0,12,1,12.459167155192379
CUST103105,37,M,Lucknow,Mass Affluent,Salaried,274400.0,189,2,12.522345819142096
CUST103106,67,F,Mumbai,Mass Affluent,Salaried,292100.0,157,4,12.58485491185508
CUST103107,40,M,Delhi,Retail,Salaried,263300.0,20,4,12.481053143426296
CUST103108,69,M,Lucknow,Mass Affluent,Salaried,618700.0,227,2,13.33537739781
CUST103109,33,F,Bangalore,Corporate,Salaried,566000.0,185,2,13.246351123968212
CUST103110,50,M,Delhi,Retail,Salaried,970900.0,167,2,13.785979785329896
CUST103111,62,F,Mumbai,Retail,Salaried,266600.0,120,2,12.493508437657445
CUST103112,24,F,Surat,SME,Self-Employed,250000.0,191,4,12.429220196836383
CUST103113,71,M,Kolkata,Corporate,Salaried,250000.0,79,3,12.429220196836383
CUST103114,40,F,Chennai,Retail,Salaried,250000.0,175,4,12.429220196836383
CUST103115,47,M,Lucknow,Mass Affluent,Retired,412000.0,148,2,12.928781055513184
CUST103116,54,M,Bangalore,Retail,Retired,451900.0,148,3,13.021218408275878
CUST103117,55,F,Ahmedabad,SME,Salaried,402400.0,193,5,12.905204382854041
CUST103118,22,M,Ahmedabad,Retail,Salaried,250000.0,46,3,12.429220196836383
CUST103119,67,M,Surat,Retail,Salaried,250000.0,30,1,12.429220196836383
CUST103120,54,M,Lucknow,Retail,Student,867900.0,135,2,13.673832931838147
CUST103121,74,F,Surat,Mass Affluent,Salaried,250000.0,194,1,12.429220196836383
CUST103122,46,M,Hyderabad,Retail,Salaried,627800.0,65,1,13.34997851625269
CUST103123,54,M,Bangalore,HNWI,Self-Employed,342100.0,139,2,12.742861294083317
CUST103124,44,F,Jaipur,Mass Affluent,Self-Employed,250000.0,229,3,12.429220196836383
CUST103125,69,M,Mumbai,Mass Affluent,Salaried,250000.0,151,1,12.429220196836383
CUST103126,65,M,Pune,Corporate,Salaried,250000.0,24,2,12.429220196836383
CUST103127,70,M,Lucknow,Retail,Salaried,344800.0,211,2,12.750722717999487
CUST103128,48,F,Indore,Retail,Salaried,250000.0,234,4,12.429220196836383
CUST103129,63,F,Lucknow,Retail,Salaried,681900.0,172,1,13.432639764998356
CUST103130,40,F,Chandigarh,HNWI,Business Owner,250000.0,148,1,12.429220196836383
CUST103131,45,M,Jaipur,Retail,Business Owner,408500.0,142,3,12.920249641259614
CUST103132,62,F,Pune,HNWI,Self-Employed,389200.0,151,2,12.871851198663759
CUST103133,25,F,Hyderabad,Mass Affluent,Self-Employed,710100.0,84,1,13.473162492421553
CUST103134,59,F,Surat,Mass Affluent,Salaried,250000.0,156,3,12.429220196836383
CUST103135,21,M,Indore,Mass Affluent,Salaried,286000.0,125,2,12.563750586299374
CUST103136,52,F,Chennai,Retail,Self-Employed,250000.0,191,2,12.429220196836383
CUST103137,46,M,Delhi,Retail,Salaried,285500.0,201,3,12.562000810699038
CUST103138,46,F,Mumbai,HNWI,Salaried,531800.0,172,1,13.184024638195456
CUST103139,47,F,Lucknow,Retail,Salaried,306100.0,238,1,12.631670391834408
CUST103140,47,M,Lucknow,Mass Affluent,Self-Employed,1074800.0,110,2,13.887646086128697
CUST103141,42,M,Delhi,SME,Self-Employed,366500.0,182,1,12.811756528818082
CUST103142,45,F,Mumbai,Retail,Salaried,250000.0,86,1,12.429220196836383
CUST103143,51,M,Lucknow,Retail,Salaried,352700.0,190,2,12.773375951490893
CUST103144,62,F,Kolkata,Retail,Business Owner,250000.0,68,2,12.429220196836383
CUST103145,50,F,Pune,Retail,Salaried,250000.0,169,4,12.429220196836383
CUST103146,55,M,Hyderabad,SME,Salaried,250000.0,9,2,12.429220196836383
CUST103147,66,F,Surat,SME,Business Owner,270900.0,185,5,12.509508719465414
CUST103148,74,F,Kochi,Retail,Self-Employed,258800.0,73,2,12.463814705589053
CUST103149,26,M,Mumbai,SME,Salaried,553000.0,62,2,13.223115088821102
CUST103150,59,M,Delhi,Retail,Salaried,252900.0,84,2,12.440753386782307
CUST103151,33,M,Jaipur,SME,Retired,250000.0,105,1,12.429220196836383
CUST103152,31,M,Lucknow,Corporate,Salaried,683900.0,36,1,13.435568449287194
CUST103153,63,F,Bangalore,Retail,Retired,250000.0,136,1,12.429220196836383
CUST103154,24,F,Bangalore,Mass Affluent,Business Owner,274600.0,34,3,12.523074413969974
CUST103155,66,F,Surat,HNWI,Business Owner,305800.0,134,2,12.630689842582935
CUST103156,62,M,Pune,Retail,Salaried,266700.0,92,1,12.493883459694384
CUST103157,74,F,Delhi,Retail,Salaried,362200.0,145,3,12.799954585333216
CUST103158,57,F,Lucknow,Mass Affluent,Salaried,286800.0,41,1,12.566543874451872
CUST103159,68,F,Delhi,Retail,Salaried,362100.0,233,4,12.799678457417967
CUST103160,27,M,Hyderabad,Retail,Salaried,250000.0,9,4,12.429220196836383
CUST103161,69,F,Surat,Retail,Salaried,250000.0,206,2,12.429220196836383
CUST103162,29,F,Hyderabad,HNWI,Salaried,261000.0,88,1,12.472279517715116
CUST103163,37,M,Mumbai,Retail,Self-Employed,250000.0,199,5,12.429220196836383
CUST103164,27,F,Chandigarh,Mass Affluent,Salaried,250000.0,145,4,12.429220196836383
CUST103165,42,M,Hyderabad,Retail,Salaried,538700.0,200,5,13.196915964987674
CUST103166,61,F,Ahmedabad,Retail,Salaried,683400.0,135,1,13.434837081934134
CUST103167,35,F,Indore,Mass Affluent,Self-Employed,532700.0,191,2,13.185715570132539
CUST103168,65,F,Chandigarh,Retail,Salaried,476600.0,159,1,13.07443494184013
CUST103169,53,F,Indore,Mass Affluent,Self-Employed,278200.0,164,2,12.536099153001324
CUST103170,54,M,Kolkata,Retail,Salaried,493500.0,139,1,13.109280164196072
CUST103171,71,F,Indore,Mass Affluent,Self-Employed,332200.0,66,3,12.713495486391599
CUST103172,44,M,Mumbai,Retail,Business Owner,863300.0,204,2,13.668518692568826
CUST103173,39,F,Chennai,Corporate,Salaried,250000.0,206,3,12.429220196836383
CUST103174,74,M,Bangalore,Retail,Self-Employed,401700.0,175,1,12.90346330976424
CUST103175,51,M,Ahmedabad,Corporate,Retired,250000.0,71,5,12.429220196836383
CUST103176,54,F,Bhopal,Retail,Salaried,403100.0,101,2,12.906942429876182
CUST103177,37,M,Kochi,Retail,Salaried,250000.0,175,5,12.429220196836383
CUST103178,32,F,Chandigarh,Mass Affluent,Retired,250000.0,49,3,12.429220196836383
CUST103179,30,F,Bangalore,Retail,Business Owner,250000.0,31,1,12.429220196836383
CUST103180,33,M,Kochi,Mass Affluent,Self-Employed,312200.0,100,3,12.651402490133291
CUST103181,31,M,Surat,Corporate,Salaried,331900.0,134,2,12.712592010659236
CUST103182,61,F,Pune,HNWI,Salaried,1167400.0,215,1,13.97029046835588
CUST103183,24,F,Delhi,Mass Affluent,Business Owner,254000.0,80,1,12.445093483000798
CUST103184,54,M,Delhi,SME,Self-Employed,426600.0,56,5,12.963604429132907
CUST103185,72,F,Bhopal,Mass Affluent,Salaried,295500.0,170,5,12.596427499917318
CUST103186,62,F,Chennai,Retail,Salaried,405700.0,210,2,12.913371714067024
CUST103187,42,M,Lucknow,Corporate,Business Owner,292500.0,206,1,12.586223364451623
CUST103188,24,F,Chandigarh,Retail,Self-Employed,519100.0,154,2,13.159853748224561
CUST103189,66,F,Ahmedabad,Retail,Student,250000.0,9,1,12.429220196836383
CUST103190,21,M,Hyderabad,Retail,Salaried,250000.0,158,3,12.429220196836383
CUST103191,57,F,Ahmedabad,Retail,Salaried,344700.0,32,2,12.750432653574146
CUST103192,57,F,Hyderabad,Retail,Salaried,250000.0,190,2,12.429220196836383
CUST103193,31,F,Bangalore,Retail,Salaried,589500.0,222,4,13.287031695310965
CUST103194,60,M,Indore,Mass Affluent,Salaried,250000.0,148,5,12.429220196836383
CUST103195,30,M,Kolkata,HNWI,Salaried,250000.0,61,1,12.429220196836383
CUST103196,33,M,Surat,SME,Salaried,1356400.0,75,2,14.120345426478998
CUST103197,64,F,Surat,Retail,Salaried,265400.0,177,2,12.48899716877066
CUST103198,73,F,Jaipur,Retail,Business Owner,250000.0,183,1,12.429220196836383
CUST103199,35,M,Jaipur,Mass Affluent,Salaried,420300.0,196,2,12.948726400243292
CUST103200,70,F,Bangalore,Retail,Salaried,437700.0,29,1,12.989291307846242
CUST103201,70,F,Ahmedabad,Retail,Self-Employed,531500.0,179,1,13.183460358229915
CUST103202,62,M,Kochi,Mass Affluent,Salaried,250000.0,230,3,12.429220196836383
CUST103203,28,M,Bangalore,HNWI,Salaried,370200.0,13,2,12.821801380360457
CUST103204,37,M,Hyderabad,Retail,Business Owner,250000.0,106,3,12.429220196836383
CUST103205,57,F,Surat,Mass Affluent,Self-Employed,250000.0,178,1,12.429220196836383
CUST103206,74,M,Chandigarh,Mass Affluent,Salaried,276200.0,129,3,12.528884140515583
CUST103207,64,F,Kolkata,Corporate,Business Owner,250000.0,231,3,12.429220196836383
CUST103208,43,F,Indore,Retail,Retired,466800.0,164,4,13.053658321637316
CUST103209,33,F,Bangalore,HNWI,Business Owner,250000.0,92,1,12.429220196836383
CUST103210,72,M,Jaipur,HNWI,Salaried,250000.0,151,2,12.429220196836383
CUST103211,35,F,Chandigarh,Retail,Self-Employed,250000.0,172,4,12.429220196836383
CUST103212,39,M,Pune,Mass Affluent,Salaried,250000.0,188,1,12.429220196836383
CUST103213,73,M,Ahmedabad,Mass Affluent,Salaried,532000.0,70,1,13.184400648021263
CUST103214,51,M,Bangalore,Retail,Salaried,250000.0,220,2,12.429220196836383
CUST103215,35,F,Ahmedabad,Mass Affluent,Business Owner,250000.0,239,5,12.429220196836383
CUST103216,21,F,Jaipur,Retail,Salaried,250000.0,56,1,12.429220196836383
CUST103217,44,M,Chandigarh,HNWI,Retired,250000.0,54,1,12.429220196836383
CUST103218,74,M,Hyderabad,Retail,Student,295300.0,96,5,12.595750454113006
CUST103219,44,F,Kolkata,Mass Affluent,Salaried,250000.0,77,2,12.429220196836383
CUST103220,58,F,Lucknow,Retail,Salaried,250000.0,49,1,12.429220196836383
CUST103221,34,M,Chandigarh,Mass Affluent,Student,368000.0,45,2,12.81584093453868
CUST103222,62,M,Hyderabad,Mass Affluent,Salaried,679000.0,172,1,13.428377879293798
CUST103223,62,F,Surat,Mass Affluent,Business Owner,276200.0,229,2,12.528884140515583
CUST103224,53,F,Bhopal,Mass Affluent,Salaried,252200.0,28,1,12.437981667612153
CUST103225,62,M,Lucknow,Retail,Salaried,250000.0,139,2,12.429220196836383
CUST103226,52,F,Pune,Retail,Salaried,250000.0,71,3,12.429220196836383
CUST103227,41,F,Hyderabad,HNWI,Salaried,541500.0,63,1,13.202100192143545
CUST103228,60,M,Chennai,Retail,Retired,283900.0,139,2,12.55638086482189
CUST103229,66,F,Mumbai,HNWI,Salaried,250000.0,37,5,12.429220196836383
CUST103230,66,F,Bangalore,Mass Affluent,Salaried,550900.0,25,2,13.219310398670633
CUST103231,32,M,Pune,Corporate,Self-Employed,475600.0,210,5,13.072334546403786
CUST103232,57,M,Bangalore,Retail,Student,385000.0,110,5,12.861001210669146
CUST103233,21,M,Mumbai,Mass Affluent,Salaried,250000.0,20,1,12.429220196836383
CUST103234,51,M,Surat,Retail,Business Owner,267900.0,211,2,12.498372788261829
CUST103235,51,F,Delhi,Corporate,Salaried,458700.0,156,4,13.03615386065701
CUST103236,40,F,Bangalore,Mass Affluent,Business Owner,337000.0,178,3,12.727841176689147
CUST103237,74,F,Jaipur,Mass Affluent,Self-Employed,303500.0,148,3,12.623140184369177
CUST103238,68,F,Bhopal,HNWI,Retired,459200.0,116,1,13.037243301685471
CUST103239,23,M,Surat,Retail,Self-Employed,291700.0,186,4,12.583484584029573
CUST103240,32,F,Mumbai,Mass Affluent,Retired,552500.0,86,1,13.222210522327158
CUST103241,32,M,Bangalore,Corporate,Salaried,295700.0,165,3,12.597104087640735
CUST103242,69,M,Kochi,Retail,Self-Employed,281900.0,212,4,12.549311224453131
CUST103243,49,M,Surat,SME,Self-Employed,458400.0,201,2,13.03549962588116
CUST103244,60,F,Kolkata,Corporate,Salaried,250000.0,135,2,12.429220196836383
CUST103245,64,F,Chandigarh,SME,Retired,250000.0,14,3,12.429220196836383
CUST103246,62,M,Bhopal,Corporate,Business Owner,269000.0,9,5,12.502470376049185
CUST103247,25,F,Kochi,Retail,Business Owner,382400.0,106,2,12.854225075218725
CUST103248,28,F,Kochi,Mass Affluent,Salaried,467500.0,161,3,13.055156766746023
CUST103249,42,M,Kochi,Retail,Business Owner,469100.0,24,1,13.05857337605591
CUST103250,39,F,Bangalore,HNWI,Salaried,257500.0,102,1,12.458778882573533
CUST103251,61,F,Surat,Retail,Student,250000.0,100,1,12.429220196836383
CUST103252,29,M,Chandigarh,Corporate,Salaried,250000.0,113,2,12.429220196836383
CUST103253,41,F,Hyderabad,Retail,Self-Employed,311700.0,137,2,12.649799673963308
CUST103254,33,F,Mumbai,Retail,Salaried,250000.0,71,1,12.429220196836383
CUST103255,31,F,Kolkata,Retail,Self-Employed,272000.0,144,1,12.513561021741964
CUST103256,30,M,Chennai,HNWI,Salaried,1483300.0,111,1,14.20978056748393
CUST103257,31,M,Chandigarh,Retail,Retired,250000.0,222,4,12.429220196836383
CUST103258,51,F,Pune,Retail,Retired,294800.0,81,1,12.594055831421823
CUST103259,43,M,Lucknow,Retail,Salaried,336600.0,221,2,12.726653531619753
CUST103260,44,M,Chandigarh,Retail,Business Owner,363600.0,231,3,12.803812391556706
CUST103261,46,M,Kochi,SME,Self-Employed,250000.0,78,4,12.429220196836383
CUST103262,61,F,Kochi,Mass Affluent,Salaried,365600.0,101,3,12.80929785378815
CUST103263,67,M,Chandigarh,Retail,Salaried,250000.0,169,1,12.429220196836383
CUST103264,49,F,Surat,Retail,Salaried,250000.0,113,1,12.429220196836383
CUST103265,55,M,Hyderabad,Retail,Salaried,475000.0,172,1,13.07107218827772
CUST103266,60,M,Surat,Retail,Salaried,399800.0,66,3,12.898722202295934
CUST103267,58,M,Chennai,Retail,Salaried,250000.0,229,1,12.429220196836383
CUST103268,28,F,Chennai,Retail,Salaried,250000.0,169,2,12.429220196836383
CUST103269,74,M,Lucknow,Retail,Student,250000.0,25,1,12.429220196836383
CUST103270,29,M,Chennai,Retail,Salaried,250000.0,62,2,12.429220196836383
CUST103271,43,F,Mumbai,HNWI,Business Owner,424000.0,150,2,12.95749109270188
CUST103272,56,F,Chandigarh,Retail,Business Owner,433600.0,74,2,12.979880035377978
CUST103273,42,M,Jaipur,Mass Affluent,Business Owner,250000.0,101,1,12.429220196836383
CUST103274,34,M,Surat,Mass Affluent,Salaried,263800.0,157,2,12.482950310008736
CUST103275,70,F,Indore,Corporate,Salaried,287500.0,87,1,12.568981617474362
CUST103276,24,M,Lucknow,Retail,Business Owner,310700.0,217,2,12.646586313914742
CUST103277,34,M,Lucknow,HNWI,Self-Employed,250000.0,150,3,12.429220196836383
CUST103278,74,M,Kochi,Corporate,Business Owner,359700.0,104,2,12.793028409774374
CUST103279,60,F,Chennai,SME,Salaried,250000.0,71,1,12.429220196836383
CUST103280,25,M,Indore,Corporate,Self-Employed,403900.0,75,3,12.908925077408801
CUST103281,61,M,Surat,Retail,Salaried,250000.0,14,2,12.429220196836383
CUST103282,73,M,Bangalore,SME,Self-Employed,250000.0,26,2,12.429220196836383
CUST103283,26,F,Bangalore,Corporate,Business Owner,263900.0,188,1,12.48332931179837
CUST103284,43,F,Bhopal,Retail,Salaried,260300.0,185,5,12.469593932696368
CUST103285,46,F,Bhopal,Retail,Salaried,285600.0,26,2,12.562351010841997
CUST103286,28,M,Chandigarh,SME,Salaried,250000.0,135,2,12.429220196836383
CUST103287,31,M,Delhi,Retail,Salaried,303100.0,82,1,12.621821362281626
CUST103288,30,M,Bhopal,HNWI,Salaried,320700.0,169,3,12.678264503855369
CUST103289,31,F,Indore,Retail,Salaried,540100.0,145,1,13.199511438088248
CUST103290,42,F,Kochi,HNWI,Salaried,299800.0,193,3,12.61087420020211
CUST103291,46,M,Ahmedabad,Retail,Self-Employed,250000.0,151,1,12.429220196836383
CUST103292,33,F,Ahmedabad,HNWI,Business Owner,250000.0,52,1,12.429220196836383
CUST103293,36,F,Pune,Mass Affluent,Salaried,250000.0,161,3,12.429220196836383
CUST103294,31,F,Mumbai,Corporate,Salaried,325700.0,201,2,12.693735061569713
CUST103295,63,M,Ahmedabad,Retail,Business Owner,431900.0,238,1,12.975951674296887
CUST103296,32,F,Hyderabad,Retail,Salaried,250000.0,170,3,12.429220196836383
CUST103297,70,M,Hyderabad,Retail,Salaried,312700.0,99,5,12.653002741394129
CUST103298,50,M,Mumbai,Retail,Salaried,250000.0,125,2,12.429220196836383
CUST103299,64,M,Pune,SME,Student,412900.0,38,3,12.93096313376517
CUST103300,55,F,Mumbai,Retail,Salaried,451200.0,155,2,13.019668195475587
CUST103301,35,F,Indore,Retail,Student,250000.0,38,2,12.429220196836383
CUST103302,53,M,Bhopal,Corporate,Salaried,498500.0,66,3,13.119360874400073
CUST103303,35,M,Indore,Retail,Salaried,312200.0,125,3,12.651402490133291
CUST103304,27,F,Chennai,Retail,Salaried,250000.0,117,2,12.429220196836383
CUST103305,34,F,Bangalore,Mass Affluent,Business Owner,250000.0,95,1,12.429220196836383
CUST103306,35,M,Ahmedabad,Retail,Salaried,273500.0,157,2,12.519060557144618
CUST103307,28,M,Surat,Corporate,Self-Employed,250000.0,219,3,12.429220196836383
CUST103308,22,M,Mumbai,Mass Affluent,Student,250000.0,221,2,12.429220196836383
CUST103309,71,M,Indore,Retail,Salaried,250000.0,125,1,12.429220196836383
CUST103310,48,F,Pune,Mass Affluent,Salaried,250000.0,135,2,12.429220196836383
CUST103311,42,M,Indore,Corporate,Self-Employed,602000.0,111,3,13.308014385419147
CUST103312,71,F,Delhi,Retail,Salaried,277500.0,215,1,12.533579815765737
CUST103313,33,F,Pune,HNWI,Self-Employed,1036900.0,207,4,13.85174701495906
CUST103314,42,F,Pune,Retail,Business Owner,335300.0,18,2,12.72278391485369
CUST103315,66,F,Mumbai,Mass Affluent,Salaried,382100.0,192,3,12.853440250547505
CUST103316,55,M,Surat,HNWI,Salaried,250000.0,13,2,12.429220196836383
CUST103317,42,M,Bhopal,Retail,Self-Employed,250000.0,173,2,12.429220196836383
CUST103318,34,F,Jaipur,Mass Affluent,Salaried,280300.0,85,5,12.543619304752651
CUST103319,22,F,Kolkata,Retail,Salaried,250000.0,129,2,12.429220196836383
CUST103320,25,F,Lucknow,HNWI,Salaried,250000.0,189,1,12.429220196836383
CUST103321,29,M,Kolkata,Mass Affluent,Salaried,345300.0,60,5,12.752171779406325
CUST103322,63,F,Kolkata,Retail,Salaried,349400.0,37,2,12.763975538727225
CUST103323,55,M,Kochi,Retail,Self-Employed,250000.0,138,3,12.429220196836383
CUST103324,44,M,Jaipur,SME,Salaried,318100.0,202,1,12.670124221397808
CUST103325,63,F,Hyderabad,Retail,Salaried,373900.0,33,4,12.83174633547353
CUST103326,29,M,Pune,Retail,Student,250000.0,96,5,12.429220196836383
CUST103327,32,M,Indore,Retail,Salaried,250000.0,131,2,12.429220196836383
CUST103328,42,M,Ahmedabad,Mass Affluent,Salaried,349700.0,59,1,12.764833782641317
CUST103329,70,M,Delhi,Retail,Retired,250000.0,205,2,12.429220196836383
CUST103330,54,F,Indore,Corporate,Salaried,268700.0,146,1,12.501354516219285
CUST103331,66,F,Kochi,Mass Affluent,Retired,715400.0,126,2,13.48059850362548
CUST103332,34,F,Chennai,Retail,Self-Employed,250000.0,38,3,12.429220196836383
CUST103333,66,M,Chandigarh,Mass Affluent,Salaried,439600.0,22,1,12.993622776304285
CUST103334,24,F,Chandigarh,Retail,Salaried,372000.0,44,5,12.826651821423713
CUST103335,33,F,Chandigarh,Retail,Salaried,250000.0,13,3,12.429220196836383
CUST103336,49,M,Kolkata,Mass Affluent,Business Owner,366700.0,131,2,12.812302081080515
CUST103337,23,F,Bhopal,Retail,Salaried,489400.0,207,2,13.10093747330697
CUST103338,67,F,Indore,Corporate,Business Owner,250000.0,183,4,12.429220196836383
CUST103339,67,F,Bhopal,Mass Affluent,Business Owner,250000.0,58,2,12.429220196836383
CUST103340,50,F,Jaipur,Retail,Self-Employed,272600.0,51,5,12.515764466616417
CUST103341,37,F,Chennai,SME,Salaried,482400.0,129,1,13.086530997361455
CUST103342,26,F,Hyderabad,Mass Affluent,Self-Employed,250000.0,187,1,12.429220196836383
CUST103343,54,F,Chandigarh,Retail,Self-Employed,261600.0,187,2,12.474575721187843
CUST103344,50,F,Ahmedabad,Mass Affluent,Salaried,250000.0,128,1,12.429220196836383
CUST103345,62,M,Bhopal,SME,Retired,272300.0,65,2,12.514663351075232
CUST103346,53,F,Jaipur,Retail,Salaried,502800.0,119,2,13.127949744558622
CUST103347,27,F,Jaipur,Retail,Student,285900.0,178,1,12.563400876030764
CUST103348,27,M,Delhi,Mass Affluent,Salaried,250000.0,211,1,12.429220196836383
CUST103349,63,F,Pune,Retail,Salaried,263100.0,23,1,12.480293267857345
CUST103350,29,F,Jaipur,Retail,Self-Employed,250000.0,187,1,12.429220196836383
CUST103351,71,F,Delhi,Mass Affluent,Salaried,250000.0,181,1,12.429220196836383
CUST103352,26,F,Bangalore,Corporate,Salaried,552400.0,55,1,13.22202951079804
CUST103353,60,M,Jaipur,HNWI,Salaried,716900.0,20,5,13.482693034734677
CUST103354,73,F,Hyderabad,Retail,Business Owner,250000.0,78,1,12.429220196836383
CUST103355,44,F,Surat,Retail,Salaried,380500.0,70,1,12.849244084401318
CUST103356,24,M,Pune,Retail,Self-Employed,449300.0,32,5,13.015448320740173
CUST103357,68,F,Pune,Retail,Self-Employed,250000.0,66,3,12.429220196836383
CUST103358,31,M,Delhi,Mass Affluent,Salaried,250000.0,51,1,12.429220196836383
CUST103359,49,M,Pune,Retail,Salaried,250000.0,214,4,12.429220196836383
CUST103360,74,F,Jaipur,Corporate,Salaried,839500.0,26,4,13.640562946684252
CUST103361,61,F,Jaipur,Mass Affluent,Student,723200.0,131,3,13.491442470802511
CUST103362,23,F,Chennai,Mass Affluent,Business Owner,250000.0,82,2,12.429220196836383
CUST103363,65,M,Mumbai,Corporate,Retired,250000.0,203,2,12.429220196836383
CUST103364,29,F,Chandigarh,Mass Affluent,Self-Employed,426700.0,117,5,12.963838812740255
CUST103365,61,M,Chandigarh,Corporate,Business Owner,371900.0,142,2,12.82638296880441
CUST103366,54,F,Bhopal,Corporate,Student,566000.0,98,4,13.246351123968212
CUST103367,36,F,Chennai,Mass Affluent,Salaried,250000.0,194,1,12.429220196836383
CUST103368,43,F,Lucknow,Retail,Retired,414200.0,162,3,12.934106642233319
CUST103369,27,M,Bangalore,Retail,Salaried,250000.0,135,5,12.429220196836383
CUST103370,74,F,Bhopal,Corporate,Salaried,390000.0,98,1,12.873904582205107
CUST103371,33,M,Mumbai,Retail,Salaried,262400.0,111,1,12.47762914702042
CUST103372,37,F,Ahmedabad,SME,Salaried,839300.0,65,3,13.64032468153929
CUST103373,48,M,Indore,Retail,Salaried,351000.0,159,3,12.768544351446794
CUST103374,57,F,Surat,HNWI,Salaried,250000.0,75,3,12.429220196836383
CUST103375,48,M,Indore,Retail,Salaried,291500.0,73,5,12.582798715298532
CUST103376,48,F,Ahmedabad,SME,Retired,252600.0,115,1,12.439566447718878
CUST103377,52,F,Delhi,Retail,Salaried,250000.0,220,3,12.429220196836383
CUST103378,67,M,Mumbai,Retail,Salaried,851700.0,108,3,13.654990805250826
CUST103379,42,F,Bangalore,Corporate,Self-Employed,700300.0,218,1,13.459265521602035
CUST103380,65,M,Mumbai,Retail,Self-Employed,250000.0,129,1,12.429220196836383
CUST103381,63,F,Pune,Retail,Business Owner,408400.0,23,3,12.920004813849474
CUST103382,72,M,Mumbai,Corporate,Salaried,918800.0,142,3,13.73082483817263
CUST103383,70,M,Bangalore,Corporate,Salaried,563600.0,220,3,13.242101833313107
CUST103384,64,M,Pune,Retail,Retired,250000.0,212,2,12.429220196836383
CUST103385,34,F,Kochi,Mass Affluent,Salaried,254500.0,48,3,12.447060044238079
CUST103386,62,F,Surat,Retail,Self-Employed,250000.0,68,2,12.429220196836383
CUST103387,60,F,Mumbai,Retail,Salaried,427100.0,165,1,12.964775798198861
CUST103388,36,M,Bhopal,Mass Affluent,Salaried,565600.0,108,2,13.245644161596884
CUST103389,57,F,Jaipur,Retail,Business Owner,568000.0,198,3,13.249878458265119
CUST103390,34,M,Kolkata,Mass Affluent,Salaried,408700.0,127,4,12.920739116331855
CUST103391,49,M,Kolkata,Retail,Salaried,331500.0,62,2,12.711386105194757
CUST103392,64,M,Indore,Corporate,Business Owner,250000.0,83,3,12.429220196836383
CUST103393,31,M,Pune,Mass Affluent,Salaried,325100.0,32,4,12.69189118226389
CUST103394,39,F,Hyderabad,Retail,Salaried,250000.0,72,2,12.429220196836383
CUST103395,63,F,Pune,SME,Salaried,367700.0,182,2,12.815025386894042
CUST103396,45,F,Delhi,Corporate,Salaried,250000.0,57,4,12.429220196836383
CUST103397,72,F,Bangalore,Retail,Self-Employed,366300.0,109,2,12.81121067876591
CUST103398,21,F,Chennai,SME,Salaried,593500.0,48,3,13.293794177950407
CUST103399,59,M,Hyderabad,Retail,Salaried,336500.0,119,2,12.726356399830706
CUST103400,64,M,Kolkata,Retail,Salaried,326800.0,231,2,12.697106701938823
CUST103401,70,F,Mumbai,Retail,Retired,464100.0,184,4,13.047857479934983
CUST103402,29,M,Lucknow,Retail,Salaried,776200.0,184,1,13.562166786243864
CUST103403,74,M,Delhi,Mass Affluent,Retired,251600.0,65,1,12.435599778363322
CUST103404,42,F,Hyderabad,Mass Affluent,Salaried,366800.0,77,1,12.812574745642083
CUST103405,40,M,Chandigarh,Corporate,Salaried,664500.0,28,4,13.406791662025201
CUST103406,40,F,Mumbai,Retail,Self-Employed,400900.0,221,2,12.901469793015115
CUST103407,55,F,Chennai,Retail,Salaried,250000.0,230,3,12.429220196836383
CUST103408,56,F,Ahmedabad,Retail,Self-Employed,250000.0,85,1,12.429220196836383
CUST103409,46,F,Chennai,Retail,Retired,421100.0,169,2,12.950627988880042
CUST103410,24,M,Chennai,SME,Business Owner,250000.0,55,2,12.429220196836383
CUST103411,74,M,Delhi,HNWI,Salaried,636800.0,158,1,13.364212483862836
CUST103412,32,F,Pune,HNWI,Self-Employed,818100.0,28,2,13.6147410798455
CUST103413,26,F,Kochi,HNWI,Salaried,250000.0,83,1,12.429220196836383
CUST103414,53,M,Jaipur,Retail,Business Owner,250000.0,98,1,12.429220196836383
CUST103415,43,F,Bhopal,Retail,Salaried,250000.0,238,2,12.429220196836383
CUST103416,54,F,Surat,Retail,Salaried,250000.0,115,2,12.429220196836383
CUST103417,68,M,Kochi,Corporate,Salaried,674500.0,58,1,13.421728437208538
CUST103418,26,F,Pune,Retail,Salaried,250000.0,17,2,12.429220196836383
CUST103419,36,F,Lucknow,Retail,Self-Employed,418900.0,47,2,12.945389894136861
CUST103420,48,F,Jaipur,Mass Affluent,Salaried,617000.0,62,5,13.332625923631754
CUST103421,63,F,Indore,Retail,Salaried,438700.0,80,3,12.991573366613755
CUST103422,53,F,Ahmedabad,Mass Affluent,Self-Employed,348700.0,37,5,12.761970100454297
CUST103423,41,F,Pune,Retail,Salaried,250000.0,178,2,12.429220196836383
CUST103424,53,M,Delhi,Mass Affluent,Student,813700.0,96,4,13.609348255638153
CUST103425,73,F,Indore,Retail,Salaried,250000.0,61,1,12.429220196836383
CUST103426,46,F,Pune,Corporate,Salaried,474000.0,129,2,13.06896471037963
CUST103427,68,F,Kochi,HNWI,Salaried,250000.0,79,2,12.429220196836383
CUST103428,63,F,Surat,Retail,Salaried,250000.0,166,3,12.429220196836383
CUST103429,37,M,Mumbai,HNWI,Salaried,250000.0,129,4,12.429220196836383
CUST103430,34,M,Lucknow,HNWI,Business Owner,250000.0,224,3,12.429220196836383
CUST103431,62,M,Ahmedabad,Mass Affluent,Salaried,250000.0,158,1,12.429220196836383
CUST103432,32,F,Hyderabad,SME,Retired,250000.0,91,3,12.429220196836383
CUST103433,39,F,Hyderabad,Corporate,Salaried,390600.0,40,3,12.875441857585288
CUST103434,33,M,Lucknow,Retail,Self-Employed,417600.0,29,1,12.942281710183714
CUST103435,53,F,Delhi,Retail,Salaried,250000.0,159,1,12.429220196836383
CUST103436,36,M,Lucknow,Retail,Salaried,250000.0,13,3,12.429220196836383
CUST103437,56,M,Indore,Mass Affluent,Salaried,250000.0,95,2,12.429220196836383
CUST103438,71,F,Delhi,SME,Salaried,312600.0,10,1,12.652682895940725
CUST103439,65,M,Mumbai,Mass Affluent,Self-Employed,613400.0,87,4,13.32677416091854
CUST103440,72,F,Mumbai,Retail,Salaried,613600.0,212,5,13.32710015876006
CUST103441,22,F,Surat,SME,Salaried,250000.0,24,2,12.429220196836383
CUST103442,45,M,Indore,HNWI,Student,886200.0,234,5,13.69469906616034
CUST103443,32,M,Chandigarh,Retail,Salaried,250000.0,233,4,12.429220196836383
CUST103444,70,M,Mumbai,Corporate,Salaried,250000.0,208,2,12.429220196836383
CUST103445,59,M,Ahmedabad,Retail,Salaried,250000.0,168,3,12.429220196836383
CUST103446,38,F,Mumbai,Mass Affluent,Salaried,250000.0,47,5,12.429220196836383
CUST103447,51,F,Kolkata,Mass Affluent,Salaried,327800.0,29,3,12.700161995927848
CUST103448,53,F,Chennai,SME,Self-Employed,250000.0,221,2,12.429220196836383
CUST103449,47,F,Lucknow,Retail,Self-Employed,250000.0,91,1,12.429220196836383
CUST103450,46,F,Bhopal,Retail,Self-Employed,250000.0,111,2,12.429220196836383
CUST103451,23,F,Indore,Mass Affluent,Salaried,250000.0,24,1,12.429220196836383
CUST103452,45,F,Mumbai,Corporate,Salaried,250000.0,19,1,12.429220196836383
CUST103453,39,F,Hyderabad,Retail,Business Owner,493500.0,132,2,13.109280164196072
CUST103454,65,F,Chennai,Retail,Salaried,791800.0,100,2,13.582065376598559
CUST103455,67,M,Hyderabad,SME,Salaried,821700.0,169,1,13.619131860907707
CUST103456,61,M,Kolkata,HNWI,Salaried,405200.0,201,4,12.912138519270698
CUST103457,22,F,Lucknow,Retail,Self-Employed,250000.0,19,1,12.429220196836383
CUST103458,66,M,Kochi,Retail,Salaried,250000.0,233,3,12.429220196836383
CUST103459,42,M,Chandigarh,Mass Affluent,Retired,422400.0,221,2,12.953710378795629
CUST103460,43,M,Surat,Mass Affluent,Salaried,250000.0,140,5,12.429220196836383
CUST103461,72,M,Chennai,Mass Affluent,Student,343600.0,93,1,12.747236379448887
CUST103462,67,F,Bangalore,HNWI,Salaried,854500.0,44,1,13.658272951812112
CUST103463,23,F,Kolkata,Retail,Self-Employed,305600.0,60,3,12.630035608520458
CUST103464,40,M,Kochi,Corporate,Salaried,1052500.0,170,2,13.866679794656987
CUST103465,61,F,Chandigarh,Retail,Business Owner,250000.0,36,4,12.429220196836383
CUST103466,50,F,Kolkata,Corporate,Salaried,351000.0,231,1,12.768544351446794
CUST103467,34,F,Bangalore,Retail,Retired,323900.0,40,2,12.6881931925273
CUST103468,49,F,Mumbai,Retail,Business Owner,250000.0,182,1,12.429220196836383
CUST103469,67,M,Delhi,Retail,Self-Employed,434100.0,204,3,12.98103250490171
CUST103470,33,M,Lucknow,Retail,Salaried,672300.0,75,2,13.418461435887227
CUST103471,61,F,Jaipur,Retail,Salaried,1006100.0,118,1,13.821593022216632
CUST103472,60,F,Lucknow,Mass Affluent,Student,343400.0,140,3,12.746654139497183
CUST103473,68,F,Mumbai,Corporate,Retired,250000.0,192,1,12.429220196836383
CUST103474,37,F,Pune,Mass Affluent,Salaried,357300.0,17,1,12.786333842776127
CUST103475,32,F,Bangalore,Mass Affluent,Salaried,418800.0,59,1,12.945151145750263
CUST103476,50,M,Kolkata,Retail,Salaried,250000.0,41,4,12.429220196836383
CUST103477,49,F,Lucknow,Corporate,Salaried,305300.0,80,2,12.629053454184358
CUST103478,43,M,Chennai,Retail,Salaried,250000.0,163,2,12.429220196836383
CUST103479,63,M,Lucknow,Retail,Business Owner,250000.0,102,2,12.429220196836383
CUST103480,64,M,Chennai,Retail,Salaried,494100.0,121,5,13.1104952287136
CUST103481,34,F,Ahmedabad,Retail,Retired,617500.0,112,1,13.333435966916156
CUST103482,63,M,Pune,Mass Affluent,Student,250000.0,7,1,12.429220196836383
CUST103483,33,F,Kolkata,Retail,Salaried,250000.0,28,4,12.429220196836383
CUST103484,43,F,Delhi,Retail,Salaried,250000.0,59,2,12.429220196836383
CUST103485,22,F,Jaipur,Corporate,Salaried,808500.0,16,5,13.602937194856914
CUST103486,39,M,Chandigarh,Retail,Salaried,452500.0,198,3,13.022545252064427
CUST103487,72,F,Lucknow,Mass Affluent,Self-Employed,250000.0,239,3,12.429220196836383
CUST103488,44,M,Kochi,Retail,Self-Employed,258100.0,119,2,12.46110626016646
CUST103489,59,F,Indore,Corporate,Salaried,250000.0,161,1,12.429220196836383
CUST103490,26,F,Mumbai,HNWI,Retired,250000.0,19,4,12.429220196836383
CUST103491,55,M,Kochi,Retail,Salaried,499700.0,18,2,13.121765198531014
CUST103492,41,M,Hyderabad,Corporate,Salaried,492900.0,147,1,13.1080636215005
CUST103493,61,M,Lucknow,Retail,Student,315400.0,186,1,12.661600124083094
CUST103494,71,F,Chandigarh,Retail,Salaried,250000.0,223,2,12.429220196836383
CUST103495,49,F,Bhopal,Mass Affluent,Salaried,250000.0,90,1,12.429220196836383
CUST103496,26,M,Pune,HNWI,Salaried,275500.0,103,1,12.526346537332584
CUST103497,46,F,Indore,Retail,Salaried,250000.0,192,1,12.429220196836383
CUST103498,27,M,Lucknow,Retail,Salaried,267400.0,38,4,12.496504683358769
CUST103499,45,F,Delhi,Retail,Self-Employed,375100.0,228,2,12.83495060202217
CUST103500,24,M,Hyderabad,Mass Affluent,Salaried,250000.0,75,2,12.429220196836383
CUST103501,55,M,Chandigarh,SME,Self-Employed,250000.0,12,1,12.429220196836383
CUST103502,37,F,Bhopal,Retail,Salaried,263000.0,190,3,12.479913113434042
CUST103503,31,M,Bhopal,SME,Salaried,686400.0,231,3,13.439217284031285
CUST103504,21,M,Kolkata,Retail,Retired,445600.0,118,1,13.007179211757864
CUST103505,68,F,Chennai,HNWI,Business Owner,267800.0,44,5,12.497999446362185
CUST103506,66,M,Indore,SME,Self-Employed,341600.0,41,1,12.741398668292735
CUST103507,64,F,Mumbai,Mass Affluent,Salaried,252500.0,75,1,12.439170488085749
CUST103508,24,M,Bhopal,Retail,Salaried,512100.0,130,2,13.14627715019234
CUST103509,39,M,Lucknow,Retail,Business Owner,348100.0,152,5,12.760247946533124
CUST103510,73,M,Lucknow,Retail,Retired,578000.0,169,4,13.267330877756825
CUST103511,52,F,Pune,Mass Affluent,Self-Employed,250000.0,173,3,12.429220196836383
CUST103512,27,M,Chandigarh,SME,Salaried,250000.0,62,2,12.429220196836383
CUST103513,28,M,Kochi,Retail,Salaried,316400.0,45,2,12.6647656754269
CUST103514,35,F,Mumbai,Retail,Salaried,360800.0,228,2,12.79608183878539
CUST103515,73,M,Ahmedabad,Retail,Salaried,1132800.0,38,2,13.940203884689565
CUST103516,30,M,Indore,Mass Affluent,Salaried,250000.0,125,4,12.429220196836383
CUST103517,69,M,Delhi,Mass Affluent,Salaried,263100.0,73,3,12.480293267857345
CUST103518,57,M,Kochi,Retail,Salaried,256100.0,177,2,12.45332717690471
CUST103519,70,M,Hyderabad,HNWI,Self-Employed,309500.0,82,5,12.64271660211934
CUST103520,65,F,Ahmedabad,Retail,Self-Employed,759200.0,29,1,13.540021843452962
CUST103521,38,M,Bhopal,Mass Affluent,Self-Employed,454000.0,80,1,13.025854679664231
CUST103522,65,M,Ahmedabad,Retail,Salaried,250000.0,29,2,12.429220196836383
CUST103523,30,F,Mumbai,Retail,Salaried,673500.0,46,5,13.420244759612448
CUST103524,36,M,Mumbai,Mass Affluent,Student,662300.0,116,1,13.40347541436171
CUST103525,32,F,Kochi,Mass Affluent,Salaried,314200.0,233,1,12.65778818748478
CUST103526,28,M,Bhopal,Retail,Retired,250000.0,53,2,12.429220196836383
CUST103527,25,F,Chennai,HNWI,Salaried,250000.0,192,5,12.429220196836383
CUST103528,31,F,Chandigarh,Mass Affluent,Self-Employed,355500.0,127,2,12.781283341160998
CUST103529,27,M,Pune,Retail,Salaried,487900.0,235,3,13.097867795402156
CUST103530,41,F,Mumbai,SME,Self-Employed,250000.0,127,4,12.429220196836383
CUST103531,24,M,Ahmedabad,SME,Retired,250000.0,30,3,12.429220196836383
CUST103532,24,F,Chandigarh,Retail,Salaried,518600.0,102,1,13.158890080353258
CUST103533,74,M,Hyderabad,SME,Business Owner,660700.0,23,1,13.40105667156307
CUST103534,25,F,Chandigarh,HNWI,Retired,347400.0,57,1,12.758235011311193
CUST103535,24,F,Lucknow,Retail,Business Owner,534500.0,131,3,13.189088880352877
CUST103536,22,F,Kolkata,Mass Affluent,Salaried,352600.0,216,4,12.773092385016758
CUST103537,28,M,Surat,Retail,Salaried,478200.0,149,1,13.077786425179415
CUST103538,49,F,Pune,Mass Affluent,Retired,292700.0,91,2,12.586906889141513
CUST103539,65,F,Delhi,SME,Self-Employed,357900.0,154,1,12.788011690826771
CUST103540,60,F,Bhopal,Retail,Student,250000.0,63,2,12.429220196836383
CUST103541,52,F,Kolkata,Mass Affluent,Salaried,413900.0,27,2,12.933382093776428
CUST103542,25,M,Jaipur,Retail,Business Owner,250000.0,177,5,12.429220196836383
CUST103543,62,F,Kochi,Mass Affluent,Business Owner,413600.0,203,2,12.932657019968405
CUST103544,23,F,Delhi,Corporate,Business Owner,250000.0,149,1,12.429220196836383
CUST103545,55,M,Surat,Retail,Self-Employed,335000.0,120,2,12.721888795877375
CUST103546,43,F,Kolkata,Mass Affluent,Salaried,250000.0,113,4,12.429220196836383
CUST103547,68,F,Jaipur,Retail,Self-Employed,250000.0,92,2,12.429220196836383
CUST103548,37,M,Pune,HNWI,Self-Employed,334600.0,232,4,12.720694056173551
CUST103549,55,M,Kochi,HNWI,Salaried,421900.0,124,2,12.952525968339533
CUST103550,44,M,Bangalore,Mass Affluent,Salaried,517200.0,210,2,13.156186859365983
CUST103551,49,M,Delhi,Retail,Retired,250000.0,15,2,12.429220196836383
CUST103552,71,F,Pune,Mass Affluent,Salaried,250000.0,88,4,12.429220196836383
CUST103553,59,F,Delhi,Mass Affluent,Salaried,250000.0,56,2,12.429220196836383
CUST103554,43,F,Hyderabad,Mass Affluent,Self-Employed,250000.0,33,2,12.429220196836383
CUST103555,45,F,Lucknow,Mass Affluent,Student,687000.0,239,3,13.440091026807503
CUST103556,59,M,Indore,Corporate,Self-Employed,599700.0,18,1,13.304186476655628
CUST103557,39,F,Surat,Retail,Salaried,250000.0,135,1,12.429220196836383
CUST103558,30,F,Chennai,Retail,Salaried,748800.0,56,1,13.526228539614713
CUST103559,46,M,Indore,SME,Salaried,578600.0,24,2,13.268368399832392
CUST103560,24,M,Pune,Retail,Salaried,250000.0,235,4,12.429220196836383
CUST103561,30,F,Bangalore,Corporate,Business Owner,250000.0,74,2,12.429220196836383
CUST103562,43,F,Kochi,Mass Affluent,Salaried,250000.0,88,2,12.429220196836383
CUST103563,64,F,Ahmedabad,Corporate,Salaried,254800.0,49,1,12.448238127319225
CUST103564,63,M,Kolkata,Mass Affluent,Business Owner,271200.0,166,5,12.510615522357213
CUST103565,35,M,Lucknow,Corporate,Salaried,270900.0,222,1,12.509508719465414
CUST103566,43,M,Surat,HNWI,Salaried,250000.0,85,1,12.429220196836383
CUST103567,29,F,Hyderabad,Mass Affluent,Salaried,250000.0,194,4,12.429220196836383
CUST103568,61,F,Delhi,Retail,Salaried,313700.0,101,4,12.656195581932694
CUST103569,34,M,Ahmedabad,Retail,Salaried,389800.0,133,1,12.87339163147047
CUST103570,64,M,Mumbai,Retail,Student,250000.0,193,2,12.429220196836383
CUST103571,66,F,Lucknow,SME,Business Owner,250000.0,228,3,12.429220196836383
CUST103572,58,F,Pune,Retail,Business Owner,495600.0,148,1,13.113526446491344
CUST103573,38,F,Hyderabad,HNWI,Self-Employed,250000.0,93,5,12.429220196836383
CUST103574,72,F,Jaipur,Mass Affluent,Salaried,266000.0,115,2,12.491255347155265
CUST103575,58,F,Kolkata,Retail,Business Owner,250000.0,208,2,12.429220196836383
CUST103576,55,F,Kolkata,SME,Salaried,441900.0,88,1,12.998841154071691
CUST103577,67,F,Hyderabad,Retail,Salaried,250000.0,115,1,12.429220196836383
CUST103578,68,F,Surat,Mass Affluent,Salaried,250000.0,187,1,12.429220196836383
CUST103579,25,M,Bhopal,Mass Affluent,Salaried,471700.0,204,2,13.064100589261626
CUST103580,68,F,Lucknow,Retail,Salaried,386900.0,110,5,12.86592412533246
CUST103581,62,F,Hyderabad,Retail,Salaried,250000.0,216,2,12.429220196836383
CUST103582,32,M,Indore,Mass Affluent,Salaried,250000.0,207,2,12.429220196836383
CUST103583,37,F,Delhi,Retail,Salaried,250000.0,114,2,12.429220196836383
CUST103584,61,M,Chennai,Corporate,Salaried,250000.0,70,1,12.429220196836383
CUST103585,32,M,Mumbai,Mass Affluent,Self-Employed,252700.0,47,3,12.43996225063003
CUST103586,45,M,Indore,Retail,Salaried,255300.0,34,2,12.450198520182342
CUST103587,58,M,Mumbai,Retail,Self-Employed,250000.0,51,2,12.429220196836383
CUST103588,56,F,Jaipur,Retail,Salaried,489000.0,22,3,13.100119813444692
CUST103589,70,F,Bangalore,HNWI,Salaried,250000.0,73,2,12.429220196836383
CUST103590,27,M,Hyderabad,Mass Affluent,Self-Employed,250000.0,237,4,12.429220196836383
CUST103591,36,F,Lucknow,Retail,Self-Employed,250000.0,58,2,12.429220196836383
CUST103592,74,F,Indore,Mass Affluent,Salaried,289100.0,96,1,12.574531387009179
CUST103593,51,F,Mumbai,Mass Affluent,Salaried,251700.0,96,1,12.435997154099226
CUST103594,34,F,Bangalore,Mass Affluent,Business Owner,250000.0,127,1,12.429220196836383
CUST103595,36,F,Chennai,Retail,Salaried,250000.0,124,4,12.429220196836383
CUST103596,39,F,Chandigarh,Retail,Salaried,250000.0,141,4,12.429220196836383
CUST103597,50,F,Mumbai,Retail,Salaried,250000.0,26,5,12.429220196836383
CUST103598,36,F,Bangalore,Mass Affluent,Business Owner,250000.0,81,3,12.429220196836383
CUST103599,54,M,Pune,Mass Affluent,Salaried,518600.0,218,4,13.158890080353258
CUST103600,45,F,Chennai,Retail,Retired,314400.0,234,2,12.658424520193709
CUST103601,53,M,Mumbai,Retail,Self-Employed,250000.0,6,3,12.429220196836383
CUST103602,29,F,Jaipur,Mass Affluent,Self-Employed,517600.0,153,2,13.15695995416078
CUST103603,54,F,Lucknow,Retail,Salaried,350700.0,38,4,12.767689287564181
CUST103604,70,F,Bangalore,Mass Affluent,Self-Employed,250000.0,131,5,12.429220196836383
CUST103605,28,F,Surat,Retail,Salaried,250000.0,7,3,12.429220196836383
CUST103606,38,F,Mumbai,Retail,Salaried,250000.0,182,3,12.429220196836383
CUST103607,58,F,Surat,Mass Affluent,Salaried,383400.0,236,4,12.856836717832325
CUST103608,54,F,Hyderabad,Retail,Self-Employed,458100.0,34,1,13.034844962801943
CUST103609,57,F,Hyderabad,Mass Affluent,Business Owner,250000.0,102,2,12.429220196836383
CUST103610,51,M,Bangalore,Retail,Retired,398400.0,51,3,12.895214314729591
CUST103611,57,F,Bhopal,Retail,Salaried,389400.0,51,3,12.872364939970355
CUST103612,53,F,Ahmedabad,Mass Affluent,Retired,619700.0,191,2,13.336992382632937
CUST103613,24,F,Surat,Retail,Business Owner,474600.0,33,2,13.070229730019086
CUST103614,61,F,Hyderabad,Mass Affluent,Business Owner,603900.0,35,1,13.311165556197917
CUST103615,45,F,Mumbai,HNWI,Self-Employed,359700.0,92,5,12.793028409774374
CUST103616,23,M,Mumbai,SME,Salaried,352600.0,78,3,12.773092385016758
CUST103617,43,M,Pune,Retail,Retired,250000.0,234,3,12.429220196836383
CUST103618,44,M,Chennai,Retail,Self-Employed,439000.0,98,1,12.992256969959042
CUST103619,25,F,Kochi,Retail,Self-Employed,250000.0,134,1,12.429220196836383
CUST103620,74,F,Kochi,Corporate,Salaried,250000.0,30,2,12.429220196836383
CUST103621,33,F,Chennai,Retail,Salaried,371000.0,88,1,12.82396003700373
CUST103622,38,F,Pune,Retail,Salaried,624600.0,54,1,13.34486832485449
CUST103623,44,M,Kolkata,HNWI,Salaried,250000.0,91,1,12.429220196836383
CUST103624,65,F,Surat,Retail,Salaried,479200.0,77,1,13.079875412592552
CUST103625,61,F,Lucknow,Mass Affluent,Retired,250000.0,33,1,12.429220196836383
CUST103626,62,F,Lucknow,Mass Affluent,Salaried,485200.0,135,3,13.092318517055679
CUST103627,33,F,Mumbai,Mass Affluent,Salaried,250000.0,126,2,12.429220196836383
CUST103628,66,M,Kolkata,HNWI,Salaried,414800.0,127,2,12.935554166134988
CUST103629,65,F,Chandigarh,Retail,Salaried,253400.0,105,5,12.442728493191302
CUST103630,46,F,Kolkata,Mass Affluent,Salaried,250000.0,128,2,12.429220196836383
CUST103631,50,F,Bangalore,Mass Affluent,Self-Employed,250000.0,176,4,12.429220196836383
CUST103632,23,M,Bangalore,Retail,Student,593000.0,67,1,13.292951364319082
CUST103633,62,M,Mumbai,Corporate,Salaried,250000.0,50,1,12.429220196836383
CUST103634,72,M,Kochi,HNWI,Salaried,250000.0,164,2,12.429220196836383
CUST103635,46,M,Mumbai,SME,Business Owner,340900.0,38,5,12.739347391533249
CUST103636,50,M,Jaipur,HNWI,Salaried,250000.0,88,4,12.429220196836383
CUST103637,47,M,Kolkata,Retail,Self-Employed,685600.0,142,2,13.438051104841072
CUST103638,25,M,Delhi,Retail,Self-Employed,675300.0,142,4,13.422913796385174
CUST103639,54,M,Bhopal,Retail,Business Owner,500300.0,179,1,13.122965196275018
CUST103640,59,F,Kochi,Retail,Salaried,266500.0,116,2,12.493133274926212
CUST103641,71,F,Indore,Retail,Student,728500.0,122,1,13.498744277300052
CUST103642,71,M,Chandigarh,Retail,Student,601600.0,16,2,13.307349713850428
CUST103643,47,F,Bhopal,Retail,Salaried,250000.0,190,1,12.429220196836383
CUST103644,72,M,Surat,Corporate,Salaried,636200.0,61,2,13.363269830128703
CUST103645,49,F,Jaipur,Retail,Salaried,250000.0,202,2,12.429220196836383
CUST103646,55,M,Surat,Mass Affluent,Salaried,250000.0,156,2,12.429220196836383
CUST103647,53,M,Pune,HNWI,Student,250000.0,220,1,12.429220196836383
CUST103648,74,M,Bangalore,Mass Affluent,Salaried,292900.0,210,2,12.587589946944513
CUST103649,60,M,Kolkata,Retail,Salaried,250000.0,94,2,12.429220196836383
CUST103650,27,M,Ahmedabad,Mass Affluent,Salaried,250000.0,98,1,12.429220196836383
CUST103651,24,M,Mumbai,HNWI,Self-Employed,250000.0,217,2,12.429220196836383
CUST103652,43,M,Indore,Corporate,Business Owner,250000.0,212,1,12.429220196836383
CUST103653,48,F,Bhopal,Retail,Self-Employed,275100.0,171,2,12.524893581947863
CUST103654,57,F,Pune,Retail,Self-Employed,579600.0,222,2,13.270095214754988
CUST103655,47,M,Ahmedabad,Mass Affluent,Salaried,250000.0,152,2,12.429220196836383
CUST103656,48,M,Indore,Retail,Self-Employed,450200.0,11,2,13.017449428687309
CUST103657,70,F,Pune,HNWI,Salaried,305300.0,135,1,12.629053454184358
CUST103658,39,F,Surat,Mass Affluent,Salaried,335900.0,92,1,12.724571752672464
CUST103659,47,F,Ahmedabad,HNWI,Self-Employed,263400.0,10,2,12.481432864791325
CUST103660,51,M,Chennai,SME,Student,250000.0,136,4,12.429220196836383
CUST103661,46,F,Kochi,Mass Affluent,Self-Employed,350400.0,137,1,12.76683349192158
CUST103662,73,F,Bangalore,Corporate,Self-Employed,366300.0,177,1,12.81121067876591
CUST103663,72,M,Hyderabad,Mass Affluent,Salaried,250000.0,188,3,12.429220196836383
CUST103664,48,F,Surat,Retail,Salaried,250000.0,81,2,12.429220196836383
CUST103665,45,M,Surat,HNWI,Salaried,282400.0,237,1,12.551083325671442
CUST103666,52,M,Chandigarh,Mass Affluent,Self-Employed,422000.0,109,1,12.952762962683588
CUST103667,30,F,Surat,SME,Self-Employed,490400.0,107,5,13.102978702753772
CUST103668,44,F,Mumbai,Retail,Self-Employed,552400.0,48,2,13.22202951079804
CUST103669,32,F,Indore,Retail,Salaried,335300.0,237,1,12.72278391485369
CUST103670,28,M,Pune,Corporate,Salaried,250000.0,98,2,12.429220196836383
CUST103671,26,M,Mumbai,Retail,Salaried,268000.0,46,1,12.498745990829315
CUST103672,52,F,Jaipur,Mass Affluent,Self-Employed,250000.0,204,1,12.429220196836383
CUST103673,21,F,Bangalore,Mass Affluent,Student,250000.0,230,5,12.429220196836383
CUST103674,55,F,Pune,Retail,Salaried,259900.0,56,2,12.468056068255885
CUST103675,44,F,Ahmedabad,Retail,Self-Employed,250000.0,143,3,12.429220196836383
CUST103676,40,F,Delhi,Corporate,Self-Employed,283600.0,217,4,12.555323599726982
CUST103677,62,M,Indore,Retail,Salaried,250000.0,161,1,12.429220196836383
CUST103678,50,M,Ahmedabad,HNWI,Salaried,250000.0,108,1,12.429220196836383
CUST103679,60,M,Chandigarh,HNWI,Salaried,427300.0,140,1,12.96524396190553
CUST103680,59,M,Pune,Mass Affluent,Retired,250000.0,29,3,12.429220196836383
CUST103681,22,M,Jaipur,Retail,Salaried,250000.0,235,2,12.429220196836383
CUST103682,32,F,Indore,Retail,Salaried,284100.0,126,2,12.557085087723449
CUST103683,51,M,Hyderabad,Corporate,Salaried,250000.0,16,1,12.429220196836383
CUST103684,73,F,Bhopal,Retail,Self-Employed,521200.0,85,1,13.163891042880257
CUST103685,29,M,Bangalore,Retail,Salaried,250000.0,102,2,12.429220196836383
CUST103686,26,F,Chandigarh,SME,Student,268600.0,238,1,12.500982286072535
CUST103687,71,F,Lucknow,Retail,Salaried,250000.0,210,3,12.429220196836383
CUST103688,73,M,Ahmedabad,Retail,Retired,294700.0,77,5,12.593716562001331
CUST103689,30,M,Hyderabad,SME,Self-Employed,250000.0,45,5,12.429220196836383
CUST103690,42,M,Jaipur,Retail,Salaried,264600.0,15,2,12.485978309945345
CUST103691,54,F,Jaipur,Retail,Self-Employed,558400.0,139,1,13.232832621259641
CUST103692,31,F,Chandigarh,Retail,Self-Employed,250000.0,110,2,12.429220196836383
CUST103693,38,F,Indore,HNWI,Salaried,250000.0,128,1,12.429220196836383
CUST103694,42,F,Ahmedabad,Corporate,Self-Employed,250000.0,69,5,12.429220196836383
CUST103695,55,M,Kolkata,HNWI,Self-Employed,649800.0,194,3,13.38442144115101
CUST103696,37,F,Kolkata,SME,Self-Employed,254300.0,126,1,12.44627388376583
CUST103697,43,M,Kolkata,Retail,Self-Employed,562700.0,220,3,13.240503682565695
CUST103698,36,F,Mumbai,Mass Affluent,Self-Employed,250000.0,62,1,12.429220196836383
CUST103699,62,F,Mumbai,Retail,Salaried,547900.0,66,3,13.213849892675416
CUST103700,29,F,Kochi,Corporate,Salaried,342600.0,143,2,12.744321783723706
CUST103701,33,F,Hyderabad,SME,Salaried,374300.0,168,4,12.832815565542704
CUST103702,34,F,Pune,Retail,Self-Employed,250000.0,75,5,12.429220196836383
CUST103703,69,F,Surat,Corporate,Salaried,250000.0,134,2,12.429220196836383
CUST103704,72,M,Lucknow,Mass Affluent,Salaried,510000.0,125,2,13.1421679654829
CUST103705,48,M,Kolkata,Retail,Business Owner,506200.0,161,1,13.134689102594963
CUST103706,29,F,Kochi,Mass Affluent,Salaried,1147200.0,154,4,13.9528356205147
CUST103707,61,M,Bangalore,SME,Salaried,250000.0,52,2,12.429220196836383
CUST103708,47,M,Ahmedabad,Retail,Business Owner,359100.0,32,5,12.791358964949923
CUST103709,66,M,Delhi,Retail,Self-Employed,250000.0,69,4,12.429220196836383
CUST103710,40,F,Ahmedabad,SME,Business Owner,250000.0,35,1,12.429220196836383
CUST103711,74,F,Delhi,Retail,Salaried,250000.0,134,1,12.429220196836383
CUST103712,64,F,Chandigarh,Retail,Self-Employed,337500.0,125,3,12.729323752253295
CUST103713,33,F,Lucknow,HNWI,Retired,250000.0,6,2,12.429220196836383
CUST103714,60,F,Hyderabad,Mass Affluent,Salaried,273800.0,199,1,12.520156844130765
CUST103715,36,F,Lucknow,Retail,Salaried,442100.0,173,2,12.999293641743465
CUST103716,39,M,Kolkata,Retail,Salaried,528000.0,115,2,13.176853456625999
CUST103717,34,F,Ahmedabad,Corporate,Retired,406600.0,43,2,12.915587639592935
CUST103718,57,F,Bangalore,Mass Affluent,Salaried,351900.0,43,1,12.771105165022036
CUST103719,35,M,Ahmedabad,Mass Affluent,Salaried,250000.0,223,1,12.429220196836383
CUST103720,55,M,Delhi,Corporate,Salaried,250000.0,61,1,12.429220196836383
CUST103721,52,F,Bangalore,Retail,Student,370800.0,207,3,12.82342080954183
CUST103722,61,F,Jaipur,Corporate,Salaried,250000.0,161,2,12.429220196836383
CUST103723,74,M,Ahmedabad,HNWI,Salaried,288200.0,151,2,12.57141343235417
CUST103724,21,M,Chennai,SME,Student,250000.0,201,5,12.429220196836383
CUST103725,74,F,Mumbai,Retail,Salaried,261800.0,214,4,12.475339952160343
CUST103726,26,F,Pune,Retail,Self-Employed,250000.0,69,1,12.429220196836383
CUST103727,49,F,Bhopal,Mass Affluent,Salaried,250000.0,237,3,12.429220196836383
CUST103728,39,F,Surat,SME,Salaried,250000.0,35,1,12.429220196836383
CUST103729,55,F,Mumbai,SME,Salaried,250000.0,187,3,12.429220196836383
CUST103730,59,F,Chandigarh,Retail,Salaried,254600.0,96,1,12.447452892827501
CUST103731,67,M,Pune,Mass Affluent,Salaried,250000.0,152,1,12.429220196836383
CUST103732,42,M,Jaipur,Retail,Business Owner,250000.0,201,5,12.429220196836383
CUST103733,71,F,Mumbai,Mass Affluent,Salaried,434600.0,111,2,12.982183647768226
CUST103734,38,M,Chennai,Corporate,Salaried,293200.0,25,2,12.588613659630019
CUST103735,32,F,Kochi,HNWI,Self-Employed,250000.0,196,4,12.429220196836383
CUST103736,41,M,Chennai,Retail,Retired,481300.0,36,1,13.084248132995254
CUST103737,49,M,Bangalore,SME,Salaried,250000.0,170,1,12.429220196836383
CUST103738,57,M,Delhi,Retail,Salaried,250000.0,108,2,12.429220196836383
CUST103739,65,M,Bhopal,Mass Affluent,Salaried,250000.0,116,3,12.429220196836383
CUST103740,33,F,Indore,Mass Affluent,Business Owner,842400.0,67,3,13.644011426885719
CUST103741,37,F,Mumbai,Mass Affluent,Business Owner,309000.0,123,2,12.6410997921206
CUST103742,71,F,Bhopal,HNWI,Salaried,301800.0,49,2,12.617523138763014
CUST103743,44,M,Indore,Mass Affluent,Salaried,355000.0,59,2,12.779875885354993
CUST103744,34,F,Kolkata,Retail,Salaried,250000.0,116,2,12.429220196836383
CUST103745,74,M,Lucknow,Retail,Self-Employed,250000.0,190,1,12.429220196836383
CUST103746,45,M,Hyderabad,Mass Affluent,Salaried,352600.0,126,1,12.773092385016758
CUST103747,74,M,Hyderabad,Mass Affluent,Salaried,267700.0,211,3,12.497625965026309
CUST103748,70,M,Surat,Mass Affluent,Salaried,1007800.0,70,4,13.823281287488511
CUST103749,69,M,Hyderabad,Retail,Self-Employed,250000.0,9,2,12.429220196836383
CUST103750,52,M,Kolkata,Retail,Student,472600.0,78,2,13.066006759687001
CUST103751,64,M,Kolkata,HNWI,Salaried,435200.0,32,3,12.983563272315347
CUST103752,72,F,Bangalore,Mass Affluent,Retired,292300.0,128,1,12.585539372236147
CUST103753,35,F,Indore,Mass Affluent,Salaried,326000.0,237,2,12.694655727828803
CUST103754,23,M,Surat,Mass Affluent,Self-Employed,250000.0,120,2,12.429220196836383
CUST103755,38,M,Indore,Retail,Business Owner,250000.0,47,2,12.429220196836383
CUST103756,55,M,Ahmedabad,Retail,Self-Employed,330900.0,142,1,12.709574515966183
CUST103757,50,F,Bangalore,Retail,Salaried,347000.0,178,5,12.757082940769225
CUST103758,25,F,Chennai,HNWI,Salaried,381300.0,209,1,12.851344368449087
CUST103759,51,M,Kolkata,Retail,Business Owner,278700.0,118,1,12.537894801551152
CUST103760,30,M,Chandigarh,Retail,Self-Employed,480300.0,105,2,13.082168269682812
CUST103761,48,M,Hyderabad,SME,Salaried,250000.0,127,3,12.429220196836383
CUST103762,52,M,Surat,Retail,Self-Employed,647600.0,56,3,13.381030044947488
CUST103763,55,M,Delhi,Mass Affluent,Salaried,250000.0,31,2,12.429220196836383
CUST103764,43,M,Chandigarh,Retail,Salaried,251500.0,186,2,12.435202244657168
CUST103765,43,F,Lucknow,Retail,Business Owner,403700.0,38,2,12.90842978392491
CUST103766,57,F,Pune,Retail,Salaried,250000.0,167,1,12.429220196836383
CUST103767,61,F,Kolkata,Corporate,Salaried,420600.0,141,1,12.949439919803783
CUST103768,64,M,Kolkata,Mass Affluent,Salaried,250000.0,116,2,12.429220196836383
CUST103769,39,M,Hyderabad,HNWI,Retired,288000.0,94,2,12.570719231334277
CUST103770,43,M,Jaipur,SME,Salaried,250000.0,236,3,12.429220196836383
CUST103771,38,M,Indore,Retail,Salaried,250000.0,192,5,12.429220196836383
CUST103772,49,M,Hyderabad,Mass Affluent,Salaried,1035800.0,44,2,13.850685598408806
CUST103773,27,M,Kochi,Retail,Salaried,250000.0,233,3,12.429220196836383
CUST103774,44,M,Jaipur,Mass Affluent,Salaried,250000.0,36,5,12.429220196836383
CUST103775,31,M,Kochi,Corporate,Salaried,250000.0,196,1,12.429220196836383
CUST103776,49,F,Kochi,Retail,Salaried,290300.0,105,2,12.578673594719154
CUST103777,66,F,Mumbai,SME,Self-Employed,250000.0,100,3,12.429220196836383
CUST103778,74,F,Mumbai,Mass Affluent,Salaried,494400.0,124,2,13.111102207777295
CUST103779,45,M,Bhopal,Retail,Salaried,483700.0,118,4,13.089222226206084
CUST103780,24,M,Bangalore,Retail,Self-Employed,250000.0,35,2,12.429220196836383
CUST103781,33,F,Jaipur,Mass Affluent,Salaried,250000.0,42,5,12.429220196836383
CUST103782,26,F,Kochi,Mass Affluent,Salaried,250000.0,178,1,12.429220196836383
CUST103783,62,F,Ahmedabad,Retail,Student,263200.0,168,4,12.480673277818179
CUST103784,74,M,Mumbai,Mass Affluent,Self-Employed,250000.0,97,1,12.429220196836383
CUST103785,50,F,Mumbai,Retail,Self-Employed,250000.0,110,1,12.429220196836383
CUST103786,30,F,Surat,SME,Salaried,629600.0,95,1,13.352841564394108
CUST103787,22,F,Bhopal,Retail,Student,329600.0,206,2,12.705638110993434
CUST103788,73,F,Kolkata,Mass Affluent,Salaried,275800.0,22,1,12.527434870150573
CUST103789,38,M,Jaipur,HNWI,Salaried,250000.0,158,1,12.429220196836383
CUST103790,27,F,Chandigarh,HNWI,Business Owner,299300.0,78,3,12.60920503496451
CUST103791,30,F,Indore,Corporate,Salaried,250000.0,45,2,12.429220196836383
CUST103792,34,M,Jaipur,SME,Self-Employed,309600.0,42,2,12.643039650666653
CUST103793,56,M,Lucknow,Retail,Salaried,415100.0,102,2,12.936277143096287
CUST103794,69,M,Chandigarh,Retail,Salaried,460000.0,39,4,13.038983942375959
CUST103795,35,F,Kochi,Mass Affluent,Self-Employed,289900.0,164,3,12.57729476436913
CUST103796,58,M,Pune,Retail,Salaried,364800.0,82,2,12.807107278406626
CUST103797,24,F,Surat,HNWI,Self-Employed,250000.0,206,4,12.429220196836383
CUST103798,21,F,Chennai,Retail,Salaried,529400.0,40,4,13.17950145770422
CUST103799,23,M,Bhopal,Corporate,Salaried,250000.0,88,2,12.429220196836383
CUST103800,70,M,Delhi,HNWI,Self-Employed,250000.0,95,1,12.429220196836383
CUST103801,52,F,Hyderabad,Mass Affluent,Salaried,563500.0,162,1,13.241924387083285
CUST103802,64,F,Kolkata,Retail,Self-Employed,250000.0,75,3,12.429220196836383
CUST103803,22,M,Hyderabad,SME,Salaried,250000.0,46,5,12.429220196836383
CUST103804,22,F,Jaipur,HNWI,Salaried,250000.0,100,1,12.429220196836383
CUST103805,66,M,Surat,Corporate,Salaried,618500.0,217,2,13.335054087628247
CUST103806,26,F,Bhopal,Corporate,Business Owner,250000.0,196,1,12.429220196836383
CUST103807,29,F,Ahmedabad,Retail,Salaried,285300.0,140,2,12.561300042277818
CUST103808,49,F,Lucknow,Retail,Salaried,250000.0,239,4,12.429220196836383
CUST103809,53,M,Jaipur,Retail,Student,250000.0,185,3,12.429220196836383
CUST103810,33,M,Mumbai,Mass Affluent,Salaried,250000.0,185,5,12.429220196836383
CUST103811,45,F,Surat,Mass Affluent,Business Owner,477500.0,98,2,13.076321533141567
CUST103812,57,F,Mumbai,Retail,Salaried,277100.0,121,3,12.532137339650044
CUST103813,44,F,Jaipur,SME,Salaried,492000.0,226,4,13.106236027992704
CUST103814,41,M,Chandigarh,Retail,Salaried,579800.0,222,3,13.270440220200872
CUST103815,24,F,Kochi,HNWI,Salaried,273200.0,174,5,12.51796306699418
CUST103816,45,F,Ahmedabad,Mass Affluent,Self-Employed,250000.0,28,1,12.429220196836383
CUST103817,64,M,Chennai,Retail,Salaried,336500.0,41,1,12.726356399830706
CUST103818,54,F,Indore,Retail,Salaried,377800.0,112,1,12.842122880949166
CUST103819,69,M,Indore,HNWI,Business Owner,250000.0,134,4,12.429220196836383
CUST103820,27,F,Kolkata,HNWI,Self-Employed,309200.0,151,1,12.641746829842827
CUST103821,21,F,Delhi,Retail,Salaried,250000.0,69,4,12.429220196836383
CUST103822,50,F,Jaipur,Mass Affluent,Salaried,250000.0,188,2,12.429220196836383
CUST103823,30,M,Lucknow,Mass Affluent,Salaried,250000.0,201,3,12.429220196836383
CUST103824,53,F,Chandigarh,Retail,Retired,250000.0,54,3,12.429220196836383
CUST103825,69,F,Bhopal,Mass Affluent,Self-Employed,570000.0,189,2,13.25339339419516
CUST103826,39,F,Hyderabad,Retail,Self-Employed,250000.0,41,1,12.429220196836383
CUST103827,50,M,Hyderabad,Corporate,Salaried,533000.0,121,3,13.186278579318829
CUST103828,57,F,Chandigarh,HNWI,Salaried,290300.0,211,5,12.578673594719154
CUST103829,29,M,Chennai,Retail,Salaried,250000.0,76,1,12.429220196836383
CUST103830,69,F,Pune,HNWI,Salaried,300900.0,166,1,12.614536585975857
CUST103831,31,F,Chennai,Retail,Salaried,250000.0,205,4,12.429220196836383
CUST103832,64,F,Kolkata,SME,Salaried,386300.0,120,1,12.864372137312683
CUST103833,56,F,Jaipur,Mass Affluent,Salaried,250000.0,205,1,12.429220196836383
CUST103834,28,F,Chennai,Retail,Salaried,448300.0,155,4,13.013220160790162
CUST103835,60,F,Pune,HNWI,Salaried,634200.0,124,3,13.360121217874797
CUST103836,31,F,Kolkata,Retail,Salaried,250000.0,33,1,12.429220196836383
CUST103837,53,F,Delhi,Corporate,Business Owner,250000.0,173,5,12.429220196836383
CUST103838,72,M,Kochi,SME,Self-Employed,250000.0,78,3,12.429220196836383
CUST103839,72,M,Bhopal,Mass Affluent,Salaried,979700.0,72,1,13.795002702052841
CUST103840,68,F,Ahmedabad,Mass Affluent,Business Owner,250000.0,221,2,12.429220196836383
CUST103841,47,M,Hyderabad,Mass Affluent,Salaried,250000.0,87,4,12.429220196836383
CUST103842,51,F,Lucknow,Retail,Salaried,1029100.0,90,3,13.844196163546576
CUST103843,37,M,Jaipur,Retail,Retired,250000.0,226,2,12.429220196836383
CUST103844,70,M,Jaipur,SME,Salaried,250000.0,73,2,12.429220196836383
CUST103845,46,F,Jaipur,Retail,Self-Employed,250000.0,178,1,12.429220196836383
CUST103846,62,F,Surat,Retail,Salaried,292400.0,127,3,12.585881426824553
CUST103847,40,M,Mumbai,Retail,Salaried,275800.0,22,1,12.527434870150573
CUST103848,60,M,Delhi,SME,Salaried,250000.0,142,4,12.429220196836383
CUST103849,33,F,Delhi,SME,Salaried,250000.0,113,1,12.429220196836383
CUST103850,60,M,Bangalore,Retail,Salaried,277000.0,175,1,12.531776395271262
CUST103851,23,M,Chandigarh,Retail,Salaried,593800.0,98,1,13.294299525379088
CUST103852,26,F,Surat,Corporate,Salaried,327700.0,62,4,12.699856886253809
CUST103853,40,F,Lucknow,Retail,Salaried,250000.0,60,2,12.429220196836383
CUST103854,47,F,Surat,SME,Salaried,250000.0,129,2,12.429220196836383
CUST103855,59,F,Mumbai,Corporate,Salaried,425800.0,238,2,12.961727379959191
CUST103856,40,F,Hyderabad,HNWI,Salaried,735300.0,111,2,13.508035218172509
CUST103857,21,F,Kochi,Retail,Salaried,250000.0,37,4,12.429220196836383
CUST103858,38,M,Pune,HNWI,Self-Employed,523600.0,198,2,13.16848522287091
CUST103859,44,M,Ahmedabad,SME,Student,250000.0,79,1,12.429220196836383
CUST103860,50,M,Kochi,Retail,Salaried,250000.0,105,4,12.429220196836383
CUST103861,55,F,Delhi,Corporate,Salaried,250000.0,204,2,12.429220196836383
CUST103862,34,F,Kochi,Retail,Business Owner,597500.0,31,2,13.30051123642657
CUST103863,53,M,Surat,SME,Self-Employed,641800.0,36,1,13.372033565774473
CUST103864,55,F,Pune,Mass Affluent,Student,250000.0,53,4,12.429220196836383
CUST103865,62,M,Ahmedabad,Retail,Self-Employed,250000.0,94,5,12.429220196836383
CUST103866,49,F,Delhi,Mass Affluent,Self-Employed,250000.0,206,2,12.429220196836383
CUST103867,64,M,Hyderabad,Retail,Salaried,423900.0,154,1,12.95725521638489
CUST103868,32,M,Hyderabad,Retail,Salaried,263800.0,187,1,12.482950310008736
CUST103869,59,M,Bhopal,Corporate,Self-Employed,250000.0,84,2,12.429220196836383
CUST103870,23,M,Delhi,Retail,Salaried,303400.0,102,2,12.622810641870043
CUST103871,26,F,Chennai,SME,Business Owner,250000.0,101,2,12.429220196836383
CUST103872,67,M,Delhi,Retail,Student,374900.0,32,2,12.834417270098413
CUST103873,46,M,Chennai,Mass Affluent,Salaried,250000.0,134,1,12.429220196836383
CUST103874,54,F,Mumbai,SME,Salaried,328500.0,83,1,12.7022951610422
CUST103875,53,M,Chennai,Mass Affluent,Business Owner,250000.0,228,5,12.429220196836383
CUST103876,58,F,Surat,Corporate,Business Owner,250000.0,167,1,12.429220196836383
CUST103877,34,F,Kochi,SME,Business Owner,487800.0,209,5,13.097662814782355
CUST103878,30,F,Kolkata,Mass Affluent,Self-Employed,504100.0,51,2,13.13053192380214
CUST103879,23,F,Surat,HNWI,Student,250000.0,32,1,12.429220196836383
CUST103880,67,M,Lucknow,Retail,Salaried,316400.0,108,2,12.6647656754269
CUST103881,33,F,Bhopal,Retail,Salaried,349000.0,139,5,12.762830066509972
CUST103882,52,F,Indore,Retail,Salaried,355900.0,137,4,12.782407881272364
CUST103883,45,F,Hyderabad,Corporate,Salaried,755700.0,158,2,13.535401074284367
CUST103884,29,F,Jaipur,Mass Affluent,Business Owner,344600.0,200,1,12.75014250498702
CUST103885,43,M,Kochi,Mass Affluent,Salaried,250000.0,82,2,12.429220196836383
CUST103886,25,M,Chennai,SME,Self-Employed,346900.0,74,1,12.756794715628809
CUST103887,30,F,Jaipur,Retail,Salaried,250000.0,67,1,12.429220196836383
CUST103888,28,F,Pune,SME,Self-Employed,250000.0,90,4,12.429220196836383
CUST103889,65,M,Chennai,Retail,Salaried,557800.0,145,3,13.23175754693118
CUST103890,51,M,Bangalore,Retail,Salaried,369700.0,193,3,12.820449849816926
CUST103891,70,M,Mumbai,Mass Affluent,Salaried,250000.0,103,2,12.429220196836383
CUST103892,44,M,Kochi,Retail,Salaried,250000.0,103,1,12.429220196836383
CUST103893,31,M,Indore,Mass Affluent,Salaried,422800.0,217,1,12.954656898159907
CUST103894,53,F,Lucknow,HNWI,Self-Employed,250000.0,86,3,12.429220196836383
CUST103895,71,F,Hyderabad,Corporate,Salaried,250000.0,44,2,12.429220196836383
CUST103896,49,F,Mumbai,Retail,Student,1325000.0,86,2,14.096923772119156
CUST103897,21,M,Lucknow,Retail,Retired,250000.0,15,1,12.429220196836383
CUST103898,37,F,Bangalore,Retail,Salaried,513800.0,91,2,13.149591309938627
CUST103899,70,F,Jaipur,Mass Affluent,Salaried,660200.0,216,1,13.4002996130926
CUST103900,48,F,Chandigarh,Retail,Salaried,250000.0,195,1,12.429220196836383
CUST103901,72,M,Mumbai,Retail,Salaried,314800.0,215,4,12.659695972140415
CUST103902,48,M,Jaipur,Corporate,Salaried,922900.0,76,3,13.735277248794093
CUST103903,21,M,Chandigarh,SME,Retired,353500.0,103,4,12.775641593169077
CUST103904,68,F,Kolkata,Corporate,Retired,1109400.0,204,4,13.919330787991003
CUST103905,62,M,Indore,Retail,Salaried,250000.0,182,2,12.429220196836383
CUST103906,59,F,Indore,Mass Affluent,Business Owner,788800.0,49,2,13.578269350018237
CUST103907,73,M,Ahmedabad,Retail,Business Owner,271000.0,203,2,12.509877789891931
CUST103908,31,F,Chennai,Retail,Salaried,250000.0,30,1,12.429220196836383
CUST103909,69,M,Surat,Retail,Retired,394000.0,65,4,12.884108726347916
CUST103910,33,M,Lucknow,SME,Student,251000.0,130,4,12.433212202169729
CUST103911,73,F,Ahmedabad,Mass Affluent,Student,255100.0,159,2,12.44941482415358
CUST103912,31,F,Bangalore,Retail,Self-Employed,359000.0,192,2,12.791080452981857
CUST103913,50,F,Kochi,Mass Affluent,Salaried,250000.0,178,1,12.429220196836383
CUST103914,63,M,Hyderabad,SME,Salaried,250000.0,72,1,12.429220196836383
CUST103915,25,M,Bangalore,Retail,Student,414000.0,89,2,12.933623668263472
CUST103916,24,M,Delhi,Corporate,Salaried,486500.0,174,5,13.094994236104542
CUST103917,66,F,Pune,Retail,Salaried,332500.0,227,1,12.71439814659232
CUST103918,24,M,Delhi,Retail,Salaried,316600.0,209,5,12.665397584983758
CUST103919,54,M,Kolkata,Corporate,Salaried,341600.0,232,2,12.741398668292735
CUST103920,71,F,Hyderabad,Retail,Salaried,476700.0,164,2,13.074644738946118
CUST103921,54,M,Pune,HNWI,Business Owner,250000.0,119,1,12.429220196836383
CUST103922,46,M,Kochi,Retail,Salaried,250000.0,185,1,12.429220196836383
CUST103923,43,M,Pune,Mass Affluent,Salaried,256600.0,23,2,12.455277628272214
CUST103924,55,F,Jaipur,Mass Affluent,Salaried,301800.0,225,2,12.617523138763014
CUST103925,51,M,Bangalore,Corporate,Self-Employed,250000.0,221,2,12.429220196836383
CUST103926,48,M,Delhi,Corporate,Business Owner,250000.0,124,1,12.429220196836383
CUST103927,29,M,Chandigarh,Mass Affluent,Retired,265700.0,128,1,12.490126895384028
CUST103928,56,F,Lucknow,Retail,Business Owner,492800.0,129,1,13.107860720420167
CUST103929,60,F,Mumbai,Retail,Salaried,250000.0,38,3,12.429220196836383
CUST103930,59,M,Jaipur,Mass Affluent,Business Owner,250000.0,54,3,12.429220196836383
CUST103931,25,M,Mumbai,Mass Affluent,Salaried,368500.0,177,1,12.817198704312052
CUST103932,58,M,Delhi,Retail,Self-Employed,250000.0,13,3,12.429220196836383
CUST103933,60,F,Kolkata,SME,Self-Employed,455200.0,166,1,13.0284943586284
CUST103934,30,M,Lucknow,Retail,Salaried,250000.0,77,3,12.429220196836383
CUST103935,66,M,Lucknow,Retail,Salaried,250000.0,38,2,12.429220196836383
CUST103936,49,M,Kochi,Corporate,Self-Employed,629300.0,145,3,13.35236495858098
CUST103937,46,F,Bangalore,Mass Affluent,Salaried,563700.0,70,1,13.242279248061351
CUST103938,60,F,Bangalore,HNWI,Self-Employed,250000.0,110,3,12.429220196836383
CUST103939,48,F,Ahmedabad,Retail,Salaried,340200.0,208,3,12.737291898386962
CUST103940,50,M,Bhopal,Retail,Self-Employed,250000.0,169,1,12.429220196836383
CUST103941,37,M,Surat,Mass Affluent,Business Owner,389000.0,232,1,12.871337193291367
CUST103942,71,M,Surat,Retail,Salaried,250000.0,98,3,12.429220196836383
CUST103943,73,M,Delhi,HNWI,Salaried,452800.0,100,2,13.023208014349237
CUST103944,28,F,Bhopal,Retail,Self-Employed,549600.0,166,3,13.216947839393717
CUST103945,60,F,Chandigarh,Retail,Salaried,250000.0,37,1,12.429220196836383
CUST103946,22,M,Jaipur,Retail,Salaried,279500.0,206,1,12.540761149388421
CUST103947,40,F,Kolkata,Retail,Self-Employed,556600.0,88,3,13.229603924694663
CUST103948,73,M,Lucknow,Retail,Salaried,250000.0,115,1,12.429220196836383
CUST103949,30,F,Lucknow,HNWI,Self-Employed,250000.0,124,1,12.429220196836383
CUST103950,41,F,Bhopal,Mass Affluent,Salaried,399100.0,21,1,12.896969796671371
CUST103951,32,M,Delhi,Retail,Salaried,250000.0,76,4,12.429220196836383
CUST103952,60,F,Ahmedabad,Mass Affluent,Salaried,250000.0,38,2,12.429220196836383
CUST103953,46,F,Surat,Retail,Student,250000.0,149,2,12.429220196836383
CUST103954,53,M,Kolkata,Retail,Salaried,765200.0,171,2,13.547893823395263
CUST103955,71,M,Indore,Corporate,Salaried,925200.0,7,2,13.73776629018622
CUST103956,49,F,Mumbai,HNWI,Salaried,250000.0,7,1,12.429220196836383
CUST103957,60,M,Delhi,Mass Affluent,Self-Employed,250000.0,197,1,12.429220196836383
CUST103958,26,M,Kochi,Retail,Self-Employed,250000.0,84,1,12.429220196836383
CUST103959,32,F,Delhi,Retail,Salaried,791100.0,203,4,13.581180925071386
CUST103960,72,F,Pune,HNWI,Salaried,444700.0,160,3,13.005157425203253
CUST103961,67,F,Chennai,Mass Affluent,Salaried,645900.0,189,4,13.378401520246646
CUST103962,56,M,Surat,Mass Affluent,Self-Employed,488600.0,95,4,13.09930148446762
CUST103963,41,F,Mumbai,SME,Business Owner,250000.0,77,1,12.429220196836383
CUST103964,31,M,Kolkata,Retail,Self-Employed,250000.0,175,3,12.429220196836383
CUST103965,66,F,Chandigarh,Corporate,Self-Employed,250000.0,153,2,12.429220196836383
CUST103966,63,F,Kolkata,Mass Affluent,Salaried,250000.0,139,3,12.429220196836383
CUST103967,34,M,Jaipur,Retail,Self-Employed,250000.0,91,5,12.429220196836383
CUST103968,52,F,Chandigarh,Retail,Self-Employed,250000.0,149,2,12.429220196836383
CUST103969,54,F,Lucknow,Mass Affluent,Salaried,394100.0,97,3,12.884362500606924
CUST103970,46,F,Kochi,Retail,Retired,291100.0,214,2,12.581425564973435
CUST103971,71,M,Chandigarh,Mass Affluent,Salaried,557900.0,171,4,13.231936806267933
CUST103972,27,F,Lucknow,HNWI,Self-Employed,312100.0,98,1,12.651082132354988
CUST103973,34,M,Indore,Mass Affluent,Self-Employed,250000.0,203,2,12.429220196836383
CUST103974,26,M,Ahmedabad,Mass Affluent,Business Owner,300500.0,22,4,12.613206360738884
CUST103975,58,M,Indore,Mass Affluent,Salaried,250000.0,200,1,12.429220196836383
CUST103976,55,F,Lucknow,Mass Affluent,Retired,250000.0,103,2,12.429220196836383
CUST103977,74,F,Kolkata,Corporate,Salaried,394700.0,60,2,12.885883795217529
CUST103978,50,F,Jaipur,Retail,Salaried,494300.0,200,2,13.110899922355921
CUST103979,29,M,Kolkata,SME,Business Owner,280200.0,159,1,12.543262481758047
CUST103980,45,F,Kolkata,Retail,Salaried,250000.0,23,1,12.429220196836383
CUST103981,25,M,Chennai,Retail,Self-Employed,250000.0,68,2,12.429220196836383
CUST103982,57,M,Ahmedabad,HNWI,Salaried,540400.0,111,2,13.200066735547594
CUST103983,57,F,Kolkata,Retail,Retired,360600.0,153,5,12.79552736290336
CUST103984,67,F,Lucknow,Retail,Business Owner,319600.0,194,3,12.6748286217805
CUST103985,39,F,Kolkata,Retail,Salaried,267600.0,91,2,12.497252344150006
CUST103986,37,M,Ahmedabad,HNWI,Business Owner,250000.0,195,1,12.429220196836383
CUST103987,24,F,Bangalore,Mass Affluent,Salaried,250000.0,190,4,12.429220196836383
CUST103988,43,F,Kolkata,Retail,Self-Employed,312300.0,94,1,12.651722745315356
CUST103989,46,F,Kolkata,Mass Affluent,Business Owner,250000.0,225,5,12.429220196836383
CUST103990,61,M,Chandigarh,Retail,Self-Employed,250000.0,226,5,12.429220196836383
CUST103991,61,M,Pune,SME,Self-Employed,752200.0,73,5,13.53075885445115
CUST103992,28,F,Mumbai,Retail,Business Owner,260700.0,136,1,12.471129435740856
CUST103993,36,F,Chennai,Mass Affluent,Self-Employed,250000.0,209,1,12.429220196836383
CUST103994,48,F,Surat,Mass Affluent,Retired,250000.0,132,3,12.429220196836383
CUST103995,39,F,Bangalore,Mass Affluent,Salaried,250000.0,179,2,12.429220196836383
CUST103996,22,M,Bangalore,SME,Salaried,250000.0,193,2,12.429220196836383
CUST103997,66,F,Kolkata,Retail,Business Owner,250000.0,138,2,12.429220196836383
CUST103998,60,M,Kolkata,HNWI,Salaried,348100.0,90,3,12.760247946533124
CUST103999,49,F,Ahmedabad,Retail,Salaried,250000.0,128,2,12.429220196836383
CUST104000,38,F,Mumbai,Mass Affluent,Business Owner,250000.0,200,2,12.429220196836383
CUST104001,66,M,Surat,Retail,Salaried,293500.0,80,3,12.589636325399509
CUST104002,22,M,Hyderabad,Retail,Salaried,256300.0,203,1,12.454107814022272
CUST104003,45,M,Surat,Retail,Salaried,250000.0,53,3,12.429220196836383
CUST104004,64,F,Jaipur,Retail,Salaried,250000.0,114,3,12.429220196836383
CUST104005,72,F,Hyderabad,SME,Salaried,265100.0,25,4,12.48786616443145
CUST104006,34,F,Ahmedabad,HNWI,Salaried,329700.0,205,3,12.70594146211558
CUST104007,56,M,Mumbai,Retail,Business Owner,305800.0,172,2,12.630689842582935
CUST104008,31,F,Surat,Mass Affluent,Salaried,527600.0,33,4,13.176095595198785
CUST104009,27,M,Chennai,HNWI,Business Owner,250000.0,58,2,12.429220196836383
CUST104010,40,M,Kolkata,Retail,Student,309600.0,129,3,12.643039650666653
CUST104011,68,M,Bangalore,Retail,Salaried,1164300.0,121,1,13.967631464909905
CUST104012,58,F,Kolkata,HNWI,Student,261800.0,32,3,12.475339952160343
CUST104013,47,F,Kolkata,Retail,Salaried,268000.0,214,1,12.498745990829315
CUST104014,36,F,Hyderabad,Mass Affluent,Self-Employed,250000.0,113,1,12.429220196836383
CUST104015,28,F,Chandigarh,Retail,Student,250000.0,163,2,12.429220196836383
CUST104016,35,M,Chennai,Retail,Business Owner,251700.0,182,1,12.435997154099226
CUST104017,29,F,Bangalore,Mass Affluent,Salaried,369600.0,45,2,12.820179324373711
CUST104018,31,M,Jaipur,HNWI,Salaried,396100.0,84,3,12.889424508221817
CUST104019,58,F,Chennai,SME,Salaried,326400.0,177,2,12.695881965792886
CUST104020,28,M,Pune,Retail,Retired,434700.0,187,3,12.98241371741132
CUST104021,23,F,Surat,HNWI,Salaried,250000.0,56,3,12.429220196836383
CUST104022,50,F,Delhi,SME,Salaried,359800.0,80,2,12.793306379816553
CUST104023,36,F,Ahmedabad,Mass Affluent,Salaried,270500.0,188,5,12.508031074119511
CUST104024,45,F,Mumbai,SME,Salaried,289200.0,86,1,12.57487722707543
CUST104025,28,M,Mumbai,SME,Salaried,250000.0,24,1,12.429220196836383
CUST104026,32,M,Delhi,Corporate,Salaried,250000.0,122,2,12.429220196836383
CUST104027,44,F,Bangalore,SME,Self-Employed,250000.0,39,3,12.429220196836383
CUST104028,58,F,Kolkata,Mass Affluent,Salaried,325300.0,144,1,12.692506186542177
CUST104029,43,M,Chandigarh,Mass Affluent,Salaried,361800.0,224,2,12.7988496158975
CUST104030,50,F,Bhopal,Corporate,Salaried,250000.0,29,2,12.429220196836383
CUST104031,49,M,Delhi,Corporate,Salaried,266000.0,71,4,12.491255347155265
CUST104032,35,F,Chandigarh,Retail,Business Owner,250000.0,138,4,12.429220196836383
CUST104033,36,M,Lucknow,Retail,Salaried,362900.0,41,1,12.801885348777414
CUST104034,43,M,Jaipur,Retail,Salaried,278300.0,131,1,12.536458540752227
CUST104035,22,F,Kochi,Corporate,Salaried,250000.0,56,3,12.429220196836383
CUST104036,58,F,Ahmedabad,Retail,Salaried,451200.0,154,4,13.019668195475587
CUST104037,54,F,Hyderabad,Retail,Business Owner,395100.0,90,1,12.886896707401087
CUST104038,37,F,Ahmedabad,Mass Affluent,Business Owner,250000.0,222,3,12.429220196836383
CUST104039,41,F,Surat,Retail,Salaried,276400.0,202,1,12.529607988814114
CUST104040,38,M,Surat,SME,Salaried,250000.0,238,1,12.429220196836383
CUST104041,56,F,Bangalore,Mass Affluent,Salaried,291800.0,41,2,12.583827342069748
CUST104042,62,F,Chandigarh,Retail,Self-Employed,250000.0,227,3,12.429220196836383
CUST104043,26,F,Chennai,Retail,Salaried,302000.0,9,3,12.618185607609803
CUST104044,43,F,Indore,HNWI,Student,411300.0,57,2,12.927080585530902
CUST104045,21,M,Chennai,Mass Affluent,Salaried,251100.0,208,3,12.433610527614848
CUST104046,45,F,Mumbai,Mass Affluent,Student,250000.0,207,2,12.429220196836383
CUST104047,34,F,Chandigarh,Retail,Salaried,867900.0,76,1,13.673832931838147
CUST104048,39,M,Jaipur,Corporate,Salaried,536900.0,202,4,13.193568998953161
CUST104049,45,F,Hyderabad,HNWI,Salaried,250000.0,23,1,12.429220196836383
CUST104050,38,M,Mumbai,HNWI,Salaried,250000.0,84,4,12.429220196836383
CUST104051,42,F,Delhi,Retail,Student,250000.0,12,3,12.429220196836383
CUST104052,62,F,Bangalore,SME,Salaried,356500.0,127,3,12.784092323881643
CUST104053,64,M,Bhopal,HNWI,Salaried,250000.0,216,2,12.429220196836383
CUST104054,21,F,Bangalore,Retail,Student,400200.0,149,4,12.899722199879273
CUST104055,41,M,Bangalore,SME,Salaried,496600.0,128,1,13.11554216574729
CUST104056,66,F,Indore,Corporate,Salaried,257300.0,52,2,12.45800188477608
CUST104057,49,F,Bhopal,HNWI,Salaried,250000.0,148,1,12.429220196836383
CUST104058,32,M,Hyderabad,HNWI,Salaried,567700.0,81,3,13.249350150651013
CUST104059,53,M,Lucknow,Retail,Retired,268700.0,150,3,12.501354516219285
CUST104060,28,M,Jaipur,Mass Affluent,Salaried,283800.0,36,1,12.556028567310046
CUST104061,22,M,Jaipur,Retail,Self-Employed,250000.0,128,1,12.429220196836383
CUST104062,55,M,Chennai,Mass Affluent,Salaried,301300.0,122,2,12.615865044064096
CUST104063,48,M,Kochi,Retail,Salaried,250000.0,186,5,12.429220196836383
CUST104064,61,M,Bhopal,Retail,Self-Employed,250000.0,218,3,12.429220196836383
CUST104065,39,M,Surat,SME,Self-Employed,599600.0,218,2,13.304019712987708
CUST104066,67,M,Bhopal,Retail,Self-Employed,771000.0,85,5,13.555444949561487
CUST104067,43,M,Delhi,Corporate,Salaried,494300.0,156,4,13.110899922355921
CUST104068,60,F,Lucknow,Retail,Salaried,451900.0,158,3,13.021218408275878
CUST104069,26,F,Chandigarh,Retail,Self-Employed,773800.0,203,2,13.559070013571313
CUST104070,26,M,Jaipur,Retail,Self-Employed,250000.0,194,2,12.429220196836383
CUST104071,63,F,Chandigarh,Retail,Salaried,250000.0,8,1,12.429220196836383
CUST104072,66,M,Kolkata,Mass Affluent,Salaried,250000.0,193,4,12.429220196836383
CUST104073,71,F,Bhopal,Retail,Business Owner,320800.0,118,1,12.67857627217662
CUST104074,38,M,Chandigarh,Mass Affluent,Salaried,250000.0,228,3,12.429220196836383
CUST104075,22,M,Lucknow,Mass Affluent,Self-Employed,250000.0,147,4,12.429220196836383
CUST104076,73,F,Surat,Retail,Self-Employed,269200.0,96,2,12.503213591456063
CUST104077,53,M,Ahmedabad,Retail,Salaried,253600.0,53,1,12.443517444755098
CUST104078,34,F,Chennai,Retail,Salaried,444500.0,228,1,13.004707583652351
CUST104079,62,M,Jaipur,Retail,Salaried,275600.0,43,3,12.526709446562082
CUST104080,69,M,Chandigarh,Retail,Self-Employed,250000.0,27,1,12.429220196836383
CUST104081,36,M,Mumbai,HNWI,Retired,338200.0,37,1,12.731395672272523
CUST104082,62,F,Hyderabad,Mass Affluent,Salaried,693200.0,135,2,13.44907527940766
CUST104083,63,M,Ahmedabad,Corporate,Salaried,273000.0,72,2,12.51723073716405
CUST104084,48,F,Kolkata,HNWI,Salaried,485100.0,141,2,13.092112395661816
CUST104085,55,F,Lucknow,Mass Affluent,Self-Employed,250000.0,198,1,12.429220196836383
CUST104086,35,F,Kolkata,Retail,Salaried,376800.0,74,3,12.839472475608636
CUST104087,71,F,Lucknow,Retail,Business Owner,250000.0,12,2,12.429220196836383
CUST104088,74,F,Delhi,Mass Affluent,Salaried,250000.0,90,2,12.429220196836383
CUST104089,73,F,Chennai,Retail,Salaried,250000.0,146,4,12.429220196836383
CUST104090,60,M,Surat,Retail,Salaried,357200.0,176,1,12.786053927532635
CUST104091,23,M,Ahmedabad,SME,Retired,250000.0,21,2,12.429220196836383
CUST104092,40,F,Surat,Retail,Self-Employed,250000.0,211,1,12.429220196836383
CUST104093,45,M,Lucknow,Retail,Salaried,355800.0,144,1,12.782126864777657
CUST104094,72,F,Chennai,SME,Salaried,347800.0,118,3,12.759385756113828
CUST104095,50,M,Pune,Retail,Retired,287100.0,65,3,12.56758934921002
CUST104096,49,M,Chandigarh,Retail,Retired,469600.0,230,3,13.059638676965648
CUST104097,28,M,Chandigarh,Retail,Salaried,250000.0,42,5,12.429220196836383
CUST104098,63,M,Mumbai,Retail,Business Owner,317700.0,111,3,12.668865967876197
CUST104099,39,F,Surat,SME,Retired,250000.0,115,1,12.429220196836383
CUST104100,25,F,Ahmedabad,Mass Affluent,Salaried,250000.0,133,3,12.429220196836383
CUST104101,74,M,Mumbai,Mass Affluent,Salaried,329100.0,60,3,12.704119973516908
CUST104102,31,M,Lucknow,Retail,Salaried,1045500.0,226,3,13.86000675433052
CUST104103,21,F,Mumbai,Retail,Salaried,418900.0,94,2,12.945389894136861
CUST104104,25,M,Chennai,Mass Affluent,Business Owner,372900.0,172,5,12.829068247847413
CUST104105,45,F,Surat,Retail,Salaried,426800.0,154,2,12.964073141424798
CUST104106,26,F,Indore,Retail,Salaried,250000.0,53,3,12.429220196836383
CUST104107,66,M,Pune,Mass Affluent,Salaried,325000.0,225,2,12.691583538230217
CUST104108,48,M,Indore,Corporate,Self-Employed,463400.0,113,3,13.046348048940967
CUST104109,38,M,Indore,Corporate,Salaried,282300.0,150,2,12.55072915656616
CUST104110,21,M,Pune,Corporate,Salaried,261500.0,157,1,12.474193386571581
CUST104111,46,M,Bangalore,Mass Affluent,Salaried,250000.0,124,2,12.429220196836383
CUST104112,29,F,Lucknow,HNWI,Business Owner,250000.0,155,2,12.429220196836383
CUST104113,73,M,Mumbai,SME,Salaried,250000.0,136,1,12.429220196836383
CUST104114,36,F,Bhopal,Retail,Salaried,488800.0,179,3,13.099710732663944
CUST104115,46,F,Kolkata,Retail,Business Owner,660700.0,116,4,13.40105667156307
CUST104116,22,M,Kochi,Retail,Salaried,856900.0,196,4,13.661077671653846
CUST104117,28,F,Kochi,SME,Self-Employed,250000.0,137,2,12.429220196836383
CUST104118,32,M,Ahmedabad,SME,Salaried,250000.0,239,2,12.429220196836383
CUST104119,23,F,Chandigarh,Corporate,Business Owner,250000.0,139,4,12.429220196836383
CUST104120,60,F,Kochi,Retail,Salaried,250000.0,144,5,12.429220196836383
CUST104121,72,F,Bhopal,SME,Salaried,250000.0,121,1,12.429220196836383
CUST104122,74,F,Delhi,Retail,Salaried,250000.0,98,1,12.429220196836383
CUST104123,35,M,Ahmedabad,Retail,Retired,453500.0,190,1,13.024752753606561
CUST104124,63,M,Chandigarh,Mass Affluent,Business Owner,250000.0,154,2,12.429220196836383
CUST104125,48,M,Indore,HNWI,Salaried,504800.0,97,3,13.131919571189746
CUST104126,23,F,Pune,Corporate,Salaried,609600.0,194,1,13.320559923773176
CUST104127,25,M,Delhi,Retail,Salaried,318400.0,31,3,12.67106687365095
CUST104128,50,F,Chennai,Retail,Salaried,561000.0,20,1,13.237477967034438
CUST104129,43,M,Jaipur,Mass Affluent,Salaried,250000.0,156,1,12.429220196836383
CUST104130,21,F,Lucknow,Retail,Retired,250000.0,113,2,12.429220196836383
CUST104131,71,F,Bhopal,Corporate,Salaried,300600.0,192,2,12.613539082975452
CUST104132,60,M,Delhi,Retail,Retired,306800.0,161,1,12.633954607922337
CUST104133,48,M,Kolkata,Retail,Salaried,632600.0,188,2,13.357595170630178
CUST104134,74,F,Chennai,Retail,Business Owner,250000.0,68,2,12.429220196836383
CUST104135,73,M,Chandigarh,HNWI,Salaried,250000.0,64,5,12.429220196836383
CUST104136,73,M,Bangalore,Corporate,Salaried,255000.0,64,4,12.449022745701502
CUST104137,34,M,Hyderabad,Retail,Business Owner,250000.0,157,2,12.429220196836383
CUST104138,68,F,Chennai,Retail,Salaried,250000.0,163,5,12.429220196836383
CUST104139,48,M,Delhi,SME,Retired,250000.0,239,2,12.429220196836383
CUST104140,60,M,Lucknow,Mass Affluent,Business Owner,250000.0,56,1,12.429220196836383
CUST104141,67,F,Ahmedabad,Retail,Student,639600.0,30,2,13.368599823417886
CUST104142,29,M,Jaipur,Retail,Business Owner,250000.0,230,4,12.429220196836383
CUST104143,45,M,Bhopal,SME,Salaried,437600.0,128,3,12.989062815279254
CUST104144,27,M,Pune,HNWI,Salaried,575700.0,91,5,13.2633437076782
CUST104145,36,M,Chennai,Retail,Self-Employed,250000.0,77,2,12.429220196836383
CUST104146,43,M,Kolkata,Retail,Salaried,313600.0,212,4,12.655876756228816
CUST104147,67,M,Indore,Retail,Salaried,379100.0,191,3,12.845557939327378
CUST104148,67,M,Ahmedabad,Retail,Salaried,343400.0,46,4,12.746654139497183
CUST104149,42,F,Bangalore,Retail,Self-Employed,281900.0,81,5,12.549311224453131
CUST104150,38,M,Surat,Retail,Salaried,250000.0,209,2,12.429220196836383
CUST104151,49,F,Kochi,Retail,Salaried,399300.0,177,3,12.897470797430847
CUST104152,70,F,Hyderabad,Retail,Student,250000.0,196,1,12.429220196836383
CUST104153,73,F,Jaipur,Mass Affluent,Business Owner,273000.0,43,4,12.51723073716405
CUST104154,33,F,Jaipur,Mass Affluent,Salaried,298200.0,141,2,12.60552303476121
CUST104155,31,M,Bangalore,Corporate,Salaried,448500.0,21,1,13.013666190132906
CUST104156,59,F,Mumbai,Retail,Self-Employed,853200.0,111,2,13.656750437636779
CUST104157,37,M,Surat,Corporate,Salaried,250000.0,30,1,12.429220196836383
CUST104158,31,M,Lucknow,Corporate,Self-Employed,276900.0,68,2,12.531415320564594
CUST104159,22,F,Surat,SME,Business Owner,250000.0,66,1,12.429220196836383
CUST104160,42,M,Kolkata,Retail,Salaried,652700.0,50,5,13.388874416719576
CUST104161,42,M,Ahmedabad,Retail,Salaried,275500.0,204,2,12.526346537332584
CUST104162,51,M,Chandigarh,Mass Affluent,Salaried,250000.0,92,5,12.429220196836383
CUST104163,31,M,Hyderabad,Retail,Salaried,276900.0,41,1,12.531415320564594
CUST104164,59,M,Lucknow,Retail,Self-Employed,285400.0,237,2,12.561650487872974
CUST104165,57,F,Delhi,Retail,Salaried,250000.0,13,5,12.429220196836383
CUST104166,45,F,Mumbai,Mass Affluent,Student,547300.0,40,3,13.212754204281811
CUST104167,30,M,Chandigarh,Corporate,Self-Employed,395100.0,205,1,12.886896707401087
CUST104168,48,F,Delhi,Retail,Salaried,429600.0,111,4,12.970612149920823
CUST104169,57,M,Lucknow,SME,Salaried,250000.0,93,1,12.429220196836383
CUST104170,41,F,Ahmedabad,HNWI,Salaried,250000.0,77,1,12.429220196836383
CUST104171,35,F,Indore,Retail,Salaried,250700.0,143,3,12.432016272969701
CUST104172,48,F,Jaipur,Retail,Self-Employed,433600.0,89,3,12.979880035377978
CUST104173,40,M,Surat,Retail,Salaried,362600.0,25,3,12.801058335158986
CUST104174,42,M,Bhopal,Corporate,Salaried,250000.0,231,1,12.429220196836383
CUST104175,39,M,Indore,HNWI,Salaried,400600.0,218,1,12.900721198466355
CUST104176,37,F,Surat,Mass Affluent,Salaried,250000.0,47,2,12.429220196836383
CUST104177,59,M,Bangalore,Mass Affluent,Self-Employed,250000.0,124,2,12.429220196836383
CUST104178,45,M,Bangalore,Retail,Student,295000.0,112,1,12.59473402514672
CUST104179,46,F,Ahmedabad,SME,Self-Employed,250000.0,26,3,12.429220196836383
CUST104180,56,F,Lucknow,SME,Student,250000.0,99,4,12.429220196836383
CUST104181,40,M,Surat,HNWI,Self-Employed,681000.0,154,5,13.431319053559353
CUST104182,26,M,Kochi,Mass Affluent,Salaried,609100.0,30,3,13.31973937858977
CUST104183,67,M,Delhi,Retail,Retired,1060100.0,91,1,13.87387474456798
CUST104184,24,M,Bangalore,Retail,Salaried,351600.0,64,2,12.770252288930184
CUST104185,51,F,Bangalore,Retail,Salaried,395100.0,88,4,12.886896707401087
CUST104186,35,M,Jaipur,Mass Affluent,Retired,250000.0,153,1,12.429220196836383
CUST104187,32,F,Lucknow,HNWI,Self-Employed,250000.0,101,1,12.429220196836383
CUST104188,23,M,Delhi,SME,Retired,452800.0,185,1,13.023208014349237
CUST104189,69,F,Bhopal,Retail,Salaried,607500.0,124,3,13.317109100286022
CUST104190,44,F,Chennai,Retail,Business Owner,430200.0,167,5,12.972007820313298
CUST104191,39,M,Lucknow,Retail,Salaried,250000.0,150,2,12.429220196836383
CUST104192,61,M,Kochi,SME,Salaried,339400.0,197,2,12.73493757815388
CUST104193,23,M,Mumbai,HNWI,Retired,250000.0,40,3,12.429220196836383
CUST104194,51,M,Indore,Mass Affluent,Salaried,250000.0,237,4,12.429220196836383
CUST104195,47,F,Chandigarh,Mass Affluent,Self-Employed,716200.0,182,1,13.481716132803523
CUST104196,50,M,Chandigarh,Mass Affluent,Retired,250000.0,52,3,12.429220196836383
CUST104197,27,F,Bangalore,Retail,Retired,985800.0,12,5,13.801209787657445
CUST104198,72,M,Kolkata,Retail,Salaried,373100.0,11,5,12.82960443945224
CUST104199,33,M,Hyderabad,Retail,Salaried,250000.0,169,2,12.429220196836383
CUST104200,57,F,Pune,Retail,Retired,279500.0,104,1,12.540761149388421
CUST104201,61,F,Chandigarh,Mass Affluent,Self-Employed,250000.0,48,5,12.429220196836383
CUST104202,39,F,Kochi,Retail,Salaried,250000.0,80,5,12.429220196836383
CUST104203,28,M,Kochi,HNWI,Salaried,280400.0,110,1,12.543976000470021
CUST104204,37,F,Pune,Mass Affluent,Salaried,250000.0,15,1,12.429220196836383
CUST104205,64,F,Chandigarh,Mass Affluent,Student,250000.0,137,1,12.429220196836383
CUST104206,69,M,Bhopal,SME,Salaried,250000.0,14,3,12.429220196836383
CUST104207,71,F,Indore,Retail,Business Owner,250000.0,157,2,12.429220196836383
CUST104208,33,F,Indore,Mass Affluent,Salaried,250000.0,20,1,12.429220196836383
CUST104209,53,M,Lucknow,Retail,Salaried,250000.0,191,3,12.429220196836383
CUST104210,29,F,Delhi,HNWI,Self-Employed,731500.0,65,1,13.50285386649538
CUST104211,59,F,Chennai,Mass Affluent,Retired,342300.0,126,5,12.743445745927973
CUST104212,43,M,Kochi,Retail,Salaried,383700.0,96,2,12.85761888243441
CUST104213,59,F,Chennai,Retail,Salaried,270200.0,211,2,12.506921405463638
CUST104214,57,M,Bangalore,HNWI,Self-Employed,363600.0,191,5,12.803812391556706
CUST104215,74,M,Chandigarh,Mass Affluent,Salaried,543300.0,229,1,13.205418773141638
CUST104216,47,M,Ahmedabad,Mass Affluent,Salaried,342700.0,173,1,12.744613625862527
CUST104217,39,M,Indore,Retail,Self-Employed,718000.0,234,2,13.484226240787052
CUST104218,49,F,Chennai,Mass Affluent,Salaried,262400.0,58,2,12.47762914702042
CUST104219,29,F,Kolkata,Mass Affluent,Self-Employed,384400.0,80,2,12.859441557531706
CUST104220,27,F,Kolkata,Retail,Salaried,409400.0,195,5,12.922450394805269
CUST104221,49,M,Kolkata,Mass Affluent,Self-Employed,250000.0,13,5,12.429220196836383
CUST104222,65,F,Pune,Mass Affluent,Business Owner,275300.0,47,1,12.525620323525118
CUST104223,49,M,Chennai,Corporate,Business Owner,250000.0,173,1,12.429220196836383
CUST104224,63,M,Indore,Retail,Self-Employed,250000.0,99,2,12.429220196836383
CUST104225,30,M,Chennai,Retail,Self-Employed,250000.0,64,5,12.429220196836383
CUST104226,45,M,Pune,SME,Salaried,250000.0,77,1,12.429220196836383
CUST104227,54,F,Indore,Corporate,Salaried,250000.0,185,2,12.429220196836383
CUST104228,39,F,Pune,Retail,Salaried,364800.0,118,1,12.807107278406626
CUST104229,21,M,Mumbai,Corporate,Self-Employed,250000.0,7,5,12.429220196836383
CUST104230,24,M,Mumbai,Retail,Salaried,819100.0,126,1,13.615962676355103
CUST104231,71,F,Pune,Corporate,Salaried,377200.0,187,2,12.840533480851393
CUST104232,53,M,Lucknow,Retail,Salaried,250000.0,44,1,12.429220196836383
CUST104233,35,M,Chandigarh,Retail,Self-Employed,395700.0,22,3,12.888414154537369
CUST104234,34,F,Delhi,SME,Salaried,487400.0,152,2,13.096842471874051
CUST104235,23,M,Jaipur,Retail,Salaried,334900.0,211,2,12.721590244743798
CUST104236,72,F,Chennai,Corporate,Self-Employed,250000.0,22,1,12.429220196836383
CUST104237,26,F,Pune,Mass Affluent,Retired,1027200.0,158,1,13.84234818543761
CUST104238,62,M,Pune,Retail,Self-Employed,393800.0,188,1,12.88360098454402
CUST104239,33,M,Chennai,SME,Salaried,250000.0,43,4,12.429220196836383
CUST104240,39,M,Mumbai,Mass Affluent,Business Owner,304200.0,66,3,12.625443946112906
CUST104241,35,M,Delhi,Corporate,Salaried,250000.0,124,1,12.429220196836383
CUST104242,65,F,Ahmedabad,Corporate,Salaried,269400.0,148,2,12.503956254903999
CUST104243,22,M,Hyderabad,Retail,Salaried,250000.0,124,2,12.429220196836383
CUST104244,40,M,Chennai,Retail,Salaried,277200.0,48,1,12.532498153794986
CUST104245,36,F,Delhi,Retail,Self-Employed,250000.0,211,4,12.429220196836383
CUST104246,35,M,Mumbai,Mass Affluent,Salaried,250000.0,104,2,12.429220196836383
CUST104247,31,M,Delhi,Retail,Business Owner,338600.0,130,3,12.732577702014082
CUST104248,70,F,Kolkata,Retail,Self-Employed,250000.0,131,3,12.429220196836383
CUST104249,41,M,Bangalore,Corporate,Salaried,250000.0,134,4,12.429220196836383
CUST104250,43,M,Hyderabad,Retail,Salaried,438900.0,73,3,12.992029154097061
CUST104251,41,M,Chennai,HNWI,Self-Employed,250000.0,80,1,12.429220196836383
CUST104252,73,F,Chennai,Mass Affluent,Salaried,250000.0,38,1,12.429220196836383
CUST104253,39,M,Mumbai,Retail,Salaried,250000.0,176,2,12.429220196836383
CUST104254,39,F,Delhi,Retail,Salaried,250000.0,79,1,12.429220196836383
CUST104255,38,M,Chandigarh,Retail,Salaried,290000.0,17,2,12.577639650232573
CUST104256,38,F,Surat,Mass Affluent,Salaried,393800.0,16,5,12.88360098454402
CUST104257,25,F,Delhi,Retail,Business Owner,250000.0,232,1,12.429220196836383
CUST104258,53,M,Chennai,Corporate,Salaried,386900.0,106,3,12.86592412533246
CUST104259,22,M,Kolkata,Corporate,Salaried,285800.0,147,1,12.563051043422098
CUST104260,33,M,Bhopal,Retail,Self-Employed,250000.0,130,1,12.429220196836383
CUST104261,31,M,Bhopal,Corporate,Business Owner,298000.0,203,1,12.604852121186608
CUST104262,36,M,Kochi,SME,Self-Employed,549400.0,213,1,13.21658387280911
CUST104263,61,F,Delhi,Retail,Salaried,250000.0,188,1,12.429220196836383
CUST104264,53,M,Ahmedabad,SME,Student,893700.0,235,5,13.703126546312575
CUST104265,74,F,Ahmedabad,Retail,Salaried,250000.0,57,3,12.429220196836383
CUST104266,39,M,Lucknow,Mass Affluent,Salaried,250000.0,111,1,12.429220196836383
CUST104267,71,M,Indore,Retail,Self-Employed,291600.0,73,1,12.58314170846604
CUST104268,23,M,Chennai,Corporate,Salaried,441800.0,200,5,12.998614833433225
CUST104269,48,M,Jaipur,Corporate,Self-Employed,250000.0,71,1,12.429220196836383
CUST104270,64,F,Hyderabad,SME,Student,323500.0,191,1,12.686957484108422
CUST104271,49,M,Hyderabad,SME,Salaried,957300.0,58,4,13.771873145538516
CUST104272,71,M,Chennai,Retail,Salaried,303600.0,168,2,12.62346961830583
CUST104273,37,F,Kochi,Mass Affluent,Salaried,1606400.0,9,1,14.289506830989314
CUST104274,22,F,Pune,Retail,Salaried,573100.0,190,3,13.258817245434486
CUST104275,62,M,Surat,Retail,Self-Employed,276800.0,199,2,12.53105411543589
CUST104276,24,F,Surat,Retail,Student,319600.0,137,2,12.6748286217805
CUST104277,62,M,Kolkata,SME,Self-Employed,250000.0,131,1,12.429220196836383
CUST104278,60,M,Chandigarh,Mass Affluent,Student,311700.0,113,4,12.649799673963308
CUST104279,66,M,Mumbai,Retail,Salaried,375800.0,144,2,12.83681502694785
CUST104280,46,F,Bhopal,SME,Salaried,250000.0,138,1,12.429220196836383
CUST104281,69,M,Mumbai,Corporate,Salaried,250000.0,121,2,12.429220196836383
CUST104282,30,F,Kolkata,Retail,Business Owner,592900.0,127,2,13.2927827163191
CUST104283,44,M,Indore,Mass Affluent,Salaried,481200.0,35,4,13.08404034121849
CUST104284,27,F,Surat,HNWI,Salaried,250000.0,115,1,12.429220196836383
CUST104285,62,M,Chennai,Mass Affluent,Salaried,297300.0,108,2,12.602500372586318
CUST104286,59,M,Bhopal,Mass Affluent,Salaried,496900.0,215,3,13.116146090065747
CUST104287,64,F,Bangalore,Mass Affluent,Self-Employed,467100.0,74,1,13.0543007873571
CUST104288,62,M,Surat,Retail,Retired,250000.0,232,2,12.429220196836383
CUST104289,37,F,Ahmedabad,Mass Affluent,Salaried,483700.0,214,3,13.089222226206084
CUST104290,24,F,Hyderabad,Retail,Salaried,270800.0,189,3,12.509139512775626
CUST104291,71,F,Bhopal,Retail,Salaried,338800.0,170,2,12.733168193349542
CUST104292,47,M,Kochi,Retail,Salaried,250000.0,80,2,12.429220196836383
CUST104293,26,F,Mumbai,Mass Affluent,Salaried,250000.0,44,2,12.429220196836383
CUST104294,71,F,Delhi,Retail,Self-Employed,250000.0,190,4,12.429220196836383
CUST104295,74,M,Mumbai,Retail,Self-Employed,370300.0,170,3,12.822071467411154
CUST104296,45,F,Pune,Retail,Self-Employed,250000.0,200,2,12.429220196836383
CUST104297,62,F,Pune,SME,Business Owner,396400.0,134,4,12.890181604139126
CUST104298,22,F,Surat,Retail,Salaried,521100.0,216,2,13.163699159912928
CUST104299,26,F,Surat,Retail,Self-Employed,250000.0,25,2,12.429220196836383
CUST104300,35,F,Mumbai,Retail,Self-Employed,250000.0,31,3,12.429220196836383
CUST104301,56,F,Ahmedabad,HNWI,Salaried,250000.0,22,2,12.429220196836383
CUST104302,28,M,Kochi,Retail,Salaried,250000.0,81,2,12.429220196836383
CUST104303,22,F,Bhopal,Retail,Salaried,250000.0,40,1,12.429220196836383
CUST104304,57,M,Chennai,Corporate,Salaried,374700.0,15,3,12.833883653579926
CUST104305,62,M,Mumbai,HNWI,Salaried,250000.0,195,3,12.429220196836383
CUST104306,60,F,Bangalore,Mass Affluent,Salaried,250000.0,42,4,12.429220196836383
CUST104307,64,M,Kolkata,Mass Affluent,Retired,250000.0,200,1,12.429220196836383
CUST104308,64,F,Pune,SME,Retired,250000.0,156,4,12.429220196836383
CUST104309,53,M,Kolkata,SME,Self-Employed,467000.0,148,1,13.054086677976365
CUST104310,49,M,Delhi,HNWI,Self-Employed,283800.0,33,3,12.556028567310046
CUST104311,67,M,Kolkata,HNWI,Student,486400.0,9,2,13.094788665553034
CUST104312,39,F,Chennai,Corporate,Salaried,250000.0,38,2,12.429220196836383
CUST104313,26,M,Ahmedabad,SME,Salaried,369400.0,80,5,12.819638053836195
CUST104314,61,F,Delhi,Retail,Self-Employed,250000.0,229,2,12.429220196836383
CUST104315,35,M,Kochi,SME,Retired,250000.0,99,1,12.429220196836383
CUST104316,73,M,Pune,HNWI,Business Owner,604200.0,60,2,13.311662203014437
CUST104317,43,M,Chennai,Mass Affluent,Salaried,250000.0,72,2,12.429220196836383
CUST104318,66,M,Bhopal,Retail,Self-Employed,360500.0,84,3,12.795250009628397
CUST104319,23,F,Kochi,Retail,Salaried,250000.0,141,2,12.429220196836383
CUST104320,56,M,Bangalore,Corporate,Salaried,274200.0,194,1,12.521616693076714
CUST104321,45,F,Bangalore,Mass Affluent,Salaried,250000.0,20,2,12.429220196836383
CUST104322,45,M,Mumbai,Retail,Self-Employed,259300.0,187,3,12.465744828056149
CUST104323,35,F,Jaipur,Mass Affluent,Salaried,338200.0,10,2,12.731395672272523
CUST104324,73,F,Kolkata,Retail,Salaried,521200.0,81,4,13.163891042880257
CUST104325,42,M,Kolkata,Mass Affluent,Self-Employed,250000.0,143,1,12.429220196836383
CUST104326,66,M,Ahmedabad,Mass Affluent,Salaried,250000.0,30,2,12.429220196836383
CUST104327,43,F,Jaipur,Mass Affluent,Business Owner,250000.0,67,5,12.429220196836383
CUST104328,23,M,Mumbai,Retail,Salaried,250000.0,155,2,12.429220196836383
CUST104329,68,F,Delhi,Retail,Self-Employed,250000.0,166,2,12.429220196836383
CUST104330,30,F,Kochi,Retail,Salaried,250000.0,25,5,12.429220196836383
CUST104331,35,F,Chandigarh,Mass Affluent,Student,250000.0,187,1,12.429220196836383
CUST104332,67,F,Indore,SME,Retired,260600.0,101,2,12.47074578096406
CUST104333,69,F,Bhopal,HNWI,Salaried,250000.0,148,2,12.429220196836383
CUST104334,70,F,Pune,HNWI,Self-Employed,373700.0,55,1,12.831211291413265
CUST104335,44,M,Indore,Retail,Business Owner,444800.0,237,3,13.00538227011742
CUST104336,61,F,Bhopal,Retail,Salaried,250000.0,184,1,12.429220196836383
CUST104337,38,M,Bhopal,Corporate,Self-Employed,250000.0,156,4,12.429220196836383
CUST104338,60,M,Bangalore,Mass Affluent,Business Owner,341800.0,49,2,12.741983975346884
CUST104339,48,F,Bangalore,Retail,Salaried,266800.0,186,1,12.494258341142519
CUST104340,23,F,Pune,Mass Affluent,Retired,250000.0,94,1,12.429220196836383
CUST104341,43,F,Ahmedabad,Mass Affluent,Salaried,558100.0,155,4,13.232295228568505
CUST104342,46,M,Chandigarh,Retail,Retired,351600.0,158,2,12.770252288930184
CUST104343,34,M,Chennai,Retail,Student,288900.0,194,1,12.573839347853667
CUST104344,41,F,Indore,Mass Affluent,Salaried,296100.0,201,1,12.5984558913214
CUST104345,48,M,Bhopal,Retail,Salaried,446800.0,97,2,13.009868584312548
CUST104346,23,F,Chandigarh,Retail,Self-Employed,250000.0,24,1,12.429220196836383
CUST104347,29,M,Bangalore,Corporate,Retired,250000.0,107,5,12.429220196836383
CUST104348,62,F,Hyderabad,SME,Salaried,250000.0,99,1,12.429220196836383
CUST104349,40,M,Hyderabad,Retail,Salaried,250000.0,84,1,12.429220196836383
CUST104350,53,M,Kochi,Retail,Business Owner,261100.0,120,2,12.472662584630097
CUST104351,51,F,Surat,Mass Affluent,Salaried,284400.0,140,1,12.558140493079444
CUST104352,50,F,Pune,Retail,Self-Employed,257500.0,151,3,12.458778882573533
CUST104353,43,F,Delhi,Corporate,Self-Employed,250000.0,93,4,12.429220196836383
CUST104354,47,F,Ahmedabad,HNWI,Student,723500.0,150,3,13.491857207222727
CUST104355,65,M,Surat,Retail,Salaried,471800.0,237,4,13.064312565495644
CUST104356,73,F,Ahmedabad,HNWI,Retired,253100.0,158,4,12.441543897532917
CUST104357,34,M,Chennai,Retail,Self-Employed,283700.0,147,1,12.555676145640925
CUST104358,57,F,Jaipur,Mass Affluent,Retired,612800.0,72,1,13.325795529260972
CUST104359,73,M,Lucknow,SME,Salaried,250000.0,84,3,12.429220196836383
CUST104360,21,M,Jaipur,Retail,Self-Employed,250000.0,18,5,12.429220196836383
CUST104361,63,M,Bhopal,Retail,Business Owner,307500.0,124,4,12.636233618255941
CUST104362,47,F,Chennai,Corporate,Business Owner,344000.0,23,3,12.748399843328054
CUST104363,73,F,Lucknow,Mass Affluent,Salaried,359700.0,188,1,12.793028409774374
CUST104364,52,M,Indore,Retail,Salaried,440900.0,229,3,12.996575639431459
CUST104365,66,F,Hyderabad,Retail,Salaried,250000.0,194,3,12.429220196836383
CUST104366,29,F,Chennai,Retail,Salaried,250000.0,42,5,12.429220196836383
CUST104367,28,F,Mumbai,Mass Affluent,Self-Employed,250000.0,155,3,12.429220196836383
CUST104368,71,F,Kolkata,Retail,Student,380400.0,106,1,12.848981238461693
CUST104369,49,M,Mumbai,Retail,Self-Employed,250000.0,6,3,12.429220196836383
CUST104370,51,M,Kochi,Retail,Salaried,250000.0,173,2,12.429220196836383
CUST104371,30,F,Delhi,Mass Affluent,Salaried,292600.0,209,2,12.586565185197317
CUST104372,33,M,Surat,Corporate,Salaried,250000.0,114,3,12.429220196836383
CUST104373,65,F,Jaipur,Mass Affluent,Salaried,250000.0,218,4,12.429220196836383
CUST104374,37,M,Chandigarh,Mass Affluent,Business Owner,280600.0,18,3,12.544689010436022
CUST104375,52,M,Kolkata,Corporate,Salaried,250000.0,209,1,12.429220196836383
CUST104376,38,F,Kolkata,Retail,Salaried,733500.0,165,1,13.50558423989076
CUST104377,35,F,Hyderabad,Retail,Self-Employed,283000.0,163,2,12.553205710188037
CUST104378,29,F,Jaipur,Retail,Salaried,381400.0,123,3,12.851606594064263
CUST104379,71,F,Hyderabad,Retail,Salaried,265600.0,12,3,12.48975046163757
CUST104380,71,M,Delhi,SME,Salaried,250000.0,111,2,12.429220196836383
CUST104381,27,F,Chandigarh,Retail,Salaried,250000.0,228,2,12.429220196836383
CUST104382,40,M,Surat,Corporate,Self-Employed,513300.0,114,3,13.14861769672495
CUST104383,51,M,Delhi,Retail,Salaried,420300.0,21,1,12.948726400243292
CUST104384,41,F,Lucknow,Mass Affluent,Self-Employed,250000.0,121,2,12.429220196836383
CUST104385,59,M,Chennai,Retail,Salaried,250000.0,40,4,12.429220196836383
CUST104386,35,F,Bangalore,Retail,Salaried,250000.0,104,1,12.429220196836383
CUST104387,24,M,Ahmedabad,Retail,Self-Employed,506900.0,152,1,13.13607099723419
CUST104388,39,F,Kochi,Mass Affluent,Salaried,250000.0,21,3,12.429220196836383
CUST104389,53,M,Mumbai,Mass Affluent,Salaried,430200.0,114,1,12.972007820313298
CUST104390,30,M,Kolkata,Corporate,Salaried,340800.0,124,2,12.739054008205294
CUST104391,65,M,Bhopal,Corporate,Salaried,293000.0,182,5,12.587931300962664
CUST104392,21,M,Kolkata,Mass Affluent,Salaried,250000.0,21,1,12.429220196836383
CUST104393,24,F,Delhi,SME,Student,547500.0,154,4,13.213119567155143
CUST104394,48,F,Pune,Retail,Salaried,287200.0,151,1,12.567937598044296
CUST104395,48,M,Surat,Retail,Salaried,250000.0,6,2,12.429220196836383
CUST104396,36,F,Chandigarh,Retail,Salaried,250000.0,33,1,12.429220196836383
CUST104397,34,M,Lucknow,Mass Affluent,Salaried,250000.0,156,3,12.429220196836383
CUST104398,24,F,Mumbai,Mass Affluent,Business Owner,551400.0,207,5,13.22021759113566
CUST104399,56,F,Indore,Mass Affluent,Self-Employed,630700.0,206,2,13.354587178190362
CUST104400,41,M,Kochi,Corporate,Student,514900.0,185,5,13.151729928157032
CUST104401,27,F,Lucknow,Retail,Salaried,250000.0,205,3,12.429220196836383
CUST104402,42,M,Bhopal,Corporate,Salaried,250000.0,147,5,12.429220196836383
CUST104403,71,M,Kochi,Mass Affluent,Self-Employed,250000.0,42,3,12.429220196836383
CUST104404,35,M,Hyderabad,Mass Affluent,Salaried,250000.0,130,3,12.429220196836383
CUST104405,69,F,Pune,Retail,Salaried,261100.0,87,5,12.472662584630097
CUST104406,34,M,Ahmedabad,Retail,Salaried,616900.0,65,3,13.332463836204683
CUST104407,31,M,Ahmedabad,Retail,Salaried,615500.0,33,4,13.330191849300695
CUST104408,35,M,Lucknow,HNWI,Business Owner,250000.0,10,1,12.429220196836383
CUST104409,38,M,Surat,Mass Affluent,Retired,250000.0,181,1,12.429220196836383
CUST104410,27,F,Delhi,Retail,Self-Employed,250000.0,45,3,12.429220196836383
CUST104411,52,F,Jaipur,HNWI,Salaried,547500.0,152,1,13.213119567155143
CUST104412,39,M,Mumbai,Mass Affluent,Business Owner,308300.0,76,2,12.638831857462883
CUST104413,59,M,Ahmedabad,SME,Self-Employed,250000.0,119,4,12.429220196836383
CUST104414,47,M,Pune,Mass Affluent,Business Owner,250000.0,98,3,12.429220196836383
CUST104415,44,M,Hyderabad,Mass Affluent,Salaried,250000.0,76,5,12.429220196836383
CUST104416,46,F,Chandigarh,Mass Affluent,Student,250000.0,118,2,12.429220196836383
CUST104417,29,M,Hyderabad,Mass Affluent,Salaried,930300.0,190,1,13.74326346867814
CUST104418,59,M,Mumbai,Retail,Self-Employed,752500.0,123,1,13.53115760450794
CUST104419,26,F,Kolkata,Retail,Business Owner,250000.0,191,5,12.429220196836383
CUST104420,59,F,Kochi,SME,Retired,250000.0,219,2,12.429220196836383
CUST104421,74,M,Mumbai,HNWI,Retired,297000.0,120,5,12.601490784782536
CUST104422,62,M,Ahmedabad,Mass Affluent,Salaried,250000.0,193,2,12.429220196836383
CUST104423,45,F,Pune,Mass Affluent,Self-Employed,391200.0,35,1,12.87697677337675
CUST104424,37,M,Indore,HNWI,Salaried,448100.0,138,3,13.012773932416467
CUST104425,68,M,Mumbai,Retail,Self-Employed,250000.0,114,3,12.429220196836383
CUST104426,34,F,Mumbai,Retail,Salaried,578500.0,7,2,13.268195554222844
CUST104427,47,F,Jaipur,Retail,Salaried,250000.0,215,2,12.429220196836383
CUST104428,62,F,Bangalore,Retail,Retired,386400.0,179,2,12.86463096930887
CUST104429,70,M,Surat,Retail,Business Owner,250000.0,142,4,12.429220196836383
CUST104430,70,M,Chennai,HNWI,Salaried,466700.0,168,1,13.053444074639703
CUST104431,25,M,Jaipur,Retail,Salaried,250000.0,182,1,12.429220196836383
CUST104432,69,F,Mumbai,Corporate,Salaried,417900.0,187,1,12.94299984135011
CUST104433,27,F,Surat,Corporate,Salaried,250000.0,74,2,12.429220196836383
CUST104434,52,M,Ahmedabad,Retail,Salaried,280400.0,103,4,12.543976000470021
CUST104435,71,F,Mumbai,HNWI,Retired,566300.0,86,3,13.246881017948828
CUST104436,56,M,Hyderabad,Mass Affluent,Salaried,250000.0,219,5,12.429220196836383
CUST104437,72,M,Mumbai,Corporate,Salaried,250000.0,33,3,12.429220196836383
CUST104438,39,F,Mumbai,Mass Affluent,Self-Employed,250000.0,218,2,12.429220196836383
CUST104439,37,M,Surat,Retail,Salaried,250000.0,86,2,12.429220196836383
CUST104440,38,M,Pune,Retail,Salaried,250000.0,188,4,12.429220196836383
CUST104441,40,M,Indore,Corporate,Salaried,286000.0,45,1,12.563750586299374
CUST104442,57,F,Hyderabad,Retail,Salaried,295100.0,203,2,12.595072949607092
CUST104443,45,M,Surat,Corporate,Salaried,354300.0,132,2,12.777902113316417
CUST104444,60,M,Lucknow,Retail,Self-Employed,250000.0,236,5,12.429220196836383
CUST104445,43,F,Lucknow,Mass Affluent,Salaried,250000.0,98,1,12.429220196836383
CUST104446,37,M,Indore,Mass Affluent,Business Owner,250000.0,238,1,12.429220196836383
CUST104447,31,M,Surat,Retail,Retired,250000.0,201,3,12.429220196836383
CUST104448,50,F,Kochi,Retail,Business Owner,250000.0,7,3,12.429220196836383
CUST104449,69,F,Kochi,Retail,Student,250000.0,95,2,12.429220196836383
CUST104450,67,F,Pune,HNWI,Retired,327100.0,100,2,12.698024270690864
CUST104451,34,M,Surat,HNWI,Business Owner,250000.0,55,2,12.429220196836383
CUST104452,46,F,Indore,Retail,Salaried,250000.0,211,2,12.429220196836383
CUST104453,59,M,Kochi,Mass Affluent,Salaried,250000.0,25,2,12.429220196836383
CUST104454,54,M,Lucknow,Retail,Self-Employed,263000.0,66,1,12.479913113434042
CUST104455,24,M,Delhi,HNWI,Business Owner,546400.0,65,3,13.211108417398096
CUST104456,52,M,Pune,HNWI,Business Owner,250000.0,103,2,12.429220196836383
CUST104457,23,M,Mumbai,Corporate,Self-Employed,250000.0,169,3,12.429220196836383
CUST104458,27,M,Delhi,Corporate,Business Owner,250000.0,7,2,12.429220196836383
CUST104459,56,M,Kolkata,Retail,Self-Employed,250000.0,152,1,12.429220196836383
CUST104460,26,M,Pune,Retail,Self-Employed,250000.0,100,3,12.429220196836383
CUST104461,39,F,Ahmedabad,Corporate,Salaried,765100.0,151,2,13.54776313023778
CUST104462,52,F,Bhopal,Retail,Salaried,375400.0,20,1,12.835750066956251
CUST104463,56,M,Kochi,Retail,Salaried,400400.0,206,5,12.900221823922582
CUST104464,45,F,Pune,Retail,Salaried,250000.0,141,4,12.429220196836383
CUST104465,26,F,Kolkata,HNWI,Salaried,345400.0,65,3,12.752461339884503
CUST104466,64,F,Surat,Mass Affluent,Salaried,250000.0,190,2,12.429220196836383
CUST104467,72,M,Chennai,SME,Retired,437400.0,116,3,12.988605673459045
CUST104468,68,M,Bhopal,Retail,Salaried,300600.0,97,2,12.613539082975452
CUST104469,61,M,Kochi,Retail,Self-Employed,262500.0,45,1,12.47801017053037
CUST104470,42,M,Surat,Retail,Salaried,274700.0,120,2,12.52343851241165
CUST104471,68,M,Hyderabad,HNWI,Business Owner,646500.0,57,3,13.379330023983263
CUST104472,47,F,Lucknow,Retail,Salaried,296700.0,177,2,12.600480176681053
CUST104473,28,M,Indore,SME,Self-Employed,250000.0,92,4,12.429220196836383
CUST104474,66,F,Delhi,Mass Affluent,Self-Employed,328300.0,33,2,12.701686149479562
CUST104475,38,F,Bangalore,HNWI,Salaried,359800.0,171,2,12.793306379816553
CUST104476,71,M,Ahmedabad,Corporate,Self-Employed,250000.0,203,2,12.429220196836383
CUST104477,40,F,Kolkata,Mass Affluent,Self-Employed,260100.0,201,3,12.468825296104477
CUST104478,67,M,Surat,HNWI,Business Owner,250000.0,119,1,12.429220196836383
CUST104479,50,F,Pune,Retail,Salaried,284400.0,77,2,12.558140493079444
CUST104480,46,F,Chandigarh,Corporate,Retired,250000.0,57,3,12.429220196836383
CUST104481,37,F,Chennai,Corporate,Salaried,250000.0,99,2,12.429220196836383
CUST104482,66,M,Kolkata,Mass Affluent,Salaried,250000.0,29,2,12.429220196836383
CUST104483,24,M,Mumbai,Retail,Salaried,484000.0,213,3,13.089842251812337
CUST104484,46,M,Hyderabad,SME,Salaried,680100.0,64,4,13.429996595534654
CUST104485,40,M,Hyderabad,SME,Salaried,250000.0,188,2,12.429220196836383
CUST104486,50,M,Kochi,Mass Affluent,Business Owner,267600.0,96,3,12.497252344150006
CUST104487,34,F,Kolkata,SME,Self-Employed,250000.0,167,1,12.429220196836383
CUST104488,56,M,Hyderabad,Mass Affluent,Student,354600.0,219,2,12.77874849269723
CUST104489,41,M,Chennai,Retail,Salaried,284300.0,101,1,12.557788815044091
CUST104490,31,F,Jaipur,Mass Affluent,Self-Employed,250000.0,231,5,12.429220196836383
CUST104491,31,M,Kochi,Retail,Salaried,283900.0,85,1,12.55638086482189
CUST104492,58,M,Chandigarh,Mass Affluent,Salaried,250000.0,65,5,12.429220196836383
CUST104493,35,F,Mumbai,Mass Affluent,Salaried,696300.0,175,2,13.45353731709218
CUST104494,37,F,Indore,Retail,Self-Employed,250000.0,38,2,12.429220196836383
CUST104495,54,F,Kolkata,Retail,Self-Employed,313200.0,27,2,12.654600435941708
CUST104496,38,M,Indore,HNWI,Salaried,364300.0,92,1,12.80573572798328
CUST104497,41,F,Mumbai,HNWI,Salaried,349100.0,133,1,12.763116557597762
CUST104498,34,M,Lucknow,SME,Salaried,250000.0,115,2,12.429220196836383
CUST104499,39,M,Bhopal,Retail,Salaried,609800.0,20,3,13.320887953416875
CUST104500,58,M,Mumbai,Corporate,Self-Employed,250000.0,134,3,12.429220196836383
CUST104501,49,F,Kochi,Retail,Salaried,250000.0,151,5,12.429220196836383
CUST104502,74,M,Delhi,Retail,Business Owner,399600.0,72,1,12.898221828255906
CUST104503,62,M,Chandigarh,HNWI,Student,250000.0,139,3,12.429220196836383
CUST104504,21,M,Kochi,Retail,Salaried,250000.0,89,1,12.429220196836383
CUST104505,41,M,Bhopal,HNWI,Retired,250000.0,19,2,12.429220196836383
CUST104506,36,M,Bhopal,Retail,Business Owner,250000.0,180,1,12.429220196836383
CUST104507,52,M,Chennai,Retail,Salaried,393300.0,104,5,12.882330501005024
CUST104508,35,M,Pune,Mass Affluent,Business Owner,461700.0,236,2,13.042672774401334
CUST104509,73,F,Surat,Retail,Salaried,282900.0,51,2,12.552852292101369
CUST104510,37,F,Bangalore,Retail,Self-Employed,505200.0,7,2,13.132711648870607
CUST104511,49,F,Chennai,Retail,Self-Employed,250000.0,192,2,12.429220196836383
CUST104512,27,F,Delhi,Retail,Retired,280800.0,207,1,12.545401512381012
CUST104513,70,F,Bhopal,HNWI,Business Owner,602500.0,219,3,13.308844604096606
CUST104514,70,F,Hyderabad,Retail,Business Owner,482200.0,237,2,13.086116318555344
CUST104515,63,M,Pune,Mass Affluent,Salaried,635300.0,79,1,13.361854181312886
CUST104516,39,F,Pune,Mass Affluent,Student,250000.0,164,1,12.429220196836383
CUST104517,24,M,Kolkata,Mass Affluent,Self-Employed,465200.0,12,1,13.050224849237406
CUST104518,59,F,Kochi,Mass Affluent,Business Owner,250000.0,103,2,12.429220196836383
CUST104519,44,M,Bhopal,Mass Affluent,Business Owner,383500.0,216,1,12.857097507347978
CUST104520,74,M,Jaipur,Corporate,Salaried,589200.0,154,1,13.286522660785737
CUST104521,58,F,Indore,Retail,Salaried,250000.0,203,1,12.429220196836383
CUST104522,50,M,Delhi,Corporate,Business Owner,250000.0,227,2,12.429220196836383
CUST104523,74,M,Chandigarh,Retail,Retired,813000.0,192,3,13.608487618541492
CUST104524,64,F,Delhi,Mass Affluent,Business Owner,359600.0,166,3,12.792750362443366
CUST104525,45,M,Mumbai,Mass Affluent,Salaried,251600.0,89,1,12.435599778363322
CUST104526,22,M,Mumbai,Retail,Salaried,250000.0,130,2,12.429220196836383
CUST104527,26,F,Hyderabad,Retail,Salaried,250000.0,24,3,12.429220196836383
CUST104528,44,F,Indore,Retail,Salaried,304100.0,141,2,12.625115162052026
CUST104529,51,M,Chennai,Retail,Retired,250000.0,234,5,12.429220196836383
CUST104530,22,M,Kochi,Mass Affluent,Self-Employed,276900.0,40,3,12.531415320564594
CUST104531,27,F,Pune,Retail,Salaried,273300.0,121,2,12.518329030892268
CUST104532,59,M,Delhi,Corporate,Salaried,250000.0,216,2,12.429220196836383
CUST104533,61,M,Ahmedabad,Corporate,Retired,360000.0,89,2,12.793862088206213
CUST104534,22,M,Hyderabad,Retail,Self-Employed,300600.0,143,1,12.613539082975452
CUST104535,48,F,Chennai,Retail,Salaried,325800.0,187,1,12.69404204451308
CUST104536,25,M,Ahmedabad,Retail,Salaried,250000.0,190,4,12.429220196836383
CUST104537,60,M,Kochi,Corporate,Salaried,276300.0,162,4,12.529246130159391
CUST104538,66,M,Jaipur,Retail,Salaried,297700.0,20,5,12.603844906084554
CUST104539,67,M,Hyderabad,Retail,Self-Employed,316300.0,15,2,12.664449570844228
CUST104540,53,F,Surat,SME,Salaried,357000.0,182,5,12.785493861878301
CUST104541,54,M,Surat,Mass Affluent,Salaried,318000.0,230,3,12.669809806411457
CUST104542,71,M,Hyderabad,Retail,Salaried,814100.0,68,2,13.60983971591164
CUST104543,54,M,Indore,Corporate,Salaried,250000.0,136,4,12.429220196836383
CUST104544,45,F,Indore,SME,Self-Employed,250000.0,22,5,12.429220196836383
CUST104545,61,F,Lucknow,Mass Affluent,Self-Employed,741000.0,50,2,13.51575725380498
CUST104546,52,F,Chennai,Retail,Salaried,250000.0,119,3,12.429220196836383
CUST104547,66,M,Kolkata,Mass Affluent,Salaried,469300.0,9,3,13.058999632613395
CUST104548,49,M,Pune,Retail,Business Owner,291100.0,143,3,12.581425564973435
CUST104549,67,M,Bangalore,Mass Affluent,Retired,250000.0,135,2,12.429220196836383
CUST104550,23,M,Chennai,Retail,Salaried,484900.0,27,1,13.0917000253722
CUST104551,22,F,Bangalore,Mass Affluent,Salaried,366200.0,145,5,12.810937641967044
CUST104552,26,F,Bangalore,HNWI,Retired,250000.0,112,1,12.429220196836383
CUST104553,51,M,Kochi,SME,Salaried,297800.0,29,1,12.60418075718477
CUST104554,59,F,Delhi,Corporate,Student,250000.0,57,2,12.429220196836383
CUST104555,32,F,Ahmedabad,Retail,Business Owner,575300.0,133,2,13.26264866107341
CUST104556,29,M,Pune,Retail,Salaried,768500.0,195,1,13.552197143196116
CUST104557,67,F,Mumbai,Mass Affluent,Salaried,826000.0,107,1,13.624351263156136
CUST104558,61,M,Indore,Retail,Student,332500.0,153,4,12.71439814659232
CUST104559,56,M,Chandigarh,Retail,Salaried,250000.0,108,2,12.429220196836383
CUST104560,47,M,Lucknow,HNWI,Salaried,325500.0,207,5,12.693120812822663
CUST104561,43,F,Surat,Retail,Salaried,250000.0,234,4,12.429220196836383
CUST104562,22,F,Hyderabad,Retail,Self-Employed,1096100.0,104,2,13.907269895528916
CUST104563,31,M,Indore,Mass Affluent,Business Owner,549400.0,75,2,13.21658387280911
CUST104564,69,F,Kochi,SME,Self-Employed,322100.0,140,1,12.682620439940363
CUST104565,39,M,Pune,Mass Affluent,Salaried,488100.0,212,5,13.09827763063364
CUST104566,59,M,Surat,Retail,Self-Employed,250000.0,146,3,12.429220196836383
CUST104567,59,M,Chandigarh,Mass Affluent,Self-Employed,250000.0,86,4,12.429220196836383
CUST104568,37,F,Lucknow,Corporate,Salaried,250000.0,187,5,12.429220196836383
CUST104569,32,F,Bangalore,Retail,Business Owner,282000.0,48,1,12.549665896013254
CUST104570,58,M,Chennai,Mass Affluent,Self-Employed,250000.0,69,5,12.429220196836383
CUST104571,26,F,Bangalore,HNWI,Salaried,366400.0,41,3,12.81148364103603
CUST104572,47,F,Chennai,HNWI,Student,270500.0,219,2,12.508031074119511
CUST104573,68,F,Bhopal,Retail,Salaried,356600.0,226,5,12.784372788669724
CUST104574,59,M,Bangalore,Corporate,Salaried,436500.0,230,2,12.986545945209913
CUST104575,62,F,Bhopal,Retail,Salaried,250000.0,11,2,12.429220196836383
CUST104576,25,M,Chennai,Retail,Salaried,452000.0,216,1,13.021439671201302
CUST104577,31,M,Ahmedabad,Retail,Salaried,250000.0,57,3,12.429220196836383
CUST104578,35,M,Ahmedabad,Mass Affluent,Salaried,366100.0,228,3,12.810664530598725
CUST104579,36,F,Delhi,Retail,Business Owner,495500.0,85,1,13.113324650913615
CUST104580,31,F,Bangalore,HNWI,Self-Employed,497600.0,77,2,13.11755383005139
CUST104581,73,F,Chennai,Corporate,Salaried,290000.0,159,1,12.577639650232573
CUST104582,29,F,Mumbai,Retail,Self-Employed,298700.0,190,2,12.60719835203924
CUST104583,59,F,Kochi,Corporate,Self-Employed,458200.0,93,3,13.035063231452227
CUST104584,52,F,Jaipur,SME,Salaried,250000.0,198,4,12.429220196836383
CUST104585,53,F,Indore,Retail,Student,250000.0,10,1,12.429220196836383
CUST104586,32,F,Indore,HNWI,Salaried,250000.0,216,1,12.429220196836383
CUST104587,37,F,Kolkata,SME,Salaried,250000.0,126,1,12.429220196836383
CUST104588,53,F,Indore,HNWI,Salaried,250000.0,131,5,12.429220196836383
CUST104589,37,M,Mumbai,Mass Affluent,Salaried,250000.0,212,2,12.429220196836383
CUST104590,58,M,Pune,Corporate,Salaried,282700.0,18,1,12.552145080994137
CUST104591,23,F,Lucknow,HNWI,Salaried,259300.0,213,1,12.465744828056149
CUST104592,24,M,Pune,Retail,Self-Employed,509700.0,53,1,13.141579558264604
CUST104593,60,F,Kochi,Retail,Retired,378400.0,238,3,12.843709758862499
CUST104594,54,F,Indore,Mass Affluent,Business Owner,257100.0,174,2,12.457224282783562
CUST104595,23,F,Pune,Retail,Self-Employed,250000.0,86,3,12.429220196836383
CUST104596,69,F,Chennai,Retail,Self-Employed,260800.0,21,1,12.471512943383113
CUST104597,21,M,Jaipur,Retail,Self-Employed,263600.0,34,2,12.48219187523
CUST104598,72,M,Bhopal,Corporate,Salaried,1216200.0,34,3,14.011242623900994
CUST104599,60,F,Chandigarh,HNWI,Salaried,250000.0,22,1,12.429220196836383
CUST104600,74,F,Indore,Retail,Salaried,250000.0,150,1,12.429220196836383
CUST104601,72,M,Hyderabad,Retail,Salaried,250000.0,208,1,12.429220196836383
CUST104602,37,F,Hyderabad,Retail,Self-Employed,315400.0,193,3,12.661600124083094
CUST104603,61,M,Jaipur,Retail,Salaried,308000.0,181,2,12.637858308703688
CUST104604,32,F,Pune,Mass Affluent,Salaried,250000.0,235,2,12.429220196836383
CUST104605,46,F,Lucknow,Retail,Salaried,459400.0,152,2,13.037678745987051
CUST104606,33,F,Bhopal,SME,Business Owner,335000.0,28,1,12.721888795877375
CUST104607,47,M,Jaipur,Retail,Salaried,471100.0,122,4,13.062827787377453
CUST104608,68,M,Kolkata,Retail,Salaried,552400.0,183,3,13.22202951079804
CUST104609,44,F,Bhopal,Corporate,Salaried,250000.0,113,1,12.429220196836383
CUST104610,25,F,Pune,Retail,Salaried,404900.0,77,4,12.91139787176282
CUST104611,38,M,Lucknow,Retail,Business Owner,250000.0,121,2,12.429220196836383
CUST104612,63,M,Bangalore,Retail,Salaried,311700.0,188,2,12.649799673963308
CUST104613,49,F,Ahmedabad,Mass Affluent,Salaried,256900.0,91,2,12.456446075655599
CUST104614,51,M,Pune,Retail,Student,263500.0,88,3,12.481812442022767
CUST104615,44,F,Delhi,Corporate,Salaried,250000.0,117,1,12.429220196836383
CUST104616,36,M,Hyderabad,Mass Affluent,Self-Employed,498000.0,104,1,13.118357364036902
CUST104617,53,M,Surat,Corporate,Self-Employed,250000.0,55,5,12.429220196836383
CUST104618,55,M,Bangalore,Mass Affluent,Salaried,421000.0,71,5,12.95039048795861
CUST104619,69,F,Delhi,HNWI,Salaried,250000.0,33,4,12.429220196836383
CUST104620,54,F,Mumbai,Mass Affluent,Salaried,265500.0,181,1,12.48937388613538
CUST104621,74,M,Mumbai,Mass Affluent,Salaried,792300.0,55,2,13.582696649100713
CUST104622,65,M,Pune,Mass Affluent,Salaried,1106800.0,234,2,13.9169844304001
CUST104623,25,F,Ahmedabad,Mass Affluent,Self-Employed,250000.0,233,1,12.429220196836383
CUST104624,42,M,Lucknow,Retail,Salaried,250000.0,163,1,12.429220196836383
CUST104625,41,F,Jaipur,Mass Affluent,Salaried,250000.0,237,4,12.429220196836383
CUST104626,21,F,Jaipur,Retail,Self-Employed,1038200.0,208,1,13.85299996558035
CUST104627,30,M,Chandigarh,Mass Affluent,Salaried,257600.0,181,1,12.459167155192379
CUST104628,62,M,Hyderabad,Retail,Self-Employed,511300.0,89,1,13.144713736865121
CUST104629,40,F,Surat,Retail,Salaried,321200.0,201,2,12.679822374374929
CUST104630,28,M,Delhi,Retail,Self-Employed,250000.0,85,3,12.429220196836383
CUST104631,36,F,Indore,Retail,Business Owner,250000.0,30,1,12.429220196836383
CUST104632,35,M,Kolkata,Retail,Salaried,250000.0,138,3,12.429220196836383
CUST104633,30,F,Kolkata,Retail,Business Owner,1077500.0,34,1,13.890155029033854
CUST104634,26,M,Bangalore,Mass Affluent,Salaried,313200.0,27,2,12.654600435941708
CUST104635,62,F,Ahmedabad,Retail,Salaried,505200.0,27,1,13.132711648870607
CUST104636,65,F,Kolkata,SME,Salaried,250000.0,219,2,12.429220196836383
CUST104637,47,M,Chandigarh,Corporate,Salaried,250000.0,20,5,12.429220196836383
CUST104638,54,F,Bangalore,Retail,Business Owner,428200.0,98,3,12.967347990492302
CUST104639,70,F,Pune,Retail,Salaried,250000.0,180,1,12.429220196836383
CUST104640,66,F,Bhopal,Retail,Salaried,258200.0,193,5,12.461493630353871
CUST104641,22,M,Indore,Retail,Retired,250000.0,19,3,12.429220196836383
CUST104642,72,M,Kochi,Mass Affluent,Salaried,440600.0,215,2,12.995894982980124
CUST104643,24,M,Ahmedabad,Mass Affluent,Self-Employed,340800.0,228,4,12.739054008205294
CUST104644,22,F,Bhopal,Mass Affluent,Salaried,404300.0,232,3,12.909914929036637
CUST104645,42,F,Hyderabad,Retail,Student,452500.0,159,3,13.022545252064427
CUST104646,61,M,Indore,HNWI,Salaried,250000.0,125,1,12.429220196836383
CUST104647,25,M,Jaipur,Retail,Self-Employed,489900.0,45,1,13.101958608857487
CUST104648,36,F,Kolkata,Corporate,Self-Employed,250000.0,34,4,12.429220196836383
CUST104649,35,F,Hyderabad,SME,Student,390600.0,197,3,12.875441857585288
CUST104650,42,M,Ahmedabad,Retail,Student,250000.0,204,4,12.429220196836383
CUST104651,74,M,Mumbai,HNWI,Business Owner,250000.0,198,3,12.429220196836383
CUST104652,38,F,Surat,Corporate,Salaried,1076800.0,150,4,13.889505166549732
CUST104653,32,F,Hyderabad,Mass Affluent,Salaried,387200.0,137,2,12.866699217025852
CUST104654,27,F,Kolkata,Retail,Business Owner,387200.0,51,2,12.866699217025852
CUST104655,31,F,Bangalore,HNWI,Self-Employed,250000.0,27,1,12.429220196836383
CUST104656,28,M,Pune,Retail,Retired,250000.0,53,1,12.429220196836383
CUST104657,51,M,Kolkata,Retail,Business Owner,250000.0,99,2,12.429220196836383
CUST104658,43,M,Bangalore,Mass Affluent,Salaried,257700.0,76,2,12.459555277114108
CUST104659,47,M,Bhopal,Retail,Salaried,846300.0,134,1,13.648630367271585
CUST104660,65,M,Kochi,Retail,Salaried,494500.0,188,3,13.11130445228755
CUST104661,52,M,Kolkata,SME,Self-Employed,286500.0,180,2,12.565497305532237
CUST104662,29,M,Mumbai,Retail,Salaried,279100.0,199,2,12.539329002463175
CUST104663,41,F,Indore,Mass Affluent,Salaried,422900.0,75,2,12.954893388082992
CUST104664,37,M,Surat,Mass Affluent,Self-Employed,250000.0,224,2,12.429220196836383
CUST104665,65,F,Jaipur,Retail,Salaried,250000.0,210,3,12.429220196836383
CUST104666,37,M,Lucknow,HNWI,Salaried,419200.0,87,2,12.946105797482307
CUST104667,28,M,Mumbai,Mass Affluent,Salaried,280200.0,64,2,12.543262481758047
CUST104668,60,F,Ahmedabad,Mass Affluent,Salaried,250000.0,213,2,12.429220196836383
CUST104669,44,F,Bangalore,Mass Affluent,Salaried,250000.0,239,1,12.429220196836383
CUST104670,26,F,Lucknow,SME,Self-Employed,458800.0,114,3,13.036371843833932
CUST104671,58,M,Bhopal,Corporate,Business Owner,250000.0,32,5,12.429220196836383
CUST104672,32,M,Ahmedabad,Retail,Self-Employed,341200.0,147,1,12.740227025427723
CUST104673,67,M,Lucknow,Retail,Student,250000.0,200,1,12.429220196836383
CUST104674,65,F,Surat,Mass Affluent,Salaried,262900.0,115,4,12.479532814438391
CUST104675,40,M,Bhopal,Corporate,Salaried,250000.0,36,3,12.429220196836383
CUST104676,51,M,Mumbai,Corporate,Salaried,256300.0,178,2,12.454107814022272
CUST104677,51,M,Chennai,Retail,Self-Employed,379400.0,183,3,12.84634897222022
CUST104678,56,F,Chennai,Corporate,Salaried,250000.0,210,4,12.429220196836383
CUST104679,24,F,Surat,Retail,Retired,250000.0,207,1,12.429220196836383
CUST104680,38,F,Pune,Retail,Self-Employed,386400.0,117,3,12.86463096930887
CUST104681,30,F,Kochi,Mass Affluent,Business Owner,402100.0,79,4,12.90445857982582
CUST104682,58,F,Ahmedabad,Retail,Salaried,250000.0,44,1,12.429220196836383
CUST104683,24,F,Chandigarh,Mass Affluent,Self-Employed,263700.0,29,5,12.48257116452228
CUST104684,48,M,Kochi,Retail,Salaried,250000.0,199,5,12.429220196836383
CUST104685,60,F,Mumbai,HNWI,Salaried,270600.0,239,3,12.508400690203496
CUST104686,72,M,Chandigarh,SME,Business Owner,634400.0,156,2,13.360436525594093
CUST104687,36,M,Chandigarh,Retail,Salaried,332800.0,233,3,12.715299992732369
CUST104688,21,M,Mumbai,Mass Affluent,Retired,983200.0,77,3,13.798568854320507
CUST104689,60,M,Kolkata,HNWI,Self-Employed,306100.0,183,1,12.631670391834408
CUST104690,21,F,Chandigarh,Retail,Self-Employed,250000.0,98,1,12.429220196836383
CUST104691,24,F,Indore,HNWI,Salaried,265200.0,96,1,12.4882433080258
CUST104692,74,F,Ahmedabad,Mass Affluent,Salaried,292300.0,155,2,12.585539372236147
CUST104693,67,F,Jaipur,Retail,Salaried,325700.0,37,3,12.693735061569713
CUST104694,59,M,Mumbai,Corporate,Self-Employed,250000.0,102,4,12.429220196836383
CUST104695,66,F,Jaipur,Retail,Salaried,250000.0,103,2,12.429220196836383
CUST104696,25,F,Lucknow,Retail,Student,250000.0,106,3,12.429220196836383
CUST104697,25,M,Kolkata,Retail,Student,497700.0,174,2,13.117754774087143
CUST104698,37,F,Chennai,HNWI,Salaried,250000.0,71,2,12.429220196836383
CUST104699,22,F,Indore,SME,Self-Employed,294800.0,41,3,12.594055831421823
CUST104700,68,F,Pune,Retail,Salaried,250000.0,148,1,12.429220196836383
CUST104701,24,F,Hyderabad,Retail,Salaried,347800.0,9,1,12.759385756113828
CUST104702,50,F,Kolkata,Retail,Salaried,250000.0,237,2,12.429220196836383
CUST104703,67,F,Ahmedabad,Mass Affluent,Business Owner,250000.0,217,5,12.429220196836383
CUST104704,60,M,Hyderabad,Retail,Retired,472300.0,95,5,13.065371773180294
CUST104705,33,F,Jaipur,Retail,Salaried,250000.0,169,3,12.429220196836383
CUST104706,46,M,Indore,Retail,Salaried,263300.0,127,2,12.481053143426296
CUST104707,50,M,Kochi,Mass Affluent,Salaried,406200.0,168,3,12.914603389966848
CUST104708,62,F,Hyderabad,Mass Affluent,Salaried,613000.0,57,2,13.326121846238388
CUST104709,44,M,Ahmedabad,Mass Affluent,Salaried,250000.0,227,1,12.429220196836383
CUST104710,36,F,Jaipur,Retail,Business Owner,250000.0,212,1,12.429220196836383
CUST104711,63,M,Surat,Mass Affluent,Retired,514100.0,127,1,13.150175023188563
CUST104712,68,M,Kochi,Mass Affluent,Salaried,535400.0,211,5,13.190771277829066
CUST104713,47,M,Ahmedabad,Mass Affluent,Business Owner,578600.0,80,3,13.268368399832392
CUST104714,22,M,Chennai,Retail,Self-Employed,1247900.0,189,3,14.036973497841887
CUST104715,48,F,Lucknow,Retail,Self-Employed,250000.0,218,4,12.429220196836383
CUST104716,69,M,Delhi,Mass Affluent,Business Owner,335500.0,168,3,12.723380216015363
CUST104717,74,F,Surat,Retail,Salaried,250000.0,236,3,12.429220196836383
CUST104718,42,F,Bhopal,Mass Affluent,Salaried,250000.0,56,3,12.429220196836383
CUST104719,29,M,Surat,Retail,Salaried,254200.0,10,1,12.44588057164006
CUST104720,51,F,Pune,Retail,Self-Employed,250000.0,129,1,12.429220196836383
CUST104721,65,M,Indore,Mass Affluent,Salaried,250000.0,83,2,12.429220196836383
CUST104722,72,M,Ahmedabad,Retail,Salaried,250000.0,155,1,12.429220196836383
CUST104723,23,F,Jaipur,Retail,Salaried,349200.0,90,3,12.763402966631915
CUST104724,36,F,Indore,Corporate,Salaried,250000.0,209,4,12.429220196836383
CUST104725,46,F,Bangalore,Retail,Salaried,250000.0,32,4,12.429220196836383
CUST104726,26,M,Kochi,Corporate,Salaried,451100.0,231,2,13.0194465401974
CUST104727,68,M,Surat,Retail,Business Owner,250000.0,57,1,12.429220196836383
CUST104728,27,F,Ahmedabad,Corporate,Self-Employed,250000.0,82,5,12.429220196836383
CUST104729,56,F,Delhi,Corporate,Salaried,250000.0,11,4,12.429220196836383
CUST104730,70,F,Kochi,Retail,Business Owner,534700.0,164,2,13.189462991142667
CUST104731,58,M,Hyderabad,Mass Affluent,Business Owner,315600.0,168,4,12.662234036516644
CUST104732,62,F,Bhopal,Mass Affluent,Salaried,250000.0,223,4,12.429220196836383
CUST104733,35,M,Kochi,Mass Affluent,Self-Employed,250000.0,31,2,12.429220196836383
CUST104734,65,M,Kolkata,Retail,Salaried,1210300.0,118,2,14.006379646967781
CUST104735,43,M,Pune,SME,Salaried,880000.0,213,5,13.68767832281738
CUST104736,24,M,Mumbai,HNWI,Self-Employed,637900.0,13,3,13.365938377872649
CUST104737,40,F,Ahmedabad,SME,Salaried,250000.0,142,3,12.429220196836383
CUST104738,39,M,Mumbai,Corporate,Salaried,250000.0,59,5,12.429220196836383
CUST104739,49,F,Chandigarh,Corporate,Salaried,341300.0,89,4,12.740520064864135
CUST104740,35,M,Lucknow,HNWI,Salaried,250000.0,182,1,12.429220196836383
CUST104741,45,F,Hyderabad,Mass Affluent,Salaried,250000.0,195,2,12.429220196836383
CUST104742,44,M,Indore,Corporate,Business Owner,643800.0,7,4,13.375144951123055
CUST104743,38,M,Mumbai,Mass Affluent,Salaried,259600.0,158,1,12.466901115884776
CUST104744,58,M,Jaipur,Retail,Salaried,250000.0,98,1,12.429220196836383
CUST104745,37,F,Delhi,Mass Affluent,Business Owner,475300.0,182,4,13.071703566534245
CUST104746,62,M,Mumbai,Retail,Salaried,250000.0,202,3,12.429220196836383
CUST104747,34,F,Hyderabad,SME,Self-Employed,250000.0,211,1,12.429220196836383
CUST104748,67,F,Chennai,Mass Affluent,Salaried,250000.0,29,1,12.429220196836383
CUST104749,40,M,Surat,Mass Affluent,Salaried,250000.0,194,4,12.429220196836383
CUST104750,23,F,Bhopal,Retail,Salaried,306200.0,231,1,12.631997028039708
CUST104751,29,M,Kochi,Mass Affluent,Salaried,297500.0,188,1,12.60317286530671
CUST104752,64,M,Kochi,Retail,Self-Employed,560500.0,94,4,13.23658630561408
CUST104753,68,M,Jaipur,Mass Affluent,Self-Employed,250000.0,176,4,12.429220196836383
CUST104754,32,F,Kolkata,Mass Affluent,Salaried,250000.0,21,2,12.429220196836383
CUST104755,53,F,Hyderabad,Mass Affluent,Salaried,566400.0,94,3,13.247057586896812
CUST104756,52,M,Chandigarh,Retail,Retired,482700.0,198,2,13.087152693326571
CUST104757,28,M,Ahmedabad,Mass Affluent,Salaried,250000.0,158,1,12.429220196836383
CUST104758,45,F,Jaipur,Mass Affluent,Salaried,319700.0,68,5,12.675141462975478
CUST104759,58,M,Mumbai,Corporate,Self-Employed,250000.0,138,2,12.429220196836383
CUST104760,73,F,Pune,Corporate,Salaried,250000.0,6,3,12.429220196836383
CUST104761,66,F,Surat,HNWI,Retired,1002800.0,231,2,13.818307642473597
CUST104762,26,M,Ahmedabad,Retail,Salaried,250000.0,134,2,12.429220196836383
CUST104763,33,F,Lucknow,Retail,Business Owner,320300.0,123,1,12.677016457665433
CUST104764,44,M,Indore,SME,Salaried,250000.0,84,2,12.429220196836383
CUST104765,29,F,Mumbai,SME,Salaried,417400.0,57,3,12.941802669405789
CUST104766,51,M,Bhopal,Retail,Salaried,250000.0,82,4,12.429220196836383
CUST104767,21,F,Indore,Mass Affluent,Student,734400.0,113,4,13.506810479943264
CUST104768,27,F,Pune,Retail,Salaried,788900.0,105,1,13.578396116670158
CUST104769,23,M,Kochi,Retail,Salaried,376800.0,103,2,12.839472475608636
CUST104770,36,M,Mumbai,SME,Retired,287500.0,124,2,12.568981617474362
CUST104771,62,F,Chennai,SME,Salaried,250000.0,115,3,12.429220196836383
CUST104772,30,F,Delhi,SME,Salaried,260800.0,78,4,12.471512943383113
CUST104773,74,M,Lucknow,Retail,Salaried,343000.0,141,3,12.745488641595722
CUST104774,35,M,Indore,Mass Affluent,Business Owner,283200.0,63,2,12.553912171868914
CUST104775,23,M,Lucknow,Corporate,Salaried,483600.0,227,3,13.089015465545286
CUST104776,39,F,Surat,Mass Affluent,Salaried,250000.0,162,1,12.429220196836383
CUST104777,61,F,Bangalore,Retail,Retired,671200.0,71,1,13.416823924002916
CUST104778,26,M,Chandigarh,Mass Affluent,Self-Employed,250000.0,168,1,12.429220196836383
CUST104779,24,M,Bangalore,Retail,Salaried,250000.0,232,2,12.429220196836383
CUST104780,66,M,Ahmedabad,Mass Affluent,Self-Employed,333600.0,184,2,12.717700947064154
CUST104781,52,M,Surat,Corporate,Salaried,346600.0,188,2,12.755929541429706
CUST104782,39,F,Indore,Retail,Salaried,250000.0,57,3,12.429220196836383
CUST104783,61,F,Chandigarh,Retail,Salaried,250000.0,48,1,12.429220196836383
CUST104784,66,F,Jaipur,Mass Affluent,Self-Employed,250000.0,137,2,12.429220196836383
CUST104785,40,M,Jaipur,Mass Affluent,Business Owner,250000.0,71,1,12.429220196836383
CUST104786,51,M,Pune,Retail,Salaried,250000.0,34,2,12.429220196836383
CUST104787,21,M,Jaipur,Retail,Salaried,320800.0,218,2,12.67857627217662
CUST104788,37,M,Surat,HNWI,Salaried,250000.0,86,1,12.429220196836383
CUST104789,53,F,Lucknow,Retail,Business Owner,250000.0,193,2,12.429220196836383
CUST104790,31,M,Jaipur,Mass Affluent,Business Owner,586700.0,177,3,13.282270599361109
CUST104791,74,F,Pune,Mass Affluent,Business Owner,925900.0,39,1,13.738522596465796
CUST104792,73,M,Bangalore,Retail,Student,250000.0,49,3,12.429220196836383
CUST104793,34,F,Mumbai,Mass Affluent,Business Owner,494600.0,142,1,13.111506655903236
CUST104794,42,M,Pune,Mass Affluent,Student,338600.0,151,3,12.732577702014082
CUST104795,31,M,Kolkata,Mass Affluent,Self-Employed,250000.0,70,1,12.429220196836383
CUST104796,48,M,Lucknow,Mass Affluent,Salaried,250000.0,41,5,12.429220196836383
CUST104797,27,F,Bhopal,Retail,Self-Employed,250000.0,153,1,12.429220196836383
CUST104798,42,F,Surat,Retail,Salaried,325800.0,61,5,12.69404204451308
CUST104799,50,F,Indore,Mass Affluent,Salaried,250000.0,46,1,12.429220196836383
CUST104800,54,F,Jaipur,Mass Affluent,Salaried,290800.0,94,3,12.580394463425135
CUST104801,53,M,Bhopal,Retail,Salaried,1254900.0,88,2,14.042567242974327
CUST104802,32,M,Chandigarh,Retail,Self-Employed,697900.0,100,1,13.455832537874254
CUST104803,63,M,Bangalore,HNWI,Salaried,250000.0,96,1,12.429220196836383
CUST104804,58,M,Lucknow,Retail,Salaried,250000.0,138,1,12.429220196836383
CUST104805,61,M,Ahmedabad,Corporate,Retired,582900.0,131,2,13.2757726395923
CUST104806,46,M,Chandigarh,Mass Affluent,Self-Employed,250000.0,14,2,12.429220196836383
CUST104807,69,F,Jaipur,Retail,Salaried,486300.0,62,2,13.094583052733583
CUST104808,42,M,Mumbai,Mass Affluent,Salaried,1385400.0,124,3,14.141500186383576
CUST104809,64,M,Hyderabad,Retail,Salaried,402400.0,176,1,12.905204382854041
CUST104810,31,M,Delhi,SME,Retired,546000.0,13,3,13.210376086227196
CUST104811,34,F,Hyderabad,SME,Salaried,509300.0,195,3,13.140794476350054
CUST104812,49,F,Delhi,Corporate,Retired,250000.0,28,1,12.429220196836383
CUST104813,51,F,Kochi,Mass Affluent,Salaried,319400.0,155,3,12.67420264562853
CUST104814,61,M,Ahmedabad,Corporate,Business Owner,250000.0,57,1,12.429220196836383
CUST104815,37,M,Surat,Mass Affluent,Salaried,581800.0,217,2,13.273883743845474
CUST104816,68,M,Chandigarh,Corporate,Salaried,250000.0,168,4,12.429220196836383
CUST104817,38,F,Lucknow,Retail,Salaried,408600.0,190,3,12.920494408743966
CUST104818,49,M,Ahmedabad,Corporate,Salaried,529200.0,195,2,13.1791236008659
CUST104819,71,M,Chennai,Mass Affluent,Student,250000.0,16,2,12.429220196836383
CUST104820,50,M,Kochi,Retail,Self-Employed,250000.0,204,2,12.429220196836383
CUST104821,57,M,Ahmedabad,SME,Salaried,250000.0,25,2,12.429220196836383
CUST104822,70,M,Kochi,Mass Affluent,Business Owner,250000.0,133,5,12.429220196836383
CUST104823,73,F,Mumbai,Corporate,Salaried,294700.0,160,4,12.593716562001331
CUST104824,47,F,Bangalore,Retail,Retired,250000.0,216,1,12.429220196836383
CUST104825,43,M,Delhi,Mass Affluent,Salaried,250000.0,174,2,12.429220196836383
CUST104826,31,M,Surat,HNWI,Salaried,372600.0,172,2,12.828263420989288
CUST104827,50,F,Ahmedabad,Retail,Salaried,388700.0,232,3,12.870565689515162
CUST104828,70,F,Chennai,HNWI,Salaried,250000.0,9,1,12.429220196836383
CUST104829,47,F,Chennai,Mass Affluent,Retired,250000.0,6,4,12.429220196836383
CUST104830,39,F,Lucknow,Retail,Salaried,541700.0,50,3,13.20246946768453
CUST104831,26,M,Chandigarh,Mass Affluent,Salaried,250000.0,61,1,12.429220196836383
CUST104832,42,M,Chandigarh,Retail,Business Owner,924900.0,122,1,13.737441983739734
CUST104833,33,M,Ahmedabad,Corporate,Salaried,250000.0,200,3,12.429220196836383
CUST104834,73,M,Surat,Corporate,Salaried,291100.0,97,3,12.581425564973435
CUST104835,49,M,Delhi,Mass Affluent,Self-Employed,250000.0,214,2,12.429220196836383
CUST104836,28,M,Chandigarh,Mass Affluent,Salaried,310500.0,155,1,12.6459424009624
CUST104837,24,F,Mumbai,Retail,Business Owner,2160700.0,114,1,14.585943264046632
CUST104838,66,F,Kolkata,Retail,Self-Employed,250000.0,191,2,12.429220196836383
CUST104839,71,F,Surat,Corporate,Salaried,577100.0,119,3,13.265772573499497
CUST104840,62,M,Chandigarh,Retail,Salaried,283300.0,15,1,12.554265215639417
CUST104841,27,M,Bangalore,Retail,Salaried,542700.0,205,3,13.204313802688457
CUST104842,26,F,Lucknow,Retail,Salaried,250000.0,37,1,12.429220196836383
CUST104843,31,F,Bangalore,Mass Affluent,Self-Employed,861900.0,113,4,13.666895693862221
CUST104844,61,F,Mumbai,Corporate,Business Owner,329300.0,42,5,12.704727505104454
CUST104845,62,F,Pune,Retail,Salaried,250000.0,190,1,12.429220196836383
CUST104846,66,M,Jaipur,Retail,Business Owner,461400.0,155,4,13.042022792036303
CUST104847,26,F,Hyderabad,Retail,Salaried,292500.0,228,3,12.586223364451623
CUST104848,29,M,Chandigarh,Retail,Retired,250000.0,208,4,12.429220196836383
CUST104849,69,M,Lucknow,Retail,Salaried,250000.0,67,2,12.429220196836383
CUST104850,71,F,Pune,HNWI,Business Owner,802600.0,65,4,13.595612982764838
CUST104851,60,M,Ahmedabad,Mass Affluent,Salaried,250000.0,70,2,12.429220196836383
CUST104852,26,M,Pune,Retail,Salaried,250000.0,41,1,12.429220196836383
CUST104853,24,M,Delhi,Mass Affluent,Salaried,250000.0,225,5,12.429220196836383
CUST104854,24,M,Lucknow,HNWI,Retired,646100.0,25,5,13.378711117293086
CUST104855,58,M,Kochi,Retail,Business Owner,250000.0,105,1,12.429220196836383
CUST104856,66,M,Pune,Retail,Self-Employed,395000.0,71,2,12.886643575525625
CUST104857,55,M,Pune,HNWI,Salaried,250000.0,9,5,12.429220196836383
CUST104858,35,F,Bhopal,Retail,Self-Employed,250000.0,200,2,12.429220196836383
CUST104859,61,M,Lucknow,Corporate,Salaried,460800.0,123,2,13.040721558500353
CUST104860,24,F,Chennai,Corporate,Self-Employed,520100.0,211,1,13.161778302466487
CUST104861,65,M,Mumbai,Corporate,Salaried,250000.0,150,2,12.429220196836383
CUST104862,69,F,Indore,Retail,Business Owner,262300.0,122,2,12.477247978276214
CUST104863,59,M,Lucknow,Retail,Self-Employed,284400.0,63,3,12.558140493079444
CUST104864,68,M,Lucknow,Corporate,Salaried,350500.0,144,2,12.767118838519758
CUST104865,52,M,Chennai,Mass Affluent,Self-Employed,875700.0,176,3,13.682779987453252
CUST104866,46,F,Bangalore,Retail,Salaried,250000.0,12,1,12.429220196836383
CUST104867,38,F,Ahmedabad,Mass Affluent,Salaried,250000.0,60,3,12.429220196836383
CUST104868,70,F,Kochi,Retail,Salaried,250000.0,90,1,12.429220196836383
CUST104869,58,F,Chennai,Mass Affluent,Salaried,250000.0,33,3,12.429220196836383
CUST104870,31,F,Ahmedabad,SME,Salaried,250000.0,25,4,12.429220196836383
CUST104871,72,M,Chandigarh,Mass Affluent,Self-Employed,290800.0,64,3,12.580394463425135
CUST104872,24,M,Hyderabad,Mass Affluent,Self-Employed,368200.0,85,1,12.81638426369269
CUST104873,52,F,Hyderabad,SME,Salaried,268700.0,130,4,12.501354516219285
CUST104874,31,F,Hyderabad,Mass Affluent,Student,258400.0,196,1,12.462267920852137
CUST104875,56,M,Bhopal,Retail,Retired,250000.0,206,1,12.429220196836383
CUST104876,43,F,Ahmedabad,Mass Affluent,Salaried,312200.0,95,4,12.651402490133291
CUST104877,44,F,Bhopal,Retail,Salaried,297100.0,129,1,12.601827427315111
CUST104878,57,M,Chandigarh,Retail,Retired,356800.0,9,2,12.784933482374647
CUST104879,61,F,Pune,Mass Affluent,Salaried,325900.0,204,5,12.694348933246843
CUST104880,41,F,Mumbai,Retail,Salaried,339900.0,60,1,12.736409677721657
CUST104881,74,M,Chennai,Retail,Retired,592000.0,21,3,13.291263603053904
CUST104882,47,F,Jaipur,Mass Affluent,Business Owner,378300.0,146,2,12.843445454022332
CUST104883,29,F,Kolkata,Retail,Business Owner,358000.0,93,2,12.788291058675025
CUST104884,21,F,Mumbai,Mass Affluent,Retired,250000.0,102,2,12.429220196836383
CUST104885,31,F,Chandigarh,Retail,Salaried,504900.0,107,2,13.132117649435262
CUST104886,58,F,Chennai,Mass Affluent,Self-Employed,250000.0,152,4,12.429220196836383
CUST104887,50,F,Lucknow,Corporate,Business Owner,281400.0,193,4,12.547535977316382
CUST104888,39,F,Chandigarh,Retail,Salaried,250000.0,139,2,12.429220196836383
CUST104889,46,M,Jaipur,HNWI,Salaried,940300.0,148,3,13.753955315754979
CUST104890,66,M,Surat,Retail,Salaried,250000.0,195,2,12.429220196836383
CUST104891,51,M,Mumbai,Retail,Self-Employed,655300.0,189,3,13.392849951045042
CUST104892,24,M,Surat,Retail,Self-Employed,346300.0,46,1,12.755063618055994
CUST104893,23,F,Indore,Retail,Retired,250000.0,85,2,12.429220196836383
CUST104894,47,F,Bhopal,Retail,Salaried,910600.0,121,2,13.721860100059242
CUST104895,42,M,Delhi,HNWI,Self-Employed,365200.0,224,2,12.808203165924832
CUST104896,66,M,Hyderabad,HNWI,Salaried,250000.0,148,1,12.429220196836383
CUST104897,52,F,Mumbai,SME,Retired,250000.0,196,2,12.429220196836383
CUST104898,61,M,Bhopal,SME,Self-Employed,369800.0,192,5,12.820720302095918
CUST104899,52,F,Chennai,Retail,Self-Employed,750100.0,220,1,13.527963143112418
CUST104900,39,M,Ahmedabad,Retail,Salaried,250000.0,127,2,12.429220196836383
CUST104901,56,M,Ahmedabad,Retail,Salaried,250000.0,67,1,12.429220196836383
CUST104902,54,M,Surat,Mass Affluent,Salaried,644000.0,102,2,13.375455557880317
CUST104903,59,M,Bhopal,Corporate,Business Owner,361800.0,7,1,12.7988496158975
CUST104904,31,F,Chennai,Retail,Salaried,250000.0,166,4,12.429220196836383
CUST104905,55,M,Kochi,Retail,Business Owner,329600.0,150,2,12.705638110993434
CUST104906,36,M,Chennai,Retail,Salaried,351200.0,44,5,12.769113988119456
CUST104907,63,M,Bangalore,Corporate,Salaried,250000.0,121,1,12.429220196836383
CUST104908,64,M,Delhi,Mass Affluent,Salaried,250000.0,173,4,12.429220196836383
CUST104909,54,F,Kolkata,HNWI,Salaried,250000.0,188,1,12.429220196836383
CUST104910,72,F,Jaipur,Mass Affluent,Salaried,250000.0,187,1,12.429220196836383
CUST104911,50,F,Kochi,Retail,Salaried,332000.0,28,4,12.712893259942282
CUST104912,22,F,Indore,Retail,Salaried,430600.0,93,2,12.972937186250622
CUST104913,53,M,Ahmedabad,HNWI,Self-Employed,250000.0,145,2,12.429220196836383
CUST104914,62,M,Pune,HNWI,Salaried,312900.0,30,3,12.653642125561102
CUST104915,26,F,Bangalore,Retail,Self-Employed,359600.0,52,2,12.792750362443366
CUST104916,26,F,Bhopal,Retail,Self-Employed,297000.0,226,1,12.601490784782536
CUST104917,35,F,Kolkata,Retail,Salaried,250000.0,126,5,12.429220196836383
CUST104918,66,M,Kochi,Retail,Salaried,629000.0,141,3,13.351888125506433
CUST104919,49,F,Lucknow,Retail,Salaried,601200.0,43,4,13.30668460019956
CUST104920,73,F,Bhopal,Retail,Salaried,250000.0,154,3,12.429220196836383
CUST104921,68,M,Chandigarh,Mass Affluent,Salaried,255300.0,219,3,12.450198520182342
CUST104922,50,M,Surat,Corporate,Self-Employed,426400.0,230,2,12.963135497046782
CUST104923,57,F,Lucknow,HNWI,Salaried,579300.0,48,1,13.269577483304527
CUST104924,38,M,Bangalore,HNWI,Business Owner,250000.0,57,4,12.429220196836383
CUST104925,25,F,Mumbai,SME,Business Owner,250000.0,140,4,12.429220196836383
CUST104926,42,F,Jaipur,SME,Salaried,316300.0,213,3,12.664449570844228
CUST104927,52,M,Surat,Retail,Self-Employed,250000.0,7,4,12.429220196836383
CUST104928,30,M,Kochi,Retail,Salaried,250000.0,58,1,12.429220196836383
CUST104929,32,F,Hyderabad,Retail,Salaried,250000.0,42,1,12.429220196836383
CUST104930,21,M,Ahmedabad,Corporate,Student,344700.0,190,1,12.750432653574146
CUST104931,60,F,Indore,Retail,Salaried,681600.0,122,3,13.432199721632317
CUST104932,69,M,Delhi,Retail,Salaried,250000.0,173,2,12.429220196836383
CUST104933,65,M,Kolkata,Mass Affluent,Business Owner,250000.0,15,1,12.429220196836383
CUST104934,41,F,Chandigarh,Mass Affluent,Retired,294600.0,36,2,12.593377177438036
CUST104935,53,F,Bangalore,Mass Affluent,Salaried,250000.0,133,2,12.429220196836383
CUST104936,72,F,Chennai,HNWI,Self-Employed,250000.0,104,2,12.429220196836383
CUST104937,52,F,Ahmedabad,Mass Affluent,Business Owner,328100.0,49,1,12.701076766795813
CUST104938,36,F,Surat,Corporate,Self-Employed,250000.0,67,1,12.429220196836383
CUST104939,39,F,Hyderabad,Retail,Salaried,250000.0,176,2,12.429220196836383
CUST104940,60,F,Kochi,Corporate,Business Owner,250000.0,9,1,12.429220196836383
CUST104941,45,M,Hyderabad,Mass Affluent,Salaried,325600.0,209,2,12.693427984358877
CUST104942,66,M,Kolkata,Retail,Salaried,250000.0,43,2,12.429220196836383
CUST104943,67,F,Jaipur,SME,Salaried,250000.0,183,5,12.429220196836383
CUST104944,22,F,Mumbai,SME,Salaried,250000.0,153,1,12.429220196836383
CUST104945,60,F,Kochi,Corporate,Salaried,250000.0,20,1,12.429220196836383
CUST104946,40,F,Surat,Corporate,Salaried,430700.0,184,3,12.973169392841225
CUST104947,49,F,Indore,Retail,Salaried,256700.0,122,1,12.455667262449618
CUST104948,35,F,Chennai,Retail,Retired,730500.0,76,2,13.501485879097348
CUST104949,40,M,Kolkata,Retail,Salaried,257000.0,32,3,12.456835254920371
CUST104950,38,M,Bhopal,Corporate,Salaried,479600.0,33,1,13.080709787204215
CUST104951,23,M,Delhi,Corporate,Business Owner,432300.0,101,5,12.976877383861467
CUST104952,63,F,Ahmedabad,SME,Salaried,266200.0,74,2,12.492006941510096
CUST104953,28,F,Ahmedabad,Corporate,Business Owner,250000.0,202,3,12.429220196836383
CUST104954,41,M,Pune,Mass Affluent,Salaried,251900.0,133,5,12.436791432162119
CUST104955,31,M,Pune,Retail,Self-Employed,250000.0,15,4,12.429220196836383
CUST104956,29,M,Kochi,Retail,Salaried,250000.0,211,1,12.429220196836383
CUST104957,41,M,Bangalore,Mass Affluent,Salaried,294600.0,64,2,12.593377177438036
CUST104958,70,M,Bhopal,HNWI,Self-Employed,250000.0,147,2,12.429220196836383
CUST104959,71,M,Bhopal,Retail,Salaried,250000.0,199,2,12.429220196836383
CUST104960,41,F,Bangalore,Corporate,Salaried,250000.0,162,3,12.429220196836383
CUST104961,48,F,Chandigarh,Mass Affluent,Salaried,250000.0,100,2,12.429220196836383
CUST104962,74,M,Hyderabad,Retail,Self-Employed,250000.0,7,2,12.429220196836383
CUST104963,33,M,Mumbai,Corporate,Salaried,250000.0,61,3,12.429220196836383
CUST104964,72,F,Kolkata,Mass Affluent,Self-Employed,291100.0,139,1,12.581425564973435
CUST104965,26,F,Kochi,HNWI,Self-Employed,250000.0,228,3,12.429220196836383
CUST104966,33,F,Indore,Retail,Salaried,269100.0,14,1,12.502842052798766
CUST104967,39,F,Lucknow,Retail,Retired,250000.0,42,3,12.429220196836383
CUST104968,23,M,Indore,Retail,Business Owner,250000.0,89,1,12.429220196836383
CUST104969,65,F,Hyderabad,Mass Affluent,Salaried,913000.0,190,3,13.724492254866757
CUST104970,67,F,Bhopal,HNWI,Salaried,250000.0,228,1,12.429220196836383
CUST104971,41,F,Lucknow,SME,Salaried,250000.0,47,3,12.429220196836383
CUST104972,66,F,Bangalore,Corporate,Retired,329500.0,141,2,12.70533466782146
CUST104973,62,M,Delhi,Retail,Salaried,250000.0,231,2,12.429220196836383
CUST104974,64,M,Chennai,SME,Salaried,310600.0,239,3,12.646264409266557
CUST104975,64,F,Delhi,Retail,Retired,254300.0,189,4,12.44627388376583
CUST104976,51,M,Chennai,Retail,Self-Employed,373200.0,188,1,12.829872427480138
CUST104977,26,M,Chandigarh,HNWI,Salaried,252800.0,70,3,12.440357896943219
CUST104978,70,M,Hyderabad,Corporate,Self-Employed,250000.0,78,2,12.429220196836383
CUST104979,53,F,Lucknow,SME,Business Owner,534300.0,236,3,13.188714629551823
CUST104980,69,M,Chandigarh,Corporate,Salaried,250000.0,151,4,12.429220196836383
CUST104981,72,M,Hyderabad,Retail,Salaried,250000.0,32,3,12.429220196836383
CUST104982,31,F,Surat,Retail,Self-Employed,250000.0,22,1,12.429220196836383
CUST104983,42,F,Pune,Retail,Salaried,250000.0,207,2,12.429220196836383
CUST104984,31,M,Chennai,Mass Affluent,Student,250000.0,36,2,12.429220196836383
CUST104985,23,F,Chandigarh,Mass Affluent,Salaried,250000.0,169,1,12.429220196836383
CUST104986,73,F,Lucknow,Retail,Self-Employed,481600.0,81,3,13.084871249386552
CUST104987,70,M,Pune,Mass Affluent,Business Owner,254500.0,46,3,12.447060044238079
CUST104988,71,M,Indore,Mass Affluent,Salaried,250000.0,32,3,12.429220196836383
CUST104989,68,F,Bhopal,HNWI,Salaried,250000.0,133,1,12.429220196836383
CUST104990,56,M,Kochi,Retail,Student,250000.0,194,3,12.429220196836383
CUST104991,49,M,Bhopal,Retail,Self-Employed,457900.0,8,2,13.034408282525746
CUST104992,74,F,Chennai,Mass Affluent,Salaried,554600.0,170,1,13.226004215263524
CUST104993,50,M,Kolkata,Mass Affluent,Salaried,250000.0,140,2,12.429220196836383
CUST104994,55,M,Hyderabad,Retail,Salaried,709300.0,191,2,13.472035257029873
CUST104995,32,M,Surat,Retail,Salaried,250000.0,142,2,12.429220196836383
CUST104996,61,M,Indore,SME,Salaried,250000.0,35,4,12.429220196836383
CUST104997,65,M,Lucknow,HNWI,Self-Employed,356400.0,101,1,12.783811780410995
CUST104998,57,M,Jaipur,Retail,Salaried,376000.0,236,2,12.837347081942964
CUST104999,47,F,Kochi,Mass Affluent,Self-Employed,257100.0,198,1,12.457224282783562
CUST105000,31,F,Bangalore,Mass Affluent,Student,250000.0,88,1,12.429220196836383
CUST105001,22,F,Kolkata,Retail,Student,542200.0,223,2,13.203392060382884
CUST105002,54,M,Surat,Retail,Business Owner,250000.0,7,3,12.429220196836383
CUST105003,57,M,Mumbai,SME,Salaried,257500.0,130,2,12.458778882573533
CUST105004,62,M,Bhopal,Mass Affluent,Salaried,741400.0,187,2,13.516296918497428
CUST105005,72,F,Bangalore,Retail,Salaried,250000.0,163,2,12.429220196836383
CUST105006,47,F,Kochi,HNWI,Salaried,250000.0,47,2,12.429220196836383
CUST105007,65,F,Lucknow,Mass Affluent,Business Owner,496400.0,40,1,13.115139346814992
CUST105008,59,F,Indore,Mass Affluent,Self-Employed,368400.0,179,2,12.81692729780043
CUST105009,35,F,Kochi,Retail,Self-Employed,458800.0,239,4,13.036371843833932
CUST105010,66,M,Ahmedabad,Retail,Salaried,250000.0,184,3,12.429220196836383
CUST105011,23,M,Kochi,Retail,Salaried,325400.0,206,1,12.692813546903102
CUST105012,53,F,Kolkata,SME,Retired,250000.0,219,2,12.429220196836383
CUST105013,71,F,Jaipur,Mass Affluent,Salaried,1049100.0,228,2,13.863444164917102
CUST105014,56,M,Bhopal,Corporate,Salaried,436100.0,190,4,12.985629146880282
CUST105015,71,M,Delhi,Retail,Self-Employed,264800.0,188,1,12.486733879472904
CUST105016,24,F,Kolkata,HNWI,Self-Employed,318600.0,190,1,12.671694815185111
CUST105017,49,F,Mumbai,Mass Affluent,Salaried,277200.0,81,5,12.532498153794986
CUST105018,63,F,Jaipur,Mass Affluent,Salaried,408200.0,132,1,12.919514979134402
CUST105019,55,F,Kochi,Retail,Business Owner,250000.0,57,5,12.429220196836383
CUST105020,68,F,Mumbai,Mass Affluent,Retired,608700.0,130,2,13.319082457326074
CUST105021,45,F,Jaipur,Retail,Salaried,250000.0,125,2,12.429220196836383
CUST105022,57,M,Pune,Retail,Business Owner,303500.0,22,1,12.623140184369177
CUST105023,43,M,Kochi,HNWI,Salaried,250000.0,25,4,12.429220196836383
CUST105024,68,F,Hyderabad,Retail,Self-Employed,275300.0,228,1,12.525620323525118
CUST105025,27,M,Bangalore,Retail,Self-Employed,485400.0,135,2,13.092730632429088
CUST105026,34,M,Delhi,Corporate,Business Owner,250000.0,13,1,12.429220196836383
CUST105027,26,F,Pune,Retail,Business Owner,250000.0,92,1,12.429220196836383
CUST105028,58,M,Ahmedabad,Mass Affluent,Salaried,250000.0,214,3,12.429220196836383
CUST105029,33,M,Bhopal,Corporate,Salaried,250000.0,176,1,12.429220196836383
CUST105030,38,M,Pune,HNWI,Business Owner,250000.0,198,3,12.429220196836383
CUST105031,66,M,Bangalore,Retail,Salaried,295700.0,152,3,12.597104087640735
CUST105032,40,F,Surat,Mass Affluent,Self-Employed,250000.0,169,2,12.429220196836383
CUST105033,28,F,Mumbai,Mass Affluent,Salaried,420100.0,63,3,12.948250437540263
CUST105034,22,F,Kolkata,Retail,Salaried,560800.0,203,1,13.237121397867831
CUST105035,33,F,Lucknow,HNWI,Self-Employed,270100.0,177,4,12.506551242106323
CUST105036,70,F,Hyderabad,SME,Salaried,458700.0,62,1,13.03615386065701
CUST105037,50,M,Jaipur,Retail,Business Owner,615100.0,78,2,13.329541760947048
CUST105038,74,M,Pune,Retail,Salaried,250000.0,185,4,12.429220196836383
CUST105039,32,M,Chandigarh,HNWI,Salaried,634800.0,64,3,13.361066842932457
CUST105040,39,M,Chennai,Mass Affluent,Salaried,262500.0,162,1,12.47801017053037
CUST105041,29,F,Bhopal,HNWI,Salaried,250000.0,103,2,12.429220196836383
CUST105042,42,M,Lucknow,Retail,Self-Employed,321000.0,73,4,12.679199517372098
CUST105043,51,M,Kochi,Retail,Salaried,257000.0,42,4,12.456835254920371
CUST105044,64,M,Bangalore,Mass Affluent,Salaried,250000.0,174,3,12.429220196836383
CUST105045,40,M,Mumbai,SME,Student,250000.0,82,1,12.429220196836383
CUST105046,62,F,Surat,Retail,Salaried,716700.0,136,2,13.482414017264977
CUST105047,54,M,Ahmedabad,Corporate,Salaried,317200.0,66,5,12.66729092132298
CUST105048,36,M,Chennai,Retail,Retired,652800.0,40,1,13.389027614493607
CUST105049,70,M,Bhopal,Retail,Self-Employed,250000.0,11,4,12.429220196836383
CUST105050,44,M,Chennai,Mass Affluent,Salaried,250000.0,225,2,12.429220196836383
CUST105051,29,F,Pune,Retail,Student,250000.0,76,3,12.429220196836383
CUST105052,72,M,Surat,Mass Affluent,Salaried,479600.0,140,1,13.080709787204215
CUST105053,70,M,Chandigarh,Retail,Salaried,343300.0,115,1,12.746362892345706
CUST105054,23,M,Bhopal,Mass Affluent,Salaried,250000.0,92,2,12.429220196836383
CUST105055,69,M,Lucknow,Retail,Retired,250000.0,200,4,12.429220196836383
CUST105056,72,M,Delhi,Corporate,Salaried,527600.0,219,3,13.176095595198785
CUST105057,65,F,Delhi,SME,Business Owner,250000.0,48,3,12.429220196836383
CUST105058,34,M,Surat,Retail,Salaried,250000.0,13,5,12.429220196836383
CUST105059,55,M,Ahmedabad,Retail,Salaried,250000.0,82,2,12.429220196836383
CUST105060,50,M,Delhi,SME,Business Owner,250000.0,30,4,12.429220196836383
CUST105061,54,M,Surat,Retail,Student,373300.0,12,1,12.830140343709695
CUST105062,54,M,Chandigarh,Corporate,Salaried,250000.0,194,1,12.429220196836383
CUST105063,55,F,Mumbai,Mass Affluent,Salaried,281700.0,23,2,12.548601503733918
CUST105064,48,M,Indore,Corporate,Self-Employed,476100.0,22,5,13.073385295579481
CUST105065,58,F,Kolkata,Retail,Salaried,255000.0,89,3,12.449022745701502
CUST105066,49,F,Kolkata,Retail,Salaried,505100.0,138,1,13.132513688260163
CUST105067,21,M,Surat,Retail,Salaried,599800.0,122,5,13.304353212518063
CUST105068,22,F,Hyderabad,Retail,Retired,461500.0,180,3,13.042239499769934
CUST105069,72,M,Bangalore,Retail,Salaried,250000.0,181,3,12.429220196836383
CUST105070,70,F,Chandigarh,SME,Salaried,262700.0,9,2,12.478771782289911
CUST105071,52,M,Kolkata,Retail,Salaried,330200.0,184,2,12.707456838931174
CUST105072,30,M,Bangalore,Retail,Salaried,250000.0,15,1,12.429220196836383
CUST105073,63,M,Surat,Retail,Salaried,250000.0,219,3,12.429220196836383
CUST105074,28,F,Hyderabad,Retail,Salaried,250000.0,77,1,12.429220196836383
CUST105075,41,F,Kochi,Mass Affluent,Self-Employed,1234500.0,218,2,14.026177397811596
CUST105076,38,M,Delhi,Retail,Salaried,250000.0,239,2,12.429220196836383
CUST105077,21,F,Ahmedabad,HNWI,Salaried,509500.0,29,2,13.141187094351528
CUST105078,64,F,Pune,Corporate,Retired,250000.0,95,4,12.429220196836383
CUST105079,48,F,Chandigarh,Retail,Salaried,744900.0,32,2,13.521006602625542
CUST105080,38,M,Ahmedabad,HNWI,Salaried,250000.0,232,2,12.429220196836383
CUST105081,48,F,Bhopal,Retail,Salaried,277000.0,122,1,12.531776395271262
CUST105082,21,M,Hyderabad,Retail,Self-Employed,250000.0,201,1,12.429220196836383
CUST105083,44,M,Ahmedabad,SME,Business Owner,524400.0,143,1,13.17001193781113
CUST105084,49,M,Indore,Corporate,Self-Employed,597200.0,204,1,13.300009019126682
CUST105085,39,F,Bangalore,Retail,Business Owner,250000.0,145,2,12.429220196836383
CUST105086,65,F,Bhopal,Mass Affluent,Salaried,543000.0,17,2,13.204866440535003
CUST105087,34,F,Kochi,Retail,Student,250000.0,119,5,12.429220196836383
CUST105088,28,F,Surat,Mass Affluent,Salaried,392100.0,159,1,12.879274738646975
CUST105089,49,M,Hyderabad,Mass Affluent,Salaried,250000.0,235,1,12.429220196836383
CUST105090,68,M,Indore,Retail,Salaried,598200.0,200,3,13.301682096858299
CUST105091,41,F,Indore,Corporate,Salaried,311600.0,125,1,12.6494788022162
CUST105092,23,F,Chennai,HNWI,Salaried,469200.0,194,3,13.058786527046484
CUST105093,73,M,Jaipur,Retail,Salaried,563900.0,224,3,13.242633983157774
CUST105094,44,M,Mumbai,Corporate,Self-Employed,250000.0,210,3,12.429220196836383
CUST105095,30,F,Kolkata,HNWI,Business Owner,263700.0,237,1,12.48257116452228
CUST105096,54,M,Bangalore,Retail,Self-Employed,250000.0,90,1,12.429220196836383
CUST105097,38,F,Jaipur,Mass Affluent,Salaried,250000.0,109,5,12.429220196836383
CUST105098,71,F,Jaipur,Corporate,Salaried,852800.0,9,4,13.65628150500091
CUST105099,36,M,Ahmedabad,SME,Business Owner,422300.0,37,3,12.953473608904076
CUST105100,50,M,Surat,Retail,Salaried,250000.0,197,1,12.429220196836383
CUST105101,50,F,Bhopal,Mass Affluent,Salaried,714200.0,82,2,13.478919714309525
CUST105102,34,M,Bangalore,Corporate,Salaried,338900.0,108,3,12.733463308313716
CUST105103,47,M,Hyderabad,SME,Salaried,441600.0,89,1,12.998162038435213
CUST105104,26,M,Hyderabad,Retail,Salaried,360200.0,222,5,12.794417487955563
CUST105105,55,F,Bhopal,Mass Affluent,Self-Employed,345200.0,213,5,12.751882135058594
CUST105106,61,F,Delhi,Corporate,Business Owner,250000.0,179,1,12.429220196836383
CUST105107,72,M,Mumbai,Retail,Student,521300.0,231,1,13.164082889035578
CUST105108,38,F,Bangalore,Retail,Salaried,250000.0,133,2,12.429220196836383
CUST105109,36,M,Kochi,Mass Affluent,Salaried,493700.0,45,2,13.109685349766474
CUST105110,50,M,Jaipur,Mass Affluent,Business Owner,284900.0,154,2,12.55989703048335
CUST105111,58,M,Bhopal,HNWI,Salaried,443000.0,10,3,13.001327306361068
CUST105112,74,M,Hyderabad,Retail,Salaried,295100.0,104,2,12.595072949607092
CUST105113,22,F,Kolkata,HNWI,Self-Employed,501900.0,200,1,13.12615816806981
CUST105114,33,F,Jaipur,Retail,Salaried,270900.0,48,1,12.509508719465414
CUST105115,35,M,Delhi,Corporate,Salaried,317600.0,136,2,12.66855115696477
CUST105116,34,F,Bhopal,Retail,Salaried,342100.0,187,2,12.742861294083317
CUST105117,46,F,Indore,Retail,Self-Employed,828300.0,181,5,13.62713189387767
CUST105118,68,F,Bangalore,SME,Salaried,384700.0,144,1,12.860221688165133
CUST105119,22,M,Indore,HNWI,Salaried,250000.0,83,4,12.429220196836383
CUST105120,65,M,Pune,Retail,Salaried,250000.0,62,2,12.429220196836383
CUST105121,54,M,Kolkata,Retail,Business Owner,384200.0,43,3,12.858921132124243
CUST105122,54,M,Chandigarh,Mass Affluent,Retired,571400.0,178,1,13.255846518864782
CUST105123,57,M,Ahmedabad,SME,Retired,250000.0,67,2,12.429220196836383
CUST105124,27,M,Hyderabad,Retail,Business Owner,1028800.0,158,2,13.843904604471241
CUST105125,61,M,Indore,SME,Salaried,298200.0,17,3,12.60552303476121
CUST105126,34,F,Surat,Retail,Salaried,345400.0,74,1,12.752461339884503
CUST105127,48,F,Bangalore,HNWI,Salaried,250000.0,96,2,12.429220196836383
CUST105128,57,F,Surat,Retail,Salaried,524000.0,186,2,13.169248871698304
CUST105129,53,M,Lucknow,Retail,Self-Employed,250000.0,29,3,12.429220196836383
CUST105130,38,F,Chennai,SME,Salaried,250000.0,116,1,12.429220196836383
CUST105131,42,F,Pune,Retail,Retired,250000.0,114,1,12.429220196836383
CUST105132,46,F,Indore,SME,Salaried,615200.0,81,3,13.329704322659897
CUST105133,23,F,Bangalore,Retail,Self-Employed,354800.0,193,2,12.779312347902879
CUST105134,60,F,Surat,Retail,Business Owner,250000.0,235,1,12.429220196836383
CUST105135,26,F,Indore,SME,Salaried,250000.0,17,1,12.429220196836383
CUST105136,45,F,Chandigarh,Mass Affluent,Business Owner,625100.0,224,2,13.345668515662664
CUST105137,56,F,Chennai,Retail,Self-Employed,250000.0,215,5,12.429220196836383
CUST105138,25,F,Hyderabad,Mass Affluent,Business Owner,375600.0,203,3,12.836282688719516
CUST105139,74,F,Chandigarh,Retail,Business Owner,435000.0,34,3,12.983103608918753
CUST105140,41,M,Pune,Corporate,Salaried,250000.0,96,3,12.429220196836383
CUST105141,21,F,Jaipur,Retail,Salaried,573000.0,159,2,13.258642740896052
CUST105142,56,M,Ahmedabad,Mass Affluent,Business Owner,250000.0,53,5,12.429220196836383
CUST105143,51,F,Ahmedabad,Retail,Self-Employed,250000.0,62,1,12.429220196836383
CUST105144,55,F,Lucknow,Mass Affluent,Self-Employed,675800.0,137,4,13.423653932988962
CUST105145,61,F,Pune,SME,Salaried,639300.0,203,1,13.368130670964451
CUST105146,46,M,Kolkata,Corporate,Salaried,360700.0,44,3,12.795804639274813
CUST105147,65,F,Pune,Retail,Salaried,415400.0,8,5,12.936999597739499
CUST105148,40,M,Lucknow,Retail,Student,482500.0,239,4,13.08673827229789
CUST105149,50,M,Indore,Retail,Salaried,632900.0,104,4,13.358069290790588
CUST105150,29,M,Jaipur,Corporate,Salaried,683100.0,23,4,13.434398004633376
CUST105151,54,F,Surat,Retail,Salaried,286300.0,231,2,12.564798983919784
CUST105152,35,M,Pune,Mass Affluent,Salaried,250000.0,69,2,12.429220196836383
CUST105153,58,M,Kochi,Retail,Salaried,250000.0,32,2,12.429220196836383
CUST105154,64,F,Kolkata,SME,Self-Employed,289600.0,162,1,12.57625939252641
CUST105155,67,F,Pune,Mass Affluent,Salaried,259900.0,183,2,12.468056068255885
CUST105156,71,M,Mumbai,Mass Affluent,Salaried,250000.0,35,1,12.429220196836383
CUST105157,27,F,Hyderabad,Corporate,Salaried,348700.0,176,4,12.761970100454297
CUST105158,28,M,Kochi,SME,Salaried,250000.0,94,3,12.429220196836383
CUST105159,71,F,Delhi,Mass Affluent,Business Owner,282400.0,80,1,12.551083325671442
CUST105160,41,M,Hyderabad,HNWI,Retired,293500.0,162,3,12.589636325399509
CUST105161,22,F,Kochi,Mass Affluent,Business Owner,287500.0,20,3,12.568981617474362
CUST105162,36,F,Bhopal,Retail,Business Owner,447200.0,45,4,13.010763436956484
CUST105163,66,F,Pune,Retail,Salaried,413000.0,200,2,12.931205293247745
CUST105164,40,F,Pune,HNWI,Retired,1018300.0,236,3,13.833646110188146
CUST105165,25,F,Ahmedabad,HNWI,Salaried,250000.0,217,1,12.429220196836383
CUST105166,59,M,Kochi,Retail,Business Owner,317300.0,189,4,12.667606129157875
CUST105167,31,M,Ahmedabad,Retail,Self-Employed,305300.0,35,4,12.629053454184358
CUST105168,40,M,Bangalore,HNWI,Salaried,296800.0,78,1,12.600817159541924
CUST105169,21,M,Pune,Retail,Salaried,250000.0,204,1,12.429220196836383
CUST105170,53,F,Hyderabad,Mass Affluent,Salaried,250000.0,172,1,12.429220196836383
CUST105171,45,M,Surat,HNWI,Salaried,269400.0,200,2,12.503956254903999
CUST105172,67,F,Bangalore,Retail,Salaried,250000.0,102,1,12.429220196836383
CUST105173,39,M,Lucknow,Retail,Student,250000.0,141,3,12.429220196836383
CUST105174,32,M,Delhi,Retail,Salaried,250000.0,178,2,12.429220196836383
CUST105175,29,F,Chandigarh,Retail,Self-Employed,250000.0,189,2,12.429220196836383
CUST105176,31,F,Lucknow,Mass Affluent,Salaried,529300.0,175,3,13.179312547132033
CUST105177,45,F,Bangalore,HNWI,Salaried,250000.0,15,3,12.429220196836383
CUST105178,25,M,Chandigarh,Corporate,Salaried,452200.0,53,2,13.021882050234442
CUST105179,42,F,Jaipur,Retail,Salaried,250000.0,122,3,12.429220196836383
CUST105180,67,F,Lucknow,HNWI,Salaried,250000.0,169,3,12.429220196836383
CUST105181,62,M,Mumbai,Retail,Salaried,354800.0,232,1,12.779312347902879
CUST105182,55,F,Bangalore,Corporate,Salaried,250000.0,76,1,12.429220196836383
CUST105183,69,F,Indore,Retail,Salaried,250000.0,187,3,12.429220196836383
CUST105184,63,M,Ahmedabad,Mass Affluent,Business Owner,250000.0,161,1,12.429220196836383
CUST105185,56,M,Lucknow,Mass Affluent,Business Owner,250000.0,68,1,12.429220196836383
CUST105186,67,M,Chandigarh,Retail,Salaried,337300.0,46,2,12.72873098576518
CUST105187,27,F,Pune,SME,Self-Employed,250000.0,151,5,12.429220196836383
CUST105188,65,F,Kolkata,Retail,Retired,457200.0,82,3,13.032878398126996
CUST105189,36,F,Indore,Retail,Salaried,388200.0,55,3,12.869278525705486
CUST105190,60,F,Mumbai,Mass Affluent,Salaried,701400.0,57,1,13.460835042407187
CUST105191,70,M,Pune,Mass Affluent,Salaried,993800.0,57,4,13.809292264388532
CUST105192,47,F,Indore,Retail,Salaried,470500.0,27,2,13.061553363403824
CUST105193,25,M,Hyderabad,Retail,Business Owner,250000.0,50,5,12.429220196836383
CUST105194,40,F,Chennai,Retail,Business Owner,988100.0,234,2,13.803540198225857
CUST105195,42,M,Ahmedabad,Corporate,Salaried,250000.0,50,3,12.429220196836383
CUST105196,71,M,Delhi,Mass Affluent,Salaried,250000.0,101,4,12.429220196836383
CUST105197,71,M,Delhi,Retail,Business Owner,815400.0,122,5,13.611435295758493
CUST105198,51,M,Hyderabad,Retail,Salaried,385000.0,170,1,12.861001210669146
CUST105199,72,M,Bhopal,Corporate,Salaried,250000.0,78,1,12.429220196836383
CUST105200,44,F,Hyderabad,Corporate,Salaried,250000.0,199,3,12.429220196836383
CUST105201,43,M,Surat,Retail,Business Owner,373500.0,188,1,12.830675960927596
CUST105202,66,F,Pune,Mass Affluent,Self-Employed,250000.0,124,2,12.429220196836383
CUST105203,57,M,Kochi,Retail,Self-Employed,250000.0,215,1,12.429220196836383
CUST105204,49,F,Chennai,Retail,Self-Employed,873100.0,87,2,13.67980652114242
CUST105205,45,M,Bhopal,Corporate,Salaried,973800.0,120,2,13.78896224963512
CUST105206,59,M,Kolkata,Corporate,Salaried,293000.0,145,1,12.587931300962664
CUST105207,61,M,Kochi,Retail,Business Owner,250000.0,50,2,12.429220196836383
CUST105208,47,F,Indore,Corporate,Retired,461100.0,25,2,13.041372386919402
CUST105209,22,F,Pune,HNWI,Salaried,250000.0,239,5,12.429220196836383
CUST105210,26,M,Surat,HNWI,Salaried,250000.0,17,1,12.429220196836383
CUST105211,28,M,Delhi,HNWI,Student,250000.0,17,4,12.429220196836383
CUST105212,45,F,Ahmedabad,Mass Affluent,Salaried,256700.0,29,5,12.455667262449618
CUST105213,54,F,Kolkata,SME,Salaried,455500.0,134,2,13.029153191069422
CUST105214,64,M,Chandigarh,Retail,Salaried,270900.0,68,3,12.509508719465414
CUST105215,33,M,Chandigarh,Mass Affluent,Salaried,436300.0,57,1,12.98608765110999
CUST105216,63,F,Kochi,Retail,Self-Employed,463200.0,207,2,13.045916364133237
CUST105217,56,M,Chandigarh,Corporate,Self-Employed,616400.0,225,1,13.331653004749949
CUST105218,23,M,Chandigarh,Retail,Salaried,300100.0,210,2,12.6118743636455
CUST105219,39,M,Kochi,Retail,Salaried,316600.0,82,5,12.665397584983758
CUST105220,37,M,Jaipur,HNWI,Salaried,262500.0,25,1,12.47801017053037
CUST105221,68,F,Hyderabad,Retail,Salaried,250000.0,230,2,12.429220196836383
CUST105222,70,M,Indore,Retail,Salaried,250000.0,133,3,12.429220196836383
CUST105223,65,M,Bangalore,Retail,Salaried,542100.0,233,2,13.203207609924831
CUST105224,49,M,Bangalore,HNWI,Business Owner,250000.0,45,2,12.429220196836383
CUST105225,47,F,Bhopal,Retail,Student,250000.0,226,2,12.429220196836383
CUST105226,37,M,Delhi,Retail,Salaried,250000.0,78,2,12.429220196836383
CUST105227,62,M,Bangalore,Mass Affluent,Self-Employed,250000.0,191,1,12.429220196836383
CUST105228,25,M,Ahmedabad,SME,Business Owner,254900.0,31,2,12.448630513463613
CUST105229,35,F,Jaipur,HNWI,Salaried,365800.0,179,2,12.809844748669446
CUST105230,28,F,Mumbai,Retail,Retired,250000.0,116,1,12.429220196836383
CUST105231,47,M,Kolkata,Corporate,Salaried,500100.0,228,2,13.122565357005076
CUST105232,37,M,Hyderabad,Corporate,Self-Employed,250000.0,40,2,12.429220196836383
CUST105233,31,M,Chennai,HNWI,Salaried,250000.0,58,2,12.429220196836383
CUST105234,41,M,Bangalore,Mass Affluent,Salaried,611800.0,154,2,13.32416234521869
CUST105235,67,F,Surat,Retail,Business Owner,302300.0,195,2,12.619178488734292
CUST105236,51,F,Ahmedabad,HNWI,Self-Employed,450400.0,213,3,13.01789357605382
CUST105237,65,M,Chandigarh,Mass Affluent,Salaried,456900.0,32,2,13.032222016211694
CUST105238,70,M,Mumbai,Retail,Self-Employed,250000.0,7,2,12.429220196836383
CUST105239,69,M,Kochi,Retail,Student,250000.0,90,2,12.429220196836383
CUST105240,39,F,Bhopal,Retail,Retired,499100.0,28,2,13.120563759062184
CUST105241,68,F,Ahmedabad,Mass Affluent,Self-Employed,807000.0,100,4,13.60108018640869
CUST105242,70,M,Surat,Retail,Salaried,278700.0,117,3,12.537894801551152
CUST105243,72,M,Pune,Mass Affluent,Salaried,250000.0,238,1,12.429220196836383
CUST105244,39,M,Jaipur,Corporate,Salaried,736300.0,13,2,13.509394281497947
CUST105245,33,M,Bhopal,Retail,Business Owner,250000.0,81,1,12.429220196836383
CUST105246,52,M,Ahmedabad,Retail,Business Owner,326900.0,85,3,12.697412651747085
CUST105247,71,M,Jaipur,Retail,Retired,250000.0,135,5,12.429220196836383
CUST105248,69,F,Chandigarh,Retail,Salaried,315400.0,80,3,12.661600124083094
CUST105249,51,M,Ahmedabad,Corporate,Student,250000.0,154,2,12.429220196836383
CUST105250,29,M,Bangalore,Mass Affluent,Student,250000.0,204,1,12.429220196836383
CUST105251,43,F,Surat,Corporate,Self-Employed,250000.0,164,2,12.429220196836383
CUST105252,59,F,Surat,SME,Retired,399200.0,160,2,12.897220328426329
CUST105253,51,F,Hyderabad,Retail,Salaried,295900.0,34,4,12.597780217902699
CUST105254,39,F,Surat,Mass Affluent,Salaried,455000.0,213,2,13.02805489573287
CUST105255,39,F,Mumbai,Mass Affluent,Salaried,250000.0,136,5,12.429220196836383
CUST105256,24,M,Chennai,Mass Affluent,Salaried,250000.0,44,2,12.429220196836383
CUST105257,36,M,Indore,Retail,Salaried,390400.0,154,1,12.874929694993204
CUST105258,57,M,Lucknow,Retail,Self-Employed,449200.0,119,3,13.015225728023822
CUST105259,34,F,Lucknow,Mass Affluent,Salaried,250000.0,217,1,12.429220196836383
CUST105260,74,F,Lucknow,Mass Affluent,Salaried,324700.0,157,1,12.690660037852133
CUST105261,25,F,Bangalore,Retail,Salaried,250000.0,230,1,12.429220196836383
CUST105262,52,F,Chandigarh,Retail,Self-Employed,463000.0,234,2,13.045484492893253
CUST105263,47,M,Chennai,Mass Affluent,Retired,819400.0,60,1,13.616328864499337
CUST105264,65,F,Kochi,HNWI,Salaried,250000.0,74,5,12.429220196836383
CUST105265,68,F,Chandigarh,Mass Affluent,Business Owner,250000.0,55,4,12.429220196836383
CUST105266,50,F,Hyderabad,Retail,Student,314400.0,59,3,12.658424520193709
CUST105267,55,F,Lucknow,Retail,Self-Employed,267700.0,165,2,12.497625965026309
CUST105268,58,M,Mumbai,HNWI,Self-Employed,471600.0,228,1,13.063888568084156
CUST105269,49,F,Lucknow,HNWI,Self-Employed,281400.0,120,3,12.547535977316382
CUST105270,30,M,Pune,Retail,Student,250000.0,195,1,12.429220196836383
CUST105271,44,M,Delhi,Mass Affluent,Salaried,250000.0,179,2,12.429220196836383
CUST105272,34,M,Surat,Retail,Business Owner,250000.0,67,1,12.429220196836383
CUST105273,46,M,Chandigarh,Mass Affluent,Salaried,250000.0,204,2,12.429220196836383
CUST105274,54,F,Delhi,Retail,Salaried,250000.0,118,2,12.429220196836383
CUST105275,32,F,Bhopal,Mass Affluent,Self-Employed,337800.0,8,2,12.730212243683011
CUST105276,34,M,Indore,SME,Business Owner,250000.0,173,3,12.429220196836383
CUST105277,65,F,Jaipur,Retail,Business Owner,250000.0,211,1,12.429220196836383
CUST105278,41,M,Bhopal,Retail,Retired,250000.0,63,1,12.429220196836383
CUST105279,31,M,Chennai,Retail,Self-Employed,250000.0,68,2,12.429220196836383
CUST105280,59,F,Surat,Retail,Salaried,250000.0,177,3,12.429220196836383
CUST105281,59,M,Surat,SME,Retired,250000.0,232,1,12.429220196836383
CUST105282,65,F,Jaipur,SME,Salaried,401900.0,66,4,12.903961068615336
CUST105283,62,F,Indore,Retail,Salaried,609800.0,106,1,13.320887953416875
CUST105284,74,F,Bhopal,Corporate,Salaried,250000.0,164,1,12.429220196836383
CUST105285,52,M,Kochi,Retail,Self-Employed,525200.0,205,2,13.171536325445523
CUST105286,36,F,Jaipur,Mass Affluent,Self-Employed,406700.0,13,1,12.915833550707145
CUST105287,67,M,Chandigarh,Mass Affluent,Business Owner,298900.0,52,2,12.607867693866968
CUST105288,35,F,Jaipur,Retail,Salaried,670600.0,215,1,13.415929604215062
CUST105289,36,F,Lucknow,Mass Affluent,Business Owner,250000.0,128,2,12.429220196836383
CUST105290,65,M,Bangalore,Mass Affluent,Self-Employed,341500.0,183,2,12.74110588624638
CUST105291,68,M,Chennai,Retail,Student,289000.0,20,1,12.574185427296195
CUST105292,39,M,Bhopal,SME,Salaried,276400.0,27,2,12.529607988814114
CUST105293,60,M,Ahmedabad,Retail,Self-Employed,353400.0,177,3,12.775358668518512
CUST105294,70,M,Ahmedabad,Retail,Business Owner,275900.0,93,3,12.52779738470044
CUST105295,64,M,Indore,SME,Salaried,354900.0,226,2,12.779594156325743
CUST105296,21,F,Chennai,Retail,Salaried,250000.0,106,5,12.429220196836383
CUST105297,56,F,Hyderabad,Retail,Salaried,250000.0,203,1,12.429220196836383
CUST105298,30,M,Mumbai,Retail,Salaried,250000.0,133,4,12.429220196836383
CUST105299,66,M,Hyderabad,Retail,Salaried,250000.0,165,5,12.429220196836383
CUST105300,24,F,Ahmedabad,Retail,Self-Employed,492900.0,158,2,13.1080636215005
CUST105301,74,F,Surat,Retail,Self-Employed,250000.0,33,1,12.429220196836383
CUST105302,30,F,Chennai,Mass Affluent,Self-Employed,396900.0,191,5,12.891442158294312
CUST105303,43,F,Pune,Mass Affluent,Salaried,314700.0,236,2,12.659378260676938
CUST105304,33,F,Hyderabad,Corporate,Salaried,250000.0,96,1,12.429220196836383
CUST105305,64,F,Indore,Corporate,Business Owner,588600.0,86,4,13.28550381372672
CUST105306,42,F,Ahmedabad,Retail,Business Owner,417300.0,145,2,12.941563062934309
CUST105307,61,F,Bangalore,SME,Self-Employed,268600.0,154,2,12.500982286072535
CUST105308,24,M,Lucknow,Corporate,Self-Employed,255600.0,95,2,12.451372913840931
CUST105309,45,F,Kolkata,SME,Student,283900.0,69,4,12.55638086482189
CUST105310,70,F,Indore,HNWI,Retired,250000.0,233,2,12.429220196836383
CUST105311,71,M,Chennai,Retail,Self-Employed,250000.0,199,4,12.429220196836383
CUST105312,32,M,Indore,Retail,Salaried,354200.0,139,1,12.777619827590577
CUST105313,42,F,Surat,Corporate,Salaried,250000.0,94,3,12.429220196836383
CUST105314,43,F,Bangalore,Mass Affluent,Self-Employed,250000.0,88,2,12.429220196836383
CUST105315,51,F,Kochi,Corporate,Salaried,250000.0,97,2,12.429220196836383
CUST105316,50,F,Surat,HNWI,Salaried,1532200.0,144,1,14.242215821720956
CUST105317,26,F,Pune,Retail,Salaried,402000.0,7,1,12.904209855160254
CUST105318,62,M,Bangalore,Retail,Retired,518300.0,159,1,13.158311433560463
CUST105319,33,M,Ahmedabad,SME,Salaried,250000.0,140,3,12.429220196836383
CUST105320,38,M,Lucknow,Retail,Business Owner,333400.0,39,1,12.717101248694453
CUST105321,66,M,Delhi,HNWI,Retired,250000.0,64,3,12.429220196836383
CUST105322,58,F,Kolkata,SME,Self-Employed,250000.0,70,4,12.429220196836383
CUST105323,42,F,Surat,Retail,Salaried,363400.0,221,3,12.803262186729084
CUST105324,70,M,Jaipur,Retail,Business Owner,250000.0,224,4,12.429220196836383
CUST105325,42,M,Chandigarh,Mass Affluent,Self-Employed,339700.0,189,2,12.73582109791826
CUST105326,51,F,Hyderabad,Corporate,Salaried,357100.0,165,5,12.785773933914658
CUST105327,34,F,Kochi,Mass Affluent,Self-Employed,250000.0,228,3,12.429220196836383
CUST105328,30,F,Pune,Retail,Salaried,250000.0,177,2,12.429220196836383
CUST105329,47,M,Hyderabad,Retail,Self-Employed,250000.0,97,3,12.429220196836383
CUST105330,51,F,Chandigarh,Retail,Retired,250000.0,89,3,12.429220196836383
CUST105331,64,F,Lucknow,Retail,Salaried,250000.0,160,3,12.429220196836383
CUST105332,42,F,Jaipur,Retail,Student,364300.0,101,2,12.80573572798328
CUST105333,69,F,Chennai,Corporate,Salaried,250000.0,111,2,12.429220196836383
CUST105334,53,F,Bhopal,Retail,Business Owner,701700.0,233,4,13.46126266634981
CUST105335,24,M,Mumbai,Corporate,Business Owner,698700.0,218,5,13.456978175768944
CUST105336,60,M,Delhi,SME,Salaried,309200.0,147,2,12.641746829842827
CUST105337,52,M,Bangalore,Mass Affluent,Retired,250000.0,81,2,12.429220196836383
CUST105338,42,F,Lucknow,Mass Affluent,Retired,250000.0,109,2,12.429220196836383
CUST105339,46,F,Delhi,Retail,Salaried,324500.0,82,3,12.690043896785632
CUST105340,37,M,Kochi,Mass Affluent,Business Owner,360400.0,104,1,12.794972579407254
CUST105341,54,M,Bangalore,Retail,Salaried,250000.0,91,5,12.429220196836383
CUST105342,51,M,Surat,Retail,Salaried,250000.0,110,2,12.429220196836383
CUST105343,45,M,Kochi,Mass Affluent,Salaried,331600.0,122,1,12.711687717920274
CUST105344,36,F,Bhopal,Retail,Salaried,279700.0,156,1,12.541476454442867
CUST105345,42,F,Chennai,Retail,Salaried,250000.0,213,2,12.429220196836383
CUST105346,47,M,Delhi,Mass Affluent,Salaried,287200.0,129,2,12.567937598044296
CUST105347,46,M,Kochi,Mass Affluent,Student,250000.0,54,3,12.429220196836383
CUST105348,37,F,Pune,Retail,Salaried,250000.0,49,2,12.429220196836383
CUST105349,52,F,Chandigarh,Retail,Business Owner,267500.0,158,2,12.496878583628968
CUST105350,33,M,Bangalore,Retail,Salaried,250000.0,239,2,12.429220196836383
CUST105351,48,M,Jaipur,Mass Affluent,Salaried,250000.0,77,1,12.429220196836383
CUST105352,27,M,Delhi,Mass Affluent,Business Owner,502500.0,26,1,13.12735290896314
CUST105353,46,M,Ahmedabad,Retail,Salaried,250000.0,25,2,12.429220196836383
CUST105354,63,F,Mumbai,Mass Affluent,Salaried,811000.0,70,3,13.606024566142413
CUST105355,65,F,Kochi,SME,Student,390800.0,229,1,12.875953758001124
CUST105356,58,F,Lucknow,Mass Affluent,Salaried,250000.0,188,3,12.429220196836383
CUST105357,61,M,Delhi,Mass Affluent,Salaried,538100.0,189,1,13.195801553866417
CUST105358,24,M,Ahmedabad,Mass Affluent,Self-Employed,250000.0,83,1,12.429220196836383
CUST105359,39,M,Pune,Corporate,Salaried,876800.0,228,1,13.684035335686186
CUST105360,56,F,Surat,SME,Self-Employed,307300.0,101,2,12.63558300226232
CUST105361,64,F,Ahmedabad,Retail,Salaried,371600.0,99,1,12.825575976983862
CUST105362,52,M,Pune,Retail,Salaried,273400.0,225,4,12.518694860909774
CUST105363,67,F,Indore,Retail,Salaried,314700.0,183,2,12.659378260676938
CUST105364,35,M,Ahmedabad,HNWI,Salaried,250000.0,73,2,12.429220196836383
CUST105365,29,F,Indore,Retail,Self-Employed,250000.0,158,5,12.429220196836383
CUST105366,25,M,Bhopal,Corporate,Retired,329000.0,87,1,12.703816069256568
CUST105367,52,F,Indore,Retail,Business Owner,496300.0,150,3,13.11493787648384
CUST105368,56,F,Chandigarh,Mass Affluent,Salaried,250000.0,38,3,12.429220196836383
CUST105369,36,M,Surat,Retail,Student,676200.0,15,1,13.42424564810724
CUST105370,63,M,Jaipur,Mass Affluent,Business Owner,384900.0,231,1,12.860741437345885
CUST105371,60,M,Ahmedabad,Retail,Salaried,250000.0,22,3,12.429220196836383
CUST105372,40,M,Hyderabad,HNWI,Salaried,250000.0,99,1,12.429220196836383
CUST105373,33,F,Indore,Mass Affluent,Salaried,821200.0,51,2,13.618523181856325
CUST105374,61,F,Surat,Retail,Salaried,471300.0,9,2,13.063252234700363
CUST105375,57,F,Bhopal,HNWI,Salaried,531800.0,181,1,13.184024638195456
CUST105376,30,M,Surat,SME,Salaried,250000.0,72,4,12.429220196836383
CUST105377,34,F,Ahmedabad,HNWI,Student,374500.0,192,4,12.833349752162816
CUST105378,47,M,Chennai,HNWI,Salaried,330900.0,134,4,12.709574515966183
CUST105379,48,M,Chandigarh,Mass Affluent,Salaried,250000.0,157,1,12.429220196836383
CUST105380,29,F,Kochi,Corporate,Student,286500.0,162,5,12.565497305532237
CUST105381,72,M,Bhopal,Mass Affluent,Salaried,522300.0,50,3,13.16599932903102
CUST105382,41,F,Jaipur,SME,Salaried,700600.0,112,2,13.459693817092493
CUST105383,41,M,Ahmedabad,Corporate,Salaried,250000.0,187,3,12.429220196836383
CUST105384,24,M,Mumbai,Retail,Self-Employed,250000.0,60,3,12.429220196836383
CUST105385,68,F,Delhi,Retail,Salaried,719400.0,32,2,13.486174200289955
CUST105386,33,F,Surat,HNWI,Self-Employed,724800.0,103,2,13.493652413400904
CUST105387,74,F,Hyderabad,Mass Affluent,Business Owner,341200.0,215,2,12.740227025427723
CUST105388,47,M,Delhi,Mass Affluent,Self-Employed,786700.0,81,1,13.575603531449104
CUST105389,68,M,Kochi,SME,Business Owner,326600.0,96,1,12.69649452136317
CUST105390,30,M,Lucknow,Mass Affluent,Self-Employed,250000.0,35,2,12.429220196836383
CUST105391,29,M,Delhi,Retail,Self-Employed,250000.0,176,2,12.429220196836383
CUST105392,64,F,Ahmedabad,Mass Affluent,Salaried,250000.0,84,3,12.429220196836383
CUST105393,65,M,Ahmedabad,Retail,Salaried,269100.0,45,3,12.502842052798766
CUST105394,50,M,Mumbai,Mass Affluent,Salaried,250000.0,29,2,12.429220196836383
CUST105395,22,M,Lucknow,Corporate,Salaried,250000.0,79,1,12.429220196836383
CUST105396,71,M,Kolkata,Retail,Salaried,251700.0,53,3,12.435997154099226
CUST105397,42,F,Bhopal,Corporate,Self-Employed,449000.0,121,1,13.014780393893403
CUST105398,71,F,Delhi,Corporate,Salaried,250000.0,105,4,12.429220196836383
CUST105399,68,F,Indore,Retail,Self-Employed,250000.0,122,2,12.429220196836383
CUST105400,66,F,Mumbai,Corporate,Salaried,250000.0,91,4,12.429220196836383
CUST105401,58,M,Kochi,HNWI,Retired,466300.0,28,1,13.052586627336252
CUST105402,57,M,Kochi,Mass Affluent,Salaried,257300.0,187,3,12.45800188477608
CUST105403,49,F,Pune,Retail,Self-Employed,317400.0,134,2,12.667921237668097
CUST105404,22,M,Chennai,Retail,Self-Employed,681300.0,49,1,13.431759484542864
CUST105405,41,F,Bangalore,Mass Affluent,Salaried,1477700.0,23,2,14.205998059618842
CUST105406,60,M,Kolkata,Retail,Business Owner,394000.0,225,1,12.884108726347916
CUST105407,64,M,Surat,Retail,Retired,371300.0,222,1,12.824768333401511
CUST105408,51,M,Surat,SME,Business Owner,250000.0,50,2,12.429220196836383
CUST105409,59,M,Bangalore,HNWI,Retired,334700.0,104,2,12.720992874945178
CUST105410,22,F,Mumbai,HNWI,Salaried,278500.0,142,2,12.537176929007302
CUST105411,46,M,Jaipur,SME,Retired,458300.0,108,2,13.035281452471706
CUST105412,48,M,Jaipur,Retail,Retired,250000.0,201,1,12.429220196836383
CUST105413,69,M,Chandigarh,Retail,Business Owner,302700.0,141,2,12.620500798605278
CUST105414,37,M,Kochi,Mass Affluent,Business Owner,385800.0,68,2,12.863076971466995
CUST105415,33,F,Jaipur,Retail,Self-Employed,838300.0,188,2,13.639132503515611
CUST105416,40,F,Jaipur,Retail,Salaried,685700.0,210,2,13.438196951635108
CUST105417,30,F,Lucknow,HNWI,Self-Employed,573600.0,22,1,13.259689311641202
CUST105418,51,M,Pune,Retail,Salaried,415100.0,205,2,12.936277143096287
CUST105419,55,M,Surat,Mass Affluent,Self-Employed,250000.0,170,1,12.429220196836383
CUST105420,64,M,Bangalore,Mass Affluent,Salaried,415000.0,220,2,12.936036208848487
CUST105421,73,M,Indore,Mass Affluent,Self-Employed,250000.0,219,3,12.429220196836383
CUST105422,24,F,Indore,Retail,Salaried,250000.0,17,3,12.429220196836383
CUST105423,34,F,Pune,Retail,Salaried,780000.0,108,1,13.567050480716235
CUST105424,37,F,Pune,Corporate,Salaried,370600.0,22,2,12.822881291156794
CUST105425,34,M,Ahmedabad,SME,Salaried,307500.0,9,2,12.636233618255941
CUST105426,65,M,Indore,Mass Affluent,Self-Employed,332200.0,220,2,12.713495486391599
CUST105427,28,F,Bangalore,Retail,Salaried,253600.0,63,3,12.443517444755098
CUST105428,22,M,Kolkata,Mass Affluent,Salaried,250000.0,20,3,12.429220196836383
CUST105429,67,F,Lucknow,Retail,Salaried,250000.0,226,1,12.429220196836383
CUST105430,72,M,Surat,Retail,Salaried,388600.0,101,3,12.87030838926236
CUST105431,33,F,Chennai,Retail,Salaried,250000.0,33,4,12.429220196836383
CUST105432,38,F,Delhi,Retail,Salaried,251600.0,65,4,12.435599778363322
CUST105433,48,F,Ahmedabad,Retail,Self-Employed,250000.0,9,1,12.429220196836383
CUST105434,49,M,Lucknow,Retail,Self-Employed,250000.0,164,4,12.429220196836383
CUST105435,74,F,Kochi,Corporate,Student,267700.0,224,1,12.497625965026309
CUST105436,42,F,Mumbai,Mass Affluent,Salaried,467100.0,97,2,13.0543007873571
CUST105437,21,F,Mumbai,Retail,Salaried,526800.0,207,2,13.174578147103068
CUST105438,43,M,Kolkata,Retail,Salaried,250000.0,86,1,12.429220196836383
CUST105439,51,M,Jaipur,Corporate,Self-Employed,322600.0,113,1,12.684171544482453
CUST105440,48,F,Mumbai,Retail,Salaried,250000.0,56,1,12.429220196836383
CUST105441,48,M,Bangalore,Retail,Salaried,277600.0,7,3,12.533940109913773
CUST105442,70,M,Pune,Mass Affluent,Self-Employed,475400.0,44,2,13.071913937397815
CUST105443,64,M,Chennai,HNWI,Salaried,257800.0,142,3,12.459943248455652
CUST105444,34,M,Surat,Corporate,Salaried,590900.0,29,2,13.289403769666063
CUST105445,40,M,Mumbai,Retail,Self-Employed,443400.0,197,1,13.00222983146176
CUST105446,57,M,Bhopal,Retail,Business Owner,310100.0,220,2,12.644653329849545
CUST105447,43,M,Bangalore,Retail,Salaried,250000.0,72,3,12.429220196836383
CUST105448,44,M,Pune,Mass Affluent,Salaried,250000.0,69,1,12.429220196836383
CUST105449,30,M,Chandigarh,Retail,Salaried,250000.0,46,5,12.429220196836383
CUST105450,34,M,Lucknow,Retail,Salaried,250000.0,101,2,12.429220196836383
CUST105451,61,M,Chandigarh,Retail,Salaried,487500.0,217,3,13.097047620699986
CUST105452,66,M,Mumbai,SME,Salaried,665400.0,97,2,13.408145145420809
CUST105453,63,M,Surat,Retail,Salaried,250000.0,185,3,12.429220196836383
CUST105454,37,M,Delhi,Retail,Salaried,279500.0,81,3,12.540761149388421
CUST105455,28,M,Lucknow,SME,Self-Employed,250000.0,110,3,12.429220196836383
CUST105456,29,M,Chennai,HNWI,Business Owner,250000.0,121,1,12.429220196836383
CUST105457,42,F,Kochi,Mass Affluent,Salaried,313600.0,217,1,12.655876756228816
CUST105458,48,M,Delhi,Mass Affluent,Self-Employed,250000.0,122,1,12.429220196836383
CUST105459,69,F,Bhopal,Retail,Student,250000.0,148,5,12.429220196836383
CUST105460,69,F,Ahmedabad,Corporate,Salaried,752600.0,205,2,13.53129048586767
CUST105461,21,F,Ahmedabad,Retail,Self-Employed,260500.0,226,2,12.470361978939783
CUST105462,59,F,Jaipur,SME,Salaried,250000.0,215,1,12.429220196836383
CUST105463,37,F,Mumbai,Retail,Retired,289800.0,30,2,12.57694975951839
CUST105464,31,F,Chennai,Mass Affluent,Salaried,255600.0,32,4,12.451372913840931
CUST105465,50,F,Surat,Mass Affluent,Salaried,345600.0,108,3,12.75304020942637
CUST105466,22,M,Chandigarh,Retail,Student,250000.0,88,1,12.429220196836383
CUST105467,39,F,Chandigarh,Retail,Self-Employed,324000.0,164,4,12.688501881189456
CUST105468,50,M,Jaipur,HNWI,Salaried,472700.0,107,5,13.066218332285754
CUST105469,35,M,Hyderabad,Retail,Business Owner,250000.0,101,3,12.429220196836383
CUST105470,53,F,Ahmedabad,SME,Retired,250000.0,27,2,12.429220196836383
CUST105471,45,F,Pune,Retail,Salaried,444000.0,87,3,13.003582093664077
CUST105472,64,M,Kolkata,Mass Affluent,Salaried,250000.0,139,3,12.429220196836383
CUST105473,30,M,Kolkata,Mass Affluent,Salaried,255500.0,168,4,12.450981602512561
CUST105474,24,F,Bhopal,Mass Affluent,Retired,250000.0,45,3,12.429220196836383
CUST105475,49,F,Kolkata,Mass Affluent,Salaried,250000.0,147,2,12.429220196836383
CUST105476,34,M,Mumbai,HNWI,Salaried,250000.0,140,1,12.429220196836383
CUST105477,59,F,Surat,Mass Affluent,Salaried,250000.0,72,2,12.429220196836383
CUST105478,26,M,Lucknow,Mass Affluent,Salaried,353500.0,214,1,12.775641593169077
CUST105479,52,M,Kolkata,Mass Affluent,Salaried,507600.0,109,3,13.13745098487559
CUST105480,74,M,Lucknow,Retail,Salaried,250000.0,67,5,12.429220196836383
CUST105481,26,F,Chandigarh,Retail,Salaried,474300.0,171,1,13.06959742023368
CUST105482,37,M,Bhopal,Retail,Salaried,250000.0,50,2,12.429220196836383
CUST105483,66,M,Kochi,Mass Affluent,Salaried,250000.0,152,3,12.429220196836383
CUST105484,49,M,Jaipur,SME,Salaried,343300.0,165,1,12.746362892345706
CUST105485,30,M,Mumbai,Retail,Salaried,346800.0,112,2,12.75650640739071
CUST105486,32,F,Ahmedabad,Mass Affluent,Self-Employed,250800.0,53,3,12.432415074973783
CUST105487,62,M,Indore,Retail,Salaried,402700.0,66,1,12.905949630074605
CUST105488,67,F,Indore,Mass Affluent,Salaried,250000.0,57,3,12.429220196836383
CUST105489,40,M,Kochi,HNWI,Self-Employed,250000.0,32,3,12.429220196836383
CUST105490,46,M,Chandigarh,HNWI,Self-Employed,478700.0,239,3,13.078831464369436
CUST105491,63,M,Ahmedabad,HNWI,Self-Employed,478000.0,202,1,13.077368103521614
CUST105492,30,M,Delhi,HNWI,Student,443100.0,128,1,13.001553014011936
CUST105493,32,F,Ahmedabad,Retail,Salaried,495100.0,197,1,13.112517061141455
CUST105494,62,M,Chennai,Mass Affluent,Salaried,250000.0,159,2,12.429220196836383
CUST105495,31,F,Indore,Retail,Salaried,250000.0,149,1,12.429220196836383
CUST105496,62,F,Kochi,SME,Salaried,250000.0,173,3,12.429220196836383
CUST105497,47,M,Pune,HNWI,Student,393000.0,139,2,12.881567435377423
CUST105498,74,M,Kolkata,Retail,Self-Employed,433500.0,137,4,12.979649382005148
CUST105499,22,F,Bangalore,Retail,Business Owner,250000.0,37,4,12.429220196836383
CUST105500,72,M,Mumbai,Mass Affluent,Student,250000.0,148,2,12.429220196836383
CUST105501,33,M,Chennai,SME,Business Owner,250000.0,110,1,12.429220196836383
CUST105502,22,M,Hyderabad,Retail,Salaried,250000.0,63,1,12.429220196836383
CUST105503,60,M,Hyderabad,Mass Affluent,Retired,250000.0,119,3,12.429220196836383
CUST105504,49,M,Chandigarh,Retail,Salaried,250000.0,201,2,12.429220196836383
CUST105505,66,F,Surat,Mass Affluent,Salaried,276200.0,113,2,12.528884140515583
CUST105506,26,F,Jaipur,Mass Affluent,Salaried,253000.0,117,3,12.441148720271016
CUST105507,25,F,Bangalore,Retail,Retired,250000.0,62,1,12.429220196836383
CUST105508,51,M,Indore,HNWI,Business Owner,250000.0,194,2,12.429220196836383
CUST105509,68,M,Lucknow,Retail,Salaried,250000.0,34,2,12.429220196836383
CUST105510,42,F,Ahmedabad,Corporate,Business Owner,250000.0,201,1,12.429220196836383
CUST105511,64,M,Pune,Retail,Salaried,409700.0,223,3,12.923182904342333
CUST105512,69,M,Jaipur,Mass Affluent,Self-Employed,268200.0,47,3,12.49949197838354
CUST105513,67,F,Indore,Retail,Salaried,1794300.0,136,2,14.400126089021006
CUST105514,48,M,Surat,Mass Affluent,Salaried,250000.0,143,3,12.429220196836383
CUST105515,58,F,Ahmedabad,Retail,Salaried,349000.0,207,1,12.762830066509972
CUST105516,49,M,Surat,Mass Affluent,Retired,250000.0,82,2,12.429220196836383
CUST105517,57,M,Bhopal,Retail,Student,250000.0,163,3,12.429220196836383
CUST105518,51,F,Chennai,Retail,Salaried,685200.0,29,2,13.437467504858942
CUST105519,49,M,Bhopal,Corporate,Salaried,488200.0,197,3,13.098482485279742
CUST105520,44,F,Lucknow,Mass Affluent,Salaried,250000.0,183,2,12.429220196836383
CUST105521,56,M,Bangalore,Mass Affluent,Business Owner,250000.0,56,2,12.429220196836383
CUST105522,61,M,Chandigarh,Mass Affluent,Salaried,250000.0,35,2,12.429220196836383
CUST105523,70,F,Surat,Retail,Self-Employed,250000.0,30,3,12.429220196836383
CUST105524,54,F,Kolkata,Corporate,Salaried,250000.0,200,1,12.429220196836383
CUST105525,26,F,Hyderabad,Retail,Salaried,287600.0,149,4,12.569329381874445
CUST105526,52,F,Bhopal,SME,Retired,250000.0,92,1,12.429220196836383
CUST105527,38,F,Indore,Corporate,Self-Employed,289500.0,134,1,12.575914030220655
CUST105528,22,F,Mumbai,Retail,Salaried,415800.0,136,4,12.937962059405562
CUST105529,24,M,Lucknow,Retail,Salaried,453000.0,28,2,13.023649611968253
CUST105530,52,F,Delhi,Mass Affluent,Salaried,250000.0,108,2,12.429220196836383
CUST105531,72,F,Chennai,HNWI,Salaried,664300.0,149,2,13.406490638996171
CUST105532,48,M,Jaipur,Retail,Salaried,327400.0,148,1,12.698940998282254
CUST105533,45,F,Hyderabad,Retail,Self-Employed,445700.0,48,3,13.007403602593786
CUST105534,25,M,Ahmedabad,Retail,Salaried,250000.0,223,3,12.429220196836383
CUST105535,57,M,Pune,HNWI,Salaried,668600.0,31,1,13.412942748629595
CUST105536,23,M,Jaipur,HNWI,Salaried,267900.0,207,3,12.498372788261829
CUST105537,66,F,Indore,Retail,Salaried,691100.0,236,1,13.446041257047039
CUST105538,65,M,Bangalore,Mass Affluent,Salaried,606200.0,181,3,13.314966893225067
CUST105539,74,M,Kochi,HNWI,Business Owner,313200.0,136,3,12.654600435941708
CUST105540,36,M,Hyderabad,SME,Salaried,342300.0,51,4,12.743445745927973
CUST105541,29,M,Mumbai,Retail,Business Owner,250000.0,83,4,12.429220196836383
CUST105542,37,M,Pune,Retail,Salaried,250000.0,134,4,12.429220196836383
CUST105543,64,F,Chennai,Retail,Salaried,383500.0,28,5,12.857097507347978
CUST105544,32,F,Bangalore,Mass Affluent,Salaried,371900.0,171,4,12.82638296880441
CUST105545,68,M,Pune,Retail,Self-Employed,250000.0,220,3,12.429220196836383
CUST105546,29,F,Bhopal,Retail,Salaried,255300.0,179,1,12.450198520182342
CUST105547,23,F,Jaipur,HNWI,Business Owner,451700.0,226,3,13.020775735499
CUST105548,32,M,Surat,Mass Affluent,Salaried,646600.0,116,3,13.379484690823464
CUST105549,61,F,Bangalore,Retail,Self-Employed,414600.0,66,5,12.935071890944245
CUST105550,53,F,Delhi,Retail,Salaried,250000.0,9,3,12.429220196836383
CUST105551,40,M,Kolkata,Retail,Salaried,250000.0,107,1,12.429220196836383
CUST105552,56,F,Kochi,Retail,Self-Employed,250000.0,32,1,12.429220196836383
CUST105553,56,M,Bhopal,Retail,Salaried,621100.0,157,1,13.33924898859279
CUST105554,50,M,Delhi,Retail,Salaried,250000.0,193,2,12.429220196836383
CUST105555,48,F,Ahmedabad,Retail,Self-Employed,506400.0,32,3,13.135084124533693
CUST105556,26,M,Kolkata,Corporate,Self-Employed,250000.0,126,1,12.429220196836383
CUST105557,35,M,Kochi,Corporate,Self-Employed,369400.0,131,1,12.819638053836195
CUST105558,49,F,Hyderabad,Retail,Salaried,250000.0,78,2,12.429220196836383
CUST105559,28,F,Ahmedabad,Mass Affluent,Salaried,250000.0,57,4,12.429220196836383
CUST105560,46,M,Indore,Retail,Salaried,250000.0,172,2,12.429220196836383
CUST105561,27,M,Pune,Corporate,Salaried,637900.0,58,1,13.365938377872649
CUST105562,63,M,Kochi,Corporate,Salaried,250000.0,13,2,12.429220196836383
CUST105563,26,M,Lucknow,Mass Affluent,Salaried,250000.0,147,1,12.429220196836383
CUST105564,25,F,Jaipur,Mass Affluent,Salaried,250000.0,21,3,12.429220196836383
CUST105565,55,F,Hyderabad,Retail,Salaried,254900.0,78,4,12.448630513463613
CUST105566,32,M,Chandigarh,Retail,Salaried,250000.0,26,1,12.429220196836383
CUST105567,39,M,Hyderabad,Mass Affluent,Salaried,396000.0,134,4,12.889172015485954
CUST105568,37,F,Bhopal,Retail,Salaried,250000.0,56,3,12.429220196836383
CUST105569,32,F,Chandigarh,Mass Affluent,Salaried,540100.0,67,1,13.199511438088248
CUST105570,62,M,Ahmedabad,Mass Affluent,Business Owner,250000.0,99,1,12.429220196836383
CUST105571,58,F,Bhopal,Retail,Salaried,496800.0,120,1,13.115944822481827
CUST105572,33,M,Surat,Mass Affluent,Salaried,250000.0,174,1,12.429220196836383
CUST105573,58,M,Kochi,HNWI,Business Owner,250000.0,224,2,12.429220196836383
CUST105574,59,F,Delhi,Mass Affluent,Salaried,250000.0,147,4,12.429220196836383
CUST105575,50,F,Bangalore,Mass Affluent,Salaried,250000.0,119,1,12.429220196836383
CUST105576,52,F,Delhi,Corporate,Business Owner,250000.0,142,5,12.429220196836383
CUST105577,71,F,Mumbai,Retail,Self-Employed,343900.0,123,2,12.748109104238171
CUST105578,45,M,Indore,Mass Affluent,Retired,250000.0,7,2,12.429220196836383
CUST105579,41,F,Bangalore,Retail,Retired,292200.0,121,3,12.585197200606364
CUST105580,50,M,Mumbai,Retail,Self-Employed,368300.0,180,4,12.816655817607314
CUST105581,66,M,Chandigarh,SME,Salaried,250000.0,206,5,12.429220196836383
CUST105582,59,F,Chennai,Retail,Salaried,377700.0,27,1,12.841858156300962
CUST105583,25,M,Indore,Retail,Salaried,250000.0,165,2,12.429220196836383
CUST105584,45,M,Chandigarh,Retail,Salaried,250000.0,31,1,12.429220196836383
CUST105585,60,F,Ahmedabad,SME,Retired,250000.0,13,1,12.429220196836383
CUST105586,33,F,Bhopal,Corporate,Salaried,397400.0,16,1,12.892701125453003
CUST105587,74,F,Chandigarh,Retail,Retired,250000.0,33,3,12.429220196836383
CUST105588,64,M,Bangalore,Mass Affluent,Salaried,250000.0,25,1,12.429220196836383
CUST105589,66,F,Bangalore,Retail,Salaried,250000.0,141,4,12.429220196836383
CUST105590,25,M,Kolkata,HNWI,Business Owner,250000.0,221,3,12.429220196836383
CUST105591,52,F,Jaipur,Mass Affluent,Salaried,250000.0,183,2,12.429220196836383
CUST105592,49,F,Kochi,Retail,Salaried,436800.0,177,2,12.9872329927875
CUST105593,54,F,Bangalore,Mass Affluent,Salaried,252000.0,33,3,12.437188334739655
CUST105594,66,F,Bangalore,Corporate,Salaried,479000.0,225,1,13.079457964073546
CUST105595,40,M,Chennai,Retail,Salaried,336900.0,123,2,12.727544397630073
CUST105596,49,M,Chennai,Retail,Self-Employed,250000.0,13,1,12.429220196836383
CUST105597,57,F,Chandigarh,SME,Retired,250000.0,156,1,12.429220196836383
CUST105598,61,F,Kolkata,Retail,Self-Employed,664200.0,170,2,13.406340093494261
CUST105599,62,M,Bhopal,Mass Affluent,Business Owner,560400.0,99,1,13.236407877883083
CUST105600,39,M,Mumbai,Mass Affluent,Business Owner,440000.0,173,2,12.994532278619134
CUST105601,74,M,Delhi,Retail,Salaried,476100.0,168,3,13.073385295579481
CUST105602,21,M,Indore,Retail,Business Owner,354700.0,141,3,12.779030460041641
CUST105603,47,F,Hyderabad,Retail,Business Owner,328100.0,86,2,12.701076766795813
CUST105604,53,M,Delhi,Retail,Salaried,276500.0,239,1,12.529969716574515
CUST105605,24,M,Jaipur,Mass Affluent,Salaried,743600.0,151,1,13.51925987963756
CUST105606,45,F,Bangalore,Corporate,Self-Employed,250000.0,114,2,12.429220196836383
CUST105607,53,M,Mumbai,Retail,Student,310000.0,185,2,12.644330802262578
CUST105608,53,M,Pune,HNWI,Student,250000.0,62,3,12.429220196836383
CUST105609,27,F,Jaipur,Retail,Salaried,250000.0,229,1,12.429220196836383
CUST105610,35,M,Ahmedabad,Retail,Business Owner,797400.0,178,4,13.589112968004352
CUST105611,34,F,Jaipur,Mass Affluent,Salaried,388500.0,155,1,12.8700510227891
CUST105612,55,F,Mumbai,Retail,Business Owner,250000.0,68,2,12.429220196836383
CUST105613,38,F,Chennai,Mass Affluent,Self-Employed,281200.0,88,4,12.54682499510009
CUST105614,51,M,Kolkata,Retail,Retired,250000.0,228,4,12.429220196836383
CUST105615,60,F,Chennai,Mass Affluent,Student,250000.0,174,2,12.429220196836383
CUST105616,64,F,Jaipur,Corporate,Salaried,250000.0,32,1,12.429220196836383
CUST105617,30,M,Hyderabad,Retail,Student,250000.0,194,2,12.429220196836383
CUST105618,69,F,Lucknow,SME,Self-Employed,403600.0,33,3,12.908182045159215
CUST105619,29,F,Chandigarh,Retail,Salaried,352200.0,103,1,12.771957314336067
CUST105620,22,F,Lucknow,Retail,Salaried,696300.0,103,1,13.45353731709218
CUST105621,23,M,Kolkata,Retail,Self-Employed,320200.0,90,2,12.67670420258797
CUST105622,31,F,Pune,Corporate,Salaried,250000.0,121,3,12.429220196836383
CUST105623,68,M,Jaipur,Mass Affluent,Salaried,864900.0,41,2,13.670370328496965
CUST105624,32,M,Surat,SME,Self-Employed,250000.0,160,1,12.429220196836383
CUST105625,58,M,Chennai,HNWI,Salaried,295700.0,164,4,12.597104087640735
CUST105626,43,M,Mumbai,Retail,Salaried,285200.0,205,4,12.560949473827492
CUST105627,23,M,Surat,Corporate,Business Owner,310100.0,110,3,12.644653329849545
CUST105628,44,F,Lucknow,SME,Salaried,276200.0,130,1,12.528884140515583
CUST105629,22,F,Delhi,HNWI,Self-Employed,279100.0,37,1,12.539329002463175
CUST105630,46,M,Lucknow,Mass Affluent,Salaried,250000.0,87,3,12.429220196836383
CUST105631,51,M,Delhi,Corporate,Business Owner,1267000.0,137,3,14.052163248568947
CUST105632,49,F,Lucknow,Retail,Salaried,396700.0,103,2,12.890938127295817
CUST105633,36,F,Kochi,Corporate,Business Owner,276800.0,237,2,12.53105411543589
CUST105634,62,F,Mumbai,SME,Self-Employed,810300.0,70,4,13.605161062558878
CUST105635,53,M,Surat,Mass Affluent,Retired,250000.0,18,2,12.429220196836383
CUST105636,34,M,Delhi,Retail,Salaried,451800.0,208,4,13.020997096382338
CUST105637,44,M,Hyderabad,Retail,Salaried,250000.0,126,2,12.429220196836383
CUST105638,26,M,Surat,SME,Salaried,341600.0,22,3,12.741398668292735
CUST105639,70,F,Kolkata,Corporate,Salaried,346200.0,224,1,12.754774810223829
CUST105640,61,M,Chandigarh,HNWI,Salaried,250000.0,54,1,12.429220196836383
CUST105641,36,F,Chandigarh,SME,Self-Employed,250000.0,230,5,12.429220196836383
CUST105642,57,F,Chandigarh,Mass Affluent,Salaried,695100.0,86,3,13.451812437729464
CUST105643,57,F,Delhi,Corporate,Salaried,250000.0,85,2,12.429220196836383
CUST105644,53,M,Bangalore,Retail,Salaried,891800.0,55,2,13.700998292502536
CUST105645,23,M,Bangalore,Retail,Self-Employed,588900.0,46,1,13.286013367012389
CUST105646,68,M,Jaipur,Mass Affluent,Self-Employed,250000.0,193,3,12.429220196836383
CUST105647,72,M,Pune,Retail,Salaried,250000.0,104,1,12.429220196836383
CUST105648,73,F,Kochi,Retail,Salaried,721500.0,136,2,13.489089043196488
CUST105649,73,F,Chennai,HNWI,Salaried,947700.0,80,2,13.76179433064397
CUST105650,71,M,Bangalore,Retail,Business Owner,250000.0,105,3,12.429220196836383
CUST105651,60,F,Lucknow,HNWI,Business Owner,675300.0,118,2,13.422913796385174
CUST105652,24,F,Lucknow,Retail,Salaried,497800.0,78,5,13.117955677752501
CUST105653,46,M,Surat,Corporate,Salaried,552100.0,145,3,13.22148627953657
CUST105654,34,F,Chennai,Retail,Self-Employed,285100.0,114,5,12.560598782435825
CUST105655,32,F,Ahmedabad,HNWI,Business Owner,250000.0,185,2,12.429220196836383
CUST105656,65,F,Bhopal,Mass Affluent,Salaried,250000.0,187,2,12.429220196836383
CUST105657,64,F,Lucknow,Retail,Salaried,250000.0,154,5,12.429220196836383
CUST105658,49,M,Bhopal,Retail,Salaried,844500.0,30,1,13.646501199361914
CUST105659,60,F,Pune,Retail,Business Owner,270100.0,214,5,12.506551242106323
CUST105660,27,F,Mumbai,Retail,Salaried,250000.0,168,1,12.429220196836383
CUST105661,32,M,Kochi,Retail,Business Owner,489700.0,178,4,13.101550279754894
CUST105662,67,F,Pune,Retail,Self-Employed,250000.0,157,3,12.429220196836383
CUST105663,45,F,Mumbai,HNWI,Business Owner,250000.0,127,3,12.429220196836383
CUST105664,50,M,Bangalore,Retail,Student,928000.0,137,3,13.740788089353964
CUST105665,45,M,Chennai,Retail,Salaried,250000.0,33,1,12.429220196836383
CUST105666,31,F,Bangalore,Retail,Self-Employed,309000.0,220,2,12.6410997921206
CUST105667,65,F,Surat,Mass Affluent,Self-Employed,250000.0,194,2,12.429220196836383
CUST105668,61,M,Lucknow,Mass Affluent,Business Owner,250000.0,218,5,12.429220196836383
CUST105669,57,M,Chennai,Mass Affluent,Salaried,250000.0,173,2,12.429220196836383
CUST105670,40,F,Delhi,Mass Affluent,Salaried,278100.0,68,1,12.535739636044429
CUST105671,55,M,Delhi,Mass Affluent,Student,250000.0,84,1,12.429220196836383
CUST105672,72,M,Chandigarh,Retail,Salaried,382600.0,208,4,12.85474794968064
CUST105673,56,M,Kolkata,Retail,Student,260900.0,60,4,12.471896304003637
CUST105674,47,M,Delhi,HNWI,Salaried,250000.0,149,5,12.429220196836383
CUST105675,35,F,Surat,Retail,Salaried,250000.0,159,1,12.429220196836383
CUST105676,49,M,Bhopal,Corporate,Student,633100.0,48,3,13.358385246060271
CUST105677,41,F,Delhi,Mass Affluent,Self-Employed,417200.0,25,2,12.94132339903781
CUST105678,54,F,Chandigarh,Mass Affluent,Self-Employed,250000.0,13,3,12.429220196836383
CUST105679,23,F,Surat,Mass Affluent,Salaried,250000.0,190,4,12.429220196836383
CUST105680,31,F,Hyderabad,SME,Salaried,250000.0,74,1,12.429220196836383
CUST105681,63,F,Kochi,Retail,Salaried,530900.0,59,2,13.182330842163886
CUST105682,41,F,Pune,Retail,Self-Employed,463000.0,218,2,13.045484492893253
CUST105683,44,F,Lucknow,Corporate,Salaried,502800.0,144,2,13.127949744558622
CUST105684,50,M,Delhi,Mass Affluent,Salaried,250000.0,11,1,12.429220196836383
CUST105685,44,F,Hyderabad,Retail,Salaried,435200.0,77,2,12.983563272315347
CUST105686,61,M,Kochi,Retail,Retired,497000.0,117,1,13.116347317149176
CUST105687,34,M,Indore,Retail,Business Owner,257300.0,117,1,12.45800188477608
CUST105688,61,M,Mumbai,Corporate,Salaried,250000.0,189,2,12.429220196836383
CUST105689,32,F,Hyderabad,Retail,Student,250000.0,193,3,12.429220196836383
CUST105690,41,F,Lucknow,Retail,Salaried,346500.0,13,5,12.755640983610817
CUST105691,52,M,Bhopal,Retail,Salaried,375300.0,73,2,12.8354836496546
CUST105692,68,F,Surat,SME,Salaried,250000.0,146,3,12.429220196836383
CUST105693,33,M,Surat,Mass Affluent,Retired,250000.0,13,5,12.429220196836383
CUST105694,52,M,Kolkata,Mass Affluent,Salaried,250000.0,139,2,12.429220196836383
CUST105695,24,M,Mumbai,Corporate,Salaried,431400.0,24,3,12.974793330968813
CUST105696,25,F,Kochi,Retail,Student,250000.0,140,5,12.429220196836383
CUST105697,62,M,Kochi,HNWI,Self-Employed,250000.0,23,3,12.429220196836383
CUST105698,59,M,Pune,HNWI,Business Owner,250000.0,178,1,12.429220196836383
CUST105699,41,F,Ahmedabad,Mass Affluent,Self-Employed,250000.0,113,1,12.429220196836383
CUST105700,54,M,Hyderabad,HNWI,Self-Employed,324200.0,228,1,12.689118972794686
CUST105701,41,F,Pune,SME,Salaried,250000.0,25,3,12.429220196836383
CUST105702,35,F,Hyderabad,Retail,Business Owner,463000.0,209,3,13.045484492893253
CUST105703,44,M,Pune,Retail,Salaried,645400.0,102,1,13.37762710802551
CUST105704,37,F,Bangalore,Corporate,Salaried,344000.0,120,2,12.748399843328054
CUST105705,65,F,Lucknow,Retail,Student,526300.0,169,2,13.173628571397067
CUST105706,43,M,Hyderabad,Mass Affluent,Salaried,250000.0,151,3,12.429220196836383
CUST105707,38,M,Surat,Retail,Salaried,250000.0,211,1,12.429220196836383
CUST105708,49,M,Ahmedabad,Corporate,Salaried,365400.0,200,1,12.808750659649172
CUST105709,61,M,Bhopal,HNWI,Business Owner,262200.0,57,2,12.476866664186996
CUST105710,35,M,Hyderabad,SME,Student,250000.0,70,1,12.429220196836383
CUST105711,71,M,Chennai,Mass Affluent,Salaried,631000.0,211,3,13.355062726308148
CUST105712,46,F,Hyderabad,SME,Salaried,321000.0,195,2,12.679199517372098
CUST105713,56,M,Lucknow,Mass Affluent,Self-Employed,408900.0,234,2,12.921228351935461
CUST105714,72,M,Delhi,Mass Affluent,Self-Employed,250000.0,220,4,12.429220196836383
CUST105715,44,M,Surat,Mass Affluent,Salaried,735200.0,152,1,13.507899210196792
CUST105716,31,F,Indore,Mass Affluent,Salaried,250000.0,231,1,12.429220196836383
CUST105717,61,M,Surat,Mass Affluent,Self-Employed,494600.0,178,4,13.111506655903236
CUST105718,21,M,Bangalore,Retail,Salaried,250000.0,213,3,12.429220196836383
CUST105719,45,M,Ahmedabad,Retail,Business Owner,296900.0,119,1,12.601154028883599
CUST105720,73,M,Jaipur,HNWI,Salaried,375000.0,231,3,12.834683971615659
CUST105721,43,M,Kolkata,Retail,Business Owner,888500.0,23,2,13.697291052068612
CUST105722,57,F,Pune,HNWI,Self-Employed,250000.0,218,3,12.429220196836383
CUST105723,49,F,Kochi,Retail,Self-Employed,303000.0,230,3,12.621491384816093
CUST105724,32,M,Indore,Retail,Business Owner,382700.0,190,1,12.855009284423183
CUST105725,38,M,Chennai,Mass Affluent,Salaried,250000.0,227,3,12.429220196836383
CUST105726,49,M,Chennai,Retail,Salaried,250000.0,104,2,12.429220196836383
CUST105727,26,M,Hyderabad,SME,Salaried,250000.0,81,2,12.429220196836383
CUST105728,43,M,Pune,SME,Business Owner,479400.0,37,2,13.080292686921005
CUST105729,43,F,Jaipur,Mass Affluent,Business Owner,751500.0,51,5,13.52982781884627
CUST105730,66,M,Surat,Retail,Salaried,250000.0,208,2,12.429220196836383
CUST105731,27,M,Chennai,Retail,Business Owner,250000.0,21,4,12.429220196836383
CUST105732,66,M,Hyderabad,HNWI,Salaried,673900.0,52,1,13.420838494832896
CUST105733,43,F,Mumbai,Retail,Salaried,250000.0,122,2,12.429220196836383
CUST105734,56,F,Delhi,SME,Salaried,250000.0,90,3,12.429220196836383
CUST105735,51,M,Mumbai,SME,Retired,644000.0,222,1,13.375455557880317
CUST105736,37,M,Hyderabad,Retail,Salaried,583500.0,12,5,13.276801444503338
CUST105737,71,F,Surat,Mass Affluent,Salaried,470000.0,15,3,13.060490101343552
CUST105738,33,F,Kochi,Mass Affluent,Self-Employed,250000.0,69,4,12.429220196836383
CUST105739,22,F,Chandigarh,Mass Affluent,Salaried,250000.0,149,1,12.429220196836383
CUST105740,61,F,Jaipur,Retail,Salaried,525600.0,89,2,13.172297648738247
CUST105741,54,F,Pune,HNWI,Salaried,324700.0,201,2,12.690660037852133
CUST105742,69,M,Bhopal,Retail,Salaried,250000.0,28,5,12.429220196836383
CUST105743,45,F,Bangalore,Corporate,Salaried,250000.0,94,1,12.429220196836383
CUST105744,21,M,Lucknow,Mass Affluent,Salaried,522600.0,157,3,13.166573545576195
CUST105745,22,M,Indore,Mass Affluent,Business Owner,671000.0,149,3,13.416525906265674
CUST105746,44,M,Ahmedabad,SME,Business Owner,267400.0,127,4,12.496504683358769
CUST105747,34,M,Hyderabad,HNWI,Retired,250000.0,109,5,12.429220196836383
CUST105748,70,M,Lucknow,Mass Affluent,Salaried,250000.0,28,4,12.429220196836383
CUST105749,27,M,Chandigarh,Retail,Salaried,600700.0,21,1,13.305852585561356
CUST105750,68,M,Hyderabad,Mass Affluent,Salaried,593700.0,18,4,13.294131104609715
CUST105751,32,F,Jaipur,Retail,Salaried,301500.0,124,2,12.616528611893463
CUST105752,27,F,Mumbai,SME,Self-Employed,250000.0,213,3,12.429220196836383
CUST105753,35,M,Hyderabad,Retail,Salaried,513800.0,26,1,13.149591309938627
CUST105754,28,F,Kochi,Retail,Self-Employed,710500.0,21,4,13.473725633977837
CUST105755,42,M,Ahmedabad,HNWI,Business Owner,250000.0,166,2,12.429220196836383
CUST105756,38,F,Bangalore,Retail,Salaried,250000.0,123,4,12.429220196836383
CUST105757,49,F,Kolkata,Corporate,Retired,536900.0,78,2,13.193568998953161
CUST105758,50,F,Delhi,Retail,Salaried,280500.0,10,3,12.544332569000922
CUST105759,21,M,Kochi,Retail,Student,250000.0,193,1,12.429220196836383
CUST105760,27,F,Chandigarh,Mass Affluent,Self-Employed,299900.0,160,1,12.611207699176356
CUST105761,29,M,Delhi,Mass Affluent,Salaried,335200.0,143,5,12.722485630879172
CUST105762,31,F,Hyderabad,SME,Salaried,250000.0,60,3,12.429220196836383
CUST105763,26,F,Indore,Retail,Salaried,283400.0,224,1,12.554618134814001
CUST105764,37,M,Bhopal,Retail,Business Owner,334500.0,20,2,12.720395148082574
CUST105765,50,M,Kochi,Retail,Salaried,250000.0,178,3,12.429220196836383
CUST105766,37,M,Surat,Retail,Business Owner,250000.0,176,2,12.429220196836383
CUST105767,38,F,Indore,Mass Affluent,Salaried,250000.0,175,2,12.429220196836383
CUST105768,46,F,Kolkata,Retail,Student,250000.0,146,4,12.429220196836383
CUST105769,50,F,Bhopal,Mass Affluent,Salaried,447000.0,77,1,13.010316110729669
CUST105770,38,F,Bhopal,Corporate,Self-Employed,250000.0,112,3,12.429220196836383
CUST105771,32,F,Hyderabad,Retail,Business Owner,300600.0,109,2,12.613539082975452
CUST105772,43,F,Delhi,Mass Affluent,Salaried,250000.0,208,3,12.429220196836383
CUST105773,22,M,Ahmedabad,Retail,Salaried,250000.0,180,1,12.429220196836383
CUST105774,47,F,Kochi,Corporate,Self-Employed,611000.0,117,1,13.322853874813605
CUST105775,71,M,Indore,Retail,Self-Employed,250000.0,174,5,12.429220196836383
CUST105776,42,F,Bangalore,Mass Affluent,Business Owner,250000.0,232,4,12.429220196836383
CUST105777,26,F,Kolkata,Retail,Salaried,250000.0,167,4,12.429220196836383
CUST105778,59,M,Kochi,Retail,Retired,328900.0,89,3,12.70351207261035
CUST105779,27,F,Mumbai,Retail,Retired,440600.0,7,1,12.995894982980124
CUST105780,31,M,Surat,Retail,Business Owner,575200.0,211,3,13.262474823913193
CUST105781,28,F,Chennai,Corporate,Salaried,250000.0,10,2,12.429220196836383
CUST105782,68,M,Mumbai,Retail,Salaried,250000.0,125,2,12.429220196836383
CUST105783,73,M,Hyderabad,SME,Student,290300.0,21,1,12.578673594719154
CUST105784,51,F,Kochi,Mass Affluent,Self-Employed,296600.0,211,1,12.600143080224452
CUST105785,54,M,Bhopal,Retail,Self-Employed,250000.0,13,1,12.429220196836383
CUST105786,55,F,Delhi,Retail,Retired,645300.0,165,1,13.377472153589553
CUST105787,53,M,Pune,Retail,Salaried,271900.0,186,3,12.513193308436527
CUST105788,50,M,Hyderabad,Corporate,Business Owner,369800.0,177,5,12.820720302095918
CUST105789,74,M,Surat,Retail,Self-Employed,346200.0,133,2,12.754774810223829
CUST105790,60,M,Kochi,Corporate,Business Owner,341900.0,144,1,12.742276500454938
CUST105791,25,M,Chandigarh,Retail,Business Owner,250000.0,124,1,12.429220196836383
CUST105792,42,F,Kolkata,Retail,Salaried,267300.0,183,3,12.496130643234865
CUST105793,73,F,Chennai,Retail,Salaried,1054400.0,26,2,13.868483391136607
CUST105794,42,F,Chennai,Mass Affluent,Retired,695400.0,214,3,13.452243936576147
CUST105795,32,M,Kochi,Mass Affluent,Business Owner,294800.0,187,1,12.594055831421823
CUST105796,67,F,Pune,SME,Salaried,250000.0,232,3,12.429220196836383
CUST105797,54,F,Mumbai,Retail,Student,250000.0,27,3,12.429220196836383
CUST105798,51,F,Chandigarh,Retail,Salaried,250000.0,54,1,12.429220196836383
CUST105799,43,F,Delhi,HNWI,Salaried,256000.0,57,5,12.45293662970407
CUST105800,27,M,Bhopal,Mass Affluent,Student,250000.0,102,2,12.429220196836383
CUST105801,41,M,Bangalore,Corporate,Self-Employed,250000.0,197,1,12.429220196836383
CUST105802,44,F,Jaipur,Retail,Retired,389800.0,190,2,12.87339163147047
CUST105803,71,F,Chennai,HNWI,Retired,250000.0,168,2,12.429220196836383
CUST105804,37,F,Surat,Retail,Salaried,316000.0,98,4,12.663500657121004
CUST105805,29,F,Pune,SME,Salaried,251200.0,27,2,12.434008694459976
CUST105806,44,F,Kolkata,Retail,Business Owner,250000.0,168,4,12.429220196836383
CUST105807,74,M,Ahmedabad,Corporate,Salaried,732700.0,23,3,13.50449298496219
CUST105808,47,M,Chandigarh,Retail,Self-Employed,420300.0,53,3,12.948726400243292
CUST105809,41,M,Hyderabad,HNWI,Salaried,250000.0,101,1,12.429220196836383
CUST105810,57,F,Hyderabad,Corporate,Salaried,366000.0,187,1,12.810391344620207
CUST105811,56,F,Mumbai,Corporate,Salaried,250000.0,147,4,12.429220196836383
CUST105812,37,M,Kochi,Mass Affluent,Self-Employed,250000.0,30,2,12.429220196836383
CUST105813,73,F,Surat,Retail,Business Owner,595100.0,63,5,13.296486418021383
CUST105814,53,F,Lucknow,Corporate,Salaried,331300.0,204,2,12.710782606695746
CUST105815,24,F,Mumbai,Mass Affluent,Salaried,315800.0,142,2,12.66286754735978
CUST105816,43,F,Kochi,Mass Affluent,Salaried,485100.0,159,5,13.092112395661816
CUST105817,70,F,Indore,Retail,Business Owner,387200.0,90,3,12.866699217025852
CUST105818,42,F,Chandigarh,Retail,Salaried,250000.0,196,2,12.429220196836383
CUST105819,51,M,Bhopal,Retail,Self-Employed,470600.0,143,4,13.061765880220017
CUST105820,54,M,Hyderabad,Mass Affluent,Self-Employed,250000.0,24,1,12.429220196836383
CUST105821,59,F,Surat,Retail,Salaried,250000.0,175,2,12.429220196836383
CUST105822,68,M,Pune,Retail,Self-Employed,253200.0,73,1,12.441938918691436
CUST105823,29,F,Jaipur,Corporate,Retired,372700.0,203,5,12.828531768586906
CUST105824,48,F,Chennai,Mass Affluent,Salaried,250000.0,155,5,12.429220196836383
CUST105825,49,F,Lucknow,Corporate,Salaried,250000.0,51,4,12.429220196836383
CUST105826,29,M,Chandigarh,Retail,Salaried,250000.0,12,2,12.429220196836383
CUST105827,57,F,Lucknow,Retail,Self-Employed,257600.0,25,3,12.459167155192379
CUST105828,27,M,Bhopal,Mass Affluent,Retired,250000.0,63,1,12.429220196836383
CUST105829,45,F,Bhopal,Retail,Self-Employed,250000.0,33,2,12.429220196836383
CUST105830,38,F,Delhi,Mass Affluent,Student,250000.0,160,4,12.429220196836383
CUST105831,29,F,Chandigarh,Retail,Self-Employed,290800.0,44,1,12.580394463425135
CUST105832,65,F,Indore,Mass Affluent,Salaried,586200.0,110,1,13.281418013159897
CUST105833,34,M,Pune,Retail,Salaried,290800.0,81,3,12.580394463425135
CUST105834,34,M,Lucknow,Mass Affluent,Self-Employed,590900.0,159,3,13.289403769666063
CUST105835,67,F,Lucknow,Corporate,Self-Employed,250000.0,12,2,12.429220196836383
CUST105836,68,M,Kochi,Retail,Salaried,350100.0,100,3,12.765976963265441
CUST105837,22,M,Indore,Mass Affluent,Salaried,603900.0,200,4,13.311165556197917
CUST105838,36,F,Delhi,Mass Affluent,Salaried,250000.0,63,1,12.429220196836383
CUST105839,59,F,Mumbai,HNWI,Salaried,272600.0,204,4,12.515764466616417
CUST105840,63,F,Hyderabad,Retail,Self-Employed,250000.0,46,2,12.429220196836383
CUST105841,74,F,Ahmedabad,Retail,Self-Employed,382900.0,172,2,12.855531749109925
CUST105842,50,M,Indore,HNWI,Business Owner,461100.0,71,1,13.041372386919402
CUST105843,21,F,Lucknow,Mass Affluent,Salaried,331300.0,89,2,12.710782606695746
CUST105844,68,F,Bangalore,HNWI,Business Owner,250000.0,128,3,12.429220196836383
CUST105845,29,M,Surat,Retail,Salaried,250000.0,171,2,12.429220196836383
CUST105846,27,M,Ahmedabad,SME,Salaried,260700.0,129,1,12.471129435740856
CUST105847,57,F,Kolkata,Retail,Business Owner,250000.0,140,1,12.429220196836383
CUST105848,53,F,Kochi,Retail,Student,309200.0,73,4,12.641746829842827
CUST105849,24,M,Chennai,Mass Affluent,Retired,287800.0,160,2,12.57002454806453
CUST105850,30,M,Lucknow,Mass Affluent,Salaried,689300.0,22,1,13.443433319619826
CUST105851,52,M,Bangalore,Mass Affluent,Salaried,250000.0,26,5,12.429220196836383
CUST105852,34,M,Kolkata,Retail,Business Owner,250000.0,43,1,12.429220196836383
CUST105853,57,M,Jaipur,Retail,Business Owner,250000.0,210,3,12.429220196836383
CUST105854,43,F,Lucknow,HNWI,Salaried,250000.0,149,1,12.429220196836383
CUST105855,52,F,Bhopal,Retail,Salaried,513600.0,87,1,13.14920197839649
CUST105856,46,M,Chennai,HNWI,Salaried,250000.0,152,2,12.429220196836383
CUST105857,40,M,Bhopal,Mass Affluent,Salaried,250000.0,68,4,12.429220196836383
CUST105858,39,M,Indore,Retail,Salaried,344000.0,177,3,12.748399843328054
CUST105859,58,F,Kolkata,HNWI,Self-Employed,446700.0,97,2,13.009644745976612
CUST105860,48,F,Bangalore,Corporate,Salaried,250000.0,150,3,12.429220196836383
CUST105861,53,M,Hyderabad,Corporate,Self-Employed,250000.0,63,4,12.429220196836383
CUST105862,52,M,Lucknow,Retail,Self-Employed,250000.0,14,2,12.429220196836383
CUST105863,32,F,Kochi,Mass Affluent,Salaried,398100.0,238,2,12.894461020916928
CUST105864,70,F,Lucknow,Corporate,Salaried,292400.0,158,2,12.585881426824553
CUST105865,51,F,Surat,Mass Affluent,Retired,250000.0,157,1,12.429220196836383
CUST105866,59,M,Delhi,Retail,Self-Employed,418200.0,147,4,12.943717457174193
CUST105867,68,F,Ahmedabad,Retail,Retired,289100.0,215,3,12.574531387009179
CUST105868,70,F,Bhopal,Mass Affluent,Salaried,251600.0,10,4,12.435599778363322
CUST105869,57,F,Kolkata,HNWI,Self-Employed,250000.0,228,4,12.429220196836383
CUST105870,63,M,Bhopal,Corporate,Student,250000.0,113,3,12.429220196836383
CUST105871,46,F,Delhi,Corporate,Salaried,868200.0,142,3,13.674178533655306
CUST105872,60,M,Chandigarh,Retail,Salaried,250000.0,225,5,12.429220196836383
CUST105873,38,F,Kochi,Mass Affluent,Retired,250000.0,193,3,12.429220196836383
CUST105874,59,F,Lucknow,Retail,Salaried,250000.0,87,4,12.429220196836383
CUST105875,25,F,Lucknow,Retail,Salaried,288200.0,217,4,12.57141343235417
CUST105876,70,F,Chandigarh,Retail,Student,455900.0,25,1,13.030030959662605
CUST105877,34,M,Kolkata,SME,Salaried,389500.0,41,2,12.87262171168374
CUST105878,56,F,Bangalore,Retail,Self-Employed,250000.0,59,3,12.429220196836383
CUST105879,21,M,Bhopal,Mass Affluent,Business Owner,575500.0,68,1,13.262996244762027
CUST105880,29,M,Delhi,Retail,Business Owner,437500.0,163,2,12.98883427049148
CUST105881,74,F,Lucknow,Retail,Salaried,250000.0,99,1,12.429220196836383
CUST105882,66,F,Hyderabad,Mass Affluent,Salaried,250000.0,204,1,12.429220196836383
CUST105883,33,M,Bhopal,Retail,Business Owner,384800.0,151,2,12.860481596522911
CUST105884,28,F,Chandigarh,Retail,Business Owner,511400.0,147,2,13.144909297253815
CUST105885,65,F,Ahmedabad,Mass Affluent,Salaried,250000.0,185,3,12.429220196836383
CUST105886,74,M,Ahmedabad,Corporate,Salaried,279900.0,102,3,12.5421912482017
CUST105887,30,F,Pune,HNWI,Salaried,263400.0,86,1,12.481432864791325
CUST105888,56,F,Pune,Corporate,Salaried,250000.0,31,1,12.429220196836383
CUST105889,36,M,Chandigarh,Retail,Business Owner,250000.0,203,1,12.429220196836383
CUST105890,61,F,Chennai,Retail,Retired,505200.0,60,2,13.132711648870607
CUST105891,43,F,Chandigarh,Retail,Salaried,369800.0,159,3,12.820720302095918
CUST105892,27,F,Lucknow,SME,Retired,949800.0,190,3,13.764007767949836
CUST105893,38,F,Chandigarh,Retail,Business Owner,250000.0,93,1,12.429220196836383
CUST105894,50,F,Lucknow,Retail,Self-Employed,291400.0,44,2,12.582455604446345
CUST105895,64,F,Indore,SME,Student,323100.0,165,5,12.685720246824822
CUST105896,22,F,Ahmedabad,SME,Salaried,459400.0,82,4,13.037678745987051
CUST105897,72,F,Pune,Retail,Retired,606200.0,205,3,13.314966893225067
CUST105898,56,F,Hyderabad,HNWI,Salaried,283800.0,110,1,12.556028567310046
CUST105899,68,F,Hyderabad,Retail,Salaried,250000.0,84,1,12.429220196836383
CUST105900,71,F,Mumbai,Mass Affluent,Self-Employed,250000.0,176,2,12.429220196836383
CUST105901,29,F,Kolkata,Mass Affluent,Salaried,292300.0,96,2,12.585539372236147
CUST105902,26,F,Chandigarh,SME,Self-Employed,526300.0,192,3,13.173628571397067
CUST105903,62,F,Chandigarh,Retail,Salaried,250000.0,167,1,12.429220196836383
CUST105904,31,M,Surat,HNWI,Salaried,250000.0,212,5,12.429220196836383
CUST105905,28,M,Kolkata,Retail,Self-Employed,422600.0,106,3,12.954183750465127
CUST105906,46,F,Ahmedabad,Mass Affluent,Salaried,250000.0,26,5,12.429220196836383
CUST105907,70,F,Kochi,Mass Affluent,Salaried,250000.0,47,4,12.429220196836383
CUST105908,63,M,Mumbai,HNWI,Salaried,530700.0,7,2,13.18195405311796
CUST105909,48,F,Bhopal,SME,Student,250000.0,205,3,12.429220196836383
CUST105910,31,M,Bhopal,HNWI,Business Owner,250000.0,62,4,12.429220196836383
CUST105911,39,M,Chandigarh,HNWI,Salaried,609900.0,53,1,13.321051927896255
CUST105912,58,M,Delhi,Retail,Self-Employed,250000.0,147,1,12.429220196836383
CUST105913,29,M,Chandigarh,SME,Self-Employed,250000.0,63,2,12.429220196836383
CUST105914,49,F,Lucknow,Mass Affluent,Salaried,713200.0,235,2,13.477518567101379
CUST105915,21,F,Jaipur,Retail,Salaried,308700.0,209,3,12.640128449875998
CUST105916,38,M,Bangalore,Mass Affluent,Self-Employed,403500.0,111,1,12.907934245003815
CUST105917,34,M,Ahmedabad,Retail,Salaried,250000.0,156,2,12.429220196836383
CUST105918,57,M,Kolkata,Mass Affluent,Retired,251700.0,96,3,12.435997154099226
CUST105919,70,F,Chandigarh,Retail,Salaried,250000.0,106,4,12.429220196836383
CUST105920,28,M,Kolkata,Retail,Self-Employed,324800.0,118,1,12.690967966082654
CUST105921,64,M,Hyderabad,SME,Salaried,441900.0,95,3,12.998841154071691
CUST105922,56,M,Chandigarh,SME,Self-Employed,301800.0,108,5,12.617523138763014
CUST105923,73,M,Bangalore,Mass Affluent,Student,507100.0,48,2,13.1364654737788
CUST105924,70,F,Bhopal,SME,Salaried,399300.0,158,2,12.897470797430847
CUST105925,26,F,Chandigarh,Retail,Salaried,250000.0,21,1,12.429220196836383
CUST105926,61,M,Chennai,Retail,Self-Employed,250000.0,218,3,12.429220196836383
CUST105927,52,M,Surat,Corporate,Salaried,250000.0,218,4,12.429220196836383
CUST105928,27,F,Kochi,Mass Affluent,Salaried,421700.0,54,1,12.952051811085882
CUST105929,34,M,Jaipur,HNWI,Self-Employed,354000.0,16,4,12.777055016970678
CUST105930,71,F,Surat,Retail,Salaried,289700.0,118,1,12.576604635598223
CUST105931,50,F,Delhi,Retail,Salaried,492900.0,20,4,13.1080636215005
CUST105932,39,M,Ahmedabad,Retail,Salaried,250000.0,100,2,12.429220196836383
CUST105933,38,F,Ahmedabad,SME,Salaried,250000.0,181,2,12.429220196836383
CUST105934,66,F,Jaipur,Retail,Retired,250000.0,78,5,12.429220196836383
CUST105935,36,M,Chandigarh,Mass Affluent,Salaried,312100.0,215,3,12.651082132354988
CUST105936,29,F,Indore,Retail,Salaried,373900.0,9,1,12.83174633547353
CUST105937,51,F,Lucknow,Mass Affluent,Self-Employed,268100.0,172,3,12.499119054168606
CUST105938,74,F,Pune,Retail,Business Owner,250000.0,123,1,12.429220196836383
CUST105939,30,F,Pune,HNWI,Salaried,342500.0,62,5,12.744029856388185
CUST105940,34,F,Mumbai,Mass Affluent,Self-Employed,289800.0,106,1,12.57694975951839
CUST105941,46,F,Jaipur,Retail,Self-Employed,250000.0,69,2,12.429220196836383
CUST105942,31,F,Hyderabad,Retail,Salaried,250000.0,151,2,12.429220196836383
CUST105943,56,M,Bhopal,Retail,Salaried,335800.0,230,2,12.724274001584217
CUST105944,34,F,Kochi,HNWI,Self-Employed,723600.0,123,2,13.491995414481316
CUST105945,27,M,Bhopal,Corporate,Salaried,250000.0,169,2,12.429220196836383
CUST105946,35,F,Chandigarh,Retail,Salaried,431100.0,149,3,12.974097680379948
CUST105947,71,F,Pune,Mass Affluent,Self-Employed,250000.0,199,1,12.429220196836383
CUST105948,71,M,Pune,Retail,Salaried,250000.0,137,3,12.429220196836383
CUST105949,48,F,Lucknow,Corporate,Salaried,250000.0,110,1,12.429220196836383
CUST105950,42,F,Pune,SME,Salaried,385800.0,33,4,12.863076971466995
CUST105951,65,M,Chennai,HNWI,Retired,290100.0,187,3,12.577984417190766
CUST105952,31,F,Surat,Retail,Business Owner,250000.0,216,3,12.429220196836383
CUST105953,56,F,Pune,Retail,Salaried,353200.0,235,1,12.774792578965013
CUST105954,57,F,Chandigarh,SME,Salaried,275000.0,176,4,12.524530013005734
CUST105955,59,M,Hyderabad,Retail,Student,286700.0,89,3,12.566195139831894
CUST105956,32,F,Pune,Mass Affluent,Self-Employed,250000.0,170,5,12.429220196836383
CUST105957,59,F,Ahmedabad,SME,Self-Employed,250000.0,81,1,12.429220196836383
CUST105958,54,M,Bhopal,HNWI,Salaried,740300.0,216,3,13.514812139234005
CUST105959,68,F,Jaipur,Mass Affluent,Salaried,621700.0,16,3,13.340214548748978
CUST105960,30,F,Delhi,Mass Affluent,Salaried,696700.0,216,5,13.454111616355203
CUST105961,54,F,Kolkata,SME,Business Owner,250000.0,178,2,12.429220196836383
CUST105962,65,M,Bhopal,Retail,Retired,250000.0,214,1,12.429220196836383
CUST105963,36,F,Chennai,Corporate,Salaried,250000.0,62,4,12.429220196836383
CUST105964,61,F,Kolkata,Retail,Self-Employed,511200.0,124,2,13.144518138225083
CUST105965,26,M,Bangalore,HNWI,Retired,268300.0,65,3,12.499864763577847
CUST105966,59,M,Surat,Corporate,Retired,250000.0,172,2,12.429220196836383
CUST105967,53,F,Bangalore,Mass Affluent,Salaried,333800.0,153,5,12.718300286011257
CUST105968,31,F,Kolkata,Retail,Salaried,250000.0,167,2,12.429220196836383
CUST105969,24,M,Surat,Retail,Student,250000.0,178,2,12.429220196836383
CUST105970,61,F,Bhopal,Corporate,Salaried,290000.0,16,4,12.577639650232573
CUST105971,34,F,Hyderabad,Mass Affluent,Salaried,250000.0,101,1,12.429220196836383
CUST105972,47,M,Chennai,Retail,Salaried,266100.0,65,1,12.491631214944439
CUST105973,24,F,Delhi,Corporate,Salaried,250000.0,227,4,12.429220196836383
CUST105974,73,F,Pune,SME,Salaried,250000.0,129,2,12.429220196836383
CUST105975,50,M,Chandigarh,Corporate,Self-Employed,261200.0,43,1,12.473045504861005
CUST105976,71,M,Chennai,Mass Affluent,Retired,250000.0,97,2,12.429220196836383
CUST105977,29,M,Hyderabad,SME,Salaried,250000.0,129,1,12.429220196836383
CUST105978,32,F,Kolkata,Corporate,Student,274700.0,82,5,12.52343851241165
CUST105979,53,M,Bhopal,Retail,Retired,408800.0,150,4,12.920983764052593
CUST105980,53,F,Jaipur,SME,Business Owner,250000.0,186,4,12.429220196836383
CUST105981,63,M,Lucknow,Mass Affluent,Self-Employed,250000.0,150,4,12.429220196836383
CUST105982,71,M,Kochi,SME,Retired,250000.0,141,4,12.429220196836383
CUST105983,65,M,Surat,HNWI,Self-Employed,250000.0,159,2,12.429220196836383
CUST105984,28,F,Jaipur,Mass Affluent,Salaried,546000.0,73,3,13.210376086227196
CUST105985,37,F,Jaipur,Retail,Retired,250000.0,154,4,12.429220196836383
CUST105986,70,M,Ahmedabad,Retail,Salaried,250000.0,18,3,12.429220196836383
CUST105987,50,F,Bangalore,Retail,Retired,335600.0,191,5,12.723678233308531
CUST105988,67,F,Pune,Mass Affluent,Salaried,250000.0,94,4,12.429220196836383
CUST105989,51,F,Indore,Corporate,Salaried,466000.0,196,1,13.051943059028227
CUST105990,23,M,Mumbai,Retail,Business Owner,504000.0,65,2,13.130333531178522
CUST105991,46,F,Indore,Retail,Self-Employed,291900.0,234,1,12.584169982667103
CUST105992,65,F,Jaipur,Mass Affluent,Salaried,354100.0,127,4,12.777337462157007
CUST105993,56,F,Kolkata,Retail,Retired,250000.0,225,5,12.429220196836383
CUST105994,28,F,Delhi,Retail,Salaried,450400.0,74,2,13.01789357605382
CUST105995,32,M,Kochi,Retail,Salaried,250000.0,127,1,12.429220196836383
CUST105996,67,F,Mumbai,Mass Affluent,Self-Employed,263200.0,173,2,12.480673277818179
CUST105997,73,F,Jaipur,Mass Affluent,Salaried,272800.0,171,1,12.516497870633875
CUST105998,61,F,Bangalore,Corporate,Salaried,262200.0,65,2,12.476866664186996
CUST105999,26,F,Bhopal,Retail,Salaried,509600.0,100,5,13.141383345561556
CUST106000,54,M,Bangalore,Retail,Salaried,997400.0,59,2,13.812908174700434
CUST106001,65,F,Indore,HNWI,Student,251200.0,158,3,12.434008694459976
CUST106002,55,M,Jaipur,SME,Salaried,355800.0,103,4,12.782126864777657
CUST106003,53,F,Mumbai,Retail,Business Owner,250000.0,7,4,12.429220196836383
CUST106004,46,F,Surat,Corporate,Self-Employed,498400.0,74,1,13.119160252873913
CUST106005,34,F,Bhopal,HNWI,Salaried,250000.0,92,1,12.429220196836383
CUST106006,36,M,Hyderabad,Corporate,Retired,1771000.0,137,1,14.38705548141755
CUST106007,61,F,Chandigarh,Retail,Salaried,250000.0,220,1,12.429220196836383
CUST106008,24,M,Kochi,Retail,Salaried,973300.0,236,1,13.788448665846504
CUST106009,25,F,Kochi,Retail,Business Owner,486400.0,163,2,13.094788665553034
CUST106010,42,F,Kolkata,HNWI,Business Owner,250000.0,217,3,12.429220196836383
CUST106011,62,M,Delhi,Corporate,Salaried,1079100.0,10,1,13.89163884504957
CUST106012,56,F,Pune,Mass Affluent,Business Owner,250000.0,207,3,12.429220196836383
CUST106013,52,F,Indore,Retail,Student,250000.0,128,2,12.429220196836383
CUST106014,49,M,Jaipur,Retail,Salaried,250000.0,93,1,12.429220196836383
CUST106015,26,M,Lucknow,Mass Affluent,Self-Employed,250000.0,91,1,12.429220196836383
CUST106016,38,M,Kochi,Corporate,Salaried,260000.0,87,1,12.468440756144114
CUST106017,25,M,Kolkata,Retail,Salaried,441500.0,195,2,12.99793556402925
CUST106018,61,F,Mumbai,Mass Affluent,Salaried,1158900.0,113,3,13.96298270020933
CUST106019,61,F,Bhopal,Mass Affluent,Salaried,250000.0,32,2,12.429220196836383
CUST106020,34,F,Lucknow,Corporate,Self-Employed,250000.0,216,1,12.429220196836383
CUST106021,36,M,Jaipur,Corporate,Salaried,396000.0,147,1,12.889172015485954
CUST106022,38,F,Jaipur,Retail,Salaried,250000.0,97,1,12.429220196836383
CUST106023,69,F,Indore,Mass Affluent,Salaried,799000.0,172,3,13.591117476312084
CUST106024,47,F,Kochi,Corporate,Salaried,262800.0,88,3,12.47915237076039
CUST106025,62,M,Surat,SME,Self-Employed,250000.0,145,3,12.429220196836383
CUST106026,45,M,Kochi,Mass Affluent,Salaried,250000.0,7,3,12.429220196836383
CUST106027,58,F,Chennai,Retail,Salaried,389900.0,70,1,12.873648139727594
CUST106028,49,F,Surat,Mass Affluent,Salaried,250000.0,86,1,12.429220196836383
CUST106029,36,M,Chandigarh,Mass Affluent,Salaried,647300.0,191,2,13.380566689411136
CUST106030,68,F,Hyderabad,Retail,Self-Employed,250000.0,182,3,12.429220196836383
CUST106031,59,F,Jaipur,SME,Salaried,627000.0,191,4,13.348703414510117
CUST106032,62,F,Surat,Retail,Self-Employed,250000.0,118,3,12.429220196836383
CUST106033,72,M,Ahmedabad,Corporate,Self-Employed,250000.0,90,3,12.429220196836383
CUST106034,34,F,Chandigarh,Retail,Salaried,441300.0,129,4,12.997482461287248
CUST106035,25,M,Pune,Retail,Salaried,250000.0,68,3,12.429220196836383
CUST106036,52,F,Hyderabad,Mass Affluent,Salaried,250000.0,129,5,12.429220196836383
CUST106037,38,M,Bangalore,Mass Affluent,Salaried,250000.0,161,1,12.429220196836383
CUST106038,44,M,Indore,Corporate,Salaried,250000.0,232,1,12.429220196836383
CUST106039,33,F,Surat,Mass Affluent,Student,392900.0,92,2,12.881312950720202
CUST106040,42,F,Jaipur,Retail,Salaried,265300.0,32,2,12.488620309436481
CUST106041,42,F,Pune,SME,Salaried,250000.0,86,2,12.429220196836383
CUST106042,39,F,Pune,Mass Affluent,Business Owner,431200.0,199,3,12.974329617683697
CUST106043,61,F,Chandigarh,Retail,Retired,543000.0,111,2,13.204866440535003
CUST106044,53,F,Surat,Corporate,Salaried,251400.0,103,2,12.434804552855114
CUST106045,46,M,Chandigarh,Retail,Salaried,489900.0,113,1,13.101958608857487
CUST106046,27,F,Indore,Retail,Salaried,250000.0,65,2,12.429220196836383
CUST106047,51,M,Kochi,Mass Affluent,Business Owner,379400.0,200,3,12.84634897222022
CUST106048,30,F,Jaipur,Mass Affluent,Self-Employed,295700.0,163,1,12.597104087640735
CUST106049,37,M,Hyderabad,Mass Affluent,Salaried,250000.0,228,1,12.429220196836383
CUST106050,43,M,Lucknow,SME,Salaried,919700.0,28,2,13.731803896201278
CUST106051,28,F,Surat,Retail,Salaried,308600.0,172,4,12.639804459346648
CUST106052,42,M,Ahmedabad,SME,Self-Employed,250000.0,24,1,12.429220196836383
CUST106053,35,F,Mumbai,Retail,Salaried,271500.0,26,2,12.511721101590597
CUST106054,66,M,Chandigarh,Retail,Salaried,250000.0,203,1,12.429220196836383
CUST106055,67,M,Indore,Retail,Salaried,250000.0,85,2,12.429220196836383
CUST106056,21,F,Kolkata,Retail,Business Owner,250000.0,79,3,12.429220196836383
CUST106057,53,F,Ahmedabad,Retail,Salaried,250000.0,50,2,12.429220196836383
CUST106058,55,F,Delhi,Corporate,Retired,250000.0,31,2,12.429220196836383
CUST106059,41,F,Chandigarh,Corporate,Salaried,568400.0,161,5,13.250582434527955
CUST106060,46,F,Hyderabad,HNWI,Salaried,250000.0,128,2,12.429220196836383
CUST106061,63,M,Kolkata,Retail,Salaried,250000.0,145,2,12.429220196836383
CUST106062,41,F,Pune,Corporate,Salaried,250000.0,42,5,12.429220196836383
CUST106063,24,M,Hyderabad,Retail,Salaried,250000.0,235,2,12.429220196836383
CUST106064,41,M,Lucknow,HNWI,Salaried,497100.0,7,1,13.116548503748414
CUST106065,34,M,Chandigarh,HNWI,Salaried,313300.0,110,1,12.654919668764107
CUST106066,41,M,Indore,Retail,Salaried,406000.0,128,4,12.914110901635024
CUST106067,33,M,Ahmedabad,Mass Affluent,Business Owner,494400.0,30,4,13.111102207777295
CUST106068,29,F,Delhi,SME,Salaried,250000.0,141,1,12.429220196836383
CUST106069,74,M,Indore,Retail,Business Owner,649100.0,146,3,13.383343607615043
CUST106070,27,F,Hyderabad,HNWI,Business Owner,250000.0,130,1,12.429220196836383
CUST106071,59,F,Bhopal,SME,Self-Employed,250000.0,91,1,12.429220196836383
CUST106072,59,M,Kolkata,Retail,Salaried,335800.0,223,5,12.724274001584217
CUST106073,54,M,Ahmedabad,Retail,Self-Employed,292600.0,47,2,12.586565185197317
CUST106074,70,F,Pune,Mass Affluent,Business Owner,292400.0,180,1,12.585881426824553
CUST106075,21,F,Pune,Corporate,Salaried,493500.0,92,2,13.109280164196072
CUST106076,37,M,Bangalore,Retail,Salaried,286000.0,96,4,12.563750586299374
CUST106077,30,F,Jaipur,Mass Affluent,Salaried,323800.0,61,4,12.68788440854703
CUST106078,52,M,Pune,Retail,Salaried,606700.0,163,3,13.315791362190115
CUST106079,55,F,Indore,SME,Salaried,314900.0,52,4,12.66001358269538
CUST106080,69,M,Ahmedabad,Corporate,Salaried,361000.0,93,3,12.796636007394284
CUST106081,41,F,Chandigarh,Mass Affluent,Self-Employed,250000.0,119,5,12.429220196836383
CUST106082,33,M,Chennai,SME,Salaried,2499200.0,8,3,14.731481638755465
CUST106083,70,M,Chennai,Mass Affluent,Salaried,250000.0,195,2,12.429220196836383
CUST106084,57,M,Mumbai,SME,Retired,250000.0,83,4,12.429220196836383
CUST106085,62,M,Kochi,Retail,Salaried,250000.0,213,2,12.429220196836383
CUST106086,45,M,Delhi,Retail,Salaried,950600.0,157,2,13.764849695128671
CUST106087,45,M,Chennai,Corporate,Salaried,250000.0,66,4,12.429220196836383
CUST106088,42,M,Bhopal,Retail,Salaried,349800.0,160,5,12.765119700338996
CUST106089,61,F,Lucknow,Retail,Salaried,250000.0,110,2,12.429220196836383
CUST106090,32,F,Jaipur,HNWI,Salaried,250000.0,119,2,12.429220196836383
CUST106091,73,F,Indore,Mass Affluent,Business Owner,377800.0,203,4,12.842122880949166
CUST106092,30,M,Kochi,Retail,Retired,250000.0,156,2,12.429220196836383
CUST106093,45,M,Bhopal,Retail,Salaried,303900.0,237,2,12.624457269455574
CUST106094,37,M,Lucknow,Retail,Business Owner,390800.0,223,1,12.875953758001124
CUST106095,55,M,Pune,Retail,Self-Employed,842400.0,204,1,13.644011426885719
CUST106096,57,M,Delhi,Retail,Business Owner,250000.0,114,2,12.429220196836383
CUST106097,70,F,Kolkata,Mass Affluent,Salaried,250000.0,121,2,12.429220196836383
CUST106098,63,M,Surat,HNWI,Self-Employed,251000.0,212,3,12.433212202169729
CUST106099,34,M,Hyderabad,Retail,Salaried,268500.0,209,1,12.500609917318906
CUST106100,32,F,Surat,Retail,Salaried,1253300.0,92,1,14.041291428492856
CUST106101,68,F,Bangalore,Mass Affluent,Retired,250000.0,171,2,12.429220196836383
CUST106102,47,M,Mumbai,Retail,Salaried,250000.0,146,1,12.429220196836383
CUST106103,26,M,Kolkata,Retail,Salaried,250000.0,32,5,12.429220196836383
CUST106104,65,F,Hyderabad,Retail,Salaried,250000.0,34,1,12.429220196836383
CUST106105,56,M,Bhopal,Mass Affluent,Retired,250000.0,25,4,12.429220196836383
CUST106106,22,F,Kolkata,Retail,Salaried,250000.0,65,2,12.429220196836383
CUST106107,63,M,Pune,Retail,Salaried,250000.0,225,5,12.429220196836383
CUST106108,53,M,Pune,Mass Affluent,Self-Employed,980400.0,80,2,13.795716950627414
CUST106109,54,M,Chennai,Corporate,Salaried,324800.0,222,5,12.690967966082654
CUST106110,67,M,Bhopal,HNWI,Salaried,250000.0,109,2,12.429220196836383
CUST106111,47,M,Kochi,SME,Self-Employed,961800.0,113,3,13.776562847542356
CUST106112,45,M,Bangalore,Mass Affluent,Student,250000.0,65,1,12.429220196836383
CUST106113,54,F,Hyderabad,Retail,Business Owner,385200.0,160,2,12.861520554956735
CUST106114,31,F,Delhi,Retail,Salaried,250000.0,143,1,12.429220196836383
CUST106115,29,M,Hyderabad,Retail,Salaried,421000.0,77,3,12.95039048795861
CUST106116,66,F,Lucknow,Retail,Business Owner,250000.0,189,2,12.429220196836383
CUST106117,32,F,Chandigarh,Retail,Salaried,355900.0,170,3,12.782407881272364
CUST106118,48,M,Ahmedabad,Retail,Self-Employed,866300.0,172,1,13.67198770221209
CUST106119,35,M,Delhi,HNWI,Salaried,283800.0,110,1,12.556028567310046
CUST106120,33,M,Mumbai,Mass Affluent,Retired,250000.0,157,3,12.429220196836383
CUST106121,53,M,Pune,Retail,Salaried,274200.0,87,2,12.521616693076714
CUST106122,64,F,Hyderabad,Mass Affluent,Retired,358000.0,239,2,12.788291058675025
CUST106123,44,M,Jaipur,Retail,Salaried,460700.0,109,5,13.040504521531593
CUST106124,28,M,Delhi,Mass Affluent,Self-Employed,649600.0,70,1,13.384113607237287
CUST106125,34,M,Hyderabad,Mass Affluent,Salaried,669800.0,112,3,13.414735932324106
CUST106126,29,M,Jaipur,Retail,Salaried,250000.0,226,1,12.429220196836383
CUST106127,68,M,Chennai,Retail,Salaried,250000.0,226,3,12.429220196836383
CUST106128,38,M,Kolkata,SME,Salaried,250000.0,89,2,12.429220196836383
CUST106129,41,M,Hyderabad,Mass Affluent,Salaried,250000.0,213,3,12.429220196836383
CUST106130,24,M,Mumbai,Mass Affluent,Salaried,357200.0,77,3,12.786053927532635
CUST106131,45,F,Kolkata,Retail,Student,250000.0,51,1,12.429220196836383
CUST106132,70,F,Chennai,Retail,Business Owner,250000.0,57,1,12.429220196836383
CUST106133,43,F,Bhopal,Retail,Self-Employed,376000.0,71,1,12.837347081942964
CUST106134,56,F,Bhopal,SME,Salaried,250000.0,74,3,12.429220196836383
CUST106135,30,F,Pune,Retail,Salaried,335000.0,76,1,12.721888795877375
CUST106136,28,M,Chennai,Retail,Salaried,250000.0,95,2,12.429220196836383
CUST106137,60,M,Pune,SME,Salaried,318900.0,8,2,12.672635988772473
CUST106138,24,M,Lucknow,Mass Affluent,Self-Employed,250000.0,94,2,12.429220196836383
CUST106139,45,F,Kolkata,Retail,Business Owner,250000.0,130,2,12.429220196836383
CUST106140,38,M,Kochi,Mass Affluent,Salaried,476200.0,99,5,13.073595312990696
CUST106141,21,F,Chandigarh,Mass Affluent,Salaried,250000.0,118,5,12.429220196836383
CUST106142,49,F,Pune,SME,Salaried,250000.0,58,2,12.429220196836383
CUST106143,73,M,Delhi,Retail,Salaried,250000.0,35,4,12.429220196836383
CUST106144,24,F,Delhi,HNWI,Salaried,372000.0,216,3,12.826651821423713
CUST106145,65,M,Bhopal,Retail,Salaried,327700.0,237,1,12.699856886253809
CUST106146,50,M,Pune,Corporate,Salaried,371500.0,101,2,12.82530683492637
CUST106147,60,F,Chennai,Corporate,Salaried,250000.0,184,2,12.429220196836383
CUST106148,26,M,Lucknow,Corporate,Self-Employed,260400.0,38,4,12.469978029554953
CUST106149,67,F,Chandigarh,Corporate,Student,344600.0,48,4,12.75014250498702
CUST106150,21,M,Pune,HNWI,Salaried,678100.0,127,3,13.42705152337959
CUST106151,69,M,Chennai,Retail,Salaried,322500.0,171,3,12.683861515988351
CUST106152,56,F,Indore,Retail,Salaried,250000.0,170,3,12.429220196836383
CUST106153,39,M,Delhi,Retail,Business Owner,315100.0,85,2,12.660648501336015
CUST106154,21,M,Indore,Mass Affluent,Salaried,250000.0,211,2,12.429220196836383
CUST106155,53,F,Ahmedabad,Retail,Self-Employed,250000.0,154,2,12.429220196836383
CUST106156,25,M,Mumbai,HNWI,Salaried,250000.0,80,4,12.429220196836383
CUST106157,53,M,Hyderabad,HNWI,Retired,257800.0,116,3,12.459943248455652
CUST106158,62,M,Surat,SME,Salaried,271200.0,75,1,12.510615522357213
CUST106159,35,F,Kochi,Retail,Salaried,250000.0,38,1,12.429220196836383
CUST106160,33,F,Bangalore,HNWI,Salaried,456100.0,7,2,13.030469555199033
CUST106161,32,F,Lucknow,HNWI,Salaried,250000.0,113,3,12.429220196836383
CUST106162,33,M,Chandigarh,SME,Salaried,250000.0,7,2,12.429220196836383
CUST106163,27,F,Surat,HNWI,Retired,250000.0,231,2,12.429220196836383
CUST106164,34,M,Surat,Retail,Self-Employed,250000.0,211,4,12.429220196836383
CUST106165,56,F,Bangalore,Retail,Retired,259100.0,181,4,12.464973226056454
CUST106166,37,F,Lucknow,SME,Retired,250000.0,181,2,12.429220196836383
CUST106167,63,M,Surat,HNWI,Salaried,250000.0,152,3,12.429220196836383
CUST106168,65,F,Delhi,Corporate,Business Owner,250000.0,177,2,12.429220196836383
CUST106169,62,F,Chennai,HNWI,Self-Employed,288900.0,203,3,12.573839347853667
CUST106170,50,F,Bhopal,HNWI,Salaried,250000.0,125,1,12.429220196836383
CUST106171,38,F,Chandigarh,HNWI,Self-Employed,250000.0,199,2,12.429220196836383
CUST106172,71,M,Bangalore,SME,Student,390400.0,61,3,12.874929694993204
CUST106173,32,F,Surat,Corporate,Business Owner,678100.0,213,2,13.42705152337959
CUST106174,46,M,Ahmedabad,Retail,Self-Employed,253600.0,171,3,12.443517444755098
CUST106175,45,M,Jaipur,Retail,Salaried,315200.0,31,1,12.66096580954966
CUST106176,61,M,Ahmedabad,Retail,Business Owner,316800.0,48,1,12.666029095483083
CUST106177,50,M,Bhopal,Retail,Salaried,250000.0,36,4,12.429220196836383
CUST106178,64,F,Pune,Corporate,Self-Employed,457300.0,62,2,13.03309709639206
CUST106179,70,M,Jaipur,Corporate,Self-Employed,564600.0,192,1,13.243874565965385
CUST106180,42,M,Surat,Retail,Salaried,807800.0,199,2,13.602071020040864
CUST106181,68,M,Jaipur,Retail,Salaried,250000.0,238,1,12.429220196836383
CUST106182,30,F,Bhopal,Mass Affluent,Self-Employed,250000.0,36,3,12.429220196836383
CUST106183,70,F,Hyderabad,Corporate,Salaried,606300.0,137,2,13.31513184140697
CUST106184,30,F,Chandigarh,Mass Affluent,Salaried,362000.0,198,5,12.799402253235032
CUST106185,66,F,Surat,Retail,Salaried,453500.0,231,1,13.024752753606561
CUST106186,42,M,Chandigarh,Retail,Self-Employed,250000.0,28,2,12.429220196836383
CUST106187,73,F,Kolkata,Mass Affluent,Salaried,315800.0,161,2,12.66286754735978
CUST106188,27,F,Ahmedabad,Mass Affluent,Salaried,250000.0,24,1,12.429220196836383
CUST106189,46,F,Mumbai,Corporate,Retired,267500.0,25,1,12.496878583628968
CUST106190,69,M,Bhopal,SME,Salaried,250000.0,201,1,12.429220196836383
CUST106191,23,M,Indore,Retail,Retired,1094900.0,222,1,13.906174506186517
CUST106192,35,F,Chennai,Retail,Salaried,372900.0,49,3,12.829068247847413
CUST106193,25,M,Mumbai,Retail,Salaried,250000.0,202,4,12.429220196836383
CUST106194,38,M,Surat,Retail,Business Owner,268100.0,219,2,12.499119054168606
CUST106195,42,M,Surat,Retail,Salaried,334700.0,131,2,12.720992874945178
CUST106196,54,M,Ahmedabad,Retail,Student,250000.0,46,3,12.429220196836383
CUST106197,34,M,Bangalore,Retail,Salaried,250000.0,180,1,12.429220196836383
CUST106198,29,F,Bhopal,Corporate,Business Owner,398800.0,134,2,12.896217824589245
CUST106199,30,M,Pune,Retail,Salaried,250000.0,88,5,12.429220196836383
CUST106200,71,F,Surat,Corporate,Business Owner,379000.0,208,1,12.84529412258351
CUST106201,72,M,Indore,Retail,Salaried,250000.0,150,1,12.429220196836383
CUST106202,32,F,Jaipur,Retail,Self-Employed,250000.0,67,1,12.429220196836383
CUST106203,31,M,Delhi,Retail,Salaried,476200.0,102,2,13.073595312990696
CUST106204,23,F,Bhopal,Retail,Business Owner,359900.0,78,4,12.79358427261286
CUST106205,72,F,Surat,Retail,Salaried,273400.0,129,2,12.518694860909774
CUST106206,59,F,Bhopal,Corporate,Salaried,263600.0,69,2,12.48219187523
CUST106207,62,M,Lucknow,Corporate,Self-Employed,283300.0,154,2,12.554265215639417
CUST106208,36,F,Bhopal,Retail,Salaried,250000.0,110,4,12.429220196836383
CUST106209,55,M,Bhopal,Retail,Business Owner,250000.0,18,2,12.429220196836383
CUST106210,24,M,Hyderabad,Retail,Self-Employed,377600.0,7,2,12.841593361555061
CUST106211,57,M,Bangalore,HNWI,Salaried,672000.0,28,1,13.418015107599418
CUST106212,52,F,Bangalore,Retail,Business Owner,385600.0,43,1,12.86255843507616
CUST106213,38,F,Kochi,Retail,Salaried,312500.0,25,5,12.652362948153474
CUST106214,59,F,Hyderabad,Corporate,Self-Employed,250000.0,160,2,12.429220196836383
CUST106215,55,F,Pune,Corporate,Salaried,454200.0,145,1,13.026295110324444
CUST106216,44,M,Kochi,Mass Affluent,Salaried,358200.0,10,4,12.788849560341312
CUST106217,31,M,Pune,Retail,Business Owner,423400.0,102,5,12.956074999512895
CUST106218,22,M,Mumbai,Retail,Retired,499000.0,74,1,13.120363378739663
CUST106219,71,M,Kolkata,Retail,Retired,695000.0,123,2,13.451668563394815
CUST106220,36,F,Delhi,Mass Affluent,Self-Employed,250000.0,142,5,12.429220196836383
CUST106221,37,F,Kolkata,HNWI,Salaried,250000.0,123,1,12.429220196836383
CUST106222,57,F,Kochi,Retail,Salaried,293300.0,99,2,12.58895466443808
CUST106223,34,F,Ahmedabad,Corporate,Salaried,250000.0,15,2,12.429220196836383
CUST106224,41,F,Surat,Mass Affluent,Self-Employed,250000.0,191,3,12.429220196836383
CUST106225,59,F,Delhi,HNWI,Salaried,558000.0,192,2,13.232116033476537
CUST106226,53,M,Kochi,Retail,Student,250000.0,207,2,12.429220196836383
CUST106227,56,F,Pune,Retail,Salaried,266600.0,169,3,12.493508437657445
CUST106228,21,F,Chennai,Retail,Salaried,250000.0,82,4,12.429220196836383
CUST106229,45,F,Lucknow,HNWI,Business Owner,278700.0,166,1,12.537894801551152
CUST106230,46,F,Bangalore,Retail,Salaried,545600.0,216,1,13.209643218354284
CUST106231,55,F,Ahmedabad,Retail,Salaried,555600.0,14,3,13.227805689716718
CUST106232,29,F,Pune,HNWI,Salaried,502300.0,124,2,13.12695482057828
CUST106233,29,M,Bangalore,HNWI,Student,256000.0,158,3,12.45293662970407
CUST106234,62,M,Chandigarh,Mass Affluent,Salaried,522800.0,236,1,13.166956173507728
CUST106235,57,F,Kolkata,Mass Affluent,Salaried,347300.0,123,4,12.757947118083045
CUST106236,64,F,Mumbai,Mass Affluent,Salaried,250000.0,211,2,12.429220196836383
CUST106237,35,M,Pune,Mass Affluent,Self-Employed,337400.0,183,2,12.729027412930751
CUST106238,74,M,Chandigarh,Retail,Salaried,456500.0,190,1,13.031346169595265
CUST106239,35,F,Surat,Retail,Self-Employed,250000.0,28,1,12.429220196836383
CUST106240,56,F,Lucknow,Retail,Salaried,250000.0,123,2,12.429220196836383
CUST106241,29,M,Bhopal,Retail,Retired,250000.0,180,2,12.429220196836383
CUST106242,70,F,Delhi,Mass Affluent,Self-Employed,250000.0,35,4,12.429220196836383
CUST106243,38,M,Jaipur,Mass Affluent,Self-Employed,250000.0,231,3,12.429220196836383
CUST106244,64,M,Chennai,Retail,Salaried,250000.0,166,2,12.429220196836383
CUST106245,38,F,Surat,HNWI,Salaried,486600.0,205,4,13.095199764405486
CUST106246,63,F,Indore,HNWI,Salaried,481100.0,154,1,13.083832506255328
CUST106247,45,F,Delhi,Mass Affluent,Salaried,325300.0,215,3,12.692506186542177
CUST106248,24,M,Bangalore,SME,Salaried,299000.0,216,2,12.608202196848836
CUST106249,31,M,Chandigarh,Retail,Salaried,938900.0,23,1,13.752465321322225
CUST106250,57,F,Ahmedabad,Retail,Salaried,250000.0,225,3,12.429220196836383
CUST106251,31,F,Chennai,Retail,Salaried,310100.0,129,5,12.644653329849545
CUST106252,35,F,Bangalore,Mass Affluent,Salaried,250000.0,120,2,12.429220196836383
CUST106253,50,M,Kolkata,Retail,Salaried,250000.0,63,3,12.429220196836383
CUST106254,34,F,Mumbai,Corporate,Business Owner,546300.0,100,2,13.210925384878198
CUST106255,27,M,Hyderabad,Retail,Salaried,250000.0,133,2,12.429220196836383
CUST106256,54,F,Bangalore,Mass Affluent,Business Owner,407100.0,130,2,12.916816590886972
CUST106257,58,F,Delhi,Mass Affluent,Salaried,250000.0,171,1,12.429220196836383
CUST106258,60,M,Chandigarh,Retail,Student,566900.0,164,1,13.247939964290378
CUST106259,71,M,Kochi,HNWI,Salaried,250000.0,180,3,12.429220196836383
CUST106260,27,F,Chandigarh,Mass Affluent,Salaried,539500.0,141,2,13.198399917246727
CUST106261,44,M,Hyderabad,HNWI,Self-Employed,458900.0,238,2,13.036589779504542
CUST106262,33,M,Chennai,Mass Affluent,Salaried,250000.0,211,1,12.429220196836383
CUST106263,69,F,Chennai,Mass Affluent,Salaried,250000.0,230,1,12.429220196836383
CUST106264,50,F,Jaipur,Retail,Salaried,495100.0,175,2,13.112517061141455
CUST106265,26,M,Bangalore,HNWI,Student,716700.0,63,2,13.482414017264977
CUST106266,58,F,Hyderabad,Retail,Business Owner,412200.0,231,2,12.929266373442346
CUST106267,23,M,Chandigarh,Retail,Salaried,250000.0,220,3,12.429220196836383
CUST106268,35,M,Kolkata,Retail,Business Owner,250000.0,75,3,12.429220196836383
CUST106269,59,M,Kochi,Mass Affluent,Salaried,377000.0,212,1,12.840003118946523
CUST106270,48,M,Hyderabad,Retail,Salaried,250000.0,128,1,12.429220196836383
CUST106271,62,F,Bhopal,SME,Salaried,250000.0,175,1,12.429220196836383
CUST106272,51,F,Surat,Retail,Salaried,250000.0,86,2,12.429220196836383
CUST106273,66,M,Indore,Retail,Retired,455500.0,66,1,13.029153191069422
CUST106274,51,M,Ahmedabad,Retail,Business Owner,793200.0,100,2,13.58383193634307
CUST106275,24,M,Bhopal,Retail,Retired,496900.0,50,1,13.116146090065747
CUST106276,24,M,Kolkata,Retail,Self-Employed,269900.0,39,2,12.505810504075185
CUST106277,62,F,Ahmedabad,HNWI,Salaried,250000.0,107,2,12.429220196836383
CUST106278,23,F,Mumbai,Retail,Business Owner,400500.0,227,5,12.900471542366335
CUST106279,41,M,Bangalore,Retail,Salaried,728900.0,15,4,13.49929319929967
CUST106280,21,F,Kochi,Retail,Business Owner,490000.0,82,5,13.102162710901053
CUST106281,37,M,Chennai,Retail,Salaried,304000.0,72,3,12.624786269856633
CUST106282,53,M,Delhi,SME,Business Owner,250000.0,54,5,12.429220196836383
CUST106283,30,F,Chennai,Retail,Self-Employed,330100.0,23,1,12.70715394722173
CUST106284,46,M,Kolkata,HNWI,Salaried,536500.0,47,2,13.192823704984052
CUST106285,74,F,Surat,Mass Affluent,Salaried,308500.0,128,3,12.639480363813412
CUST106286,24,M,Delhi,Retail,Salaried,252200.0,105,2,12.437981667612153
CUST106287,24,M,Mumbai,Corporate,Salaried,250000.0,150,1,12.429220196836383
CUST106288,35,F,Surat,Retail,Business Owner,1268900.0,206,3,14.053661729468862
CUST106289,65,F,Bangalore,Corporate,Salaried,250000.0,32,5,12.429220196836383
CUST106290,42,F,Pune,Mass Affluent,Salaried,250000.0,83,2,12.429220196836383
CUST106291,55,F,Surat,Retail,Salaried,296100.0,210,1,12.5984558913214
CUST106292,22,M,Ahmedabad,Corporate,Salaried,250000.0,61,1,12.429220196836383
CUST106293,60,M,Delhi,Retail,Salaried,495800.0,28,1,13.113929915523508
CUST106294,24,M,Surat,SME,Business Owner,506000.0,62,3,13.134293924552235
CUST106295,59,F,Mumbai,SME,Self-Employed,250000.0,98,2,12.429220196836383
CUST106296,28,M,Hyderabad,Retail,Retired,250000.0,65,1,12.429220196836383
CUST106297,67,F,Delhi,Retail,Salaried,250000.0,123,4,12.429220196836383
CUST106298,36,M,Ahmedabad,Corporate,Salaried,429600.0,53,2,12.970612149920823
CUST106299,30,F,Surat,Retail,Salaried,347000.0,142,3,12.757082940769225
CUST106300,39,M,Lucknow,HNWI,Salaried,250000.0,208,4,12.429220196836383
CUST106301,21,F,Bangalore,Retail,Salaried,305500.0,80,3,12.629708330910852
CUST106302,29,M,Kolkata,Retail,Salaried,250000.0,132,5,12.429220196836383
CUST106303,53,F,Bangalore,Mass Affluent,Self-Employed,250000.0,172,4,12.429220196836383
CUST106304,37,M,Kolkata,HNWI,Salaried,250000.0,21,1,12.429220196836383
CUST106305,40,F,Hyderabad,HNWI,Self-Employed,292800.0,85,2,12.587248476364008
CUST106306,64,F,Kochi,Mass Affluent,Self-Employed,292100.0,154,5,12.58485491185508
CUST106307,27,F,Kochi,Retail,Self-Employed,250000.0,65,3,12.429220196836383
CUST106308,42,F,Indore,Retail,Salaried,345500.0,102,2,12.75275081654168
CUST106309,31,F,Hyderabad,Retail,Self-Employed,506000.0,112,4,13.134293924552235
CUST106310,47,M,Mumbai,Retail,Salaried,250000.0,225,3,12.429220196836383
CUST106311,38,F,Mumbai,Retail,Salaried,250000.0,32,2,12.429220196836383
CUST106312,23,M,Indore,Mass Affluent,Salaried,365200.0,154,1,12.808203165924832
CUST106313,24,F,Bhopal,Retail,Salaried,267300.0,232,4,12.496130643234865
CUST106314,67,F,Hyderabad,Retail,Salaried,250000.0,217,4,12.429220196836383
CUST106315,24,F,Bhopal,Mass Affluent,Self-Employed,250000.0,134,4,12.429220196836383
CUST106316,63,M,Ahmedabad,Retail,Business Owner,250000.0,96,3,12.429220196836383
CUST106317,70,M,Bangalore,SME,Salaried,250000.0,39,1,12.429220196836383
CUST106318,46,M,Chennai,Retail,Salaried,250000.0,67,2,12.429220196836383
CUST106319,37,M,Hyderabad,Retail,Salaried,686700.0,192,2,13.439654250847695
CUST106320,62,F,Kochi,Corporate,Student,250000.0,12,1,12.429220196836383
CUST106321,74,F,Bangalore,Mass Affluent,Salaried,250000.0,174,3,12.429220196836383
CUST106322,27,M,Bangalore,Corporate,Salaried,283400.0,223,1,12.554618134814001
CUST106323,73,M,Surat,Retail,Salaried,765800.0,106,2,13.548677623848453
CUST106324,71,M,Chennai,Retail,Business Owner,250000.0,195,4,12.429220196836383
CUST106325,28,F,Hyderabad,Mass Affluent,Salaried,250000.0,236,3,12.429220196836383
CUST106326,23,M,Indore,Retail,Salaried,250000.0,184,1,12.429220196836383
CUST106327,59,F,Bhopal,Mass Affluent,Salaried,381000.0,123,1,12.850557278777309
CUST106328,25,M,Jaipur,Retail,Self-Employed,250000.0,138,2,12.429220196836383
CUST106329,53,F,Indore,Retail,Salaried,250000.0,55,2,12.429220196836383
CUST106330,24,M,Indore,Retail,Student,250000.0,36,4,12.429220196836383
CUST106331,58,M,Jaipur,HNWI,Retired,258100.0,191,2,12.46110626016646
CUST106332,33,M,Indore,Retail,Salaried,370000.0,127,1,12.821260987319457
CUST106333,26,F,Mumbai,SME,Retired,250000.0,223,3,12.429220196836383
CUST106334,24,F,Mumbai,Retail,Business Owner,250000.0,179,2,12.429220196836383
CUST106335,31,M,Bhopal,Mass Affluent,Salaried,275700.0,67,4,12.52707222413625
CUST106336,50,M,Bangalore,Retail,Business Owner,250000.0,231,1,12.429220196836383
CUST106337,25,F,Surat,Mass Affluent,Salaried,254000.0,7,2,12.445093483000798
CUST106338,64,M,Pune,Corporate,Salaried,355200.0,28,2,12.780439105411505
CUST106339,53,M,Kochi,Mass Affluent,Salaried,250000.0,148,2,12.429220196836383
CUST106340,37,M,Lucknow,Retail,Business Owner,322500.0,147,2,12.683861515988351
CUST106341,74,F,Delhi,HNWI,Retired,250000.0,177,2,12.429220196836383
CUST106342,56,M,Kolkata,Retail,Salaried,250000.0,157,3,12.429220196836383
CUST106343,57,F,Surat,Mass Affluent,Self-Employed,250000.0,67,1,12.429220196836383
CUST106344,30,M,Bhopal,HNWI,Self-Employed,608800.0,40,1,13.319246728103822
CUST106345,59,F,Indore,Retail,Retired,250000.0,231,1,12.429220196836383
CUST106346,51,M,Bhopal,Mass Affluent,Salaried,250000.0,85,1,12.429220196836383
CUST106347,74,F,Chandigarh,HNWI,Salaried,264100.0,45,2,12.484086884722583
CUST106348,46,F,Bhopal,Retail,Salaried,540500.0,22,1,13.200251766198448
CUST106349,57,M,Jaipur,Retail,Salaried,863500.0,193,1,13.668750334645791
CUST106350,39,M,Kolkata,Retail,Salaried,250000.0,203,5,12.429220196836383
CUST106351,23,M,Ahmedabad,HNWI,Salaried,370900.0,211,2,12.823690459618561
CUST106352,27,M,Kochi,Mass Affluent,Salaried,253500.0,205,4,12.44312304677877
CUST106353,67,M,Pune,Retail,Retired,252600.0,45,3,12.439566447718878
CUST106354,60,F,Indore,Retail,Salaried,316100.0,9,1,12.663817061754543
CUST106355,40,F,Surat,Retail,Salaried,250000.0,123,2,12.429220196836383
CUST106356,58,F,Hyderabad,Retail,Business Owner,260700.0,124,2,12.471129435740856
CUST106357,21,F,Bhopal,Retail,Salaried,351700.0,12,1,12.770536661790418
CUST106358,23,F,Indore,Retail,Self-Employed,250000.0,211,1,12.429220196836383
CUST106359,48,M,Jaipur,Retail,Business Owner,353100.0,156,1,12.774509413971375
CUST106360,54,M,Bangalore,Mass Affluent,Salaried,250000.0,165,1,12.429220196836383
CUST106361,71,M,Hyderabad,Mass Affluent,Salaried,283800.0,133,1,12.556028567310046
CUST106362,62,F,Indore,Retail,Salaried,600400.0,238,1,13.305353044296353
CUST106363,34,M,Mumbai,Mass Affluent,Salaried,250000.0,188,2,12.429220196836383
CUST106364,65,M,Ahmedabad,Retail,Self-Employed,250000.0,141,1,12.429220196836383
CUST106365,47,F,Lucknow,Retail,Salaried,250000.0,123,3,12.429220196836383
CUST106366,65,M,Hyderabad,SME,Salaried,339200.0,201,1,12.734348131008748
CUST106367,30,M,Indore,Mass Affluent,Salaried,468300.0,88,3,13.056866530552654
CUST106368,22,M,Ahmedabad,Retail,Salaried,259500.0,207,3,12.466515835145202
CUST106369,24,M,Mumbai,Retail,Salaried,250000.0,37,2,12.429220196836383
CUST106370,74,M,Chennai,Mass Affluent,Salaried,250000.0,14,2,12.429220196836383
CUST106371,25,M,Kolkata,Retail,Salaried,289100.0,17,2,12.574531387009179
CUST106372,71,F,Hyderabad,SME,Self-Employed,250000.0,91,2,12.429220196836383
CUST106373,60,M,Chandigarh,Retail,Retired,250000.0,129,1,12.429220196836383
CUST106374,28,F,Kolkata,Retail,Business Owner,707800.0,215,2,13.469918259720984
CUST106375,67,M,Ahmedabad,Mass Affluent,Salaried,250000.0,221,3,12.429220196836383
CUST106376,28,M,Jaipur,Mass Affluent,Salaried,250000.0,13,2,12.429220196836383
CUST106377,28,M,Hyderabad,Mass Affluent,Self-Employed,308300.0,185,5,12.638831857462883
CUST106378,52,F,Jaipur,SME,Self-Employed,250000.0,53,4,12.429220196836383
CUST106379,36,F,Kolkata,Corporate,Student,250000.0,97,1,12.429220196836383
CUST106380,36,M,Mumbai,Retail,Salaried,316000.0,206,3,12.663500657121004
CUST106381,31,F,Pune,Retail,Salaried,312900.0,236,1,12.653642125561102
CUST106382,53,M,Jaipur,Retail,Salaried,250000.0,191,3,12.429220196836383
CUST106383,22,M,Delhi,Mass Affluent,Retired,250000.0,49,3,12.429220196836383
CUST106384,34,F,Kochi,Mass Affluent,Self-Employed,276400.0,14,2,12.529607988814114
CUST106385,50,F,Lucknow,Retail,Business Owner,296600.0,239,2,12.600143080224452
CUST106386,47,M,Chennai,SME,Self-Employed,358600.0,61,2,12.789965628771702
CUST106387,58,M,Jaipur,Retail,Student,250000.0,59,1,12.429220196836383
CUST106388,32,M,Chennai,Corporate,Salaried,330500.0,128,2,12.70836496398791
CUST106389,55,F,Lucknow,Corporate,Retired,474600.0,45,4,13.070229730019086
CUST106390,62,M,Bangalore,Retail,Retired,276000.0,161,2,12.52815976788113
CUST106391,41,F,Lucknow,Retail,Business Owner,252300.0,206,1,12.438378098156768
CUST106392,34,F,Mumbai,Retail,Retired,250000.0,86,2,12.429220196836383
CUST106393,50,M,Mumbai,Corporate,Salaried,250000.0,115,3,12.429220196836383
CUST106394,52,M,Hyderabad,Retail,Self-Employed,250000.0,216,2,12.429220196836383
CUST106395,26,F,Bangalore,Corporate,Self-Employed,250000.0,214,1,12.429220196836383
CUST106396,51,M,Ahmedabad,Mass Affluent,Business Owner,351700.0,27,3,12.770536661790418
CUST106397,29,F,Bangalore,Mass Affluent,Business Owner,250000.0,181,1,12.429220196836383
CUST106398,51,F,Hyderabad,Corporate,Business Owner,256500.0,10,2,12.45488784222084
CUST106399,71,F,Delhi,Retail,Salaried,250000.0,42,2,12.429220196836383
CUST106400,50,M,Bhopal,HNWI,Business Owner,779700.0,152,4,13.566665791841437
CUST106401,62,M,Kochi,Retail,Retired,414000.0,34,4,12.933623668263472
CUST106402,37,M,Hyderabad,Retail,Self-Employed,410000.0,49,3,12.923914877701906
CUST106403,70,M,Delhi,Retail,Salaried,466000.0,110,4,13.051943059028227
CUST106404,64,F,Indore,Retail,Business Owner,250000.0,103,1,12.429220196836383
CUST106405,70,M,Surat,HNWI,Business Owner,613000.0,137,3,13.326121846238388
CUST106406,61,F,Bhopal,Retail,Salaried,295200.0,221,3,12.595411759236592
CUST106407,56,F,Bangalore,Mass Affluent,Self-Employed,261200.0,105,3,12.473045504861005
CUST106408,49,F,Kolkata,Retail,Self-Employed,250000.0,77,3,12.429220196836383
CUST106409,71,F,Delhi,Mass Affluent,Self-Employed,250000.0,55,1,12.429220196836383
CUST106410,66,F,Pune,Corporate,Salaried,250000.0,211,1,12.429220196836383
CUST106411,43,M,Bangalore,Mass Affluent,Salaried,250000.0,56,3,12.429220196836383
CUST106412,25,F,Mumbai,SME,Retired,250000.0,6,1,12.429220196836383
CUST106413,21,F,Ahmedabad,Retail,Retired,250000.0,125,1,12.429220196836383
CUST106414,33,M,Chandigarh,Retail,Salaried,250000.0,177,5,12.429220196836383
CUST106415,24,M,Lucknow,Mass Affluent,Retired,409300.0,9,5,12.92220610567321
CUST106416,32,F,Kochi,Retail,Salaried,382900.0,154,2,12.855531749109925
CUST106417,26,M,Indore,Mass Affluent,Salaried,739600.0,108,1,13.5138661305764
CUST106418,73,M,Chandigarh,HNWI,Self-Employed,727100.0,187,2,13.496820673963843
CUST106419,26,F,Delhi,Retail,Salaried,294700.0,13,1,12.593716562001331
CUST106420,54,F,Hyderabad,Corporate,Salaried,495900.0,215,1,13.114131589010784
CUST106421,39,F,Lucknow,Retail,Retired,313900.0,210,1,12.656832928552909
CUST106422,30,F,Indore,Mass Affluent,Salaried,250000.0,166,4,12.429220196836383
CUST106423,58,F,Kochi,Retail,Salaried,250000.0,151,2,12.429220196836383
CUST106424,73,F,Surat,Mass Affluent,Salaried,393700.0,170,1,12.883347016933683
CUST106425,63,F,Chennai,Retail,Self-Employed,3118200.0,43,3,14.952766790922375
CUST106426,73,F,Kolkata,SME,Self-Employed,540400.0,215,1,13.200066735547594
CUST106427,52,F,Delhi,SME,Salaried,311100.0,185,4,12.647872897281076
CUST106428,57,F,Chennai,Mass Affluent,Salaried,358700.0,182,1,12.790244451361485
CUST106429,28,F,Bangalore,Mass Affluent,Salaried,356800.0,121,1,12.784933482374647
CUST106430,67,F,Chandigarh,Mass Affluent,Self-Employed,254200.0,38,2,12.44588057164006
CUST106431,61,M,Delhi,Mass Affluent,Retired,422500.0,125,1,12.95394709264047
CUST106432,34,F,Kolkata,Mass Affluent,Salaried,250000.0,133,1,12.429220196836383
CUST106433,40,F,Bhopal,Mass Affluent,Retired,250000.0,65,4,12.429220196836383
CUST106434,53,F,Chandigarh,Corporate,Student,358300.0,222,4,12.789128694246449
CUST106435,21,F,Kolkata,Mass Affluent,Salaried,388200.0,98,4,12.869278525705486
CUST106436,65,F,Pune,Retail,Salaried,250000.0,229,3,12.429220196836383
CUST106437,36,M,Ahmedabad,Corporate,Self-Employed,323200.0,211,1,12.686029699683697
CUST106438,25,M,Indore,Retail,Retired,477600.0,23,5,13.076530934860683
CUST106439,38,M,Kochi,Retail,Salaried,260100.0,40,3,12.468825296104477
CUST106440,66,M,Ahmedabad,SME,Salaried,250000.0,97,2,12.429220196836383
CUST106441,35,M,Kolkata,Retail,Self-Employed,250000.0,151,3,12.429220196836383
CUST106442,50,M,Kolkata,Retail,Business Owner,250000.0,32,2,12.429220196836383
CUST106443,64,M,Lucknow,Mass Affluent,Salaried,674000.0,56,3,13.420986873572868
CUST106444,22,M,Indore,Corporate,Salaried,250000.0,206,4,12.429220196836383
CUST106445,62,F,Delhi,Retail,Salaried,332900.0,110,5,12.71560042746368
CUST106446,36,F,Kochi,Mass Affluent,Student,250000.0,136,3,12.429220196836383
CUST106447,58,M,Ahmedabad,Retail,Self-Employed,250000.0,130,4,12.429220196836383
CUST106448,31,F,Bangalore,Retail,Salaried,250000.0,232,2,12.429220196836383
CUST106449,28,F,Delhi,Retail,Business Owner,285000.0,34,2,12.560247968016562
CUST106450,63,F,Kolkata,Retail,Salaried,250000.0,127,3,12.429220196836383
CUST106451,64,M,Hyderabad,SME,Retired,576200.0,24,2,13.264211837139563
CUST106452,73,F,Delhi,Mass Affluent,Salaried,251600.0,16,1,12.435599778363322
CUST106453,57,M,Chennai,Corporate,Salaried,261300.0,119,2,12.473428278520133
CUST106454,46,M,Indore,Corporate,Salaried,250000.0,217,2,12.429220196836383
CUST106455,31,M,Surat,SME,Salaried,335300.0,101,2,12.72278391485369
CUST106456,36,F,Hyderabad,HNWI,Business Owner,656400.0,173,3,13.394527161658216
CUST106457,55,M,Surat,Retail,Salaried,250000.0,221,4,12.429220196836383
CUST106458,39,F,Pune,Corporate,Salaried,317000.0,7,1,12.666660207428574
CUST106459,47,F,Kochi,Mass Affluent,Business Owner,250000.0,169,3,12.429220196836383
CUST106460,30,F,Hyderabad,Retail,Salaried,559000.0,216,1,13.233906541044401
CUST106461,44,M,Mumbai,Retail,Salaried,251500.0,215,2,12.435202244657168
CUST106462,33,M,Chennai,Retail,Salaried,250000.0,178,4,12.429220196836383
CUST106463,27,M,Chandigarh,Mass Affluent,Student,250000.0,223,4,12.429220196836383
CUST106464,28,F,Jaipur,HNWI,Self-Employed,437300.0,146,2,12.988377024158059
CUST106465,48,M,Mumbai,Mass Affluent,Business Owner,250000.0,10,4,12.429220196836383
CUST106466,40,F,Chandigarh,Retail,Business Owner,317100.0,235,4,12.666975614100778
CUST106467,26,M,Indore,Retail,Salaried,250000.0,211,1,12.429220196836383
CUST106468,48,F,Jaipur,Corporate,Salaried,250000.0,50,2,12.429220196836383
CUST106469,29,F,Kochi,Retail,Self-Employed,250000.0,230,3,12.429220196836383
CUST106470,21,F,Bangalore,Retail,Salaried,250000.0,158,1,12.429220196836383
CUST106471,28,F,Jaipur,HNWI,Student,250000.0,111,3,12.429220196836383
CUST106472,45,F,Bhopal,Corporate,Salaried,378200.0,197,2,12.843181079306648
CUST106473,72,M,Pune,Mass Affluent,Salaried,250000.0,154,2,12.429220196836383
CUST106474,34,F,Mumbai,Mass Affluent,Self-Employed,345500.0,190,2,12.75275081654168
CUST106475,36,F,Kochi,Retail,Salaried,250000.0,86,1,12.429220196836383
CUST106476,34,F,Surat,SME,Self-Employed,387200.0,97,2,12.866699217025852
CUST106477,40,M,Kochi,Mass Affluent,Business Owner,344200.0,29,4,12.74898106804298
CUST106478,59,M,Lucknow,HNWI,Business Owner,250000.0,214,3,12.429220196836383
CUST106479,38,F,Bangalore,Retail,Retired,250000.0,67,2,12.429220196836383
CUST106480,56,F,Delhi,Mass Affluent,Salaried,476100.0,38,3,13.073385295579481
CUST106481,69,F,Kochi,Retail,Salaried,250000.0,24,1,12.429220196836383
CUST106482,72,M,Indore,Mass Affluent,Retired,362400.0,96,1,12.800506612529052
CUST106483,51,M,Delhi,Mass Affluent,Salaried,273400.0,119,2,12.518694860909774
CUST106484,59,M,Jaipur,HNWI,Salaried,250000.0,201,1,12.429220196836383
CUST106485,70,F,Ahmedabad,Retail,Salaried,347200.0,158,1,12.757659141948515
CUST106486,63,F,Kolkata,Corporate,Self-Employed,609700.0,194,3,13.320723952045457
CUST106487,37,F,Lucknow,Retail,Self-Employed,390500.0,7,4,12.875185809078062
CUST106488,28,M,Bhopal,Mass Affluent,Salaried,290000.0,12,1,12.577639650232573
CUST106489,27,M,Indore,Retail,Salaried,709900.0,59,2,13.47288080267559
CUST106490,68,F,Bangalore,Retail,Salaried,250000.0,96,3,12.429220196836383
CUST106491,51,F,Pune,Corporate,Salaried,250000.0,23,4,12.429220196836383
CUST106492,37,M,Chandigarh,Retail,Salaried,250000.0,209,1,12.429220196836383
CUST106493,39,F,Hyderabad,Corporate,Business Owner,628800.0,231,4,13.351570110426659
CUST106494,36,M,Indore,Retail,Student,472500.0,119,5,13.065795142315812
CUST106495,64,M,Ahmedabad,Mass Affluent,Business Owner,250000.0,193,1,12.429220196836383
CUST106496,54,F,Ahmedabad,Retail,Business Owner,250000.0,50,1,12.429220196836383
CUST106497,68,F,Hyderabad,Mass Affluent,Student,250000.0,13,3,12.429220196836383
CUST106498,37,F,Bhopal,Corporate,Self-Employed,261900.0,216,1,12.475721848739754
CUST106499,46,F,Ahmedabad,Mass Affluent,Self-Employed,461000.0,196,1,13.04115549117383
CUST106500,27,F,Jaipur,Retail,Business Owner,481900.0,183,4,13.08549397774559
CUST106501,73,F,Pune,HNWI,Self-Employed,315200.0,199,3,12.66096580954966
CUST106502,48,F,Delhi,HNWI,Salaried,250000.0,172,3,12.429220196836383
CUST106503,50,F,Kochi,Retail,Salaried,253400.0,194,3,12.442728493191302
CUST106504,43,M,Chennai,Mass Affluent,Self-Employed,404300.0,232,2,12.909914929036637
CUST106505,35,F,Hyderabad,Mass Affluent,Retired,1097300.0,211,3,13.90836408630628
CUST106506,72,M,Kochi,HNWI,Self-Employed,250000.0,214,4,12.429220196836383
CUST106507,47,F,Bangalore,Retail,Salaried,696100.0,115,3,13.45325004373093
CUST106508,57,F,Surat,Retail,Self-Employed,310700.0,197,2,12.646586313914742
CUST106509,23,F,Ahmedabad,SME,Business Owner,439000.0,62,3,12.992256969959042
CUST106510,35,F,Kochi,Mass Affluent,Business Owner,299900.0,79,3,12.611207699176356
CUST106511,64,M,Mumbai,Mass Affluent,Salaried,623100.0,209,2,13.342463903409858
CUST106512,25,M,Kochi,SME,Salaried,327000.0,91,2,12.69771850797869
CUST106513,26,M,Hyderabad,Retail,Salaried,250000.0,201,2,12.429220196836383
CUST106514,64,M,Bhopal,Retail,Retired,351500.0,121,2,12.769967835179024
CUST106515,37,F,Kolkata,HNWI,Salaried,527600.0,70,1,13.176095595198785
CUST106516,35,F,Mumbai,HNWI,Business Owner,268400.0,102,1,12.500237409855137
CUST106517,51,F,Ahmedabad,SME,Salaried,250000.0,141,1,12.429220196836383
CUST106518,31,M,Mumbai,Mass Affluent,Student,250500.0,20,1,12.431218191515056
CUST106519,23,M,Chennai,Retail,Salaried,284600.0,136,2,12.55884347833516
CUST106520,21,F,Surat,Retail,Self-Employed,261200.0,30,3,12.473045504861005
CUST106521,25,F,Jaipur,Retail,Self-Employed,250000.0,120,3,12.429220196836383
CUST106522,29,M,Surat,SME,Business Owner,593500.0,81,3,13.293794177950407
CUST106523,58,F,Bhopal,Retail,Business Owner,250000.0,148,2,12.429220196836383
CUST106524,37,F,Ahmedabad,Mass Affluent,Salaried,283900.0,202,3,12.55638086482189
CUST106525,24,F,Jaipur,Retail,Salaried,286300.0,25,3,12.564798983919784
CUST106526,21,M,Mumbai,Retail,Salaried,943100.0,25,3,13.756928660864359
CUST106527,46,M,Chennai,Retail,Self-Employed,266000.0,112,3,12.491255347155265
CUST106528,66,F,Surat,Mass Affluent,Self-Employed,350600.0,182,1,12.767404103718484
CUST106529,39,F,Mumbai,Retail,Salaried,289200.0,71,2,12.57487722707543
CUST106530,24,M,Kolkata,SME,Business Owner,284000.0,189,3,12.556733038263905
CUST106531,33,M,Bangalore,Corporate,Salaried,772800.0,6,1,13.557776855875467
CUST106532,47,F,Indore,Retail,Salaried,250000.0,75,1,12.429220196836383
CUST106533,31,M,Jaipur,Corporate,Salaried,250000.0,127,2,12.429220196836383
CUST106534,73,M,Lucknow,Retail,Self-Employed,421900.0,152,2,12.952525968339533
CUST106535,62,F,Surat,Retail,Salaried,313000.0,91,4,12.653961664405365
CUST106536,39,M,Hyderabad,Retail,Retired,250000.0,212,3,12.429220196836383
CUST106537,72,F,Mumbai,Corporate,Self-Employed,257200.0,106,1,12.457613159362927
CUST106538,38,F,Kolkata,Mass Affluent,Self-Employed,464300.0,154,2,13.048288327785578
CUST106539,28,M,Bangalore,Retail,Salaried,359000.0,32,3,12.791080452981857
CUST106540,71,M,Chennai,HNWI,Business Owner,250000.0,223,3,12.429220196836383
CUST106541,72,F,Chennai,HNWI,Retired,309500.0,124,2,12.64271660211934
CUST106542,37,F,Kochi,HNWI,Salaried,260400.0,116,1,12.469978029554953
CUST106543,53,F,Chennai,Mass Affluent,Salaried,355800.0,69,4,12.782126864777657
CUST106544,30,M,Bangalore,Corporate,Salaried,250000.0,148,2,12.429220196836383
CUST106545,55,M,Chandigarh,Mass Affluent,Salaried,250000.0,6,1,12.429220196836383
CUST106546,58,F,Mumbai,Retail,Salaried,401700.0,111,1,12.90346330976424
CUST106547,59,M,Hyderabad,Corporate,Self-Employed,372900.0,188,3,12.829068247847413
CUST106548,51,F,Kolkata,Retail,Salaried,627300.0,187,3,13.349181768217152
CUST106549,59,F,Mumbai,HNWI,Business Owner,250000.0,152,1,12.429220196836383
CUST106550,50,M,Bhopal,Mass Affluent,Salaried,257200.0,93,2,12.457613159362927
CUST106551,65,F,Kolkata,Retail,Self-Employed,250000.0,129,5,12.429220196836383
CUST106552,30,M,Kochi,Retail,Retired,250000.0,45,2,12.429220196836383
CUST106553,47,M,Bangalore,Mass Affluent,Salaried,250000.0,151,2,12.429220196836383
CUST106554,43,M,Ahmedabad,Corporate,Salaried,250000.0,56,2,12.429220196836383
CUST106555,49,F,Delhi,Corporate,Salaried,315600.0,81,1,12.662234036516644
CUST106556,28,F,Hyderabad,Mass Affluent,Salaried,250000.0,177,4,12.429220196836383
CUST106557,38,F,Pune,Retail,Business Owner,250000.0,34,1,12.429220196836383
CUST106558,72,M,Indore,Retail,Business Owner,633000.0,83,1,13.358227280903897
CUST106559,26,F,Chennai,HNWI,Self-Employed,1114900.0,89,1,13.92427616969669
CUST106560,55,M,Kochi,Retail,Student,259400.0,227,1,12.466130405907165
CUST106561,56,F,Delhi,HNWI,Salaried,250000.0,190,2,12.429220196836383
CUST106562,46,M,Hyderabad,Retail,Salaried,340400.0,93,4,12.73787961339737
CUST106563,22,M,Lucknow,Retail,Salaried,250000.0,148,1,12.429220196836383
CUST106564,22,F,Ahmedabad,Mass Affluent,Self-Employed,250000.0,62,1,12.429220196836383
CUST106565,35,M,Ahmedabad,Mass Affluent,Salaried,343900.0,191,2,12.748109104238171
CUST106566,26,F,Surat,Mass Affluent,Salaried,250000.0,86,4,12.429220196836383
CUST106567,26,M,Delhi,Retail,Student,250000.0,217,5,12.429220196836383
CUST106568,29,M,Surat,Corporate,Salaried,250000.0,214,5,12.429220196836383
CUST106569,31,F,Indore,Mass Affluent,Salaried,277500.0,64,1,12.533579815765737
CUST106570,66,M,Kochi,HNWI,Salaried,526500.0,101,3,13.174008509889596
CUST106571,55,F,Chennai,Mass Affluent,Salaried,250000.0,219,3,12.429220196836383
CUST106572,22,M,Kolkata,Retail,Salaried,265200.0,28,1,12.4882433080258
CUST106573,54,F,Chandigarh,Mass Affluent,Salaried,250000.0,161,3,12.429220196836383
CUST106574,28,F,Kochi,Mass Affluent,Salaried,250000.0,126,3,12.429220196836383
CUST106575,43,M,Bhopal,Mass Affluent,Business Owner,250000.0,137,3,12.429220196836383
CUST106576,23,M,Bhopal,Mass Affluent,Salaried,430000.0,139,1,12.971542813248437
CUST106577,25,F,Pune,Retail,Self-Employed,250000.0,123,2,12.429220196836383
CUST106578,28,F,Delhi,Corporate,Self-Employed,250000.0,86,2,12.429220196836383
CUST106579,44,M,Hyderabad,Retail,Business Owner,343100.0,115,1,12.74578014344445
CUST106580,46,M,Chennai,Retail,Retired,463200.0,234,1,13.045916364133237
CUST106581,40,M,Indore,HNWI,Salaried,349500.0,23,3,12.764261701882237
CUST106582,54,M,Chennai,Retail,Salaried,256900.0,43,1,12.456446075655599
CUST106583,59,M,Kolkata,SME,Salaried,250000.0,18,1,12.429220196836383
CUST106584,60,M,Indore,Retail,Salaried,467500.0,152,1,13.055156766746023
CUST106585,52,F,Bangalore,Retail,Business Owner,250000.0,83,1,12.429220196836383
CUST106586,50,F,Lucknow,Retail,Self-Employed,250000.0,16,1,12.429220196836383
CUST106587,47,M,Jaipur,Retail,Salaried,604100.0,53,3,13.311496681480536
CUST106588,33,F,Chandigarh,Retail,Salaried,333100.0,66,3,12.716201026278735
CUST106589,47,F,Ahmedabad,Retail,Retired,340200.0,26,1,12.737291898386962
CUST106590,21,F,Ahmedabad,Retail,Salaried,384300.0,185,2,12.8591813786833
CUST106591,73,F,Indore,Retail,Salaried,253500.0,11,1,12.44312304677877
CUST106592,40,F,Chandigarh,Retail,Retired,250000.0,212,1,12.429220196836383
CUST106593,61,F,Surat,Retail,Self-Employed,312000.0,234,3,12.650761671914688
CUST106594,72,M,Surat,Retail,Salaried,265400.0,220,5,12.48899716877066
CUST106595,47,M,Bhopal,Retail,Salaried,250000.0,55,1,12.429220196836383
CUST106596,67,F,Chandigarh,Retail,Self-Employed,250000.0,59,3,12.429220196836383
CUST106597,46,F,Kochi,Retail,Salaried,260900.0,236,2,12.471896304003637
CUST106598,28,M,Chennai,Retail,Student,250000.0,151,3,12.429220196836383
CUST106599,22,F,Lucknow,Retail,Business Owner,250000.0,133,2,12.429220196836383
CUST106600,28,M,Hyderabad,SME,Self-Employed,250000.0,208,2,12.429220196836383
CUST106601,71,M,Ahmedabad,Retail,Self-Employed,250000.0,50,4,12.429220196836383
CUST106602,46,F,Pune,Retail,Student,341700.0,101,3,12.741691364642852
CUST106603,38,F,Chandigarh,Mass Affluent,Salaried,389700.0,40,5,12.873135057399978
CUST106604,45,M,Jaipur,Mass Affluent,Salaried,250000.0,192,2,12.429220196836383
CUST106605,34,F,Chandigarh,Retail,Business Owner,452200.0,52,5,13.021882050234442
CUST106606,68,F,Indore,HNWI,Salaried,250000.0,36,4,12.429220196836383
CUST106607,74,M,Indore,HNWI,Self-Employed,768300.0,91,2,13.551936862429784
CUST106608,25,M,Bangalore,SME,Salaried,250000.0,138,2,12.429220196836383
CUST106609,59,F,Kochi,SME,Salaried,250000.0,53,4,12.429220196836383
CUST106610,39,F,Hyderabad,Mass Affluent,Salaried,442500.0,216,2,13.000198003314573
CUST106611,23,M,Jaipur,Mass Affluent,Business Owner,346400.0,199,2,12.755352342502277
CUST106612,70,M,Ahmedabad,Retail,Salaried,551800.0,221,1,13.220942753014496
CUST106613,24,M,Hyderabad,Corporate,Salaried,323100.0,91,1,12.685720246824822
CUST106614,32,F,Chandigarh,Mass Affluent,Salaried,1092500.0,96,1,13.90398012128327
CUST106615,22,F,Bhopal,Retail,Salaried,250000.0,129,1,12.429220196836383
CUST106616,46,F,Jaipur,Retail,Self-Employed,502700.0,218,3,13.127750838936695
CUST106617,53,M,Mumbai,Mass Affluent,Student,250000.0,123,2,12.429220196836383
CUST106618,38,M,Bangalore,Mass Affluent,Self-Employed,360400.0,96,1,12.794972579407254
CUST106619,24,M,Hyderabad,Corporate,Self-Employed,403000.0,160,2,12.90669432231532
CUST106620,27,M,Chandigarh,Retail,Salaried,442200.0,37,1,12.999519808823099
CUST106621,71,M,Pune,Corporate,Student,427500.0,239,2,12.965711906537503
CUST106622,64,F,Mumbai,Retail,Retired,250000.0,167,2,12.429220196836383
CUST106623,71,M,Jaipur,Mass Affluent,Business Owner,257500.0,109,5,12.458778882573533
CUST106624,49,M,Chandigarh,Retail,Salaried,250000.0,27,3,12.429220196836383
CUST106625,50,M,Jaipur,Retail,Salaried,250000.0,81,3,12.429220196836383
CUST106626,63,F,Pune,Retail,Salaried,250000.0,140,2,12.429220196836383
CUST106627,54,F,Bangalore,Retail,Salaried,482400.0,233,3,13.086530997361455
CUST106628,44,M,Bhopal,Retail,Salaried,303000.0,119,3,12.621491384816093
CUST106629,36,M,Delhi,Corporate,Retired,250000.0,239,5,12.429220196836383
CUST106630,47,F,Chandigarh,Retail,Salaried,250000.0,127,3,12.429220196836383
CUST106631,24,M,Hyderabad,HNWI,Salaried,673200.0,188,4,13.419799226740347
CUST106632,31,F,Bangalore,HNWI,Retired,250000.0,28,4,12.429220196836383
CUST106633,60,F,Kolkata,Retail,Student,250000.0,192,4,12.429220196836383
CUST106634,67,M,Mumbai,Corporate,Salaried,968300.0,62,2,13.783298268336877
CUST106635,26,F,Mumbai,HNWI,Salaried,250000.0,101,1,12.429220196836383
CUST106636,26,M,Bangalore,HNWI,Business Owner,250000.0,81,2,12.429220196836383
CUST106637,25,M,Surat,Corporate,Student,308400.0,132,5,12.639156163208208
CUST106638,63,F,Indore,Mass Affluent,Self-Employed,250000.0,149,5,12.429220196836383
CUST106639,37,M,Hyderabad,SME,Salaried,250000.0,88,5,12.429220196836383
CUST106640,38,M,Lucknow,Retail,Self-Employed,250000.0,19,2,12.429220196836383
CUST106641,21,M,Kolkata,Retail,Business Owner,250000.0,150,4,12.429220196836383
CUST106642,73,F,Pune,HNWI,Salaried,290800.0,104,2,12.580394463425135
CUST106643,44,M,Kolkata,Retail,Salaried,250000.0,199,3,12.429220196836383
CUST106644,64,M,Bhopal,Mass Affluent,Business Owner,348100.0,168,2,12.760247946533124
CUST106645,59,M,Ahmedabad,Retail,Self-Employed,250000.0,93,2,12.429220196836383
CUST106646,28,F,Ahmedabad,Retail,Salaried,257300.0,18,2,12.45800188477608
CUST106647,64,F,Indore,Corporate,Business Owner,333100.0,131,2,12.716201026278735
CUST106648,50,F,Lucknow,Retail,Self-Employed,326800.0,192,2,12.697106701938823
CUST106649,53,F,Bangalore,Retail,Salaried,250000.0,187,3,12.429220196836383
CUST106650,31,F,Bangalore,Mass Affluent,Salaried,250000.0,84,1,12.429220196836383
CUST106651,66,M,Kolkata,HNWI,Salaried,250000.0,54,3,12.429220196836383
CUST106652,71,M,Delhi,Corporate,Student,562600.0,23,1,13.240325952498099
CUST106653,42,F,Surat,Retail,Salaried,250000.0,148,1,12.429220196836383
CUST106654,25,M,Ahmedabad,Corporate,Business Owner,482600.0,67,1,13.08694550428033
CUST106655,66,M,Mumbai,Mass Affluent,Salaried,530900.0,187,1,13.182330842163886
CUST106656,68,M,Pune,Corporate,Retired,250000.0,145,4,12.429220196836383
CUST106657,48,M,Indore,Retail,Student,250000.0,18,3,12.429220196836383
CUST106658,52,F,Bhopal,Retail,Student,250000.0,167,3,12.429220196836383
CUST106659,33,M,Chandigarh,Mass Affluent,Business Owner,250000.0,65,3,12.429220196836383
CUST106660,24,F,Bhopal,Mass Affluent,Salaried,431600.0,210,3,12.97525682932358
CUST106661,71,M,Lucknow,Retail,Salaried,356500.0,11,4,12.784092323881643
CUST106662,47,M,Bhopal,Mass Affluent,Salaried,314300.0,91,2,12.658106404454157
CUST106663,35,F,Chandigarh,Mass Affluent,Self-Employed,250000.0,7,1,12.429220196836383
CUST106664,58,M,Lucknow,Retail,Salaried,304500.0,154,4,12.626429650198945
CUST106665,22,M,Pune,Mass Affluent,Salaried,250000.0,117,2,12.429220196836383
CUST106666,25,M,Chandigarh,Retail,Salaried,281100.0,130,5,12.54646931434116
CUST106667,34,F,Pune,Corporate,Business Owner,250000.0,169,4,12.429220196836383
CUST106668,45,F,Bangalore,Mass Affluent,Salaried,504100.0,215,2,13.13053192380214
CUST106669,40,M,Delhi,Mass Affluent,Salaried,250000.0,95,5,12.429220196836383
CUST106670,31,F,Jaipur,SME,Self-Employed,308300.0,139,1,12.638831857462883
CUST106671,39,F,Mumbai,Mass Affluent,Salaried,308700.0,151,3,12.640128449875998
CUST106672,39,M,Delhi,Retail,Retired,256400.0,212,3,12.454497904177053
CUST106673,49,F,Hyderabad,Mass Affluent,Self-Employed,285800.0,50,4,12.563051043422098
CUST106674,51,F,Ahmedabad,SME,Business Owner,322000.0,128,2,12.682309930111785
CUST106675,68,M,Ahmedabad,Retail,Salaried,250000.0,201,1,12.429220196836383
CUST106676,64,M,Ahmedabad,Mass Affluent,Salaried,341700.0,71,1,12.741691364642852
CUST106677,36,M,Ahmedabad,Retail,Self-Employed,450600.0,90,2,13.018337526241023
CUST106678,69,F,Chandigarh,Corporate,Salaried,340600.0,111,2,12.738466983201718
CUST106679,49,F,Hyderabad,Mass Affluent,Business Owner,250000.0,171,2,12.429220196836383
CUST106680,31,M,Ahmedabad,SME,Retired,297900.0,162,3,12.604516495526891
CUST106681,39,F,Lucknow,Mass Affluent,Salaried,250000.0,36,2,12.429220196836383
CUST106682,61,M,Chennai,Retail,Business Owner,250000.0,54,1,12.429220196836383
CUST106683,65,M,Bangalore,Mass Affluent,Salaried,250000.0,197,1,12.429220196836383
CUST106684,41,F,Mumbai,Corporate,Salaried,614200.0,163,4,13.328077515121691
CUST106685,29,F,Chennai,Retail,Salaried,857100.0,127,3,13.661311043611297
CUST106686,31,M,Hyderabad,Retail,Self-Employed,250000.0,104,2,12.429220196836383
CUST106687,26,M,Bangalore,HNWI,Student,430100.0,233,2,12.971775343809814
CUST106688,58,M,Chennai,Mass Affluent,Salaried,643500.0,212,1,13.374678860018665
CUST106689,48,M,Surat,Retail,Self-Employed,250000.0,100,1,12.429220196836383
CUST106690,45,F,Indore,Retail,Salaried,250000.0,88,4,12.429220196836383
CUST106691,57,F,Ahmedabad,Retail,Salaried,666700.0,210,1,13.41009694853003
CUST106692,65,M,Mumbai,Mass Affluent,Self-Employed,266700.0,86,1,12.493883459694384
CUST106693,63,M,Kochi,Mass Affluent,Business Owner,250000.0,102,2,12.429220196836383
CUST106694,28,F,Bangalore,Mass Affluent,Self-Employed,276100.0,220,4,12.528522019787818
CUST106695,52,M,Mumbai,Corporate,Retired,250000.0,31,2,12.429220196836383
CUST106696,68,F,Jaipur,Retail,Salaried,1584300.0,170,3,14.275653858556522
CUST106697,62,M,Pune,Mass Affluent,Salaried,250000.0,166,4,12.429220196836383
CUST106698,38,M,Chennai,Retail,Salaried,326600.0,94,4,12.69649452136317
CUST106699,42,M,Chandigarh,Retail,Business Owner,582700.0,48,2,13.275429469278654
CUST106700,69,M,Delhi,Mass Affluent,Salaried,581000.0,207,1,13.272507757002963
CUST106701,22,M,Mumbai,Mass Affluent,Salaried,517900.0,193,2,13.157539383284805
CUST106702,49,F,Jaipur,SME,Business Owner,250000.0,206,5,12.429220196836383
CUST106703,27,M,Pune,Retail,Salaried,250000.0,84,3,12.429220196836383
CUST106704,69,F,Indore,Retail,Self-Employed,250000.0,231,5,12.429220196836383
CUST106705,23,F,Mumbai,Retail,Student,256600.0,183,2,12.455277628272214
CUST106706,22,F,Pune,Mass Affluent,Salaried,273700.0,62,1,12.519791548657462
CUST106707,38,F,Bangalore,Retail,Salaried,418800.0,118,2,12.945151145750263
CUST106708,31,M,Mumbai,Corporate,Student,788000.0,80,4,13.577254637874743
CUST106709,47,M,Pune,HNWI,Self-Employed,411200.0,131,1,12.92683742502675
CUST106710,37,F,Kochi,Mass Affluent,Salaried,510100.0,50,3,13.142364024309018
CUST106711,40,M,Bangalore,Mass Affluent,Business Owner,265500.0,177,2,12.48937388613538
CUST106712,51,F,Indore,Retail,Salaried,579900.0,113,2,13.270612678298292
CUST106713,51,F,Ahmedabad,Mass Affluent,Business Owner,270100.0,161,2,12.506551242106323
CUST106714,71,M,Ahmedabad,Mass Affluent,Self-Employed,532000.0,156,2,13.184400648021263
CUST106715,46,M,Bhopal,Corporate,Salaried,434800.0,161,5,12.98264373413455
CUST106716,51,M,Chennai,Mass Affluent,Business Owner,339600.0,183,2,12.735526678055749
CUST106717,57,M,Hyderabad,Retail,Salaried,250000.0,160,3,12.429220196836383
CUST106718,30,M,Kochi,Retail,Retired,517100.0,126,1,13.155993492244365
CUST106719,57,F,Delhi,Retail,Business Owner,336700.0,142,2,12.726950575147725
CUST106720,67,F,Bhopal,SME,Student,409000.0,153,1,12.921472880009725
CUST106721,38,M,Indore,HNWI,Salaried,323900.0,194,1,12.6881931925273
CUST106722,30,F,Chandigarh,Corporate,Salaried,359200.0,117,2,12.791637399370671
CUST106723,39,F,Pune,Corporate,Salaried,585600.0,76,2,13.280393949278054
CUST106724,35,F,Lucknow,Retail,Salaried,250000.0,65,1,12.429220196836383
CUST106725,52,F,Bhopal,HNWI,Salaried,355300.0,48,4,12.780720596528097
CUST106726,67,M,Delhi,HNWI,Self-Employed,250000.0,147,3,12.429220196836383
CUST106727,53,F,Chennai,Retail,Salaried,379300.0,178,5,12.846085364109054
CUST106728,27,M,Ahmedabad,Mass Affluent,Student,312000.0,80,4,12.650761671914688
CUST106729,37,M,Lucknow,Mass Affluent,Salaried,250000.0,132,2,12.429220196836383
CUST106730,58,M,Surat,Corporate,Salaried,283800.0,93,2,12.556028567310046
CUST106731,38,M,Bhopal,Retail,Self-Employed,250000.0,216,5,12.429220196836383
CUST106732,52,F,Ahmedabad,Corporate,Salaried,250000.0,218,2,12.429220196836383
CUST106733,58,M,Bangalore,SME,Self-Employed,332000.0,231,2,12.712893259942282
CUST106734,38,F,Bangalore,SME,Self-Employed,315200.0,207,2,12.66096580954966
CUST106735,55,F,Indore,Retail,Self-Employed,250000.0,208,1,12.429220196836383
CUST106736,42,M,Pune,Retail,Self-Employed,335100.0,136,4,12.722187257904775
CUST106737,28,F,Lucknow,Mass Affluent,Business Owner,250000.0,134,1,12.429220196836383
CUST106738,41,F,Jaipur,Retail,Student,250000.0,76,1,12.429220196836383
CUST106739,44,F,Indore,Retail,Salaried,250000.0,182,3,12.429220196836383
CUST106740,21,M,Hyderabad,HNWI,Salaried,261100.0,80,4,12.472662584630097
CUST106741,69,M,Bangalore,Retail,Business Owner,250000.0,84,5,12.429220196836383
CUST106742,49,M,Kochi,Retail,Salaried,576100.0,227,3,13.264038271528722
CUST106743,22,F,Pune,SME,Salaried,250000.0,9,2,12.429220196836383
CUST106744,67,F,Indore,Retail,Self-Employed,250000.0,33,2,12.429220196836383
CUST106745,67,F,Delhi,Corporate,Salaried,250000.0,188,1,12.429220196836383
CUST106746,21,M,Chennai,Retail,Salaried,313400.0,166,1,12.655238799709434
CUST106747,29,F,Chandigarh,Retail,Business Owner,542500.0,188,4,13.203945207713025
CUST106748,40,M,Indore,Retail,Salaried,362900.0,115,4,12.801885348777414
CUST106749,48,F,Mumbai,Retail,Salaried,250000.0,7,1,12.429220196836383
CUST106750,60,F,Indore,Retail,Business Owner,250000.0,75,2,12.429220196836383
CUST106751,43,M,Mumbai,Corporate,Business Owner,250000.0,208,5,12.429220196836383
CUST106752,54,M,Delhi,Corporate,Self-Employed,363900.0,161,2,12.80463713160417
CUST106753,21,M,Bhopal,Retail,Salaried,250000.0,212,2,12.429220196836383
CUST106754,56,F,Delhi,Retail,Salaried,250000.0,8,1,12.429220196836383
CUST106755,70,F,Chennai,Mass Affluent,Business Owner,381100.0,81,2,12.850819710841716
CUST106756,49,M,Bangalore,Mass Affluent,Salaried,572600.0,166,2,13.257944418064467
CUST106757,45,M,Jaipur,Retail,Retired,250000.0,10,3,12.429220196836383
CUST106758,37,M,Mumbai,Retail,Business Owner,288400.0,111,2,12.5721071517933
CUST106759,72,M,Chennai,Retail,Salaried,250000.0,210,2,12.429220196836383
CUST106760,22,F,Chennai,Mass Affluent,Self-Employed,250000.0,43,2,12.429220196836383
CUST106761,36,M,Lucknow,Retail,Retired,250000.0,22,2,12.429220196836383
CUST106762,28,F,Ahmedabad,HNWI,Retired,261200.0,155,1,12.473045504861005
CUST106763,67,M,Bangalore,Retail,Self-Employed,250000.0,60,2,12.429220196836383
CUST106764,47,F,Pune,Retail,Salaried,372400.0,49,2,12.827726509666084
CUST106765,70,F,Pune,Mass Affluent,Self-Employed,250000.0,132,1,12.429220196836383
CUST106766,56,M,Kolkata,Retail,Self-Employed,485400.0,147,5,13.092730632429088
CUST106767,51,M,Jaipur,Corporate,Self-Employed,452900.0,197,2,13.023428837534802
CUST106768,48,F,Chennai,Mass Affluent,Salaried,250000.0,30,3,12.429220196836383
CUST106769,31,M,Kolkata,Corporate,Retired,250000.0,188,4,12.429220196836383
CUST106770,51,M,Kochi,Mass Affluent,Salaried,250000.0,162,1,12.429220196836383
CUST106771,58,F,Hyderabad,Retail,Salaried,634200.0,165,1,13.360121217874797
CUST106772,73,M,Chennai,Retail,Salaried,250000.0,61,1,12.429220196836383
CUST106773,50,F,Bangalore,Mass Affluent,Salaried,250000.0,199,4,12.429220196836383
CUST106774,71,F,Surat,Mass Affluent,Salaried,290100.0,34,2,12.577984417190766
CUST106775,72,M,Surat,Retail,Salaried,250000.0,166,2,12.429220196836383
CUST106776,49,M,Surat,Retail,Salaried,289900.0,37,1,12.57729476436913
CUST106777,44,M,Bangalore,Retail,Salaried,250000.0,155,1,12.429220196836383
CUST106778,28,M,Pune,Retail,Salaried,467100.0,111,2,13.0543007873571
CUST106779,35,M,Chennai,Retail,Salaried,443300.0,45,3,13.002004276539308
CUST106780,68,F,Kochi,Mass Affluent,Salaried,520200.0,51,2,13.161970554332402
CUST106781,28,M,Kolkata,SME,Salaried,303700.0,108,1,12.6237989437515
CUST106782,42,M,Pune,Retail,Salaried,250000.0,91,4,12.429220196836383
CUST106783,58,M,Pune,Retail,Self-Employed,250000.0,111,4,12.429220196836383
CUST106784,33,M,Kochi,Retail,Salaried,250000.0,107,2,12.429220196836383
CUST106785,73,M,Surat,Retail,Self-Employed,887900.0,10,3,13.69661552927274
CUST106786,56,M,Indore,Mass Affluent,Salaried,250000.0,106,4,12.429220196836383
CUST106787,22,F,Pune,Retail,Salaried,295600.0,100,2,12.596765851000393
CUST106788,34,F,Indore,SME,Salaried,667400.0,97,1,13.4111463436501
CUST106789,60,F,Bhopal,Corporate,Salaried,312600.0,59,2,12.652682895940725
CUST106790,67,F,Ahmedabad,Mass Affluent,Self-Employed,250000.0,51,1,12.429220196836383
CUST106791,71,F,Surat,SME,Business Owner,415900.0,26,1,12.938202530152253
CUST106792,66,M,Bhopal,Mass Affluent,Self-Employed,250000.0,152,4,12.429220196836383
CUST106793,25,M,Indore,SME,Salaried,319200.0,133,4,12.673576277384964
CUST106794,60,F,Chennai,Retail,Salaried,364900.0,195,3,12.807381362897626
CUST106795,26,M,Surat,SME,Student,250000.0,61,4,12.429220196836383
CUST106796,25,F,Pune,Retail,Salaried,300100.0,101,5,12.6118743636455
CUST106797,58,F,Bangalore,Retail,Salaried,700800.0,50,3,13.45997924554394
CUST106798,46,M,Kolkata,SME,Salaried,250000.0,226,4,12.429220196836383
CUST106799,55,F,Chandigarh,Retail,Student,591300.0,190,4,13.290080472996397
CUST106800,66,F,Chandigarh,Retail,Retired,250000.0,40,1,12.429220196836383
CUST106801,24,F,Kochi,Retail,Salaried,791100.0,195,5,13.581180925071386
CUST106802,49,M,Chandigarh,Retail,Salaried,250000.0,222,5,12.429220196836383
CUST106803,66,M,Jaipur,Retail,Business Owner,250000.0,160,1,12.429220196836383
CUST106804,44,M,Kochi,Retail,Salaried,663300.0,237,3,13.40498416312596
CUST106805,49,M,Bangalore,Mass Affluent,Salaried,681000.0,50,1,13.431319053559353
CUST106806,47,F,Chennai,Corporate,Salaried,438500.0,73,2,12.991117371293484
CUST106807,69,F,Bangalore,Retail,Salaried,250000.0,154,3,12.429220196836383
CUST106808,23,M,Chandigarh,Corporate,Salaried,281900.0,131,1,12.549311224453131
CUST106809,68,F,Lucknow,Mass Affluent,Self-Employed,268500.0,172,3,12.500609917318906
CUST106810,65,F,Bhopal,HNWI,Self-Employed,250000.0,231,2,12.429220196836383
CUST106811,64,M,Pune,HNWI,Self-Employed,407600.0,60,1,12.91804403371337
CUST106812,43,M,Pune,Corporate,Salaried,250000.0,210,3,12.429220196836383
CUST106813,48,F,Surat,Retail,Salaried,250000.0,37,5,12.429220196836383
CUST106814,40,F,Jaipur,Mass Affluent,Retired,250000.0,113,1,12.429220196836383
CUST106815,34,F,Kolkata,Corporate,Salaried,749700.0,107,2,13.527429739357144
CUST106816,68,F,Chennai,HNWI,Salaried,250000.0,194,1,12.429220196836383
CUST106817,48,F,Ahmedabad,Retail,Salaried,250000.0,105,1,12.429220196836383
CUST106818,60,F,Delhi,Mass Affluent,Salaried,250000.0,200,2,12.429220196836383
CUST106819,26,M,Bangalore,HNWI,Salaried,609700.0,41,1,13.320723952045457
CUST106820,63,F,Mumbai,Retail,Salaried,250000.0,238,3,12.429220196836383
CUST106821,56,F,Bangalore,Mass Affluent,Self-Employed,250000.0,50,1,12.429220196836383
CUST106822,74,M,Bangalore,Corporate,Salaried,250000.0,144,3,12.429220196836383
CUST106823,28,F,Delhi,Mass Affluent,Business Owner,264900.0,122,1,12.487111450262473
CUST106824,50,F,Mumbai,Retail,Self-Employed,398400.0,27,4,12.895214314729591
CUST106825,48,M,Indore,Mass Affluent,Salaried,250000.0,129,2,12.429220196836383
CUST106826,50,M,Bangalore,Mass Affluent,Business Owner,677800.0,210,1,13.426609013515463
CUST106827,23,F,Jaipur,Retail,Retired,250000.0,131,1,12.429220196836383
CUST106828,46,F,Delhi,Mass Affluent,Salaried,250000.0,170,2,12.429220196836383
CUST106829,37,F,Chandigarh,Retail,Self-Employed,250000.0,235,4,12.429220196836383
CUST106830,54,M,Hyderabad,Corporate,Self-Employed,250000.0,76,2,12.429220196836383
CUST106831,33,F,Kochi,HNWI,Self-Employed,250000.0,15,2,12.429220196836383
CUST106832,44,M,Lucknow,Corporate,Salaried,421100.0,167,3,12.950627988880042
CUST106833,54,M,Kochi,Mass Affluent,Salaried,250000.0,189,1,12.429220196836383
CUST106834,24,M,Lucknow,Retail,Salaried,250000.0,39,3,12.429220196836383
CUST106835,63,F,Ahmedabad,HNWI,Salaried,250000.0,88,1,12.429220196836383
CUST106836,59,F,Kochi,Retail,Salaried,250000.0,89,4,12.429220196836383
CUST106837,24,M,Indore,Mass Affluent,Retired,521200.0,182,4,13.163891042880257
CUST106838,24,M,Kolkata,Retail,Salaried,702000.0,210,1,13.461690107508359
CUST106839,66,M,Chandigarh,Mass Affluent,Salaried,574600.0,178,1,13.261431165866918
CUST106840,36,M,Chandigarh,Mass Affluent,Salaried,250000.0,75,3,12.429220196836383
CUST106841,67,M,Surat,Retail,Salaried,250000.0,151,3,12.429220196836383
CUST106842,47,F,Bhopal,Retail,Business Owner,879400.0,68,3,13.686996272867159
CUST106843,39,M,Delhi,Retail,Business Owner,250000.0,153,2,12.429220196836383
CUST106844,35,M,Jaipur,Retail,Salaried,250000.0,231,1,12.429220196836383
CUST106845,56,M,Lucknow,Retail,Salaried,513700.0,161,3,13.14939666311494
CUST106846,26,F,Bhopal,Corporate,Salaried,279400.0,189,1,12.54040330489666
CUST106847,42,M,Delhi,Corporate,Student,377600.0,180,2,12.841593361555061
CUST106848,39,M,Indore,SME,Salaried,250000.0,117,2,12.429220196836383
CUST106849,29,F,Delhi,Retail,Salaried,250000.0,36,2,12.429220196836383
CUST106850,40,M,Kolkata,Retail,Salaried,474200.0,234,4,13.069386561426064
CUST106851,49,M,Surat,Mass Affluent,Salaried,250000.0,90,2,12.429220196836383
CUST106852,57,F,Chennai,Mass Affluent,Salaried,563000.0,213,2,13.241036683319184
CUST106853,25,F,Indore,HNWI,Retired,250000.0,203,4,12.429220196836383
CUST106854,68,F,Bhopal,HNWI,Salaried,250800.0,166,2,12.432415074973783
CUST106855,68,M,Bangalore,Mass Affluent,Salaried,720000.0,134,4,13.487007879880162
CUST106856,58,M,Hyderabad,Mass Affluent,Salaried,250000.0,70,4,12.429220196836383
CUST106857,70,F,Delhi,SME,Salaried,315800.0,38,3,12.66286754735978
CUST106858,44,F,Surat,Retail,Student,381200.0,210,1,12.851082074053602
CUST106859,65,F,Bhopal,Corporate,Self-Employed,283500.0,231,1,12.554970929480584
CUST106860,60,F,Lucknow,HNWI,Retired,250000.0,163,2,12.429220196836383
CUST106861,51,F,Delhi,Retail,Business Owner,250000.0,237,1,12.429220196836383
CUST106862,30,F,Bangalore,SME,Self-Employed,301900.0,56,2,12.617854428044529
CUST106863,51,F,Mumbai,Corporate,Self-Employed,252300.0,125,1,12.438378098156768
CUST106864,69,F,Ahmedabad,HNWI,Salaried,250000.0,46,1,12.429220196836383
CUST106865,74,F,Surat,Retail,Self-Employed,519100.0,130,2,13.159853748224561
CUST106866,45,F,Bangalore,Retail,Self-Employed,250000.0,214,1,12.429220196836383
CUST106867,34,M,Indore,Mass Affluent,Self-Employed,250000.0,74,1,12.429220196836383
CUST106868,61,F,Hyderabad,Retail,Salaried,250000.0,104,3,12.429220196836383
CUST106869,25,M,Ahmedabad,Retail,Self-Employed,250000.0,126,4,12.429220196836383
CUST106870,29,M,Surat,Retail,Salaried,250000.0,114,3,12.429220196836383
CUST106871,51,M,Jaipur,Retail,Self-Employed,250000.0,232,5,12.429220196836383
CUST106872,74,F,Ahmedabad,HNWI,Salaried,351100.0,105,1,12.768829210343865
CUST106873,38,M,Kolkata,Mass Affluent,Salaried,614500.0,65,3,13.328565835326202
CUST106874,44,M,Pune,Retail,Salaried,285900.0,82,2,12.563400876030764
CUST106875,38,M,Hyderabad,Mass Affluent,Business Owner,250000.0,77,2,12.429220196836383
CUST106876,44,M,Chennai,Retail,Business Owner,250000.0,79,3,12.429220196836383
CUST106877,21,M,Kochi,Retail,Salaried,306400.0,216,3,12.63264998055082
CUST106878,53,M,Bhopal,Mass Affluent,Salaried,250000.0,125,1,12.429220196836383
CUST106879,53,F,Indore,Mass Affluent,Salaried,250000.0,95,2,12.429220196836383
CUST106880,38,M,Chennai,Retail,Salaried,250000.0,39,3,12.429220196836383
CUST106881,35,F,Chennai,Mass Affluent,Salaried,287600.0,233,2,12.569329381874445
CUST106882,62,F,Mumbai,Retail,Business Owner,982000.0,41,2,13.797347605666022
CUST106883,31,F,Chennai,Mass Affluent,Business Owner,250000.0,87,1,12.429220196836383
CUST106884,23,F,Jaipur,Retail,Salaried,437900.0,169,1,12.989748136413281
CUST106885,23,F,Chennai,HNWI,Business Owner,250000.0,7,2,12.429220196836383
CUST106886,68,F,Kochi,Mass Affluent,Salaried,250000.0,80,2,12.429220196836383
CUST106887,40,M,Mumbai,Retail,Business Owner,685900.0,229,1,13.438488581424824
CUST106888,26,F,Pune,Mass Affluent,Salaried,980600.0,11,3,13.795920927982555
CUST106889,68,M,Chennai,HNWI,Self-Employed,343600.0,61,3,12.747236379448887
CUST106890,29,F,Ahmedabad,Retail,Salaried,333500.0,26,1,12.717401142834069
CUST106891,39,F,Mumbai,Mass Affluent,Salaried,278600.0,168,1,12.53753592969685
CUST106892,22,F,Pune,HNWI,Salaried,250000.0,8,4,12.429220196836383
CUST106893,57,F,Kochi,Retail,Self-Employed,329100.0,17,4,12.704119973516908
CUST106894,58,M,Indore,Corporate,Retired,402600.0,116,5,12.905701276039686
CUST106895,61,M,Hyderabad,Retail,Self-Employed,728000.0,181,3,13.498057700804253
CUST106896,35,F,Pune,HNWI,Business Owner,250000.0,217,5,12.429220196836383
CUST106897,38,M,Surat,Corporate,Salaried,289700.0,57,1,12.576604635598223
CUST106898,71,M,Pune,SME,Business Owner,254500.0,139,1,12.447060044238079
CUST106899,65,M,Jaipur,Mass Affluent,Business Owner,496100.0,193,1,13.114534814009746
CUST106900,23,F,Kolkata,HNWI,Salaried,1132600.0,176,2,13.940027315585697
CUST106901,58,M,Indore,Retail,Salaried,506400.0,232,1,13.135084124533693
CUST106902,64,F,Lucknow,Retail,Salaried,433200.0,23,2,12.978957102508893
CUST106903,51,M,Chandigarh,Corporate,Salaried,462600.0,16,1,13.044620190471909
CUST106904,55,M,Kochi,Retail,Salaried,574000.0,166,2,13.260386417460465
CUST106905,21,M,Kolkata,Corporate,Self-Employed,1142400.0,92,4,13.948642745917214
CUST106906,22,M,Chennai,Retail,Business Owner,250000.0,178,3,12.429220196836383
CUST106907,22,F,Delhi,Retail,Salaried,384500.0,173,2,12.859701668704687
CUST106908,29,F,Lucknow,Retail,Retired,250000.0,109,1,12.429220196836383
CUST106909,74,F,Kochi,Mass Affluent,Business Owner,474900.0,239,1,13.07086164024146
CUST106910,55,M,Kolkata,Retail,Self-Employed,373500.0,212,2,12.830675960927596
CUST106911,63,F,Mumbai,Retail,Student,250000.0,90,1,12.429220196836383
CUST106912,36,F,Indore,SME,Retired,250000.0,7,3,12.429220196836383
CUST106913,71,F,Hyderabad,HNWI,Salaried,266000.0,238,5,12.491255347155265
CUST106914,31,F,Jaipur,HNWI,Student,306700.0,232,1,12.633628610612188
CUST106915,69,F,Mumbai,Retail,Salaried,258400.0,216,1,12.462267920852137
CUST106916,22,F,Mumbai,Retail,Salaried,250000.0,19,1,12.429220196836383
CUST106917,22,M,Bhopal,Mass Affluent,Salaried,250000.0,174,4,12.429220196836383
CUST106918,25,M,Surat,Retail,Self-Employed,260100.0,230,1,12.468825296104477
CUST106919,63,F,Mumbai,Retail,Student,250000.0,95,3,12.429220196836383
CUST106920,34,F,Delhi,SME,Salaried,436100.0,182,2,12.985629146880282
CUST106921,45,M,Ahmedabad,Retail,Self-Employed,256000.0,131,2,12.45293662970407
CUST106922,46,M,Surat,Corporate,Salaried,250000.0,114,3,12.429220196836383
CUST106923,63,F,Pune,Retail,Business Owner,298300.0,174,2,12.60585832282709
CUST106924,39,F,Bhopal,Retail,Salaried,344000.0,141,4,12.748399843328054
CUST106925,21,M,Lucknow,Retail,Self-Employed,708400.0,166,1,13.470765596521666
CUST106926,41,F,Lucknow,SME,Self-Employed,468300.0,58,3,13.056866530552654
CUST106927,36,F,Chennai,Mass Affluent,Salaried,250000.0,73,4,12.429220196836383
CUST106928,60,F,Surat,HNWI,Retired,631300.0,155,1,13.35553804838741
CUST106929,61,F,Bhopal,Retail,Student,250000.0,136,2,12.429220196836383
CUST106930,25,M,Mumbai,Corporate,Salaried,272900.0,95,3,12.51686437103563
CUST106931,63,M,Kochi,Mass Affluent,Self-Employed,421900.0,201,1,12.952525968339533
CUST106932,24,F,Bhopal,Mass Affluent,Business Owner,643800.0,85,2,13.375144951123055
CUST106933,54,M,Pune,HNWI,Salaried,833500.0,117,1,13.633390180932315
CUST106934,42,M,Kochi,HNWI,Salaried,576600.0,79,3,13.26490579848948
CUST106935,37,M,Kolkata,Mass Affluent,Self-Employed,250000.0,138,2,12.429220196836383
CUST106936,47,F,Bangalore,Retail,Self-Employed,380000.0,137,2,12.847929163278053
CUST106937,37,F,Indore,Corporate,Self-Employed,307000.0,82,3,12.634606283893019
CUST106938,63,M,Chennai,Retail,Self-Employed,250000.0,187,3,12.429220196836383
CUST106939,73,F,Kochi,SME,Self-Employed,250400.0,43,1,12.430818911810329
CUST106940,65,M,Chennai,Retail,Salaried,789100.0,186,1,13.57864960177483
CUST106941,44,M,Kolkata,Retail,Salaried,395400.0,21,1,12.887655718799927
CUST106942,48,F,Surat,Retail,Salaried,923200.0,64,4,13.735602257924294
CUST106943,45,F,Kolkata,Mass Affluent,Salaried,250000.0,101,2,12.429220196836383
CUST106944,63,M,Indore,Retail,Business Owner,250000.0,105,1,12.429220196836383
CUST106945,50,M,Mumbai,Corporate,Business Owner,344300.0,153,2,12.749271553766196
CUST106946,46,F,Mumbai,Mass Affluent,Salaried,418900.0,225,2,12.945389894136861
CUST106947,43,M,Delhi,Retail,Self-Employed,250200.0,183,2,12.430019873809519
CUST106948,41,M,Hyderabad,Mass Affluent,Salaried,433800.0,133,2,12.980341182582029
CUST106949,50,M,Mumbai,HNWI,Salaried,431800.0,25,1,12.975720112947148
CUST106950,58,M,Kolkata,Corporate,Retired,250000.0,238,1,12.429220196836383
CUST106951,44,F,Mumbai,Retail,Salaried,421700.0,80,3,12.952051811085882
CUST106952,64,M,Kochi,SME,Business Owner,510900.0,151,3,13.143931112647175
CUST106953,65,M,Bangalore,Retail,Salaried,320500.0,195,3,12.677640675462799
CUST106954,44,M,Chandigarh,Mass Affluent,Salaried,250000.0,169,1,12.429220196836383
CUST106955,70,M,Indore,HNWI,Self-Employed,250000.0,32,5,12.429220196836383
CUST106956,30,M,Surat,Retail,Business Owner,349000.0,66,1,12.762830066509972
CUST106957,71,M,Kochi,Retail,Self-Employed,250000.0,238,3,12.429220196836383
CUST106958,36,M,Kochi,Mass Affluent,Business Owner,465600.0,185,3,13.051084323163382
CUST106959,51,F,Indore,Retail,Business Owner,415700.0,154,1,12.937721530818783
CUST106960,36,F,Jaipur,Retail,Self-Employed,290900.0,110,1,12.580738282084809
CUST106961,44,F,Lucknow,Retail,Salaried,271200.0,225,3,12.510615522357213
CUST106962,39,M,Ahmedabad,HNWI,Salaried,301300.0,176,2,12.615865044064096
CUST106963,59,F,Lucknow,Retail,Self-Employed,267700.0,176,5,12.497625965026309
CUST106964,25,M,Kolkata,Mass Affluent,Self-Employed,250000.0,220,3,12.429220196836383
CUST106965,66,F,Delhi,SME,Salaried,250000.0,231,5,12.429220196836383
CUST106966,69,M,Bhopal,HNWI,Salaried,280300.0,207,3,12.543619304752651
CUST106967,51,F,Surat,Mass Affluent,Salaried,628500.0,161,2,13.35109289810107
CUST106968,50,M,Surat,Mass Affluent,Salaried,406500.0,59,5,12.915341667991576
CUST106969,58,M,Chennai,Retail,Salaried,649100.0,68,4,13.383343607615043
CUST106970,31,M,Kochi,Retail,Business Owner,250000.0,42,1,12.429220196836383
CUST106971,61,F,Ahmedabad,Retail,Business Owner,250000.0,193,2,12.429220196836383
CUST106972,32,M,Delhi,Retail,Student,931300.0,84,1,13.744337812277024
CUST106973,57,M,Chandigarh,Retail,Self-Employed,250000.0,58,5,12.429220196836383
CUST106974,37,F,Chandigarh,Mass Affluent,Salaried,250000.0,175,3,12.429220196836383
CUST106975,61,M,Bhopal,Retail,Self-Employed,250000.0,138,2,12.429220196836383
CUST106976,63,M,Ahmedabad,Retail,Business Owner,900600.0,63,5,13.710817597219856
CUST106977,32,M,Hyderabad,Corporate,Self-Employed,250000.0,93,2,12.429220196836383
CUST106978,54,M,Mumbai,Retail,Salaried,374900.0,118,2,12.834417270098413
CUST106979,47,M,Kochi,HNWI,Self-Employed,339500.0,192,2,12.73523217148465
CUST106980,36,M,Bhopal,Retail,Salaried,250000.0,7,1,12.429220196836383
CUST106981,52,F,Delhi,Mass Affluent,Salaried,265800.0,183,1,12.490503187481444
CUST106982,74,M,Surat,Retail,Salaried,250000.0,24,2,12.429220196836383
CUST106983,21,F,Mumbai,Retail,Salaried,403000.0,208,1,12.90669432231532
CUST106984,72,M,Kochi,Corporate,Retired,761800.0,33,5,13.543440645706273
CUST106985,67,F,Mumbai,Mass Affluent,Salaried,250000.0,63,2,12.429220196836383
CUST106986,49,M,Chandigarh,Retail,Salaried,250000.0,92,2,12.429220196836383
CUST106987,53,M,Bangalore,Retail,Business Owner,1215500.0,239,1,14.010666895444682
CUST106988,40,M,Pune,Mass Affluent,Business Owner,250000.0,99,2,12.429220196836383
CUST106989,27,F,Surat,Retail,Salaried,250000.0,194,3,12.429220196836383
CUST106990,51,F,Indore,Mass Affluent,Salaried,613300.0,66,5,13.326611122136145
CUST106991,65,F,Kolkata,Mass Affluent,Salaried,260300.0,96,1,12.469593932696368
CUST106992,33,F,Chandigarh,Mass Affluent,Self-Employed,318100.0,127,1,12.670124221397808
CUST106993,59,M,Mumbai,Corporate,Business Owner,1023700.0,35,1,13.83893504975607
CUST106994,61,F,Ahmedabad,Retail,Salaried,250000.0,13,2,12.429220196836383
CUST106995,61,F,Chandigarh,Corporate,Retired,250000.0,87,1,12.429220196836383
CUST106996,39,F,Chennai,Mass Affluent,Self-Employed,250000.0,189,1,12.429220196836383
CUST106997,42,F,Jaipur,Mass Affluent,Self-Employed,328100.0,30,3,12.701076766795813
CUST106998,43,M,Pune,Mass Affluent,Salaried,250000.0,197,3,12.429220196836383
CUST106999,67,M,Kolkata,Mass Affluent,Retired,250000.0,149,2,12.429220196836383
CUST107000,69,M,Kochi,Retail,Salaried,416400.0,70,2,12.93940401725705
CUST107001,43,F,Ahmedabad,SME,Salaried,270000.0,32,3,12.506180941677357
CUST107002,73,F,Surat,SME,Salaried,250000.0,134,1,12.429220196836383
CUST107003,51,F,Ahmedabad,Retail,Salaried,250000.0,106,3,12.429220196836383
CUST107004,41,F,Chandigarh,Mass Affluent,Salaried,304000.0,31,1,12.624786269856633
CUST107005,21,M,Ahmedabad,HNWI,Salaried,250000.0,162,2,12.429220196836383
CUST107006,53,M,Kochi,SME,Salaried,307600.0,201,2,12.636558767583635
CUST107007,55,M,Lucknow,Mass Affluent,Salaried,599400.0,112,3,13.30368610219831
CUST107008,73,F,Indore,Retail,Self-Employed,400400.0,111,2,12.900221823922582
CUST107009,59,F,Bhopal,Mass Affluent,Self-Employed,250000.0,212,3,12.429220196836383
CUST107010,22,F,Hyderabad,Retail,Self-Employed,316300.0,96,2,12.664449570844228
CUST107011,51,F,Chennai,Mass Affluent,Salaried,250000.0,62,2,12.429220196836383
CUST107012,61,M,Chennai,Mass Affluent,Salaried,291200.0,204,4,12.581769029364706
CUST107013,47,F,Ahmedabad,Mass Affluent,Self-Employed,250000.0,128,2,12.429220196836383
CUST107014,44,F,Ahmedabad,Retail,Self-Employed,250000.0,225,2,12.429220196836383
CUST107015,64,F,Mumbai,Mass Affluent,Salaried,390100.0,219,3,12.874160958936733
CUST107016,54,F,Bhopal,Mass Affluent,Retired,250000.0,195,4,12.429220196836383
CUST107017,57,F,Indore,Retail,Business Owner,250000.0,88,3,12.429220196836383
CUST107018,46,M,Lucknow,Retail,Business Owner,250000.0,173,3,12.429220196836383
CUST107019,36,F,Chennai,Retail,Self-Employed,250000.0,116,4,12.429220196836383
CUST107020,49,M,Indore,Corporate,Salaried,585100.0,184,5,13.27953976088442
CUST107021,72,F,Chennai,Mass Affluent,Retired,421900.0,224,4,12.952525968339533
CUST107022,53,F,Chennai,Mass Affluent,Retired,285800.0,177,1,12.563051043422098
CUST107023,59,F,Chandigarh,Mass Affluent,Business Owner,277900.0,122,3,12.535020214140818
CUST107024,27,M,Bhopal,Corporate,Retired,266500.0,238,2,12.493133274926212
CUST107025,74,M,Jaipur,Mass Affluent,Retired,611100.0,208,2,13.323017527275058
CUST107026,34,F,Bangalore,Retail,Self-Employed,250000.0,63,3,12.429220196836383
CUST107027,73,F,Delhi,Retail,Salaried,426300.0,226,1,12.962900948516443
CUST107028,45,M,Chandigarh,Retail,Salaried,250000.0,118,3,12.429220196836383
CUST107029,70,F,Hyderabad,Corporate,Self-Employed,362900.0,65,1,12.801885348777414
CUST107030,69,F,Surat,Mass Affluent,Business Owner,363900.0,75,4,12.80463713160417
CUST107031,61,F,Kolkata,HNWI,Salaried,416600.0,189,2,12.93988420819019
CUST107032,70,M,Ahmedabad,HNWI,Salaried,694000.0,96,1,13.450228680410094
CUST107033,53,F,Chandigarh,Corporate,Student,250000.0,158,2,12.429220196836383
CUST107034,66,M,Jaipur,SME,Salaried,490500.0,110,3,13.10318259672146
CUST107035,30,F,Pune,Mass Affluent,Salaried,258300.0,236,3,12.461880850543723
CUST107036,24,F,Pune,Retail,Self-Employed,250000.0,37,3,12.429220196836383
CUST107037,50,M,Hyderabad,Retail,Salaried,909100.0,143,4,13.720211478098344
CUST107038,64,F,Jaipur,Mass Affluent,Salaried,408900.0,89,1,12.921228351935461
CUST107039,62,M,Jaipur,HNWI,Self-Employed,250000.0,191,1,12.429220196836383
CUST107040,49,F,Delhi,Mass Affluent,Student,476600.0,226,1,13.07443494184013
CUST107041,49,M,Pune,Retail,Salaried,261000.0,86,1,12.472279517715116
CUST107042,53,F,Lucknow,HNWI,Salaried,250000.0,218,2,12.429220196836383
CUST107043,67,M,Mumbai,Retail,Salaried,250000.0,147,1,12.429220196836383
CUST107044,66,M,Chandigarh,Retail,Self-Employed,322100.0,18,2,12.682620439940363
CUST107045,26,M,Indore,Corporate,Salaried,250000.0,188,2,12.429220196836383
CUST107046,53,F,Lucknow,Mass Affluent,Salaried,294600.0,135,3,12.593377177438036
CUST107047,41,M,Mumbai,Retail,Self-Employed,456900.0,232,5,13.032222016211694
CUST107048,64,M,Ahmedabad,Retail,Student,286700.0,113,3,12.566195139831894
CUST107049,48,M,Bhopal,Mass Affluent,Salaried,878400.0,64,1,13.68585848817027
CUST107050,74,M,Mumbai,Retail,Self-Employed,270500.0,46,2,12.508031074119511
CUST107051,44,M,Kochi,Retail,Business Owner,602800.0,24,1,13.309342404658118
CUST107052,57,F,Indore,Mass Affluent,Salaried,482000.0,171,2,13.085701467719382
CUST107053,26,F,Delhi,Mass Affluent,Business Owner,670100.0,234,2,13.415183726274728
CUST107054,71,F,Hyderabad,Retail,Salaried,876100.0,157,5,13.683236660076016
CUST107055,29,F,Surat,Mass Affluent,Salaried,250000.0,147,1,12.429220196836383
CUST107056,41,F,Bhopal,Mass Affluent,Salaried,314600.0,12,1,12.659060448240805
CUST107057,66,M,Kochi,Retail,Salaried,250900.0,10,1,12.432813717998226
CUST107058,73,F,Ahmedabad,Retail,Business Owner,286900.0,122,2,12.56689248749841
CUST107059,47,M,Lucknow,Retail,Self-Employed,250000.0,127,5,12.429220196836383
CUST107060,47,F,Ahmedabad,Retail,Business Owner,250000.0,105,2,12.429220196836383
CUST107061,23,M,Jaipur,Corporate,Business Owner,250000.0,225,2,12.429220196836383
CUST107062,73,F,Kochi,Mass Affluent,Salaried,284500.0,83,1,12.558492047480835
CUST107063,21,M,Mumbai,SME,Retired,470000.0,236,2,13.060490101343552
CUST107064,22,M,Hyderabad,Retail,Retired,250000.0,67,1,12.429220196836383
CUST107065,46,M,Mumbai,Mass Affluent,Salaried,250000.0,82,1,12.429220196836383
CUST107066,21,F,Kochi,Mass Affluent,Business Owner,250000.0,76,3,12.429220196836383
CUST107067,29,M,Surat,HNWI,Business Owner,250000.0,188,1,12.429220196836383
CUST107068,54,M,Mumbai,Corporate,Salaried,250000.0,83,1,12.429220196836383
CUST107069,59,M,Delhi,Mass Affluent,Salaried,329700.0,113,1,12.70594146211558
CUST107070,37,F,Hyderabad,Mass Affluent,Salaried,570600.0,32,1,13.254445470301185
CUST107071,63,F,Hyderabad,SME,Student,250000.0,99,3,12.429220196836383
CUST107072,53,F,Ahmedabad,SME,Self-Employed,263500.0,52,1,12.481812442022767
CUST107073,33,F,Ahmedabad,SME,Business Owner,544100.0,183,3,13.206890170369773
CUST107074,59,M,Kolkata,Retail,Retired,250000.0,196,2,12.429220196836383
CUST107075,52,F,Bangalore,Retail,Salaried,573900.0,69,2,13.26021218655878
CUST107076,64,M,Lucknow,Retail,Student,250000.0,237,1,12.429220196836383
CUST107077,29,M,Kochi,HNWI,Salaried,411200.0,105,3,12.92683742502675
CUST107078,33,M,Lucknow,Retail,Self-Employed,250000.0,201,2,12.429220196836383
CUST107079,37,M,Indore,Retail,Salaried,353400.0,63,3,12.775358668518512
CUST107080,39,M,Bhopal,Mass Affluent,Salaried,704600.0,207,2,13.465386964133229
CUST107081,68,F,Indore,Retail,Salaried,250000.0,39,4,12.429220196836383
CUST107082,60,F,Lucknow,HNWI,Salaried,487900.0,90,2,13.097867795402156
CUST107083,50,M,Mumbai,Retail,Salaried,316400.0,94,4,12.6647656754269
CUST107084,50,M,Kolkata,Corporate,Salaried,250000.0,49,2,12.429220196836383
CUST107085,68,F,Pune,Retail,Self-Employed,250000.0,230,5,12.429220196836383
CUST107086,45,M,Surat,Mass Affluent,Retired,250000.0,74,4,12.429220196836383
CUST107087,33,F,Indore,Mass Affluent,Salaried,250000.0,104,1,12.429220196836383
CUST107088,28,M,Lucknow,Retail,Salaried,353400.0,9,3,12.775358668518512
CUST107089,38,F,Kolkata,Retail,Self-Employed,398200.0,165,1,12.894712181909934
CUST107090,56,F,Kochi,Corporate,Self-Employed,436900.0,48,4,12.987461903790193
CUST107091,46,M,Surat,Mass Affluent,Self-Employed,632800.0,72,2,13.357911275712462
CUST107092,43,M,Kochi,Retail,Student,475600.0,220,2,13.072334546403786
CUST107093,46,F,Jaipur,HNWI,Salaried,250000.0,208,1,12.429220196836383
CUST107094,73,M,Lucknow,Retail,Salaried,250000.0,32,4,12.429220196836383
CUST107095,74,M,Kolkata,Mass Affluent,Retired,443900.0,152,5,13.003356843579219
CUST107096,29,M,Kolkata,Mass Affluent,Self-Employed,339000.0,180,2,12.733758336210744
CUST107097,27,M,Chennai,Mass Affluent,Self-Employed,265500.0,228,1,12.48937388613538
CUST107098,34,F,Hyderabad,Retail,Retired,250000.0,62,3,12.429220196836383
CUST107099,67,M,Lucknow,Retail,Salaried,250000.0,82,1,12.429220196836383
CUST107100,45,M,Kolkata,Retail,Salaried,380700.0,61,5,12.849769569107353
CUST107101,67,F,Bangalore,Retail,Salaried,250000.0,131,2,12.429220196836383
CUST107102,55,F,Mumbai,Mass Affluent,Business Owner,250000.0,147,2,12.429220196836383
CUST107103,50,F,Indore,Mass Affluent,Business Owner,406800.0,50,1,12.916079401363943
CUST107104,36,F,Pune,Retail,Salaried,250000.0,11,5,12.429220196836383
CUST107105,39,M,Jaipur,Retail,Salaried,355400.0,37,2,12.781002008429736
CUST107106,28,F,Bhopal,Mass Affluent,Self-Employed,691100.0,54,5,13.446041257047039
CUST107107,49,M,Delhi,Mass Affluent,Salaried,250000.0,142,2,12.429220196836383
CUST107108,36,F,Chandigarh,Corporate,Business Owner,250000.0,52,2,12.429220196836383
CUST107109,36,F,Surat,Retail,Salaried,250000.0,193,1,12.429220196836383
CUST107110,23,F,Lucknow,Retail,Business Owner,250000.0,156,3,12.429220196836383
CUST107111,64,F,Pune,Retail,Business Owner,264300.0,52,1,12.484843884164489
CUST107112,71,M,Surat,Mass Affluent,Salaried,370600.0,237,2,12.822881291156794
CUST107113,47,M,Hyderabad,Mass Affluent,Self-Employed,326400.0,170,3,12.695881965792886
CUST107114,49,F,Chennai,Retail,Self-Employed,275900.0,209,1,12.52779738470044
CUST107115,70,M,Chandigarh,Retail,Salaried,506300.0,163,3,13.13488663306962
CUST107116,48,F,Chennai,Mass Affluent,Salaried,401300.0,160,4,12.902467048153223
CUST107117,54,F,Surat,Retail,Business Owner,250000.0,118,2,12.429220196836383
CUST107118,44,M,Bhopal,Mass Affluent,Self-Employed,392800.0,159,3,12.881058401284054
CUST107119,48,F,Jaipur,Retail,Self-Employed,250000.0,185,1,12.429220196836383
CUST107120,49,F,Chennai,Retail,Salaried,508000.0,236,2,13.138238695062618
CUST107121,59,F,Indore,Retail,Self-Employed,271900.0,144,4,12.513193308436527
CUST107122,53,M,Indore,SME,Self-Employed,250000.0,182,1,12.429220196836383
CUST107123,48,M,Jaipur,Retail,Salaried,250000.0,227,5,12.429220196836383
CUST107124,25,M,Delhi,Retail,Salaried,500100.0,148,2,13.122565357005076
CUST107125,69,M,Pune,Corporate,Salaried,250000.0,184,1,12.429220196836383
CUST107126,68,M,Pune,Retail,Self-Employed,343300.0,50,2,12.746362892345706
CUST107127,30,M,Bangalore,Retail,Salaried,454600.0,213,2,13.027175390134191
CUST107128,36,M,Pune,Retail,Retired,272300.0,235,5,12.514663351075232
CUST107129,73,M,Bangalore,Mass Affluent,Salaried,250000.0,90,3,12.429220196836383
CUST107130,38,F,Surat,Retail,Business Owner,258200.0,213,2,12.461493630353871
CUST107131,64,F,Pune,Corporate,Salaried,250000.0,195,5,12.429220196836383
CUST107132,63,F,Surat,HNWI,Self-Employed,250000.0,60,1,12.429220196836383
CUST107133,67,M,Pune,Mass Affluent,Self-Employed,250000.0,238,2,12.429220196836383
CUST107134,21,F,Surat,Retail,Self-Employed,260900.0,142,3,12.471896304003637
CUST107135,47,F,Surat,HNWI,Student,250000.0,44,2,12.429220196836383
CUST107136,51,M,Bangalore,Corporate,Salaried,282100.0,31,1,12.550020441826058
CUST107137,66,F,Pune,Corporate,Salaried,529500.0,125,3,13.179690332595941
CUST107138,33,M,Kochi,Retail,Salaried,549800.0,127,1,13.217311673554844
CUST107139,37,F,Jaipur,Mass Affluent,Salaried,250000.0,207,2,12.429220196836383
CUST107140,30,M,Hyderabad,HNWI,Business Owner,250000.0,125,4,12.429220196836383
CUST107141,62,F,Indore,SME,Salaried,447600.0,98,1,13.011657489555034
CUST107142,74,M,Bangalore,Retail,Business Owner,409400.0,80,3,12.922450394805269
CUST107143,28,F,Chandigarh,HNWI,Salaried,250000.0,124,4,12.429220196836383
CUST107144,33,F,Surat,Mass Affluent,Retired,250000.0,68,2,12.429220196836383
CUST107145,37,M,Chennai,Corporate,Salaried,281900.0,180,1,12.549311224453131
CUST107146,69,M,Bangalore,Mass Affluent,Student,250000.0,37,4,12.429220196836383
CUST107147,45,M,Bhopal,Corporate,Self-Employed,367800.0,198,2,12.815297310017613
CUST107148,36,M,Ahmedabad,Retail,Student,513900.0,56,2,13.1497859188823
CUST107149,38,M,Indore,Retail,Self-Employed,250000.0,52,1,12.429220196836383
CUST107150,53,F,Indore,Retail,Salaried,250000.0,233,1,12.429220196836383
CUST107151,41,F,Delhi,Corporate,Business Owner,626300.0,97,2,13.347586365191138
CUST107152,28,F,Surat,Retail,Salaried,306100.0,165,4,12.631670391834408
CUST107153,65,F,Kolkata,Mass Affluent,Salaried,410600.0,98,2,12.925377219024307
CUST107154,43,F,Bhopal,SME,Salaried,250000.0,235,1,12.429220196836383
CUST107155,34,M,Hyderabad,Corporate,Retired,250000.0,41,5,12.429220196836383
CUST107156,60,F,Mumbai,Mass Affluent,Self-Employed,344000.0,114,2,12.748399843328054
CUST107157,61,M,Lucknow,HNWI,Salaried,497100.0,27,1,13.116548503748414
CUST107158,29,F,Jaipur,Retail,Business Owner,250000.0,139,5,12.429220196836383
CUST107159,24,M,Jaipur,Mass Affluent,Salaried,252400.0,180,2,12.438774371606481
CUST107160,23,M,Hyderabad,Mass Affluent,Salaried,250000.0,115,2,12.429220196836383
CUST107161,62,M,Ahmedabad,HNWI,Salaried,250000.0,205,4,12.429220196836383
CUST107162,54,F,Chandigarh,Retail,Salaried,250000.0,185,1,12.429220196836383
CUST107163,63,F,Kochi,Retail,Self-Employed,359800.0,228,2,12.793306379816553
CUST107164,54,F,Chandigarh,Mass Affluent,Salaried,250000.0,239,4,12.429220196836383
CUST107165,42,M,Chennai,Mass Affluent,Salaried,592600.0,229,1,13.292276601599085
CUST107166,52,F,Bhopal,Corporate,Salaried,250000.0,107,4,12.429220196836383
CUST107167,60,F,Kolkata,Mass Affluent,Business Owner,583400.0,238,1,13.276630050504107
CUST107168,42,M,Chandigarh,Corporate,Self-Employed,408100.0,160,4,12.919269971770703
CUST107169,70,F,Indore,Mass Affluent,Salaried,447500.0,25,2,13.011434051331422
CUST107170,69,F,Bangalore,HNWI,Self-Employed,901800.0,25,2,13.71214915386183
CUST107171,64,M,Chandigarh,HNWI,Salaried,250000.0,98,2,12.429220196836383
CUST107172,74,M,Lucknow,Retail,Retired,291100.0,136,1,12.581425564973435
CUST107173,42,M,Kochi,Retail,Salaried,250000.0,25,1,12.429220196836383
CUST107174,27,F,Jaipur,Corporate,Salaried,252400.0,140,3,12.438774371606481
CUST107175,47,F,Hyderabad,Retail,Salaried,413400.0,164,4,12.932173345191563
CUST107176,61,F,Chandigarh,Mass Affluent,Salaried,527800.0,168,1,13.176474597706633
CUST107177,63,F,Delhi,Retail,Salaried,250000.0,233,3,12.429220196836383
CUST107178,41,M,Indore,HNWI,Self-Employed,250000.0,91,2,12.429220196836383
CUST107179,36,M,Hyderabad,Retail,Salaried,280400.0,14,2,12.543976000470021
CUST107180,45,M,Kochi,Mass Affluent,Salaried,250000.0,230,2,12.429220196836383
CUST107181,64,M,Pune,Mass Affluent,Self-Employed,250000.0,129,3,12.429220196836383
CUST107182,24,F,Hyderabad,Retail,Self-Employed,401500.0,153,2,12.902965303025876
CUST107183,38,F,Hyderabad,Mass Affluent,Retired,359100.0,130,1,12.791358964949923
CUST107184,33,F,Chennai,Corporate,Salaried,442600.0,119,1,13.000423965972946
CUST107185,64,F,Bhopal,Mass Affluent,Business Owner,250000.0,44,2,12.429220196836383
CUST107186,46,M,Kochi,SME,Self-Employed,491600.0,137,2,13.105422690846073
CUST107187,25,F,Surat,HNWI,Self-Employed,270700.0,201,1,12.508770169721908
CUST107188,35,M,Lucknow,Mass Affluent,Salaried,250000.0,32,2,12.429220196836383
CUST107189,23,F,Pune,Mass Affluent,Salaried,250000.0,98,1,12.429220196836383
CUST107190,46,F,Bhopal,SME,Salaried,250000.0,224,2,12.429220196836383
CUST107191,74,F,Chennai,Mass Affluent,Self-Employed,250000.0,104,2,12.429220196836383
CUST107192,51,F,Chandigarh,Retail,Self-Employed,305400.0,43,5,12.629380946155546
CUST107193,67,M,Kolkata,Corporate,Salaried,250000.0,231,1,12.429220196836383
CUST107194,61,F,Kolkata,SME,Salaried,250000.0,38,1,12.429220196836383
CUST107195,68,F,Ahmedabad,Mass Affluent,Retired,250000.0,63,2,12.429220196836383
CUST107196,37,F,Kochi,Retail,Salaried,317400.0,114,3,12.667921237668097
CUST107197,72,M,Surat,Mass Affluent,Self-Employed,344200.0,96,3,12.74898106804298
CUST107198,33,M,Kochi,HNWI,Student,263700.0,103,2,12.48257116452228
CUST107199,44,F,Delhi,Retail,Salaried,258700.0,186,1,12.463428233647901
CUST107200,57,M,Bangalore,HNWI,Self-Employed,250000.0,136,4,12.429220196836383
CUST107201,36,F,Indore,Mass Affluent,Business Owner,392500.0,118,2,12.880294363972055
CUST107202,35,M,Chandigarh,Retail,Salaried,250000.0,170,3,12.429220196836383
CUST107203,28,F,Delhi,Mass Affluent,Salaried,256300.0,147,2,12.454107814022272
CUST107204,21,M,Bhopal,Retail,Retired,500200.0,153,4,13.122765296623978
CUST107205,48,F,Hyderabad,HNWI,Salaried,431600.0,117,3,12.97525682932358
CUST107206,74,M,Chandigarh,Retail,Salaried,250000.0,135,1,12.429220196836383
CUST107207,32,F,Chandigarh,Corporate,Salaried,250000.0,72,1,12.429220196836383
CUST107208,44,M,Lucknow,Retail,Business Owner,250000.0,102,1,12.429220196836383
CUST107209,71,F,Bangalore,SME,Salaried,250000.0,44,4,12.429220196836383
CUST107210,62,M,Kochi,HNWI,Salaried,518200.0,25,1,13.158118476865136
CUST107211,21,F,Delhi,Retail,Salaried,250000.0,204,2,12.429220196836383
CUST107212,48,F,Kolkata,SME,Salaried,448100.0,194,2,13.012773932416467
CUST107213,28,F,Lucknow,Mass Affluent,Self-Employed,275100.0,70,3,12.524893581947863
CUST107214,34,M,Delhi,Mass Affluent,Business Owner,618500.0,113,2,13.335054087628247
CUST107215,34,M,Kolkata,Corporate,Salaried,368700.0,239,2,12.817741296450725
CUST107216,54,M,Kochi,Corporate,Self-Employed,463800.0,130,2,13.047210859903013
CUST107217,31,M,Delhi,Mass Affluent,Self-Employed,250000.0,8,1,12.429220196836383
CUST107218,34,F,Kolkata,SME,Business Owner,250000.0,141,1,12.429220196836383
CUST107219,33,F,Mumbai,Retail,Self-Employed,293200.0,212,4,12.588613659630019
CUST107220,40,M,Lucknow,Retail,Salaried,250000.0,59,5,12.429220196836383
CUST107221,56,F,Delhi,Retail,Self-Employed,250000.0,227,4,12.429220196836383
CUST107222,42,M,Chennai,Retail,Self-Employed,250000.0,184,2,12.429220196836383
CUST107223,38,F,Ahmedabad,Mass Affluent,Self-Employed,250000.0,19,1,12.429220196836383
CUST107224,48,M,Hyderabad,Retail,Salaried,383600.0,237,2,12.857358228870192
CUST107225,54,F,Hyderabad,Mass Affluent,Salaried,368800.0,152,1,12.818012482157647
CUST107226,21,M,Indore,Retail,Salaried,250000.0,56,4,12.429220196836383
CUST107227,69,M,Kochi,Retail,Salaried,325100.0,189,3,12.69189118226389
CUST107228,70,M,Delhi,HNWI,Salaried,250000.0,198,5,12.429220196836383
CUST107229,53,M,Indore,Retail,Salaried,1150800.0,149,4,13.955968779619875
CUST107230,52,F,Ahmedabad,HNWI,Salaried,321400.0,231,2,12.680444843668388
CUST107231,58,F,Bangalore,HNWI,Salaried,250000.0,211,2,12.429220196836383
CUST107232,44,M,Bhopal,Mass Affluent,Student,453700.0,78,4,13.025193669749251
CUST107233,40,M,Kolkata,Corporate,Salaried,564700.0,37,2,13.24405166651114
CUST107234,40,F,Chennai,SME,Salaried,250000.0,194,4,12.429220196836383
CUST107235,29,F,Bangalore,Retail,Self-Employed,250000.0,228,2,12.429220196836383
CUST107236,66,M,Bhopal,Mass Affluent,Salaried,250000.0,74,2,12.429220196836383
CUST107237,38,F,Chennai,Retail,Salaried,250000.0,134,2,12.429220196836383
CUST107238,36,F,Jaipur,Retail,Salaried,259700.0,125,1,12.467286248240269
CUST107239,73,F,Hyderabad,Mass Affluent,Salaried,250000.0,86,2,12.429220196836383
CUST107240,48,F,Bhopal,HNWI,Self-Employed,250000.0,131,1,12.429220196836383
CUST107241,54,M,Kochi,Corporate,Salaried,250000.0,128,2,12.429220196836383
CUST107242,34,M,Ahmedabad,HNWI,Salaried,326100.0,236,2,12.694962428316714
CUST107243,35,F,Kolkata,HNWI,Salaried,387300.0,85,1,12.866957447477306
CUST107244,60,M,Lucknow,Mass Affluent,Salaried,341400.0,40,3,12.740813018453595
CUST107245,45,M,Ahmedabad,Retail,Self-Employed,786500.0,112,1,13.575349272935478
CUST107246,28,F,Chandigarh,Retail,Salaried,517300.0,39,3,13.156380189103984
CUST107247,66,M,Surat,Mass Affluent,Salaried,306600.0,42,1,12.633302506993136
CUST107248,42,F,Mumbai,HNWI,Salaried,250000.0,154,3,12.429220196836383
CUST107249,57,M,Indore,Retail,Self-Employed,250000.0,203,2,12.429220196836383
CUST107250,39,M,Bangalore,Retail,Salaried,250000.0,33,3,12.429220196836383
CUST107251,51,M,Chennai,Retail,Business Owner,294200.0,97,2,12.592018486191964
CUST107252,62,M,Pune,Mass Affluent,Salaried,327400.0,48,2,12.698940998282254
CUST107253,68,F,Hyderabad,Retail,Student,458500.0,115,3,13.03571775170136
CUST107254,32,F,Chandigarh,Retail,Salaried,315000.0,144,2,12.660331092405906
CUST107255,57,F,Chandigarh,Retail,Self-Employed,505000.0,218,2,13.132315688453556
CUST107256,70,F,Bangalore,Retail,Salaried,511300.0,215,2,13.144713736865121
CUST107257,55,M,Chennai,Mass Affluent,Salaried,250000.0,218,3,12.429220196836383
CUST107258,28,M,Kolkata,SME,Self-Employed,250000.0,104,3,12.429220196836383
CUST107259,31,F,Surat,Retail,Student,266600.0,190,4,12.493508437657445
CUST107260,31,M,Jaipur,Mass Affluent,Business Owner,250000.0,74,1,12.429220196836383
CUST107261,26,F,Surat,Mass Affluent,Salaried,250000.0,13,1,12.429220196836383
CUST107262,61,F,Mumbai,Mass Affluent,Salaried,321500.0,223,2,12.680755933074881
CUST107263,73,F,Ahmedabad,Retail,Salaried,250000.0,218,3,12.429220196836383
CUST107264,48,F,Hyderabad,Retail,Self-Employed,268400.0,48,1,12.500237409855137
CUST107265,53,F,Hyderabad,SME,Salaried,250000.0,50,1,12.429220196836383
CUST107266,62,F,Kochi,SME,Salaried,363600.0,218,5,12.803812391556706
CUST107267,43,F,Bangalore,Retail,Salaried,348000.0,108,2,12.759960632315702
CUST107268,46,M,Mumbai,Mass Affluent,Retired,250000.0,190,2,12.429220196836383
CUST107269,52,M,Ahmedabad,Retail,Salaried,250000.0,217,1,12.429220196836383
CUST107270,37,F,Kochi,Retail,Salaried,561400.0,133,1,13.238190724169465
CUST107271,24,M,Ahmedabad,Retail,Salaried,766000.0,28,1,13.548938754204904
CUST107272,51,F,Bangalore,HNWI,Salaried,308900.0,146,1,12.640776116195056
CUST107273,65,M,Kochi,Retail,Salaried,250000.0,37,2,12.429220196836383
CUST107274,24,F,Kolkata,Retail,Self-Employed,502700.0,166,1,13.127750838936695
CUST107275,32,F,Surat,Retail,Salaried,355800.0,140,2,12.782126864777657
CUST107276,35,F,Hyderabad,Retail,Salaried,250000.0,108,1,12.429220196836383
CUST107277,64,F,Bhopal,Retail,Salaried,479700.0,115,4,13.080918272124213
CUST107278,48,M,Chennai,Mass Affluent,Salaried,250000.0,231,1,12.429220196836383
CUST107279,49,M,Chandigarh,Mass Affluent,Self-Employed,250000.0,97,1,12.429220196836383
CUST107280,55,M,Kolkata,Mass Affluent,Salaried,333800.0,204,3,12.718300286011257
CUST107281,35,M,Surat,Mass Affluent,Self-Employed,287400.0,195,4,12.56863373209213
CUST107282,59,F,Ahmedabad,HNWI,Salaried,393300.0,239,2,12.882330501005024
CUST107283,22,F,Delhi,Retail,Salaried,549100.0,215,2,13.216037674427207
CUST107284,27,M,Delhi,Retail,Salaried,250000.0,151,4,12.429220196836383
CUST107285,65,M,Pune,Corporate,Salaried,274700.0,237,3,12.52343851241165
CUST107286,56,F,Bangalore,Mass Affluent,Salaried,839600.0,169,2,13.64068205797126
CUST107287,30,F,Lucknow,Mass Affluent,Salaried,250000.0,34,2,12.429220196836383
CUST107288,44,F,Bangalore,Retail,Business Owner,250000.0,28,1,12.429220196836383
CUST107289,23,F,Jaipur,Retail,Salaried,250000.0,164,1,12.429220196836383
CUST107290,57,M,Hyderabad,Retail,Salaried,285200.0,129,1,12.560949473827492
CUST107291,61,M,Bangalore,Corporate,Salaried,380200.0,209,1,12.848455339227641
CUST107292,36,M,Kolkata,Mass Affluent,Salaried,379700.0,131,5,12.847139379874577
CUST107293,39,M,Jaipur,Retail,Salaried,250000.0,62,4,12.429220196836383
CUST107294,33,M,Kolkata,Retail,Self-Employed,266900.0,206,1,12.494633082107216
CUST107295,42,M,Kolkata,Retail,Self-Employed,306500.0,118,1,12.632976296995821
CUST107296,35,F,Kolkata,Retail,Self-Employed,276900.0,229,2,12.531415320564594
CUST107297,34,M,Kolkata,Mass Affluent,Salaried,250000.0,7,2,12.429220196836383
CUST107298,44,F,Pune,Retail,Salaried,281100.0,10,4,12.54646931434116
CUST107299,67,F,Indore,Corporate,Business Owner,250000.0,37,5,12.429220196836383
CUST107300,62,F,Jaipur,HNWI,Salaried,250000.0,229,2,12.429220196836383
CUST107301,37,F,Pune,Corporate,Self-Employed,403800.0,35,1,12.90867746133131
CUST107302,71,F,Kochi,Corporate,Self-Employed,291900.0,172,4,12.584169982667103
CUST107303,32,M,Ahmedabad,SME,Salaried,382700.0,171,2,12.855009284423183
CUST107304,70,M,Chandigarh,SME,Salaried,250000.0,211,2,12.429220196836383
CUST107305,37,F,Jaipur,Retail,Self-Employed,390800.0,151,3,12.875953758001124
CUST107306,50,F,Hyderabad,Retail,Salaried,495500.0,10,2,13.113324650913615
CUST107307,31,M,Jaipur,Retail,Salaried,768700.0,15,1,13.552457356233997
CUST107308,62,M,Kochi,Mass Affluent,Salaried,437300.0,9,3,12.988377024158059
CUST107309,38,M,Hyderabad,Mass Affluent,Salaried,338000.0,145,1,12.73080413304066
CUST107310,68,M,Hyderabad,Retail,Self-Employed,250000.0,106,1,12.429220196836383
CUST107311,25,F,Jaipur,Corporate,Salaried,251700.0,21,2,12.435997154099226
CUST107312,48,M,Bhopal,HNWI,Business Owner,250000.0,10,1,12.429220196836383
CUST107313,29,F,Kolkata,Mass Affluent,Retired,250000.0,53,3,12.429220196836383
CUST107314,69,F,Ahmedabad,Retail,Student,867200.0,118,5,13.673026062803386
CUST107315,43,F,Lucknow,Retail,Salaried,250000.0,216,5,12.429220196836383
CUST107316,57,M,Lucknow,Mass Affluent,Salaried,250000.0,199,1,12.429220196836383
CUST107317,68,M,Bangalore,Retail,Retired,437100.0,110,5,12.987919568654783
CUST107318,49,M,Kolkata,Mass Affluent,Self-Employed,250000.0,73,1,12.429220196836383
CUST107319,24,F,Chandigarh,Retail,Salaried,425400.0,188,2,12.960787532474237
CUST107320,32,F,Bhopal,Retail,Business Owner,250000.0,225,1,12.429220196836383
CUST107321,32,M,Kochi,Retail,Self-Employed,250000.0,79,4,12.429220196836383
CUST107322,70,M,Mumbai,Mass Affluent,Self-Employed,549900.0,122,1,13.217493541006709
CUST107323,70,F,Pune,Retail,Student,250000.0,31,3,12.429220196836383
CUST107324,46,F,Mumbai,SME,Student,250000.0,36,3,12.429220196836383
CUST107325,69,F,Chennai,Retail,Salaried,319600.0,213,2,12.6748286217805
CUST107326,34,F,Indore,Corporate,Salaried,250000.0,58,3,12.429220196836383
CUST107327,57,F,Kolkata,Retail,Self-Employed,310300.0,44,2,12.645298073119001
CUST107328,42,M,Bangalore,Retail,Self-Employed,270900.0,80,1,12.509508719465414
CUST107329,33,M,Surat,SME,Self-Employed,369800.0,87,2,12.820720302095918
CUST107330,34,F,Kochi,HNWI,Salaried,810400.0,53,3,13.605284465874389
CUST107331,43,M,Lucknow,Mass Affluent,Self-Employed,1335900.0,170,1,14.105116528536648
CUST107332,39,F,Indore,HNWI,Salaried,354300.0,140,4,12.777902113316417
CUST107333,32,F,Surat,Retail,Retired,251100.0,144,1,12.433610527614848
CUST107334,39,M,Lucknow,HNWI,Business Owner,349600.0,236,3,12.764547783171325
CUST107335,27,M,Bhopal,Retail,Salaried,250000.0,223,1,12.429220196836383
CUST107336,73,M,Chennai,HNWI,Self-Employed,250000.0,72,2,12.429220196836383
CUST107337,41,F,Pune,SME,Self-Employed,260900.0,237,2,12.471896304003637
CUST107338,26,F,Jaipur,Corporate,Salaried,513600.0,164,2,13.14920197839649
CUST107339,52,F,Surat,HNWI,Salaried,250000.0,40,1,12.429220196836383
CUST107340,68,F,Ahmedabad,Mass Affluent,Self-Employed,250000.0,80,2,12.429220196836383
CUST107341,40,F,Pune,Mass Affluent,Self-Employed,250000.0,59,1,12.429220196836383
CUST107342,66,M,Bangalore,Retail,Salaried,335500.0,193,1,12.723380216015363
CUST107343,53,M,Lucknow,Corporate,Retired,1117000.0,155,1,13.926157973306085
CUST107344,60,F,Delhi,Mass Affluent,Student,250000.0,188,4,12.429220196836383
CUST107345,36,F,Ahmedabad,Retail,Business Owner,283400.0,40,1,12.554618134814001
CUST107346,22,F,Pune,HNWI,Retired,269300.0,126,2,12.503584992123654
CUST107347,39,M,Kochi,Retail,Salaried,250000.0,132,1,12.429220196836383
CUST107348,70,M,Ahmedabad,Corporate,Retired,260800.0,165,3,12.471512943383113
CUST107349,63,M,Mumbai,Corporate,Retired,250000.0,93,2,12.429220196836383
CUST107350,63,M,Ahmedabad,Retail,Self-Employed,1391400.0,20,1,14.14582171117201
CUST107351,68,F,Hyderabad,Retail,Salaried,420800.0,213,5,12.949915316828669
CUST107352,41,M,Kolkata,HNWI,Salaried,250000.0,105,5,12.429220196836383
CUST107353,38,M,Chennai,Retail,Salaried,545900.0,220,1,13.210192919605504
CUST107354,70,F,Bangalore,SME,Self-Employed,313000.0,102,3,12.653961664405365
CUST107355,51,F,Chandigarh,Retail,Salaried,277800.0,66,4,12.534660309007924
CUST107356,37,M,Hyderabad,Retail,Business Owner,250000.0,114,5,12.429220196836383
CUST107357,36,F,Ahmedabad,Retail,Business Owner,250000.0,28,1,12.429220196836383
CUST107358,68,F,Indore,HNWI,Salaried,250000.0,136,3,12.429220196836383
CUST107359,23,F,Kolkata,Mass Affluent,Salaried,250000.0,237,2,12.429220196836383
CUST107360,24,M,Chandigarh,Corporate,Self-Employed,335200.0,65,3,12.722485630879172
CUST107361,60,F,Pune,SME,Salaried,250000.0,41,2,12.429220196836383
CUST107362,21,F,Chandigarh,Mass Affluent,Retired,454300.0,38,3,13.026515252933715
CUST107363,30,F,Pune,Retail,Business Owner,250000.0,46,4,12.429220196836383
CUST107364,74,F,Mumbai,Retail,Salaried,250000.0,97,1,12.429220196836383
CUST107365,43,M,Bhopal,Corporate,Self-Employed,427500.0,65,1,12.965711906537503
CUST107366,60,F,Indore,Retail,Business Owner,250000.0,173,2,12.429220196836383
CUST107367,47,F,Chandigarh,Corporate,Retired,448400.0,85,2,13.013443200329306
CUST107368,25,F,Delhi,Corporate,Self-Employed,273800.0,90,2,12.520156844130765
CUST107369,30,M,Indore,Mass Affluent,Student,827800.0,40,3,13.6265280663173
CUST107370,62,F,Kolkata,Mass Affluent,Salaried,422300.0,140,3,12.953473608904076
CUST107371,26,F,Indore,SME,Salaried,343100.0,81,3,12.74578014344445
CUST107372,53,F,Chandigarh,HNWI,Self-Employed,433600.0,171,1,12.979880035377978
CUST107373,39,M,Bangalore,Mass Affluent,Business Owner,250000.0,11,1,12.429220196836383
CUST107374,40,M,Kolkata,Retail,Student,250000.0,156,4,12.429220196836383
CUST107375,72,F,Chennai,Mass Affluent,Salaried,333200.0,193,2,12.716501190470801
CUST107376,53,F,Chennai,Retail,Salaried,860200.0,172,3,13.664921361851441
CUST107377,54,M,Jaipur,SME,Self-Employed,250000.0,67,1,12.429220196836383
CUST107378,39,M,Pune,Mass Affluent,Retired,355600.0,169,3,12.781564594766413
CUST107379,41,M,Lucknow,HNWI,Self-Employed,250000.0,197,1,12.429220196836383
CUST107380,58,M,Surat,Retail,Salaried,264600.0,129,3,12.485978309945345
CUST107381,23,M,Hyderabad,Corporate,Business Owner,281400.0,157,1,12.547535977316382
CUST107382,33,M,Mumbai,Retail,Self-Employed,420000.0,196,1,12.948012371209098
CUST107383,53,M,Kochi,HNWI,Retired,304400.0,118,2,12.626101190115389
CUST107384,54,F,Bangalore,Retail,Business Owner,611800.0,40,1,13.32416234521869
CUST107385,25,M,Bangalore,Corporate,Salaried,540300.0,233,5,13.199881670654062
CUST107386,63,F,Lucknow,Mass Affluent,Student,250000.0,82,2,12.429220196836383
CUST107387,50,M,Hyderabad,Mass Affluent,Salaried,517400.0,96,2,13.156573481472824
CUST107388,33,M,Bangalore,Retail,Student,250000.0,149,1,12.429220196836383
CUST107389,61,M,Chennai,Retail,Salaried,250000.0,47,2,12.429220196836383
CUST107390,74,M,Ahmedabad,Retail,Business Owner,250000.0,87,1,12.429220196836383
CUST107391,43,F,Indore,Retail,Salaried,589600.0,141,3,13.287201315920955
CUST107392,36,M,Chandigarh,Mass Affluent,Salaried,250000.0,177,5,12.429220196836383
CUST107393,37,M,Surat,Mass Affluent,Student,250000.0,38,2,12.429220196836383
CUST107394,53,F,Bhopal,Retail,Salaried,371500.0,199,4,12.82530683492637
CUST107395,23,F,Ahmedabad,HNWI,Salaried,250000.0,70,5,12.429220196836383
CUST107396,47,M,Pune,Retail,Business Owner,250000.0,219,5,12.429220196836383
CUST107397,22,M,Indore,Retail,Salaried,250000.0,218,3,12.429220196836383
CUST107398,23,M,Chennai,Corporate,Self-Employed,250000.0,172,4,12.429220196836383
CUST107399,44,F,Indore,Retail,Student,1378700.0,214,2,14.136652309480413
CUST107400,61,F,Chandigarh,Mass Affluent,Salaried,727700.0,43,2,13.497645528526895
CUST107401,68,M,Kolkata,SME,Salaried,408200.0,114,3,12.919514979134402
CUST107402,25,M,Lucknow,HNWI,Self-Employed,310100.0,38,1,12.644653329849545
CUST107403,34,F,Kochi,Mass Affluent,Self-Employed,528200.0,117,2,13.177232172065642
CUST107404,43,F,Kochi,Mass Affluent,Salaried,310600.0,142,2,12.646264409266557
CUST107405,51,F,Hyderabad,Corporate,Salaried,437800.0,138,1,12.989519748216305
CUST107406,74,F,Chandigarh,Corporate,Salaried,375100.0,23,2,12.83495060202217
CUST107407,57,F,Ahmedabad,Retail,Salaried,289800.0,25,3,12.57694975951839
CUST107408,50,M,Mumbai,Mass Affluent,Salaried,471700.0,239,3,13.064100589261626
CUST107409,24,M,Delhi,Corporate,Retired,250000.0,65,3,12.429220196836383
CUST107410,25,F,Surat,Corporate,Salaried,277900.0,121,3,12.535020214140818
CUST107411,29,F,Pune,Retail,Salaried,250000.0,141,1,12.429220196836383
CUST107412,56,M,Delhi,Retail,Retired,250000.0,43,1,12.429220196836383
CUST107413,38,M,Ahmedabad,Mass Affluent,Salaried,250000.0,81,1,12.429220196836383
CUST107414,34,F,Jaipur,Retail,Retired,352900.0,146,4,12.773942843323274
CUST107415,57,M,Delhi,Mass Affluent,Retired,416200.0,55,4,12.938923595629799
CUST107416,65,F,Kolkata,Mass Affluent,Salaried,514700.0,191,2,13.151341428518306
CUST107417,44,M,Pune,Retail,Salaried,250000.0,157,2,12.429220196836383
CUST107418,68,M,Kochi,Retail,Salaried,349400.0,237,5,12.763975538727225
CUST107419,60,F,Lucknow,Corporate,Salaried,268200.0,138,1,12.49949197838354
CUST107420,59,M,Delhi,Corporate,Salaried,417700.0,193,1,12.942521144545125
CUST107421,67,M,Lucknow,Corporate,Salaried,250000.0,82,3,12.429220196836383
CUST107422,30,M,Bhopal,Corporate,Salaried,250000.0,168,2,12.429220196836383
CUST107423,61,F,Mumbai,SME,Business Owner,250000.0,225,5,12.429220196836383
CUST107424,72,F,Chandigarh,Mass Affluent,Salaried,250000.0,198,4,12.429220196836383
CUST107425,74,M,Delhi,Retail,Salaried,268800.0,187,5,12.501726607862306
CUST107426,52,M,Lucknow,Corporate,Salaried,297900.0,111,3,12.604516495526891
CUST107427,61,M,Kolkata,Mass Affluent,Salaried,250000.0,145,5,12.429220196836383
CUST107428,68,M,Surat,Retail,Business Owner,250000.0,144,3,12.429220196836383
CUST107429,67,M,Indore,SME,Self-Employed,295400.0,55,2,12.596089034314039
CUST107430,69,F,Indore,Retail,Salaried,624600.0,67,2,13.34486832485449
CUST107431,65,M,Bhopal,Corporate,Self-Employed,250000.0,157,4,12.429220196836383
CUST107432,41,M,Indore,Mass Affluent,Salaried,360100.0,155,1,12.794139826639498
CUST107433,60,F,Chennai,Retail,Retired,250000.0,166,2,12.429220196836383
CUST107434,43,M,Pune,Corporate,Salaried,250000.0,147,2,12.429220196836383
CUST107435,64,F,Surat,HNWI,Self-Employed,250000.0,142,3,12.429220196836383
CUST107436,64,F,Bangalore,Mass Affluent,Salaried,250000.0,127,3,12.429220196836383
CUST107437,71,F,Jaipur,Mass Affluent,Salaried,250000.0,155,2,12.429220196836383
CUST107438,52,M,Ahmedabad,Retail,Salaried,503200.0,90,3,13.128744971647793
CUST107439,46,M,Chandigarh,Retail,Salaried,250000.0,43,2,12.429220196836383
CUST107440,29,M,Mumbai,Retail,Self-Employed,250000.0,164,1,12.429220196836383
CUST107441,55,M,Delhi,Retail,Self-Employed,304200.0,84,3,12.625443946112906
CUST107442,51,F,Mumbai,Retail,Salaried,269200.0,183,1,12.503213591456063
CUST107443,48,F,Jaipur,Mass Affluent,Student,257600.0,214,4,12.459167155192379
CUST107444,57,M,Jaipur,Retail,Salaried,312500.0,97,4,12.652362948153474
CUST107445,66,M,Jaipur,Mass Affluent,Retired,250000.0,38,1,12.429220196836383
CUST107446,29,F,Hyderabad,Retail,Salaried,250000.0,6,1,12.429220196836383
CUST107447,44,M,Chennai,Retail,Salaried,484900.0,143,1,13.0917000253722
CUST107448,60,F,Pune,SME,Salaried,250000.0,212,3,12.429220196836383
CUST107449,65,F,Mumbai,SME,Self-Employed,383800.0,216,1,12.857879468076053
CUST107450,63,F,Kochi,Corporate,Business Owner,559300.0,216,2,13.234443068757303
CUST107451,64,M,Mumbai,Retail,Self-Employed,445700.0,9,2,13.007403602593786
CUST107452,67,F,Surat,HNWI,Salaried,250000.0,18,3,12.429220196836383
CUST107453,72,M,Pune,Retail,Salaried,250200.0,232,3,12.430019873809519
CUST107454,53,M,Chandigarh,Mass Affluent,Business Owner,501100.0,163,2,13.124562956555483
CUST107455,34,M,Surat,Corporate,Retired,367200.0,212,2,12.813664661036311
CUST107456,51,F,Ahmedabad,Retail,Salaried,299600.0,235,3,12.610206868403342
CUST107457,59,F,Surat,SME,Business Owner,250000.0,173,2,12.429220196836383
CUST107458,26,M,Delhi,HNWI,Self-Employed,250000.0,99,2,12.429220196836383
CUST107459,61,M,Bangalore,Retail,Salaried,279700.0,171,1,12.541476454442867
CUST107460,50,F,Ahmedabad,Retail,Self-Employed,250000.0,152,1,12.429220196836383
CUST107461,71,F,Indore,Corporate,Salaried,432000.0,209,2,12.976183182038383
CUST107462,32,F,Indore,Mass Affluent,Salaried,250100.0,207,2,12.429620115258357
CUST107463,69,M,Kolkata,Retail,Self-Employed,250000.0,46,3,12.429220196836383
CUST107464,45,M,Chennai,Retail,Student,250000.0,212,5,12.429220196836383
CUST107465,51,M,Chandigarh,SME,Salaried,250000.0,169,1,12.429220196836383
CUST107466,56,F,Jaipur,Retail,Salaried,250000.0,177,2,12.429220196836383
CUST107467,52,M,Delhi,SME,Salaried,628900.0,86,3,13.351729130608245
CUST107468,69,M,Hyderabad,Mass Affluent,Salaried,379700.0,119,2,12.847139379874577
CUST107469,30,F,Indore,Retail,Self-Employed,250000.0,210,2,12.429220196836383
CUST107470,60,F,Bhopal,Retail,Salaried,250000.0,38,2,12.429220196836383
CUST107471,73,M,Bhopal,HNWI,Salaried,250000.0,130,2,12.429220196836383
CUST107472,32,F,Mumbai,Retail,Self-Employed,289400.0,232,1,12.575568548598568
CUST107473,34,F,Indore,Retail,Salaried,486700.0,185,1,13.095405250473226
CUST107474,46,M,Delhi,Retail,Salaried,757600.0,40,1,13.537912140810896
CUST107475,60,M,Indore,Corporate,Self-Employed,782700.0,45,4,13.570506037420834
CUST107476,72,M,Bhopal,Mass Affluent,Salaried,250000.0,123,1,12.429220196836383
CUST107477,63,M,Kolkata,Mass Affluent,Salaried,470100.0,62,1,13.060702844216937
CUST107478,63,M,Bangalore,Retail,Salaried,346400.0,212,3,12.755352342502277
CUST107479,44,M,Surat,Mass Affluent,Salaried,250000.0,202,5,12.429220196836383
CUST107480,55,F,Delhi,HNWI,Retired,250000.0,229,1,12.429220196836383
CUST107481,32,F,Jaipur,Retail,Self-Employed,292600.0,98,3,12.586565185197317
CUST107482,46,F,Chennai,SME,Salaried,250000.0,72,1,12.429220196836383
CUST107483,31,M,Pune,Corporate,Salaried,250000.0,129,1,12.429220196836383
CUST107484,22,F,Indore,Retail,Salaried,250000.0,32,5,12.429220196836383
CUST107485,67,F,Chandigarh,Corporate,Retired,306000.0,175,3,12.631343648903034
CUST107486,64,F,Pune,Mass Affluent,Self-Employed,578600.0,209,2,13.268368399832392
CUST107487,48,F,Chennai,Mass Affluent,Self-Employed,270400.0,45,1,12.50766132136896
CUST107488,21,M,Indore,Retail,Salaried,250000.0,52,2,12.429220196836383
CUST107489,25,F,Pune,Corporate,Retired,250000.0,76,1,12.429220196836383
CUST107490,27,F,Bangalore,Mass Affluent,Business Owner,353300.0,193,2,12.775075663798933
CUST107491,59,F,Bhopal,Corporate,Salaried,273000.0,82,3,12.51723073716405
CUST107492,31,M,Chandigarh,Retail,Salaried,250000.0,176,2,12.429220196836383
CUST107493,34,F,Chennai,Retail,Salaried,540200.0,220,3,13.199696571505173
CUST107494,67,F,Bangalore,SME,Self-Employed,250000.0,108,1,12.429220196836383
CUST107495,68,F,Bangalore,Mass Affluent,Salaried,250000.0,38,3,12.429220196836383
CUST107496,62,M,Jaipur,Retail,Salaried,250000.0,220,5,12.429220196836383
CUST107497,37,M,Chennai,Corporate,Self-Employed,250000.0,92,4,12.429220196836383
CUST107498,52,F,Lucknow,Retail,Self-Employed,373400.0,146,1,12.830408188179371
CUST107499,31,F,Kochi,Corporate,Salaried,354500.0,230,1,12.778466445824812
CUST107500,67,M,Mumbai,Corporate,Salaried,504100.0,215,2,13.13053192380214
CUST107501,25,F,Indore,Retail,Salaried,362700.0,201,2,12.801334082366724
CUST107502,61,F,Mumbai,Mass Affluent,Salaried,250400.0,88,4,12.430818911810329
CUST107503,48,M,Delhi,SME,Business Owner,250000.0,162,2,12.429220196836383
CUST107504,61,M,Surat,SME,Self-Employed,352600.0,84,2,12.773092385016758
CUST107505,45,F,Lucknow,Mass Affluent,Retired,250000.0,134,1,12.429220196836383
CUST107506,29,F,Chandigarh,Mass Affluent,Self-Employed,276000.0,84,5,12.52815976788113
CUST107507,61,F,Jaipur,Mass Affluent,Business Owner,364300.0,202,1,12.80573572798328
CUST107508,55,F,Pune,Retail,Salaried,291600.0,181,4,12.58314170846604
CUST107509,46,M,Surat,Mass Affluent,Salaried,322900.0,227,4,12.685101053675606
CUST107510,41,M,Kochi,Retail,Retired,250000.0,68,1,12.429220196836383
CUST107511,39,F,Surat,Retail,Self-Employed,603100.0,222,3,13.309839957537521
CUST107512,46,F,Kolkata,Retail,Retired,250000.0,63,2,12.429220196836383
CUST107513,35,M,Chandigarh,Corporate,Self-Employed,349200.0,155,1,12.763402966631915
CUST107514,36,F,Chennai,Retail,Salaried,250000.0,46,2,12.429220196836383
CUST107515,36,M,Kolkata,Retail,Salaried,513700.0,176,5,13.14939666311494
CUST107516,21,M,Chennai,Retail,Salaried,456000.0,187,2,13.030250281476574
CUST107517,71,M,Chennai,Retail,Self-Employed,268000.0,187,1,12.498745990829315
CUST107518,33,M,Hyderabad,SME,Retired,682000.0,70,2,13.432786403100184
CUST107519,29,F,Jaipur,Retail,Business Owner,250000.0,195,2,12.429220196836383
CUST107520,29,F,Surat,Retail,Salaried,455400.0,43,1,13.028933628481127
CUST107521,74,M,Pune,SME,Salaried,250000.0,177,1,12.429220196836383
CUST107522,46,F,Bhopal,Retail,Salaried,342100.0,116,1,12.742861294083317
CUST107523,38,F,Ahmedabad,Mass Affluent,Salaried,250000.0,48,2,12.429220196836383
CUST107524,42,F,Ahmedabad,Corporate,Student,271500.0,233,3,12.511721101590597
CUST107525,25,M,Delhi,HNWI,Self-Employed,260200.0,183,3,12.469209688250697
CUST107526,37,F,Bhopal,Retail,Salaried,454600.0,40,1,13.027175390134191
CUST107527,34,M,Bangalore,HNWI,Business Owner,250000.0,97,4,12.429220196836383
CUST107528,64,M,Bangalore,Mass Affluent,Salaried,1696400.0,178,2,14.344019506066012
CUST107529,24,F,Chandigarh,Mass Affluent,Student,250000.0,52,1,12.429220196836383
CUST107530,43,M,Ahmedabad,Retail,Self-Employed,308600.0,116,5,12.639804459346648
CUST107531,63,M,Delhi,Corporate,Salaried,318900.0,29,3,12.672635988772473
CUST107532,66,F,Pune,Mass Affluent,Self-Employed,370600.0,11,2,12.822881291156794
CUST107533,48,F,Jaipur,HNWI,Salaried,250000.0,62,1,12.429220196836383
CUST107534,33,M,Mumbai,SME,Self-Employed,310200.0,172,1,12.644975753446007
CUST107535,39,M,Kochi,Corporate,Salaried,250000.0,124,2,12.429220196836383
CUST107536,33,M,Surat,HNWI,Salaried,825600.0,78,4,13.623866884949011
CUST107537,56,F,Mumbai,Retail,Self-Employed,250000.0,63,3,12.429220196836383
CUST107538,36,F,Lucknow,Retail,Salaried,250000.0,194,1,12.429220196836383
CUST107539,55,F,Hyderabad,Mass Affluent,Salaried,250000.0,161,3,12.429220196836383
CUST107540,56,M,Kochi,Retail,Business Owner,250000.0,208,2,12.429220196836383
CUST107541,71,M,Kolkata,HNWI,Salaried,250000.0,231,1,12.429220196836383
CUST107542,40,M,Hyderabad,HNWI,Self-Employed,401600.0,154,4,12.903214337396397
CUST107543,72,M,Ahmedabad,Mass Affluent,Self-Employed,250000.0,16,2,12.429220196836383
CUST107544,42,F,Pune,Retail,Salaried,250000.0,225,3,12.429220196836383
CUST107545,57,M,Kolkata,Corporate,Student,250000.0,36,1,12.429220196836383
CUST107546,56,F,Bhopal,Mass Affluent,Salaried,322100.0,171,1,12.682620439940363
CUST107547,65,F,Lucknow,Mass Affluent,Salaried,271800.0,63,2,12.512825459868276
CUST107548,46,M,Ahmedabad,Mass Affluent,Salaried,272600.0,185,2,12.515764466616417
CUST107549,63,F,Hyderabad,Retail,Self-Employed,250000.0,194,2,12.429220196836383
CUST107550,40,F,Jaipur,HNWI,Salaried,348400.0,191,3,12.76110939422043
CUST107551,47,M,Mumbai,Retail,Salaried,250000.0,69,3,12.429220196836383
CUST107552,47,M,Bhopal,Mass Affluent,Salaried,279900.0,156,3,12.5421912482017
CUST107553,59,M,Mumbai,Retail,Self-Employed,250000.0,50,1,12.429220196836383
CUST107554,54,M,Surat,Retail,Salaried,250000.0,213,2,12.429220196836383
CUST107555,25,F,Kolkata,Retail,Salaried,906400.0,41,2,13.71723709196099
CUST107556,64,F,Surat,Retail,Salaried,378800.0,202,2,12.844766280206098
CUST107557,61,M,Kolkata,Corporate,Salaried,299000.0,41,2,12.608202196848836
CUST107558,26,F,Mumbai,Corporate,Self-Employed,328700.0,73,5,12.702903801935484
CUST107559,72,F,Chandigarh,Retail,Salaried,919300.0,174,1,13.731368877635438
CUST107560,56,M,Kochi,Retail,Salaried,530800.0,230,5,13.182142465387171
CUST107561,25,F,Mumbai,HNWI,Salaried,330800.0,171,3,12.709272265101712
CUST107562,47,M,Mumbai,Retail,Self-Employed,250000.0,86,2,12.429220196836383
CUST107563,66,M,Ahmedabad,Mass Affluent,Self-Employed,250000.0,78,1,12.429220196836383
CUST107564,36,M,Chandigarh,Retail,Salaried,250000.0,153,2,12.429220196836383
CUST107565,71,F,Jaipur,Mass Affluent,Self-Employed,250000.0,111,1,12.429220196836383
CUST107566,43,F,Mumbai,SME,Self-Employed,399200.0,54,5,12.897220328426329
CUST107567,33,M,Surat,Retail,Salaried,392500.0,152,1,12.880294363972055
CUST107568,40,M,Pune,SME,Salaried,388400.0,107,2,12.869793590061287
CUST107569,49,M,Lucknow,Corporate,Salaried,250000.0,234,3,12.429220196836383
CUST107570,58,F,Kolkata,SME,Business Owner,373500.0,12,1,12.830675960927596
CUST107571,71,F,Mumbai,HNWI,Salaried,440000.0,179,2,12.994532278619134
CUST107572,31,M,Mumbai,Corporate,Salaried,250000.0,192,3,12.429220196836383
CUST107573,72,F,Lucknow,Mass Affluent,Salaried,322100.0,193,1,12.682620439940363
CUST107574,49,F,Lucknow,Corporate,Salaried,935300.0,169,1,13.748623681597737
CUST107575,27,F,Chennai,Retail,Business Owner,250000.0,234,2,12.429220196836383
CUST107576,71,F,Delhi,HNWI,Salaried,250000.0,78,2,12.429220196836383
CUST107577,39,F,Kochi,Mass Affluent,Salaried,250000.0,95,2,12.429220196836383
CUST107578,54,F,Bangalore,Retail,Self-Employed,250000.0,224,1,12.429220196836383
CUST107579,58,M,Bangalore,Retail,Self-Employed,250000.0,22,2,12.429220196836383
CUST107580,21,M,Pune,Retail,Student,250000.0,199,2,12.429220196836383
CUST107581,32,F,Surat,Retail,Self-Employed,469100.0,180,1,13.05857337605591
CUST107582,58,M,Chandigarh,Retail,Salaried,428100.0,143,2,12.967114428033137
CUST107583,38,F,Lucknow,Retail,Salaried,329700.0,34,2,12.70594146211558
CUST107584,21,F,Chandigarh,Retail,Student,560000.0,149,2,13.235693848424024
CUST107585,22,M,Lucknow,Mass Affluent,Self-Employed,250000.0,108,1,12.429220196836383
CUST107586,65,F,Indore,Retail,Salaried,280400.0,26,3,12.543976000470021
CUST107587,29,M,Bangalore,Retail,Salaried,1001100.0,178,1,13.816610952308285
CUST107588,26,F,Mumbai,Retail,Self-Employed,381200.0,196,1,12.851082074053602
CUST107589,51,F,Surat,Retail,Salaried,380700.0,136,4,12.849769569107353
CUST107590,27,M,Chandigarh,Retail,Self-Employed,250000.0,44,5,12.429220196836383
CUST107591,56,F,Kochi,SME,Self-Employed,250000.0,91,5,12.429220196836383
CUST107592,50,M,Kolkata,Retail,Salaried,250000.0,132,2,12.429220196836383
CUST107593,56,M,Ahmedabad,Retail,Student,735700.0,126,1,13.508579065169126
CUST107594,47,F,Delhi,Mass Affluent,Retired,250000.0,144,4,12.429220196836383
CUST107595,63,F,Kolkata,Corporate,Salaried,464400.0,63,3,13.048503682119662
CUST107596,55,M,Surat,Mass Affluent,Salaried,380300.0,192,5,12.848718323415918
CUST107597,43,M,Bangalore,Retail,Retired,250000.0,23,2,12.429220196836383
CUST107598,21,M,Ahmedabad,Mass Affluent,Salaried,532600.0,236,2,13.185527829941881
CUST107599,35,M,Chennai,Mass Affluent,Student,250000.0,102,1,12.429220196836383
CUST107600,28,F,Ahmedabad,Retail,Salaried,250000.0,199,1,12.429220196836383
CUST107601,21,M,Kochi,SME,Self-Employed,333900.0,19,3,12.718599820835916
CUST107602,35,F,Bhopal,SME,Self-Employed,250000.0,162,5,12.429220196836383
CUST107603,32,F,Pune,Mass Affluent,Salaried,250000.0,235,2,12.429220196836383
CUST107604,25,F,Indore,Retail,Self-Employed,250000.0,230,1,12.429220196836383
CUST107605,37,M,Surat,Mass Affluent,Salaried,250000.0,110,2,12.429220196836383
CUST107606,48,F,Bhopal,SME,Salaried,250000.0,93,1,12.429220196836383
CUST107607,30,M,Kochi,SME,Salaried,432800.0,212,5,12.978033317047784
CUST107608,35,M,Jaipur,Retail,Salaried,326100.0,155,1,12.694962428316714
CUST107609,22,M,Surat,Retail,Salaried,313800.0,228,1,12.65651430601914
CUST107610,23,F,Chennai,Retail,Salaried,250000.0,60,2,12.429220196836383
CUST107611,29,F,Surat,Corporate,Salaried,276700.0,111,2,12.530692779790893
CUST107612,45,F,Surat,Mass Affluent,Salaried,250000.0,79,3,12.429220196836383
CUST107613,56,F,Lucknow,Retail,Salaried,250000.0,104,2,12.429220196836383
CUST107614,63,F,Delhi,Retail,Business Owner,748700.0,210,4,13.526094983866342
CUST107615,54,M,Ahmedabad,Retail,Salaried,456200.0,215,2,13.030688780851065
CUST107616,54,M,Surat,Corporate,Self-Employed,250000.0,145,1,12.429220196836383
CUST107617,71,F,Bangalore,Retail,Salaried,250000.0,14,1,12.429220196836383
CUST107618,34,F,Kochi,Retail,Salaried,250000.0,109,2,12.429220196836383
CUST107619,64,M,Indore,HNWI,Salaried,250000.0,120,2,12.429220196836383
CUST107620,71,F,Jaipur,Mass Affluent,Salaried,286300.0,173,2,12.564798983919784
CUST107621,51,M,Chandigarh,HNWI,Salaried,288100.0,68,1,12.571066392083603
CUST107622,66,F,Indore,Corporate,Self-Employed,293300.0,141,1,12.58895466443808
CUST107623,28,F,Pune,Retail,Salaried,327900.0,182,1,12.700467012538367
CUST107624,68,F,Bhopal,Retail,Salaried,250000.0,139,3,12.429220196836383
CUST107625,51,F,Bhopal,Retail,Business Owner,663100.0,201,3,13.404682595423987
CUST107626,32,F,Delhi,HNWI,Salaried,250000.0,65,1,12.429220196836383
CUST107627,24,M,Chandigarh,SME,Business Owner,320300.0,151,2,12.677016457665433
CUST107628,59,F,Mumbai,Retail,Self-Employed,250000.0,112,5,12.429220196836383
CUST107629,44,F,Ahmedabad,HNWI,Salaried,323500.0,101,1,12.686957484108422
CUST107630,37,F,Chandigarh,HNWI,Salaried,933000.0,105,1,13.746161551640268
CUST107631,42,M,Surat,SME,Salaried,250000.0,135,2,12.429220196836383
CUST107632,74,M,Chennai,Mass Affluent,Self-Employed,250000.0,126,1,12.429220196836383
CUST107633,44,F,Lucknow,Retail,Student,250000.0,140,1,12.429220196836383
CUST107634,25,M,Hyderabad,HNWI,Salaried,250000.0,230,5,12.429220196836383
CUST107635,36,F,Hyderabad,Corporate,Retired,250000.0,154,3,12.429220196836383
CUST107636,28,M,Bhopal,HNWI,Salaried,250000.0,133,3,12.429220196836383
CUST107637,58,F,Mumbai,Corporate,Salaried,260500.0,221,5,12.470361978939783
CUST107638,64,F,Chandigarh,Retail,Salaried,684700.0,61,1,13.436737525601735
CUST107639,66,M,Pune,Mass Affluent,Student,250000.0,64,4,12.429220196836383
CUST107640,55,F,Mumbai,Retail,Salaried,253300.0,33,5,12.442333783869854
CUST107641,62,F,Kochi,Retail,Business Owner,329600.0,53,2,12.705638110993434
CUST107642,43,F,Mumbai,Retail,Salaried,395800.0,24,4,12.888666838675961
CUST107643,54,F,Chennai,Retail,Business Owner,611700.0,50,4,13.323998880017616
CUST107644,26,F,Hyderabad,Retail,Business Owner,309900.0,159,2,12.644008170618003
CUST107645,50,M,Kochi,Mass Affluent,Self-Employed,267900.0,169,2,12.498372788261829
CUST107646,51,M,Kolkata,Corporate,Self-Employed,250000.0,157,3,12.429220196836383
CUST107647,22,M,Lucknow,Retail,Salaried,418300.0,217,2,12.943956548056168
CUST107648,50,F,Delhi,Retail,Student,250000.0,206,2,12.429220196836383
CUST107649,60,F,Surat,Retail,Self-Employed,250000.0,82,1,12.429220196836383
CUST107650,40,F,Surat,Retail,Salaried,301300.0,50,1,12.615865044064096
CUST107651,50,M,Chennai,Retail,Retired,676700.0,104,1,13.424984799978942
CUST107652,36,F,Bhopal,Mass Affluent,Self-Employed,414900.0,223,2,12.935795216537384
CUST107653,35,F,Ahmedabad,Corporate,Self-Employed,262400.0,232,1,12.47762914702042
CUST107654,27,M,Surat,Mass Affluent,Self-Employed,250000.0,53,1,12.429220196836383
CUST107655,38,M,Bangalore,Mass Affluent,Salaried,668800.0,39,5,13.413241835966822
CUST107656,64,M,Bhopal,HNWI,Salaried,259400.0,178,2,12.466130405907165
CUST107657,71,F,Hyderabad,Retail,Salaried,250000.0,211,5,12.429220196836383
CUST107658,55,F,Lucknow,Retail,Business Owner,374400.0,228,1,12.833082694522178
CUST107659,54,M,Delhi,Retail,Self-Employed,250000.0,230,2,12.429220196836383
CUST107660,54,M,Mumbai,Retail,Business Owner,250000.0,72,3,12.429220196836383
CUST107661,46,F,Delhi,Corporate,Salaried,250000.0,193,5,12.429220196836383
CUST107662,43,M,Chandigarh,Mass Affluent,Student,250000.0,163,3,12.429220196836383
CUST107663,54,F,Hyderabad,Mass Affluent,Salaried,250000.0,84,4,12.429220196836383
CUST107664,63,M,Bhopal,Retail,Salaried,250000.0,9,1,12.429220196836383
CUST107665,43,M,Jaipur,Retail,Student,480800.0,158,2,13.08320874206786
CUST107666,51,M,Delhi,SME,Self-Employed,400800.0,90,4,12.90122032375966
CUST107667,46,F,Pune,Retail,Retired,250000.0,74,2,12.429220196836383
CUST107668,36,M,Ahmedabad,HNWI,Self-Employed,457300.0,8,1,13.03309709639206
CUST107669,36,F,Chennai,Retail,Salaried,323100.0,34,1,12.685720246824822
CUST107670,25,M,Lucknow,Retail,Salaried,250000.0,50,3,12.429220196836383
CUST107671,44,M,Indore,Retail,Business Owner,250000.0,31,1,12.429220196836383
CUST107672,59,M,Bhopal,Corporate,Salaried,329300.0,228,2,12.704727505104454
CUST107673,58,M,Ahmedabad,Retail,Self-Employed,821800.0,8,1,13.619253552271786
CUST107674,74,M,Bhopal,HNWI,Salaried,270700.0,96,1,12.508770169721908
CUST107675,23,F,Bhopal,Retail,Salaried,488500.0,234,2,13.099096797545785
CUST107676,62,M,Delhi,Mass Affluent,Business Owner,250000.0,33,1,12.429220196836383
CUST107677,63,F,Lucknow,Mass Affluent,Retired,466500.0,159,3,13.05301544288996
CUST107678,44,M,Kochi,Mass Affluent,Salaried,250000.0,64,1,12.429220196836383
CUST107679,36,M,Mumbai,Retail,Salaried,250000.0,81,3,12.429220196836383
CUST107680,40,F,Lucknow,Retail,Salaried,250000.0,109,2,12.429220196836383
CUST107681,57,F,Bhopal,Corporate,Salaried,290500.0,141,2,12.57936229760897
CUST107682,67,M,Chennai,Mass Affluent,Business Owner,513800.0,184,3,13.149591309938627
CUST107683,55,M,Indore,Retail,Salaried,250000.0,150,2,12.429220196836383
CUST107684,48,F,Chandigarh,Retail,Salaried,273200.0,10,1,12.51796306699418
CUST107685,56,M,Lucknow,Retail,Business Owner,250000.0,48,2,12.429220196836383
CUST107686,24,M,Lucknow,Mass Affluent,Business Owner,684600.0,152,2,13.436591465784137
CUST107687,53,F,Jaipur,Retail,Salaried,660300.0,73,1,13.400451070644639
CUST107688,23,F,Pune,Retail,Retired,250000.0,20,3,12.429220196836383
CUST107689,72,M,Pune,Retail,Salaried,250000.0,134,2,12.429220196836383
CUST107690,69,M,Ahmedabad,Mass Affluent,Salaried,250000.0,80,1,12.429220196836383
CUST107691,48,M,Ahmedabad,SME,Retired,385400.0,202,1,12.862039629665835
CUST107692,41,M,Indore,HNWI,Salaried,291000.0,214,1,12.581081982573842
CUST107693,60,F,Kochi,Mass Affluent,Student,250000.0,36,1,12.429220196836383
CUST107694,55,F,Kolkata,HNWI,Self-Employed,315900.0,187,2,12.663184152343888
CUST107695,59,M,Ahmedabad,Retail,Retired,250000.0,206,1,12.429220196836383
CUST107696,48,M,Hyderabad,Mass Affluent,Salaried,432300.0,155,2,12.976877383861467
CUST107697,33,M,Bangalore,Retail,Salaried,250000.0,148,1,12.429220196836383
CUST107698,24,M,Kolkata,Retail,Retired,250000.0,114,5,12.429220196836383
CUST107699,36,F,Mumbai,Mass Affluent,Business Owner,250000.0,120,2,12.429220196836383
CUST107700,49,M,Indore,Retail,Retired,250000.0,24,3,12.429220196836383
CUST107701,43,F,Delhi,Mass Affluent,Salaried,334000.0,39,2,12.718899265966332
CUST107702,48,F,Chennai,Mass Affluent,Self-Employed,540100.0,166,1,13.199511438088248
CUST107703,35,F,Hyderabad,Retail,Salaried,523600.0,134,2,13.16848522287091
CUST107704,71,M,Hyderabad,Retail,Salaried,295300.0,46,2,12.595750454113006
CUST107705,40,F,Kolkata,Mass Affluent,Salaried,250000.0,88,3,12.429220196836383
CUST107706,66,F,Surat,HNWI,Self-Employed,250000.0,157,4,12.429220196836383
CUST107707,42,M,Bhopal,Corporate,Salaried,250000.0,50,1,12.429220196836383
CUST107708,44,M,Bangalore,Retail,Salaried,265300.0,55,1,12.488620309436481
CUST107709,53,M,Hyderabad,Corporate,Business Owner,250000.0,211,3,12.429220196836383
CUST107710,35,F,Ahmedabad,Retail,Student,557400.0,113,1,13.23104018807215
CUST107711,32,F,Chennai,Retail,Salaried,250000.0,113,3,12.429220196836383
CUST107712,41,M,Kochi,Mass Affluent,Business Owner,420100.0,23,3,12.948250437540263
CUST107713,64,M,Hyderabad,Retail,Business Owner,250000.0,24,4,12.429220196836383
CUST107714,28,M,Pune,Retail,Salaried,250000.0,157,1,12.429220196836383
CUST107715,44,M,Jaipur,Retail,Self-Employed,385700.0,76,1,12.862817736881576
CUST107716,57,F,Kolkata,Corporate,Retired,317000.0,71,2,12.666660207428574
CUST107717,59,F,Lucknow,Corporate,Self-Employed,325600.0,48,2,12.693427984358877
CUST107718,44,M,Kochi,SME,Salaried,253700.0,182,4,12.443911687242986
CUST107719,25,F,Ahmedabad,Retail,Self-Employed,430900.0,225,2,12.973633644325302
CUST107720,21,F,Pune,Mass Affluent,Business Owner,395100.0,66,2,12.886896707401087
CUST107721,46,F,Chandigarh,Corporate,Self-Employed,250000.0,62,1,12.429220196836383
CUST107722,64,F,Chandigarh,Retail,Salaried,250000.0,188,2,12.429220196836383
CUST107723,22,M,Chandigarh,Retail,Salaried,493300.0,124,2,13.108874814383773
CUST107724,68,F,Mumbai,Retail,Business Owner,250000.0,191,2,12.429220196836383
CUST107725,57,M,Indore,Mass Affluent,Salaried,250000.0,180,1,12.429220196836383
CUST107726,21,F,Bhopal,Mass Affluent,Student,250000.0,192,3,12.429220196836383
CUST107727,39,M,Indore,Retail,Salaried,366800.0,43,4,12.812574745642083
CUST107728,32,M,Kochi,Retail,Business Owner,250000.0,131,1,12.429220196836383
CUST107729,72,F,Kolkata,HNWI,Salaried,582900.0,108,1,13.2757726395923
CUST107730,50,F,Surat,Mass Affluent,Business Owner,811100.0,208,3,13.606147862951277
CUST107731,38,M,Jaipur,Retail,Business Owner,250000.0,158,3,12.429220196836383
CUST107732,36,M,Indore,Retail,Salaried,250000.0,180,1,12.429220196836383
CUST107733,51,M,Kolkata,SME,Salaried,250000.0,212,1,12.429220196836383
CUST107734,21,F,Kochi,Mass Affluent,Retired,399000.0,167,3,12.896719202134523
CUST107735,34,M,Kochi,Mass Affluent,Business Owner,250000.0,159,2,12.429220196836383
CUST107736,29,F,Indore,Mass Affluent,Self-Employed,250000.0,129,2,12.429220196836383
CUST107737,54,F,Bangalore,SME,Salaried,534400.0,24,1,13.188901772460307
CUST107738,57,F,Indore,Retail,Retired,250000.0,174,3,12.429220196836383
CUST107739,46,F,Hyderabad,Retail,Self-Employed,250000.0,81,1,12.429220196836383
CUST107740,28,F,Chandigarh,Retail,Salaried,250000.0,34,2,12.429220196836383
CUST107741,41,M,Mumbai,Corporate,Salaried,575100.0,88,3,13.262300956528364
CUST107742,66,F,Hyderabad,Retail,Salaried,500300.0,87,2,13.122965196275018
CUST107743,31,M,Lucknow,Retail,Business Owner,250000.0,96,1,12.429220196836383
CUST107744,29,F,Jaipur,Retail,Business Owner,250000.0,71,1,12.429220196836383
CUST107745,27,M,Surat,Mass Affluent,Salaried,442600.0,226,3,13.000423965972946
CUST107746,65,F,Pune,Mass Affluent,Salaried,1401200.0,212,4,14.152840283979208
CUST107747,27,M,Mumbai,Retail,Salaried,250000.0,14,5,12.429220196836383
CUST107748,52,M,Lucknow,Retail,Salaried,250000.0,122,4,12.429220196836383
CUST107749,74,F,Ahmedabad,HNWI,Retired,565200.0,76,3,13.244936699076153
CUST107750,55,F,Ahmedabad,Retail,Business Owner,250000.0,204,4,12.429220196836383
CUST107751,43,M,Kolkata,HNWI,Salaried,250000.0,121,2,12.429220196836383
CUST107752,32,M,Bhopal,Retail,Salaried,250000.0,154,4,12.429220196836383
CUST107753,21,F,Kochi,Corporate,Salaried,250000.0,26,2,12.429220196836383
CUST107754,29,M,Bangalore,Retail,Self-Employed,250000.0,172,2,12.429220196836383
CUST107755,72,F,Mumbai,Mass Affluent,Salaried,571100.0,119,1,13.25532135565825
CUST107756,28,M,Bangalore,Retail,Salaried,250000.0,210,2,12.429220196836383
CUST107757,22,F,Mumbai,Retail,Student,428400.0,31,2,12.967814951820046
CUST107758,65,F,Surat,HNWI,Self-Employed,252000.0,76,2,12.437188334739655
CUST107759,43,F,Lucknow,Mass Affluent,Business Owner,289300.0,202,2,12.575222947577679
CUST107760,40,M,Pune,HNWI,Salaried,367100.0,60,4,12.813392293534607
CUST107761,59,M,Jaipur,Mass Affluent,Salaried,259900.0,69,4,12.468056068255885
CUST107762,49,M,Indore,Mass Affluent,Retired,250000.0,76,2,12.429220196836383
CUST107763,70,M,Indore,Corporate,Business Owner,250000.0,128,3,12.429220196836383
CUST107764,46,M,Pune,Retail,Self-Employed,364200.0,18,2,12.805461192015972
CUST107765,59,M,Jaipur,Corporate,Self-Employed,250000.0,150,2,12.429220196836383
CUST107766,68,F,Jaipur,Retail,Salaried,734500.0,195,4,13.50694663606553
CUST107767,46,F,Chandigarh,Retail,Self-Employed,290400.0,77,1,12.57901800545302
CUST107768,36,M,Kochi,HNWI,Salaried,250000.0,46,4,12.429220196836383
CUST107769,73,M,Chennai,Retail,Salaried,314800.0,88,1,12.659695972140415
CUST107770,33,F,Bhopal,Retail,Salaried,250000.0,157,4,12.429220196836383
CUST107771,23,M,Kolkata,Retail,Salaried,250000.0,125,3,12.429220196836383
CUST107772,52,F,Kochi,Mass Affluent,Salaried,250000.0,147,2,12.429220196836383
CUST107773,74,M,Chandigarh,Mass Affluent,Salaried,336100.0,194,1,12.72516698901374
CUST107774,25,M,Indore,Retail,Salaried,256000.0,227,1,12.45293662970407
CUST107775,66,M,Delhi,Retail,Business Owner,300300.0,111,1,12.612540583969206
CUST107776,65,M,Hyderabad,Retail,Retired,653400.0,183,3,13.389946308604012
CUST107777,71,F,Kochi,Retail,Salaried,250000.0,120,3,12.429220196836383
CUST107778,43,M,Delhi,Retail,Salaried,250000.0,38,1,12.429220196836383
CUST107779,34,F,Mumbai,Retail,Business Owner,250000.0,145,2,12.429220196836383
CUST107780,48,M,Hyderabad,Corporate,Salaried,373300.0,228,2,12.830140343709695
CUST107781,28,F,Ahmedabad,HNWI,Self-Employed,265500.0,105,3,12.48937388613538
CUST107782,66,M,Delhi,Retail,Salaried,271100.0,132,2,12.510246724155719
CUST107783,56,F,Bangalore,Retail,Self-Employed,250000.0,175,3,12.429220196836383
CUST107784,47,M,Kolkata,Retail,Salaried,250000.0,200,3,12.429220196836383
CUST107785,48,M,Jaipur,Retail,Self-Employed,1199700.0,7,1,13.99758291704439
CUST107786,59,F,Jaipur,Retail,Salaried,274600.0,19,2,12.523074413969974
CUST107787,49,M,Kochi,Corporate,Salaried,320600.0,119,2,12.677952638304316
CUST107788,66,F,Chandigarh,HNWI,Salaried,250000.0,32,4,12.429220196836383
CUST107789,70,M,Mumbai,Mass Affluent,Salaried,456400.0,221,1,13.03112708802813
CUST107790,72,F,Surat,Retail,Student,250000.0,170,2,12.429220196836383
CUST107791,54,F,Bangalore,Mass Affluent,Salaried,350600.0,150,2,12.767404103718484
CUST107792,61,M,Kolkata,SME,Salaried,461100.0,142,2,13.041372386919402
CUST107793,37,F,Kolkata,Retail,Self-Employed,252100.0,119,1,12.437585079848033
CUST107794,23,M,Surat,Corporate,Salaried,250000.0,17,2,12.429220196836383
CUST107795,42,M,Hyderabad,Retail,Retired,250000.0,186,1,12.429220196836383
CUST107796,68,F,Bhopal,HNWI,Business Owner,250000.0,117,3,12.429220196836383
CUST107797,28,F,Kolkata,Retail,Salaried,250000.0,97,4,12.429220196836383
CUST107798,50,F,Indore,Mass Affluent,Self-Employed,250000.0,108,4,12.429220196836383
CUST107799,31,M,Chandigarh,Retail,Self-Employed,641700.0,115,2,13.371877742097997
CUST107800,44,M,Ahmedabad,Mass Affluent,Salaried,483900.0,226,1,13.089635619321948
CUST107801,28,M,Delhi,Mass Affluent,Self-Employed,250000.0,51,2,12.429220196836383
CUST107802,60,F,Surat,Mass Affluent,Salaried,294300.0,47,1,12.592358332109097
CUST107803,64,F,Pune,Mass Affluent,Salaried,250000.0,35,2,12.429220196836383
CUST107804,61,F,Kolkata,Retail,Self-Employed,334400.0,151,1,12.720096150618835
CUST107805,59,F,Pune,HNWI,Self-Employed,250000.0,11,2,12.429220196836383
CUST107806,33,M,Chennai,Retail,Self-Employed,250000.0,191,1,12.429220196836383
CUST107807,49,F,Chennai,Mass Affluent,Salaried,478200.0,177,1,13.077786425179415
CUST107808,26,F,Chandigarh,Retail,Self-Employed,438700.0,171,3,12.991573366613755
CUST107809,41,F,Chennai,Mass Affluent,Salaried,663800.0,115,5,13.40573768474473
CUST107810,48,M,Pune,Retail,Self-Employed,250000.0,102,3,12.429220196836383
CUST107811,57,M,Surat,SME,Salaried,250000.0,225,1,12.429220196836383
CUST107812,26,M,Hyderabad,Mass Affluent,Salaried,466400.0,200,2,13.052801058098455
CUST107813,64,F,Lucknow,Retail,Salaried,468000.0,47,3,13.056225711649638
CUST107814,45,F,Bhopal,HNWI,Salaried,391200.0,66,4,12.87697677337675
CUST107815,68,F,Indore,Retail,Salaried,250000.0,63,3,12.429220196836383
CUST107816,49,M,Mumbai,Retail,Salaried,250000.0,116,1,12.429220196836383
CUST107817,50,F,Pune,Retail,Salaried,370100.0,155,3,12.821531220343036
CUST107818,58,M,Mumbai,HNWI,Salaried,250000.0,57,1,12.429220196836383
CUST107819,65,M,Lucknow,SME,Salaried,250000.0,18,2,12.429220196836383
CUST107820,29,F,Chennai,SME,Self-Employed,1534800.0,96,5,14.243911288905412
CUST107821,48,F,Bhopal,Retail,Student,962600.0,123,4,13.777394274703713
CUST107822,22,M,Bangalore,Retail,Business Owner,431800.0,163,1,12.975720112947148
CUST107823,46,M,Indore,Corporate,Student,250000.0,34,3,12.429220196836383
CUST107824,64,F,Kolkata,Retail,Student,250000.0,167,2,12.429220196836383
CUST107825,67,M,Bhopal,Mass Affluent,Salaried,412300.0,43,1,12.929508944110434
CUST107826,36,M,Bangalore,SME,Salaried,658800.0,74,4,13.398176795195825
CUST107827,41,F,Chennai,Retail,Salaried,250000.0,125,4,12.429220196836383
CUST107828,50,F,Kolkata,Retail,Salaried,250000.0,30,1,12.429220196836383
CUST107829,42,F,Chandigarh,Corporate,Business Owner,282800.0,139,3,12.552498749066196
CUST107830,30,F,Kochi,Mass Affluent,Retired,250000.0,15,1,12.429220196836383
CUST107831,37,F,Indore,SME,Self-Employed,250000.0,55,2,12.429220196836383
CUST107832,42,F,Jaipur,Mass Affluent,Retired,250000.0,138,5,12.429220196836383
CUST107833,49,F,Kochi,Retail,Self-Employed,372400.0,69,3,12.827726509666084
CUST107834,70,F,Lucknow,Corporate,Salaried,315900.0,107,2,12.663184152343888
CUST107835,50,M,Surat,HNWI,Salaried,530800.0,72,2,13.182142465387171
CUST107836,41,F,Indore,SME,Student,250000.0,123,3,12.429220196836383
CUST107837,56,F,Chandigarh,Mass Affluent,Self-Employed,250000.0,39,5,12.429220196836383
CUST107838,62,M,Jaipur,Mass Affluent,Salaried,352700.0,42,1,12.773375951490893
CUST107839,44,M,Pune,Retail,Salaried,250000.0,231,1,12.429220196836383
CUST107840,47,F,Lucknow,Retail,Business Owner,250000.0,83,2,12.429220196836383
CUST107841,32,F,Kochi,SME,Business Owner,492700.0,167,2,13.107657778162631
CUST107842,67,F,Chandigarh,SME,Salaried,250000.0,7,1,12.429220196836383
CUST107843,67,M,Surat,Mass Affluent,Student,250000.0,31,3,12.429220196836383
CUST107844,30,F,Chandigarh,SME,Salaried,250000.0,190,2,12.429220196836383
CUST107845,39,F,Surat,Retail,Retired,250000.0,89,5,12.429220196836383
CUST107846,35,F,Chandigarh,Corporate,Self-Employed,404700.0,76,1,12.910903801827052
CUST107847,70,F,Kochi,Mass Affluent,Self-Employed,250000.0,46,4,12.429220196836383
CUST107848,24,M,Bhopal,HNWI,Retired,250000.0,68,5,12.429220196836383
CUST107849,32,F,Bangalore,HNWI,Business Owner,539000.0,60,2,13.197472705176983
CUST107850,38,M,Chandigarh,Mass Affluent,Salaried,964800.0,192,1,13.779677141438766
CUST107851,51,M,Kolkata,Corporate,Business Owner,250000.0,225,4,12.429220196836383
CUST107852,34,M,Kochi,Retail,Salaried,327300.0,14,2,12.698635515785552
CUST107853,49,M,Kolkata,Corporate,Salaried,250000.0,38,2,12.429220196836383
CUST107854,61,F,Pune,Retail,Self-Employed,252900.0,152,1,12.440753386782307
CUST107855,65,M,Kochi,Retail,Salaried,250000.0,211,2,12.429220196836383
CUST107856,26,M,Jaipur,HNWI,Salaried,422300.0,80,2,12.953473608904076
CUST107857,28,M,Surat,HNWI,Salaried,409500.0,202,3,12.92269462427472
CUST107858,26,M,Delhi,Corporate,Salaried,1219200.0,7,5,14.013706284124156
CUST107859,70,F,Indore,Retail,Salaried,250000.0,180,2,12.429220196836383
CUST107860,56,F,Pune,Retail,Business Owner,250000.0,226,1,12.429220196836383
CUST107861,49,M,Kochi,Mass Affluent,Salaried,920700.0,122,2,13.732890615405466
CUST107862,63,M,Chennai,Corporate,Self-Employed,260100.0,142,1,12.468825296104477
CUST107863,52,F,Jaipur,SME,Salaried,250000.0,66,1,12.429220196836383
CUST107864,33,F,Jaipur,Corporate,Salaried,300400.0,189,2,12.612873527761383
CUST107865,48,M,Bangalore,Mass Affluent,Salaried,250000.0,200,1,12.429220196836383
CUST107866,58,F,Ahmedabad,Corporate,Salaried,336200.0,200,1,12.725464474372217
CUST107867,22,M,Lucknow,Retail,Retired,255700.0,201,1,12.451764072104638
CUST107868,53,M,Indore,SME,Retired,511100.0,24,1,13.14432250131873
CUST107869,47,F,Bhopal,Mass Affluent,Salaried,448700.0,128,4,13.014112020622166
CUST107870,24,M,Kolkata,Retail,Salaried,471700.0,125,2,13.064100589261626
CUST107871,35,M,Lucknow,Mass Affluent,Self-Employed,300900.0,17,4,12.614536585975857
CUST107872,45,M,Bangalore,HNWI,Salaried,702600.0,193,4,13.462544442097792
CUST107873,39,M,Bhopal,Retail,Salaried,379200.0,51,4,12.845821686490329
CUST107874,36,F,Bhopal,Retail,Salaried,250000.0,105,1,12.429220196836383
CUST107875,56,M,Chandigarh,HNWI,Self-Employed,250000.0,19,2,12.429220196836383
CUST107876,42,M,Ahmedabad,SME,Salaried,250000.0,190,2,12.429220196836383
CUST107877,47,M,Kolkata,Mass Affluent,Retired,382000.0,48,2,12.853178505386333
CUST107878,64,M,Kochi,Retail,Salaried,250000.0,126,1,12.429220196836383
CUST107879,26,F,Surat,Mass Affluent,Salaried,294500.0,124,1,12.593037677653752
CUST107880,40,F,Hyderabad,Retail,Retired,250000.0,28,3,12.429220196836383
CUST107881,24,M,Jaipur,Retail,Salaried,250000.0,205,3,12.429220196836383
CUST107882,71,F,Lucknow,Retail,Salaried,250000.0,7,2,12.429220196836383
CUST107883,31,M,Pune,Mass Affluent,Salaried,264500.0,158,1,12.48560031099168
CUST107884,65,M,Kolkata,Retail,Self-Employed,424300.0,46,2,12.958198388010642
CUST107885,31,F,Hyderabad,Retail,Self-Employed,250000.0,146,3,12.429220196836383
CUST107886,38,M,Pune,Retail,Salaried,250000.0,58,3,12.429220196836383
CUST107887,53,F,Hyderabad,Mass Affluent,Salaried,1780800.0,181,4,14.392573821048632
CUST107888,65,F,Chennai,Retail,Salaried,524800.0,137,2,13.170774422098006
CUST107889,30,F,Bangalore,Retail,Salaried,469500.0,155,2,13.05942570755364
CUST107890,32,M,Kolkata,Mass Affluent,Salaried,712600.0,236,2,13.476676935464704
CUST107891,68,M,Lucknow,HNWI,Salaried,283600.0,109,1,12.555323599726982
CUST107892,38,F,Kolkata,Corporate,Salaried,250000.0,183,2,12.429220196836383
CUST107893,32,F,Bangalore,Mass Affluent,Self-Employed,605300.0,196,4,13.313481133951766
CUST107894,61,M,Indore,HNWI,Self-Employed,602900.0,81,3,13.30950828312598
CUST107895,25,M,Pune,Corporate,Self-Employed,388100.0,78,2,12.869020894009179
CUST107896,67,F,Jaipur,Mass Affluent,Self-Employed,455700.0,171,1,13.029592171675723
CUST107897,68,M,Ahmedabad,Mass Affluent,Salaried,250000.0,223,2,12.429220196836383
CUST107898,67,M,Ahmedabad,Retail,Self-Employed,250000.0,9,1,12.429220196836383
CUST107899,36,F,Pune,Retail,Salaried,745900.0,33,2,13.522348162604644
CUST107900,27,F,Kochi,Retail,Self-Employed,434800.0,45,2,12.98264373413455
CUST107901,43,F,Indore,Retail,Salaried,250000.0,155,1,12.429220196836383
CUST107902,39,F,Bhopal,SME,Self-Employed,250000.0,104,2,12.429220196836383
CUST107903,72,F,Pune,Retail,Business Owner,676400.0,123,1,13.424541374420608
CUST107904,55,M,Kolkata,Mass Affluent,Salaried,352600.0,80,1,12.773092385016758
CUST107905,71,F,Delhi,SME,Salaried,299300.0,105,2,12.60920503496451
CUST107906,61,M,Pune,Mass Affluent,Retired,304700.0,187,3,12.627086246885055
CUST107907,59,M,Chandigarh,Retail,Salaried,255200.0,106,1,12.449806748940393
CUST107908,27,F,Hyderabad,SME,Salaried,250000.0,97,1,12.429220196836383
CUST107909,24,F,Indore,Retail,Salaried,250000.0,15,2,12.429220196836383
CUST107910,23,F,Kochi,Retail,Salaried,492000.0,94,1,13.106236027992704
CUST107911,53,F,Lucknow,Retail,Salaried,309400.0,181,3,12.642393449177936
CUST107912,31,M,Jaipur,Retail,Business Owner,410100.0,38,4,12.924158749806828
CUST107913,74,M,Kochi,Corporate,Self-Employed,372500.0,88,3,12.827995001361906
CUST107914,28,M,Delhi,Retail,Salaried,624800.0,72,3,13.345188478018496
CUST107915,72,M,Delhi,Corporate,Business Owner,352500.0,117,3,12.77280873810987
CUST107916,57,M,Bangalore,Retail,Business Owner,439800.0,198,2,12.994077630861014
CUST107917,26,M,Kochi,SME,Salaried,296700.0,204,3,12.600480176681053
CUST107918,24,M,Pune,Retail,Self-Employed,250000.0,95,2,12.429220196836383
CUST107919,42,F,Hyderabad,SME,Salaried,250000.0,141,2,12.429220196836383
CUST107920,39,F,Mumbai,Retail,Salaried,382300.0,197,3,12.853963535427878
CUST107921,38,M,Ahmedabad,Corporate,Business Owner,403000.0,205,3,12.90669432231532
CUST107922,49,M,Kolkata,Corporate,Business Owner,640900.0,146,2,13.370630277796922
CUST107923,28,M,Bangalore,Mass Affluent,Retired,250000.0,38,5,12.429220196836383
CUST107924,27,M,Mumbai,Retail,Salaried,307300.0,94,2,12.63558300226232
CUST107925,58,F,Kochi,Mass Affluent,Salaried,250000.0,71,2,12.429220196836383
CUST107926,74,F,Kochi,Mass Affluent,Salaried,711100.0,165,2,13.474569752142594
CUST107927,35,F,Hyderabad,Mass Affluent,Salaried,336300.0,59,3,12.725761871259474
CUST107928,71,M,Ahmedabad,Mass Affluent,Salaried,340200.0,14,5,12.737291898386962
CUST107929,39,M,Hyderabad,SME,Salaried,262700.0,213,3,12.478771782289911
CUST107930,39,M,Pune,SME,Self-Employed,250000.0,31,2,12.429220196836383
CUST107931,25,F,Delhi,Mass Affluent,Salaried,250000.0,188,2,12.429220196836383
CUST107932,43,F,Chandigarh,Retail,Salaried,250000.0,229,2,12.429220196836383
CUST107933,47,F,Surat,Retail,Salaried,298700.0,201,3,12.60719835203924
CUST107934,56,F,Bhopal,HNWI,Business Owner,277200.0,120,5,12.532498153794986
CUST107935,29,F,Chennai,SME,Salaried,299700.0,139,4,12.610540589969192
CUST107936,31,F,Bhopal,Retail,Salaried,472000.0,173,2,13.064736383209516
CUST107937,44,M,Ahmedabad,Retail,Salaried,283700.0,57,2,12.555676145640925
CUST107938,24,M,Bangalore,Retail,Salaried,250000.0,104,2,12.429220196836383
CUST107939,28,M,Chennai,Retail,Salaried,250000.0,94,2,12.429220196836383
CUST107940,54,M,Indore,SME,Business Owner,310600.0,69,5,12.646264409266557
CUST107941,72,F,Kochi,Mass Affluent,Salaried,250000.0,134,1,12.429220196836383
CUST107942,51,M,Surat,Retail,Salaried,508200.0,104,4,13.138632317595505
CUST107943,28,M,Hyderabad,Retail,Salaried,266500.0,10,2,12.493133274926212
CUST107944,74,M,Lucknow,Retail,Salaried,312100.0,27,3,12.651082132354988
CUST107945,49,F,Chandigarh,Mass Affluent,Retired,250000.0,155,5,12.429220196836383
CUST107946,59,F,Mumbai,Mass Affluent,Self-Employed,508400.0,135,2,13.139025785250656
CUST107947,31,M,Chennai,Retail,Salaried,636300.0,206,3,13.363427000805379
CUST107948,52,M,Delhi,Retail,Self-Employed,250000.0,23,1,12.429220196836383
CUST107949,25,F,Delhi,Corporate,Salaried,341300.0,82,1,12.740520064864135
CUST107950,54,F,Chandigarh,Corporate,Salaried,251500.0,96,2,12.435202244657168
CUST107951,31,F,Hyderabad,Mass Affluent,Salaried,318200.0,165,2,12.670438537558447
CUST107952,70,F,Bangalore,Mass Affluent,Business Owner,352000.0,108,3,12.771389295485289
CUST107953,23,F,Delhi,SME,Self-Employed,250000.0,119,2,12.429220196836383
CUST107954,56,F,Chandigarh,HNWI,Salaried,423200.0,221,1,12.955602522472395
CUST107955,28,F,Ahmedabad,SME,Business Owner,523100.0,6,3,13.167529841037242
CUST107956,58,M,Kochi,Retail,Salaried,559500.0,214,4,13.234800594042618
CUST107957,47,F,Hyderabad,Retail,Salaried,250000.0,72,5,12.429220196836383
CUST107958,73,M,Lucknow,Retail,Salaried,263400.0,15,1,12.481432864791325
CUST107959,56,M,Bhopal,Corporate,Salaried,250000.0,129,2,12.429220196836383
CUST107960,41,F,Surat,Mass Affluent,Salaried,250000.0,55,1,12.429220196836383
CUST107961,25,M,Ahmedabad,Retail,Retired,250000.0,175,5,12.429220196836383
CUST107962,53,M,Hyderabad,SME,Salaried,250000.0,183,2,12.429220196836383
CUST107963,44,F,Hyderabad,SME,Salaried,328000.0,100,5,12.700771936142122
CUST107964,23,M,Jaipur,Retail,Salaried,250000.0,188,4,12.429220196836383
CUST107965,52,F,Pune,Mass Affluent,Salaried,250000.0,49,1,12.429220196836383
CUST107966,32,M,Mumbai,Mass Affluent,Salaried,250000.0,84,2,12.429220196836383
CUST107967,33,F,Bangalore,Retail,Salaried,426000.0,20,2,12.962196972666593
CUST107968,21,F,Pune,Mass Affluent,Salaried,1420700.0,156,2,14.16666096973829
CUST107969,41,F,Bangalore,Retail,Salaried,321900.0,173,5,12.681999323836905
CUST107970,32,F,Jaipur,Corporate,Salaried,250000.0,184,1,12.429220196836383
CUST107971,24,M,Chennai,Corporate,Self-Employed,250000.0,91,3,12.429220196836383
CUST107972,44,F,Chennai,Corporate,Retired,398200.0,202,1,12.894712181909934
CUST107973,32,F,Delhi,HNWI,Salaried,250000.0,157,3,12.429220196836383
CUST107974,28,F,Ahmedabad,Retail,Self-Employed,518200.0,140,1,13.158118476865136
CUST107975,46,F,Bangalore,Retail,Self-Employed,316200.0,57,2,12.664133366307853
CUST107976,24,F,Lucknow,HNWI,Self-Employed,250000.0,202,3,12.429220196836383
CUST107977,74,F,Chandigarh,Retail,Self-Employed,250000.0,182,2,12.429220196836383
CUST107978,46,M,Bhopal,HNWI,Salaried,466100.0,210,5,13.052157627820877
CUST107979,74,F,Surat,Retail,Retired,250000.0,86,3,12.429220196836383
CUST107980,68,M,Indore,Retail,Salaried,294300.0,135,1,12.592358332109097
CUST107981,73,F,Bhopal,Mass Affluent,Salaried,250000.0,18,2,12.429220196836383
CUST107982,50,F,Surat,Mass Affluent,Self-Employed,250000.0,146,2,12.429220196836383
CUST107983,43,F,Hyderabad,Mass Affluent,Retired,250000.0,125,1,12.429220196836383
CUST107984,59,M,Ahmedabad,Mass Affluent,Salaried,250000.0,197,1,12.429220196836383
CUST107985,25,M,Indore,Retail,Student,250000.0,177,1,12.429220196836383
CUST107986,66,M,Surat,HNWI,Self-Employed,347900.0,237,4,12.759673235525094
CUST107987,38,F,Kolkata,Mass Affluent,Self-Employed,409000.0,224,5,12.921472880009725
CUST107988,21,F,Bangalore,Mass Affluent,Business Owner,265400.0,45,1,12.48899716877066
CUST107989,33,M,Bangalore,Retail,Self-Employed,250000.0,233,3,12.429220196836383
CUST107990,34,M,Kolkata,Mass Affluent,Salaried,250000.0,13,1,12.429220196836383
CUST107991,21,M,Indore,Retail,Business Owner,250000.0,112,2,12.429220196836383
CUST107992,57,M,Jaipur,Mass Affluent,Salaried,250000.0,224,1,12.429220196836383
CUST107993,26,M,Mumbai,Retail,Retired,280400.0,149,1,12.543976000470021
CUST107994,66,M,Bhopal,Corporate,Business Owner,250000.0,238,2,12.429220196836383
CUST107995,45,M,Pune,Corporate,Self-Employed,280900.0,136,3,12.545757573071759
CUST107996,59,M,Kolkata,Mass Affluent,Salaried,250000.0,165,2,12.429220196836383
CUST107997,39,M,Indore,Corporate,Salaried,250000.0,130,4,12.429220196836383
CUST107998,28,F,Kolkata,Mass Affluent,Salaried,400800.0,222,1,12.90122032375966
CUST107999,30,F,Lucknow,Retail,Salaried,272300.0,32,2,12.514663351075232
