entity_id,entity_type,country,doc_type,doc_verified,num_bank_accounts,txn_volume_monthly,has_pep_link,has_sanction_link,adverse_media_hits,years_in_business,ownership_transparency,txn_volume_log,high_risk_country,risk_score,risk_category,alert_flag
ENT300000,Corporate,Switzerland,PAN,1,5,89600.0,0,0,1,6,High,11.403121759615027,0,8,Low,0
ENT300001,Individual,Seychelles,Driving License,1,6,36300.0,0,0,0,23,Medium,10.499600568082863,1,12,Low,0
ENT300002,Individual,UAE,Driving License,1,4,60800.0,0,0,0,19,Low,11.015361515187424,0,6,Low,0
ENT300003,Individual,Hong Kong,Driving License,1,7,30100.0,0,0,0,28,High,10.31231367277647,0,0,Low,0
ENT300004,Corporate,Cayman Islands,Passport,1,1,242700.0,0,0,0,27,Medium,12.399585512019348,1,12,Low,0
ENT300005,Corporate,USA,Driving License,1,5,114300.0,0,0,0,14,High,11.646590598651017,0,0,Low,0
ENT300006,Individual,Mauritius,Voter ID,1,5,76500.0,0,0,0,22,Medium,11.245059091624615,1,12,Low,0
ENT300007,Individual,UK,Aadhaar,1,5,39100.0,0,0,2,25,High,10.573903321093981,0,16,Low,0
ENT300008,Individual,Cyprus,Voter ID,1,1,7200.0,0,0,0,7,High,8.881975184248867,1,12,Low,0
ENT300009,Individual,Cyprus,Aadhaar,1,5,96500.0,0,0,1,24,High,11.477308649967686,1,20,Low,0
ENT300010,Individual,Singapore,PAN,1,5,158600.0,0,0,0,19,Low,11.974146893333247,0,6,Low,0
ENT300011,Individual,Switzerland,Aadhaar,0,6,310100.0,0,0,0,14,High,12.644653329849545,0,5,Low,0
ENT300012,Individual,Seychelles,PAN,1,5,161200.0,0,0,0,27,High,11.990407312509369,1,12,Low,0
ENT300013,Corporate,Seychelles,PAN,1,2,8700.0,0,0,0,22,High,9.071193240566025,1,12,Low,0
ENT300014,Corporate,Cyprus,Driving License,1,3,46100.0,0,0,0,8,Medium,10.738589920723442,1,12,Low,0
ENT300015,Corporate,Singapore,Aadhaar,1,3,15100.0,0,0,0,21,High,9.62251624577579,0,0,Low,0
ENT300016,Corporate,China,PAN,1,6,75700.0,0,0,0,15,Medium,11.234546649377918,0,0,Low,0
ENT300017,Partnership,Mauritius,PAN,1,1,32200.0,0,1,0,27,Low,10.379752786950895,1,58,High,1
ENT300018,Individual,India,Passport,0,6,7600.0,0,0,1,25,High,8.936035096566041,0,13,Low,0
ENT300019,Individual,Cayman Islands,Aadhaar,1,3,248900.0,0,0,0,1,Medium,12.424810506025395,1,12,Low,0
ENT300020,Corporate,Mauritius,Aadhaar,1,7,25300.0,1,0,2,7,Medium,10.138599199626192,1,43,High,1
ENT300021,Corporate,UAE,Aadhaar,1,7,16600.0,0,0,0,20,Low,9.717218213494077,0,6,Low,0
ENT300022,Corporate,Cyprus,Aadhaar,1,2,450000.0,0,0,0,15,High,13.017005083966255,1,12,Low,0
ENT300023,Individual,UK,Voter ID,1,6,10900.0,0,0,3,11,High,9.296609807128359,0,24,Medium,0
ENT300024,Corporate,UK,PAN,1,1,95300.0,0,0,0,7,Medium,11.464795582766675,0,0,Low,0
ENT300025,Individual,Cayman Islands,Aadhaar,1,4,349800.0,0,0,0,25,High,12.765119700338996,1,12,Low,0
ENT300026,Individual,BVI,Passport,1,2,65800.0,0,0,0,26,Medium,11.094390314766315,1,12,Low,0
ENT300027,Corporate,India,Driving License,1,5,53500.0,0,0,0,25,High,10.887455624298198,0,0,Low,0
ENT300028,Corporate,Panama,PAN,1,1,24500.0,0,0,2,21,High,10.106469212026385,1,28,Medium,0
ENT300029,Individual,Cyprus,Passport,1,7,2620100.0,0,0,0,10,High,14.778723424612583,1,13,Low,0
ENT300030,Corporate,China,PAN,1,7,48900.0,0,0,0,28,High,10.797553125151618,0,0,Low,0
ENT300031,Individual,Hong Kong,Driving License,0,6,20500.0,0,0,0,23,Medium,9.928228944424575,0,5,Low,0
ENT300032,Trust,UK,Aadhaar,1,1,76600.0,0,0,0,4,Medium,11.246365410473757,0,0,Low,0
ENT300033,Corporate,UK,Driving License,1,5,69300.0,0,0,0,2,Medium,11.146214615088313,0,0,Low,0
ENT300034,Corporate,Mauritius,Passport,1,4,612300.0,0,0,3,25,Medium,13.324979270651058,1,36,Medium,0
ENT300035,Corporate,Germany,Driving License,1,4,278000.0,0,0,0,15,Medium,12.535379989788607,0,0,Low,0
ENT300036,Individual,Mauritius,Voter ID,1,1,145700.0,0,0,0,26,Medium,11.889311855577725,1,12,Low,0
ENT300037,Corporate,Singapore,Voter ID,1,2,104700.0,0,0,0,5,High,11.558863947911393,0,0,Low,0
ENT300038,Individual,Panama,PAN,1,7,529000.0,0,0,0,23,High,13.178745601197818,1,12,Low,0
ENT300039,Corporate,UK,Passport,1,6,175100.0,0,0,0,9,Medium,12.073118229279908,0,0,Low,0
ENT300040,Corporate,Singapore,PAN,0,1,38700.0,0,0,1,27,High,10.563620718477313,0,13,Low,0
ENT300041,Corporate,Panama,Passport,1,5,52300.0,0,0,1,24,High,10.864770770329113,1,20,Low,0
ENT300042,Trust,Cayman Islands,Voter ID,1,7,27600.0,0,0,0,8,Medium,10.225607282932941,1,12,Low,0
ENT300043,Partnership,USA,Driving License,1,3,37600.0,0,0,0,28,Medium,10.534785924769006,0,0,Low,0
ENT300044,Individual,China,PAN,1,7,186300.0,0,0,0,26,Low,12.135118924261802,0,6,Low,0
ENT300045,Individual,Singapore,Passport,0,2,182300.0,0,0,0,10,High,12.11341444611523,0,5,Low,0
ENT300046,Corporate,Hong Kong,Voter ID,1,6,113400.0,0,0,1,3,Medium,11.638685488579059,0,8,Low,0
ENT300047,Individual,Germany,PAN,1,1,213700.0,0,0,0,10,Medium,12.272333120753473,0,0,Low,0
ENT300048,Partnership,Singapore,Passport,1,5,6600.0,0,0,0,29,High,8.79497643168877,0,0,Low,0
ENT300049,Individual,Seychelles,PAN,1,2,14100.0,0,0,0,24,Medium,9.55400099583723,1,12,Low,0
ENT300050,Trust,Panama,PAN,1,4,152500.0,0,0,0,2,Medium,11.934926432385152,1,12,Low,0
ENT300051,Individual,USA,PAN,1,1,339600.0,0,0,0,10,Medium,12.735526678055749,0,0,Low,0
ENT300052,Individual,Hong Kong,Voter ID,1,7,167100.0,0,0,0,28,Low,12.026353699006034,0,6,Low,0
ENT300053,Individual,Switzerland,Passport,1,3,279800.0,0,0,2,18,High,12.541833915188546,0,16,Low,0
ENT300054,Individual,Hong Kong,Aadhaar,1,7,21000.0,0,0,0,16,High,9.952325334619427,0,0,Low,0
ENT300055,Partnership,India,Passport,1,2,21200.0,0,0,0,16,Low,9.961803629358965,0,6,Low,0
ENT300056,Individual,USA,Voter ID,1,5,47000.0,0,0,0,8,Medium,10.757924157061597,0,0,Low,0
ENT300057,Individual,USA,Aadhaar,1,2,41200.0,0,0,0,24,Medium,10.626217806887722,0,0,Low,0
ENT300058,Corporate,Cayman Islands,Passport,1,6,515500.0,0,0,0,4,Low,13.15289452230148,1,18,Low,0
ENT300059,Partnership,Singapore,Passport,1,6,6900.0,0,0,1,18,High,8.839421607620602,0,8,Low,0
ENT300060,Individual,UK,Aadhaar,1,4,168900.0,0,0,0,28,Medium,12.037068023441478,0,0,Low,0
ENT300061,Individual,Cyprus,PAN,1,7,6100.0,0,0,0,20,High,8.716207971151853,1,12,Low,0
ENT300062,Corporate,Cayman Islands,Voter ID,1,4,63100.0,0,0,0,14,Medium,11.052491896264268,1,12,Low,0
ENT300063,Individual,Cayman Islands,PAN,1,1,73200.0,0,0,1,16,Low,11.200964361058276,1,26,Medium,0
ENT300064,Corporate,BVI,Passport,1,6,48500.0,0,0,3,21,Low,10.789339695269716,1,42,High,1
ENT300065,Corporate,BVI,Passport,1,4,27300.0,0,0,0,19,High,10.214678610538817,1,12,Low,0
ENT300066,Corporate,Mauritius,Driving License,1,7,507200.0,0,0,0,28,Medium,13.136662653712042,1,12,Low,0
ENT300067,Individual,Hong Kong,PAN,0,4,22100.0,0,0,0,15,High,10.003378135350923,0,5,Low,0
ENT300068,Individual,Switzerland,Driving License,0,4,103300.0,0,0,1,6,High,11.545402335602985,0,13,Low,0
ENT300069,Individual,Hong Kong,Voter ID,1,1,142900.0,0,0,0,24,Medium,11.869907361794104,0,0,Low,0
ENT300070,Trust,India,Passport,1,6,358000.0,0,0,0,22,Medium,12.788291058675025,0,0,Low,0
ENT300071,Individual,Singapore,Passport,1,6,270800.0,0,0,0,5,Low,12.509139512775626,0,6,Low,0
ENT300072,Corporate,BVI,Aadhaar,1,1,284300.0,0,0,0,21,Medium,12.557788815044091,1,12,Low,0
ENT300073,Corporate,Cayman Islands,Aadhaar,1,4,12000.0,0,0,0,2,High,9.392745258631441,1,12,Low,0
ENT300074,Individual,Panama,Aadhaar,1,5,198700.0,0,0,0,27,Low,12.199556461239876,1,18,Low,0
ENT300075,Individual,Switzerland,Aadhaar,1,2,108000.0,1,0,0,20,High,11.58989576532275,0,15,Low,1
ENT300076,Individual,Singapore,Aadhaar,1,6,64100.0,0,0,1,22,Low,11.068215243411098,0,14,Low,0
ENT300077,Trust,Switzerland,Passport,0,6,327700.0,0,0,0,19,High,12.699856886253809,0,5,Low,0
ENT300078,Individual,USA,Driving License,0,2,114500.0,0,0,1,19,Medium,11.648338835562747,0,13,Low,0
ENT300079,Corporate,BVI,PAN,1,5,60500.0,0,0,0,19,Medium,11.010415172807951,1,12,Low,0
ENT300080,Corporate,Cayman Islands,Passport,1,7,45400.0,0,0,0,2,Medium,10.723289410218579,1,12,Low,0
ENT300081,Individual,Panama,Aadhaar,1,6,36000.0,0,0,0,22,Low,10.491301994830229,1,18,Low,0
ENT300082,Individual,USA,Aadhaar,1,5,14300.0,0,0,0,3,High,9.568084743872936,0,0,Low,0
ENT300083,Trust,Mauritius,PAN,1,6,37700.0,0,0,0,25,High,10.537441898283253,1,12,Low,0
ENT300084,Corporate,Cyprus,Voter ID,1,3,129800.0,0,1,1,2,High,11.773757787382696,1,60,High,1
ENT300085,Individual,Singapore,PAN,1,6,20200.0,0,0,0,7,High,9.913487387114461,0,0,Low,0
ENT300086,Individual,UK,Passport,1,6,30900.0,0,0,0,13,High,10.33854382482173,0,0,Low,0
ENT300087,Individual,Hong Kong,Voter ID,1,6,47700.0,0,0,0,6,High,10.77270764101727,0,0,Low,0
ENT300088,Corporate,Mauritius,Aadhaar,1,4,154400.0,0,0,0,23,High,11.947308393235778,1,12,Low,0
ENT300089,Individual,Cayman Islands,Driving License,1,2,5000.0,0,0,0,29,High,8.517393171418904,1,12,Low,0
ENT300090,Partnership,UK,Driving License,1,3,10300.0,0,0,2,17,High,9.239996256883693,0,16,Low,0
ENT300091,Corporate,Switzerland,Driving License,0,1,135000.0,1,0,0,6,High,11.813037464800539,0,20,Low,1
ENT300092,Individual,Cayman Islands,Voter ID,1,2,81700.0,0,0,0,1,Medium,11.310821520675269,1,12,Low,0
ENT300093,Individual,UAE,PAN,1,2,57800.0,0,0,0,1,Medium,10.96476135554887,0,0,Low,0
ENT300094,Corporate,Seychelles,Passport,0,5,410700.0,0,0,0,9,High,12.925620734808986,1,17,Low,0
ENT300095,Individual,China,PAN,1,6,110100.0,0,0,0,19,Low,11.609153405321658,0,6,Low,0
ENT300096,Individual,Panama,PAN,1,2,33200.0,0,0,0,7,Low,10.410335274932896,1,18,Low,0
ENT300097,Corporate,Singapore,PAN,0,6,121400.0,0,0,0,26,Medium,11.7068543948059,0,5,Low,0
ENT300098,Individual,BVI,Aadhaar,1,7,37300.0,0,0,0,19,High,10.526775414924009,1,12,Low,0
ENT300099,Partnership,Mauritius,Passport,1,5,352800.0,0,0,0,8,High,12.773659437577876,1,12,Low,0
ENT300100,Individual,USA,Aadhaar,1,3,37200.0,0,0,0,28,Medium,10.524090921620362,0,0,Low,0
ENT300101,Trust,Panama,Passport,1,1,39800.0,0,0,0,9,Medium,10.591647316585027,1,12,Low,0
ENT300102,Individual,Hong Kong,Driving License,1,1,147400.0,0,0,0,16,Medium,11.900912042974875,0,0,Low,0
ENT300103,Individual,USA,Passport,1,7,19300.0,0,0,0,20,High,9.867912187022208,0,0,Low,0
ENT300104,Corporate,Panama,Passport,1,6,130900.0,0,0,0,25,Medium,11.782196591288216,1,12,Low,0
ENT300105,Trust,USA,Aadhaar,1,1,125500.0,0,0,0,20,Medium,11.74006900564972,0,0,Low,0
ENT300106,Individual,Panama,Passport,1,7,124900.0,0,0,0,28,High,11.735276702486741,1,12,Low,0
ENT300107,Corporate,BVI,Passport,1,7,55300.0,0,0,0,5,High,10.920546270529568,1,12,Low,0
ENT300108,Corporate,Cayman Islands,Aadhaar,1,6,106700.0,0,0,0,9,Low,11.577785809317154,1,18,Low,0
ENT300109,Corporate,China,Driving License,1,3,52100.0,0,0,0,26,High,10.860939421415225,0,0,Low,0
ENT300110,Trust,Singapore,Passport,1,1,28500.0,0,0,0,8,Low,10.25769445336048,0,6,Low,0
ENT300111,Individual,UAE,Aadhaar,1,3,88400.0,0,0,0,8,Medium,11.389638560778947,0,0,Low,0
ENT300112,Trust,USA,Passport,1,5,177300.0,0,0,0,19,Medium,12.085604132204319,0,0,Low,0
ENT300113,Corporate,China,Driving License,1,3,144600.0,0,0,0,10,Medium,11.88173350431221,0,0,Low,0
ENT300114,Corporate,Cayman Islands,Voter ID,1,1,383500.0,0,0,0,2,High,12.857097507347978,1,12,Low,0
ENT300115,Individual,Cyprus,Passport,1,4,61200.0,0,0,0,1,High,11.021918808236205,1,12,Low,0
ENT300116,Corporate,Mauritius,Passport,1,2,240200.0,0,0,0,3,Low,12.38923135181669,1,18,Low,0
ENT300117,Individual,USA,PAN,0,7,176400.0,0,0,0,11,Medium,12.080515091473,0,5,Low,0
ENT300118,Corporate,China,PAN,1,2,238100.0,0,0,1,14,Medium,12.380450232382136,0,8,Low,0
ENT300119,Corporate,Cayman Islands,Passport,1,1,24600.0,0,0,0,21,High,10.110542371500753,1,12,Low,0
ENT300120,Corporate,UAE,Aadhaar,1,1,53400.0,0,0,0,23,Medium,10.885584751364705,0,0,Low,0
ENT300121,Trust,Hong Kong,Driving License,1,5,49000.0,0,0,0,15,Medium,10.799595985047786,0,0,Low,0
ENT300122,Corporate,China,Aadhaar,1,7,28400.0,0,0,0,14,High,10.254179634797001,0,0,Low,0
ENT300123,Corporate,USA,Voter ID,1,3,149100.0,0,0,0,18,Low,11.912379207638454,0,6,Low,0
ENT300124,Partnership,Singapore,Voter ID,1,7,48700.0,0,0,0,23,Low,10.793454842740767,0,6,Low,0
ENT300125,Corporate,China,Voter ID,1,6,76100.0,0,0,0,6,High,11.239816684367907,0,0,Low,0
ENT300126,Corporate,UAE,Passport,1,7,13000.0,0,0,0,6,Medium,9.472781556562168,0,0,Low,0
ENT300127,Corporate,Seychelles,Voter ID,1,5,94200.0,0,0,0,11,Medium,11.45318607621936,1,12,Low,0
ENT300128,Individual,Seychelles,Passport,1,2,23300.0,0,0,0,24,Low,10.056251557087757,1,18,Low,0
ENT300129,Trust,Singapore,Voter ID,0,2,2400.0,0,0,0,24,High,7.783640596221253,0,5,Low,0
ENT300130,Trust,Germany,Aadhaar,1,4,135000.0,0,0,2,23,Medium,11.813037464800539,0,16,Low,0
ENT300131,Corporate,Mauritius,Passport,1,4,22700.0,0,0,0,8,High,10.030164255362632,1,12,Low,0
ENT300132,Individual,UAE,Passport,1,5,49300.0,0,0,0,23,Low,10.805699643800724,0,6,Low,0
ENT300133,Individual,BVI,Driving License,1,5,717500.0,0,0,0,12,Medium,13.483529620343164,1,12,Low,0
ENT300134,Partnership,Singapore,Aadhaar,1,2,66700.0,0,0,0,19,Medium,11.107975224295076,0,0,Low,0
ENT300135,Corporate,BVI,Aadhaar,0,7,123800.0,0,0,1,29,Medium,11.726430716744437,1,25,Medium,0
ENT300136,Individual,Cayman Islands,Aadhaar,1,1,79800.0,0,0,0,8,Medium,11.287291314687705,1,12,Low,0
ENT300137,Individual,BVI,PAN,1,6,82200.0,0,0,0,22,High,11.316922746420394,1,12,Low,0
ENT300138,Individual,Cyprus,Passport,1,4,225000.0,0,0,0,4,Medium,12.323860125621126,1,12,Low,0
ENT300139,Corporate,Seychelles,PAN,1,7,69600.0,0,0,0,12,Medium,11.150534214035387,1,12,Low,0
ENT300140,Partnership,UAE,Driving License,1,2,59200.0,0,0,0,5,Medium,10.988693712621323,0,0,Low,0
ENT300141,Individual,Switzerland,PAN,1,1,30300.0,0,0,0,3,High,10.318935994253193,0,0,Low,0
ENT300142,Corporate,UAE,Voter ID,1,3,33000.0,0,0,0,13,Medium,10.404293143019792,0,0,Low,0
ENT300143,Individual,Singapore,Aadhaar,0,6,31100.0,0,0,1,24,High,10.344995251991222,0,13,Low,0
ENT300144,Individual,Cyprus,PAN,1,6,21800.0,0,0,0,7,High,9.989711119284745,1,12,Low,0
ENT300145,Individual,Singapore,Aadhaar,1,2,25100.0,0,0,1,21,High,10.130662964963708,0,8,Low,0
ENT300146,Corporate,Switzerland,Voter ID,0,6,30500.0,0,0,0,2,Low,10.32551474894327,0,11,Low,0
ENT300147,Corporate,Mauritius,Aadhaar,1,6,117000.0,0,1,0,3,High,11.669937760751914,1,52,High,1
ENT300148,Corporate,Cayman Islands,Driving License,0,6,57700.0,0,0,1,8,Medium,10.96302978336854,1,25,Medium,0
ENT300149,Corporate,USA,PAN,1,3,7000.0,0,0,0,18,High,8.853808274977197,0,0,Low,0
ENT300150,Corporate,Panama,Aadhaar,1,6,31300.0,0,0,0,20,Low,10.351405324899678,1,18,Low,0
ENT300151,Corporate,Mauritius,PAN,1,5,393100.0,0,0,0,6,Low,12.88182185528868,1,18,Low,0
ENT300152,Partnership,UAE,Voter ID,1,6,98700.0,0,0,0,7,High,11.499850357082506,0,0,Low,0
ENT300153,Corporate,Mauritius,PAN,1,1,135700.0,0,0,0,14,Medium,11.818209214992565,1,12,Low,0
ENT300154,Individual,Panama,Passport,1,2,77300.0,0,0,0,12,High,11.255462171102444,1,12,Low,0
ENT300155,Corporate,China,Voter ID,1,4,64800.0,0,0,0,14,Medium,11.079076314320059,0,0,Low,0
ENT300156,Individual,Hong Kong,Voter ID,1,6,78900.0,0,0,1,6,Medium,11.275949181024878,0,8,Low,0
ENT300157,Corporate,UAE,Voter ID,1,6,32200.0,0,1,0,2,Medium,10.379752786950895,0,40,Medium,1
ENT300158,Individual,Panama,Voter ID,1,3,96200.0,0,0,0,3,High,11.474195031610165,1,12,Low,0
ENT300159,Individual,Switzerland,Voter ID,1,5,155700.0,0,0,0,11,High,11.955692780409043,0,0,Low,0
ENT300160,Individual,Cyprus,Driving License,1,6,209400.0,1,0,0,17,High,12.252006352956359,1,27,Medium,1
ENT300161,Individual,Seychelles,Aadhaar,1,7,50900.0,1,0,2,17,Medium,10.837637848711049,1,43,High,1
ENT300162,Corporate,UK,Passport,1,4,109100.0,1,0,3,26,Medium,11.600029337681997,0,39,Medium,1
ENT300163,Individual,Hong Kong,Aadhaar,1,4,15500.0,0,0,0,11,Low,9.648659816955295,0,6,Low,0
ENT300164,Individual,Singapore,Driving License,1,1,34600.0,1,0,0,27,High,10.451637862362272,0,15,Low,1
ENT300165,Individual,China,Passport,1,7,144300.0,0,0,0,11,Low,11.87965667474488,0,6,Low,0
ENT300166,Individual,UK,PAN,0,5,177300.0,0,0,0,5,Low,12.085604132204319,0,11,Low,0
ENT300167,Partnership,UK,PAN,1,1,25500.0,0,0,0,7,High,10.146472946063877,0,0,Low,0
ENT300168,Partnership,UAE,Aadhaar,1,7,50800.0,0,0,0,2,High,10.835671318412196,0,0,Low,0
ENT300169,Corporate,UK,Voter ID,1,3,33500.0,0,0,0,8,Low,10.419330568113901,0,6,Low,0
ENT300170,Corporate,UK,PAN,1,3,72100.0,0,0,0,28,Low,11.185823192802378,0,6,Low,0
ENT300171,Partnership,Mauritius,Passport,1,6,120700.0,0,0,1,22,Medium,11.701071692055445,1,20,Low,0
ENT300172,Corporate,USA,Voter ID,1,3,52900.0,0,0,1,28,Low,10.876177521259402,0,14,Low,0
ENT300173,Individual,Cayman Islands,PAN,1,2,57700.0,0,0,0,2,High,10.96302978336854,1,12,Low,0
ENT300174,Corporate,Singapore,Driving License,1,2,238800.0,0,0,0,17,High,12.383385848096506,0,0,Low,0
ENT300175,Individual,UAE,Voter ID,1,1,5400.0,0,0,2,8,High,8.594339400592892,0,16,Low,0
ENT300176,Individual,Switzerland,Passport,1,5,399500.0,0,0,0,16,High,12.897971547314246,0,0,Low,0
ENT300177,Corporate,BVI,Passport,1,3,239700.0,0,1,1,5,Medium,12.387147592295292,1,60,High,1
ENT300178,Individual,Switzerland,Driving License,1,6,316400.0,1,0,0,24,Medium,12.6647656754269,0,15,Low,1
ENT300179,Individual,UK,PAN,1,5,7100.0,0,0,1,15,Medium,8.867990898182093,0,8,Low,0
ENT300180,Individual,Cayman Islands,Aadhaar,1,6,40400.0,0,0,0,18,Low,10.606609816118151,1,18,Low,0
ENT300181,Individual,Cayman Islands,Aadhaar,1,4,116900.0,0,0,0,20,High,11.669082701743504,1,12,Low,0
ENT300182,Individual,USA,Voter ID,1,3,14800.0,0,0,0,29,Medium,9.60245002503719,0,0,Low,0
ENT300183,Individual,India,Voter ID,1,3,119800.0,0,0,3,18,Medium,11.693587311874056,0,24,Medium,0
ENT300184,Partnership,Mauritius,PAN,1,1,49000.0,0,0,0,3,Medium,10.799595985047786,1,12,Low,0
ENT300185,Corporate,Mauritius,Passport,1,3,254400.0,0,0,0,24,High,12.446667041257989,1,12,Low,0
ENT300186,Corporate,UK,Passport,1,1,46500.0,0,0,0,22,High,10.747229096720554,0,0,Low,0
ENT300187,Individual,Cayman Islands,Voter ID,1,1,5500.0,0,0,0,10,Medium,8.612685172875459,1,12,Low,0
ENT300188,Trust,India,Aadhaar,1,1,101400.0,0,0,0,22,Medium,11.52683823202353,0,0,Low,0
ENT300189,Corporate,BVI,Aadhaar,1,7,14800.0,0,0,0,10,High,9.60245002503719,1,12,Low,0
ENT300190,Individual,Germany,Voter ID,1,4,849700.0,0,0,0,6,High,13.6526398018769,0,0,Low,0
ENT300191,Trust,Mauritius,PAN,1,2,269100.0,0,0,0,21,Medium,12.502842052798766,1,12,Low,0
ENT300192,Corporate,Germany,PAN,1,2,6900.0,0,0,0,14,Medium,8.839421607620602,0,0,Low,0
ENT300193,Corporate,Singapore,Voter ID,1,1,183500.0,0,0,1,6,High,12.119975396053194,0,8,Low,0
ENT300194,Partnership,Germany,PAN,0,5,24200.0,0,0,2,3,Medium,10.094149233605084,0,21,Medium,0
ENT300195,Corporate,Germany,PAN,1,1,143200.0,0,0,0,21,Medium,11.872004516724523,0,0,Low,0
ENT300196,Corporate,Hong Kong,Passport,1,1,40800.0,0,0,0,1,High,10.616461869895815,0,0,Low,0
ENT300197,Individual,Cayman Islands,Voter ID,1,2,31400.0,0,0,0,18,Medium,10.354595018522993,1,12,Low,0
ENT300198,Trust,Switzerland,Driving License,1,4,63100.0,0,0,0,9,Medium,11.052491896264268,0,0,Low,0
ENT300199,Corporate,India,Driving License,1,7,29800.0,0,0,1,9,High,10.30229722897745,0,8,Low,0
ENT300200,Individual,USA,Voter ID,1,2,25300.0,0,0,0,14,High,10.138599199626192,0,0,Low,0
ENT300201,Corporate,Cayman Islands,Aadhaar,1,2,15400.0,0,0,0,12,High,9.642187721358466,1,12,Low,0
ENT300202,Corporate,China,Voter ID,0,4,15300.0,0,0,1,28,High,9.635673464721814,0,13,Low,0
ENT300203,Individual,Cayman Islands,Aadhaar,1,4,44100.0,0,0,0,5,High,10.694237736914808,1,12,Low,0
ENT300204,Individual,India,PAN,1,6,77700.0,0,0,0,22,High,11.260623406285792,0,0,Low,0
ENT300205,Partnership,Mauritius,Voter ID,1,6,112000.0,0,0,1,8,High,11.626263078808801,1,20,Low,0
ENT300206,Individual,India,Aadhaar,1,1,124500.0,0,0,1,6,High,11.732069026983156,0,8,Low,0
ENT300207,Corporate,Seychelles,Aadhaar,1,2,147100.0,0,0,0,22,High,11.898874704662955,1,12,Low,0
ENT300208,Corporate,Hong Kong,Aadhaar,1,1,23800.0,0,0,1,20,Low,10.077482875583607,0,14,Low,0
ENT300209,Corporate,China,Driving License,1,2,89600.0,0,0,0,14,High,11.403121759615027,0,0,Low,0
ENT300210,Partnership,Cayman Islands,Voter ID,1,5,1800.0,0,0,1,7,Medium,7.496097345175956,1,20,Low,0
ENT300211,Corporate,India,Driving License,1,1,272700.0,0,0,0,16,High,12.516131235860326,0,0,Low,0
ENT300212,Partnership,Cyprus,Voter ID,1,4,285100.0,1,0,0,19,High,12.560598782435825,1,27,Medium,1
ENT300213,Partnership,Panama,Driving License,1,1,795500.0,0,0,0,9,High,13.586727383830214,1,12,Low,0
ENT300214,Individual,China,Aadhaar,1,5,15400.0,0,0,1,14,High,9.642187721358466,0,8,Low,0
ENT300215,Corporate,Mauritius,Voter ID,1,6,249000.0,0,0,0,18,High,12.425212191503038,1,12,Low,0
ENT300216,Partnership,UK,Passport,1,2,91800.0,0,0,0,27,High,11.427378469795439,0,0,Low,0
ENT300217,Individual,Switzerland,Driving License,1,2,244900.0,0,0,0,15,Medium,12.408609326231229,0,0,Low,0
ENT300218,Corporate,Cyprus,Voter ID,1,7,33300.0,0,0,0,8,Low,10.413342705547674,1,18,Low,0
ENT300219,Corporate,China,Voter ID,1,4,115100.0,0,0,0,28,High,11.65356528276954,0,0,Low,0
ENT300220,Corporate,Cyprus,Driving License,1,1,548000.0,0,0,0,10,Medium,13.214032390746006,1,12,Low,0
ENT300221,Individual,Singapore,Driving License,1,5,45700.0,0,0,1,2,Medium,10.729875458480967,0,8,Low,0
ENT300222,Individual,India,Aadhaar,0,3,191300.0,1,0,0,24,High,12.161603382806213,0,20,Low,1
ENT300223,Individual,BVI,Passport,1,1,119500.0,0,0,2,27,High,11.691080018519527,1,28,Medium,0
ENT300224,Partnership,Panama,Passport,1,5,20700.0,0,0,3,28,High,9.937937287265354,1,36,Medium,0
ENT300225,Individual,China,Passport,0,1,14800.0,0,0,0,26,High,9.60245002503719,0,5,Low,0
ENT300226,Corporate,Panama,PAN,1,1,62800.0,0,0,0,3,High,11.047726275896391,1,12,Low,0
ENT300227,Individual,Seychelles,Voter ID,1,1,36200.0,0,0,0,16,Medium,10.49684202174171,1,12,Low,0
ENT300228,Corporate,USA,Voter ID,1,7,11600.0,0,1,3,12,Medium,9.358846580275406,0,64,Critical,1
ENT300229,Trust,Germany,PAN,0,1,516400.0,0,0,2,23,Medium,13.154638874436095,0,21,Medium,0
ENT300230,Individual,BVI,Driving License,1,2,23800.0,0,0,0,5,High,10.077482875583607,1,12,Low,0
ENT300231,Individual,Cyprus,PAN,1,3,42800.0,0,0,3,26,Medium,10.664316745782925,1,36,Medium,0
ENT300232,Individual,Panama,Passport,1,3,16300.0,0,0,0,7,High,9.69898173460629,1,12,Low,0
ENT300233,Corporate,Switzerland,Driving License,1,3,21400.0,0,0,0,6,High,9.97119292889014,0,0,Low,0
ENT300234,Individual,Singapore,Aadhaar,1,7,14600.0,0,0,0,10,Medium,9.588845298501564,0,0,Low,0
ENT300235,Individual,BVI,Voter ID,1,5,24600.0,0,0,0,16,Medium,10.110542371500753,1,12,Low,0
ENT300236,Trust,Germany,PAN,1,7,84300.0,0,0,1,3,Low,11.342149006315793,0,14,Low,0
ENT300237,Individual,UAE,Driving License,1,5,113200.0,0,0,0,20,High,11.636920278634463,0,0,Low,0
ENT300238,Individual,Switzerland,Voter ID,1,2,45000.0,0,0,1,16,Medium,10.714439990727769,0,8,Low,0
ENT300239,Corporate,Cyprus,PAN,1,4,19900.0,0,0,1,17,Medium,9.898525260706313,1,20,Low,0
ENT300240,Corporate,Panama,PAN,1,5,66900.0,0,0,0,3,High,11.110969193687714,1,12,Low,0
ENT300241,Corporate,Singapore,Passport,1,3,211400.0,0,0,0,18,Medium,12.261512082776054,0,0,Low,0
ENT300242,Individual,USA,Voter ID,1,3,310400.0,0,0,0,8,High,12.645620288935495,0,0,Low,0
ENT300243,Partnership,India,Aadhaar,1,2,499400.0,0,0,0,12,High,13.121164659228688,0,0,Low,0
ENT300244,Individual,Cayman Islands,Driving License,1,7,444000.0,0,0,0,19,High,13.003582093664077,1,12,Low,0
ENT300245,Corporate,UAE,PAN,1,2,104800.0,0,0,0,9,Medium,11.559818592808288,0,0,Low,0
ENT300246,Individual,Mauritius,Driving License,1,3,55400.0,0,0,1,4,Medium,10.922352923113982,1,20,Low,0
ENT300247,Individual,Seychelles,Voter ID,1,1,42400.0,0,0,0,7,High,10.65492722584759,1,12,Low,0
ENT300248,Corporate,Cyprus,Passport,1,3,54900.0,0,0,3,6,Medium,10.91328684226798,1,36,Medium,0
ENT300249,Corporate,UK,PAN,1,5,77000.0,0,0,0,4,High,11.251573687764477,0,0,Low,0
ENT300250,Corporate,Mauritius,Driving License,0,1,21100.0,0,0,0,12,High,9.957075711706057,1,17,Low,0
ENT300251,Individual,Panama,Driving License,1,2,20500.0,0,0,0,5,Medium,9.928228944424575,1,12,Low,0
ENT300252,Corporate,Cayman Islands,Voter ID,1,6,85400.0,0,0,0,26,High,11.355113089309977,1,12,Low,0
ENT300253,Corporate,India,PAN,1,6,63200.0,0,0,0,19,High,11.05407540279458,0,0,Low,0
ENT300254,Individual,UK,Driving License,1,5,118000.0,0,0,0,27,High,11.678448377988165,0,0,Low,0
ENT300255,Corporate,China,Voter ID,1,2,23800.0,1,0,0,19,High,10.077482875583607,0,15,Low,1
ENT300256,Corporate,UAE,Driving License,1,1,210100.0,0,0,0,15,High,12.255343646460032,0,0,Low,0
ENT300257,Individual,Singapore,Aadhaar,1,7,62700.0,0,0,0,17,Low,11.046132675457146,0,6,Low,0
ENT300258,Individual,Mauritius,Driving License,1,1,12000.0,0,0,0,18,High,9.392745258631441,1,12,Low,0
ENT300259,Individual,Germany,Voter ID,1,4,46600.0,0,0,2,16,High,10.74937727911096,0,16,Low,0
ENT300260,Individual,China,Voter ID,1,1,16600.0,0,0,0,15,High,9.717218213494077,0,0,Low,0
ENT300261,Individual,Singapore,Passport,1,6,46300.0,1,0,0,14,High,10.742918838113225,0,15,Low,1
ENT300262,Trust,China,Driving License,1,4,105500.0,0,0,1,28,High,11.566475710526321,0,8,Low,0
ENT300263,Trust,UAE,Passport,0,1,21100.0,0,0,0,18,Medium,9.957075711706057,0,5,Low,0
ENT300264,Individual,Panama,Voter ID,1,3,37800.0,0,0,0,14,High,10.540090836284206,1,12,Low,0
ENT300265,Individual,Germany,Aadhaar,1,4,37600.0,0,0,0,25,High,10.534785924769006,0,0,Low,0
ENT300266,Partnership,Cyprus,Passport,1,2,72400.0,0,0,1,6,High,11.189975390433117,1,20,Low,0
ENT300267,Individual,Cyprus,Passport,1,2,217000.0,0,0,0,3,High,12.28765724080691,1,12,Low,0
ENT300268,Individual,Mauritius,Voter ID,1,4,112000.0,1,0,0,16,Medium,11.626263078808801,1,27,Medium,1
ENT300269,Corporate,China,Driving License,1,5,41400.0,0,0,0,1,High,10.63106031411106,0,0,Low,0
ENT300270,Corporate,UAE,Voter ID,1,4,245500.0,0,0,0,2,Medium,12.411056299528171,0,0,Low,0
ENT300271,Individual,India,Voter ID,1,6,9400.0,0,0,0,26,High,9.148571345578551,0,0,Low,0
ENT300272,Individual,Germany,Aadhaar,1,4,218800.0,0,0,0,26,High,12.295917919903431,0,0,Low,0
ENT300273,Individual,Cayman Islands,Driving License,0,7,72100.0,0,0,0,26,High,11.185823192802378,1,17,Low,0
ENT300274,Corporate,Switzerland,Driving License,1,6,24600.0,1,0,0,7,High,10.110542371500753,0,15,Low,1
ENT300275,Individual,Singapore,Driving License,1,5,43100.0,0,0,0,25,Low,10.67130147767883,0,6,Low,0
ENT300276,Corporate,China,PAN,1,1,46900.0,0,0,0,13,High,10.75579427616868,0,0,Low,0
ENT300277,Individual,Cyprus,Aadhaar,1,4,48000.0,0,0,0,5,High,10.778977123006351,1,12,Low,0
ENT300278,Corporate,Cayman Islands,Voter ID,1,4,107800.0,0,0,0,21,Low,11.588042213851855,1,18,Low,0
ENT300279,Individual,UK,Aadhaar,0,7,8700.0,0,0,0,3,High,9.071193240566025,0,5,Low,0
ENT300280,Individual,USA,Voter ID,1,3,79300.0,0,0,0,25,High,11.281006017883909,0,0,Low,0
ENT300281,Corporate,Switzerland,Passport,1,3,39100.0,0,0,1,16,Medium,10.573903321093981,0,8,Low,0
ENT300282,Individual,Singapore,Voter ID,1,3,116400.0,1,0,2,16,High,11.664796405307863,0,31,Medium,1
ENT300283,Corporate,Germany,Driving License,1,6,1477600.0,0,0,0,7,High,14.205930384640084,0,1,Low,0
ENT300284,Individual,Singapore,Voter ID,0,7,374400.0,0,0,1,13,High,12.833082694522178,0,13,Low,0
ENT300285,Individual,UK,Aadhaar,1,4,56000.0,0,0,3,25,Medium,10.933124826700707,0,24,Medium,0
ENT300286,Corporate,Singapore,Passport,1,1,5200.0,0,0,0,14,Medium,8.556606193773073,0,0,Low,0
ENT300287,Individual,Singapore,Voter ID,1,6,20100.0,0,0,0,1,Medium,9.908524844053396,0,0,Low,0
ENT300288,Individual,Seychelles,Driving License,1,4,58900.0,0,0,0,20,Medium,10.983613347424248,1,12,Low,0
ENT300289,Individual,Mauritius,Driving License,1,4,137400.0,0,0,0,14,High,11.83065893676428,1,12,Low,0
ENT300290,Corporate,USA,Voter ID,1,3,46100.0,0,0,0,17,High,10.738589920723442,0,0,Low,0
ENT300291,Corporate,Mauritius,Voter ID,1,2,2900.0,0,0,0,27,Low,7.972810784121404,1,18,Low,0
ENT300292,Individual,BVI,Passport,1,7,53700.0,0,0,0,26,Medium,10.891186902297498,1,12,Low,0
ENT300293,Partnership,India,Aadhaar,1,2,12400.0,0,0,0,29,High,9.425532393502772,0,0,Low,0
ENT300294,Individual,Germany,Aadhaar,1,4,37400.0,1,0,0,4,High,10.529452721013085,0,15,Low,1
ENT300295,Individual,BVI,Voter ID,0,4,145900.0,0,0,0,29,Low,11.890683588496984,1,23,Medium,0
ENT300296,Partnership,BVI,Voter ID,1,6,636400.0,0,0,1,23,High,13.363584146783316,1,20,Low,0
ENT300297,Individual,USA,Driving License,1,5,84200.0,0,0,0,4,Medium,11.340962076644454,0,0,Low,0
ENT300298,Individual,Panama,PAN,1,3,87600.0,0,0,1,10,Low,11.38054769238444,1,26,Medium,0
ENT300299,Individual,UK,Driving License,1,4,29800.0,0,0,0,20,High,10.30229722897745,0,0,Low,0
ENT300300,Individual,Switzerland,Voter ID,1,4,124700.0,0,0,1,28,High,11.733674150882164,0,8,Low,0
ENT300301,Corporate,India,Aadhaar,1,5,9800.0,0,0,0,10,High,9.19023970026918,0,0,Low,0
ENT300302,Corporate,Switzerland,Passport,1,7,15700.0,0,0,0,4,Medium,9.661479683575521,0,0,Low,0
ENT300303,Individual,India,Voter ID,1,3,130400.0,0,0,1,11,Medium,11.778369597156942,0,8,Low,0
ENT300304,Individual,UK,Passport,1,3,108400.0,0,0,0,14,High,11.593592593037384,0,0,Low,0
ENT300305,Partnership,Panama,Passport,1,5,68400.0,0,0,0,19,Medium,11.133142723386813,1,12,Low,0
ENT300306,Individual,Mauritius,PAN,1,4,34700.0,0,0,1,15,High,10.454523783963511,1,20,Low,0
ENT300307,Corporate,Cyprus,Voter ID,0,2,75500.0,0,0,0,15,High,11.231901180182515,1,17,Low,0
ENT300308,Corporate,Germany,Aadhaar,0,3,19800.0,0,0,0,23,Medium,9.893487720457795,0,5,Low,0
ENT300309,Individual,Germany,Passport,1,3,42300.0,0,0,0,16,High,10.652566005416872,0,0,Low,0
ENT300310,Corporate,Cayman Islands,Aadhaar,0,7,16400.0,0,0,0,17,Low,9.70509758756311,1,23,Medium,0
ENT300311,Individual,Switzerland,Aadhaar,1,1,131800.0,0,0,0,2,High,11.789048488275174,0,0,Low,0
ENT300312,Corporate,China,PAN,1,3,73400.0,0,0,0,5,Medium,11.203692838488003,0,0,Low,0
ENT300313,Corporate,Cyprus,Driving License,1,2,27200.0,0,0,0,14,High,10.211009016314165,1,12,Low,0
ENT300314,Corporate,Cayman Islands,Passport,1,5,85900.0,0,0,0,12,Low,11.360950749348124,1,18,Low,0
ENT300315,Trust,Seychelles,Aadhaar,1,2,22800.0,0,0,1,16,High,10.034559673629849,1,20,Low,0
ENT300316,Corporate,Seychelles,PAN,1,1,100200.0,0,0,0,25,High,11.514933447623022,1,12,Low,0
ENT300317,Trust,UK,Voter ID,1,7,19600.0,0,0,0,26,High,9.883335864325275,0,0,Low,0
ENT300318,Individual,UAE,PAN,1,5,42700.0,0,0,3,11,Medium,10.661977618146238,0,24,Medium,0
ENT300319,Corporate,Cyprus,Voter ID,1,4,40400.0,0,0,0,5,High,10.606609816118151,1,12,Low,0
ENT300320,Individual,Cayman Islands,PAN,1,1,42600.0,0,0,0,24,Low,10.659633006160352,1,18,Low,0
ENT300321,Individual,USA,PAN,1,2,170800.0,0,0,0,12,High,12.048254415120404,0,0,Low,0
ENT300322,Trust,China,Aadhaar,1,7,165900.0,0,0,0,28,Medium,12.019146503887916,0,0,Low,0
ENT300323,Individual,USA,Driving License,1,2,299700.0,0,0,0,17,High,12.610540589969192,0,0,Low,0
ENT300324,Partnership,Mauritius,Aadhaar,1,5,1300.0,0,0,0,8,Low,7.170888478512505,1,18,Low,0
ENT300325,Corporate,USA,PAN,1,1,108900.0,0,0,0,3,High,11.598194491615347,0,0,Low,0
ENT300326,Individual,Hong Kong,Driving License,1,2,87900.0,0,0,0,7,High,11.383966460172834,0,0,Low,0
ENT300327,Individual,Cayman Islands,Voter ID,1,3,67700.0,0,0,0,3,High,11.12285622984002,1,12,Low,0
ENT300328,Corporate,BVI,Aadhaar,1,2,30100.0,0,0,0,1,Medium,10.31231367277647,1,12,Low,0
ENT300329,Partnership,UK,Passport,1,2,126900.0,0,0,0,11,Low,11.751162533892076,0,6,Low,0
ENT300330,Corporate,Panama,Voter ID,1,5,57000.0,0,0,1,16,Medium,10.950824090522445,1,20,Low,0
ENT300331,Corporate,Germany,PAN,1,2,43700.0,0,0,0,11,High,10.685126264117057,0,0,Low,0
ENT300332,Corporate,UAE,Passport,1,3,37300.0,0,0,0,22,Low,10.526775414924009,0,6,Low,0
ENT300333,Partnership,Panama,Aadhaar,1,4,217900.0,0,0,0,8,Medium,12.29179611018331,1,12,Low,0
ENT300334,Corporate,BVI,Passport,1,2,43300.0,0,0,0,25,High,10.675931008412125,1,12,Low,0
ENT300335,Individual,Seychelles,Passport,1,4,16500.0,0,0,1,1,Medium,9.711176264112805,1,20,Low,0
ENT300336,Corporate,Cyprus,Aadhaar,1,3,256300.0,0,0,0,13,High,12.454107814022272,1,12,Low,0
ENT300337,Partnership,Mauritius,Aadhaar,1,5,198300.0,0,0,0,17,Low,12.197541357359519,1,18,Low,0
ENT300338,Corporate,Panama,Passport,1,4,75900.0,0,1,0,25,High,11.237185138527495,1,52,High,1
ENT300339,Individual,Panama,Voter ID,0,3,55400.0,0,0,0,4,High,10.922352923113982,1,17,Low,0
ENT300340,Corporate,UAE,PAN,1,4,179800.0,0,0,1,14,Low,12.099605962739451,0,14,Low,0
ENT300341,Partnership,Hong Kong,PAN,0,5,201800.0,0,0,0,14,Low,12.215037342290755,0,11,Low,0
ENT300342,Individual,UK,PAN,0,7,74800.0,0,0,0,21,High,11.222586532857163,0,5,Low,0
ENT300343,Individual,UAE,Voter ID,1,7,75700.0,0,0,0,3,High,11.234546649377918,0,0,Low,0
ENT300344,Individual,UAE,PAN,1,1,92200.0,0,0,0,19,Medium,11.431726255472853,0,0,Low,0
ENT300345,Individual,BVI,Aadhaar,1,4,25500.0,0,0,0,7,High,10.146472946063877,1,12,Low,0
ENT300346,Corporate,Mauritius,PAN,1,5,125800.0,0,0,0,19,Medium,11.74245657234248,1,12,Low,0
ENT300347,Individual,Panama,Aadhaar,1,4,103600.0,0,0,0,19,Low,11.548302261270587,1,18,Low,0
ENT300348,Individual,Cyprus,Aadhaar,1,6,9900.0,0,0,0,23,Medium,9.200391041122515,1,12,Low,0
ENT300349,Individual,Hong Kong,PAN,1,7,19100.0,0,0,0,1,High,9.857495968685136,0,0,Low,0
ENT300350,Individual,Cyprus,Driving License,1,6,53700.0,0,0,2,19,High,10.891186902297498,1,28,Medium,0
ENT300351,Individual,Panama,Passport,1,3,199100.0,0,0,0,23,Medium,12.201567512641383,1,12,Low,0
ENT300352,Individual,Mauritius,Voter ID,1,4,51800.0,0,0,0,23,High,10.85516473308054,1,12,Low,0
ENT300353,Corporate,Mauritius,Driving License,0,1,123600.0,0,0,0,16,Medium,11.724813914587886,1,17,Low,0
ENT300354,Partnership,Mauritius,Passport,0,5,58200.0,0,0,0,23,Low,10.971657815702502,1,23,Medium,0
ENT300355,Individual,UK,Aadhaar,1,6,45400.0,0,0,1,2,Medium,10.723289410218579,0,8,Low,0
ENT300356,Trust,Cyprus,Aadhaar,1,7,21700.0,0,0,0,4,Medium,9.985113621416073,1,12,Low,0
ENT300357,Individual,Switzerland,Aadhaar,1,5,24900.0,0,0,0,22,Low,10.122663242288953,0,6,Low,0
ENT300358,Corporate,Switzerland,PAN,1,3,55400.0,0,0,0,19,Medium,10.922352923113982,0,0,Low,0
ENT300359,Corporate,Cyprus,Passport,1,2,646300.0,0,0,0,29,Low,13.37902061851886,1,18,Low,0
ENT300360,Individual,Switzerland,Passport,1,4,20600.0,0,0,0,6,High,9.933094897288786,0,0,Low,0
ENT300361,Corporate,Cyprus,Voter ID,1,5,67100.0,0,0,0,20,High,11.11395422597838,1,12,Low,0
ENT300362,Individual,Seychelles,Passport,1,6,110900.0,0,0,0,12,High,11.616393190430356,1,12,Low,0
ENT300363,Partnership,Hong Kong,Driving License,1,1,49200.0,0,0,0,7,Medium,10.803669227477098,0,0,Low,0
ENT300364,Corporate,UK,Aadhaar,0,7,30900.0,0,0,0,23,Medium,10.33854382482173,0,5,Low,0
ENT300365,Individual,India,Voter ID,1,5,283800.0,0,0,0,4,High,12.556028567310046,0,0,Low,0
ENT300366,Partnership,Singapore,PAN,1,6,9400.0,0,0,0,8,Medium,9.148571345578551,0,0,Low,0
ENT300367,Individual,Singapore,Voter ID,1,4,4600.0,0,0,0,21,Low,8.434028950155469,0,6,Low,0
ENT300368,Corporate,Hong Kong,Passport,1,4,31600.0,0,0,0,24,High,10.360944044643913,0,0,Low,0
ENT300369,Corporate,BVI,PAN,1,2,49000.0,0,0,1,5,Medium,10.799595985047786,1,20,Low,0
ENT300370,Individual,Seychelles,PAN,1,3,31500.0,0,0,0,29,High,10.357774570341576,1,12,Low,0
ENT300371,Corporate,Panama,PAN,1,1,28800.0,0,0,0,6,Medium,10.268165387743457,1,12,Low,0
ENT300372,Individual,Singapore,Passport,1,1,183100.0,0,0,0,1,Medium,12.117793192144138,0,0,Low,0
ENT300373,Corporate,China,PAN,1,6,612700.0,0,1,0,6,Low,13.325632330832539,0,46,High,1
ENT300374,Individual,China,PAN,1,7,54800.0,0,1,0,11,High,10.911463720944793,0,40,Medium,1
ENT300375,Trust,China,PAN,1,4,62900.0,0,0,2,26,High,11.049317340813348,0,16,Low,0
ENT300376,Individual,China,Passport,1,5,40800.0,0,0,0,18,Low,10.616461869895815,0,6,Low,0
ENT300377,Individual,Seychelles,Driving License,1,7,123000.0,0,0,0,27,Medium,11.719947764402807,1,12,Low,0
ENT300378,Individual,UK,Driving License,1,5,152500.0,0,0,0,28,Low,11.934926432385152,0,6,Low,0
ENT300379,Corporate,Seychelles,Voter ID,1,7,32800.0,0,0,0,12,Low,10.39821428171237,1,18,Low,0
ENT300380,Partnership,Mauritius,Aadhaar,1,7,9000.0,0,0,0,12,Medium,9.105090961257085,1,12,Low,0
ENT300381,Corporate,Cyprus,Passport,0,5,68900.0,0,0,3,17,Low,11.140425970684525,1,47,High,1
ENT300382,Corporate,UAE,Driving License,1,6,127500.0,0,0,2,25,High,11.755879486687116,0,16,Low,0
ENT300383,Individual,India,Aadhaar,1,7,172800.0,0,0,3,1,Low,12.059895922372384,0,30,Medium,0
ENT300384,Individual,Cayman Islands,PAN,1,4,36600.0,0,0,0,22,High,10.50783084142058,1,12,Low,0
ENT300385,Individual,UAE,Aadhaar,0,4,170300.0,0,0,2,15,High,12.045322738624144,0,21,Medium,0
ENT300386,Individual,Germany,Voter ID,1,6,275600.0,0,0,0,9,High,12.526709446562082,0,0,Low,0
ENT300387,Individual,India,Voter ID,1,7,20700.0,0,0,0,7,Medium,9.937937287265354,0,0,Low,0
ENT300388,Corporate,UAE,Passport,1,7,184500.0,0,0,0,15,High,12.12541016250223,0,0,Low,0
ENT300389,Individual,Hong Kong,Driving License,1,7,82900.0,0,0,2,26,High,11.325402403776808,0,16,Low,0
ENT300390,Individual,Singapore,Aadhaar,1,1,44500.0,0,0,0,24,Medium,10.703266939811954,0,0,Low,0
ENT300391,Partnership,UK,Passport,0,4,62400.0,0,0,0,7,High,11.041336579870135,0,5,Low,0
ENT300392,Partnership,UK,Aadhaar,1,6,424600.0,0,0,0,15,Medium,12.958905183406316,0,0,Low,0
ENT300393,Individual,Seychelles,Aadhaar,1,7,31200.0,0,0,0,12,Medium,10.348205424565993,1,12,Low,0
ENT300394,Individual,Hong Kong,Voter ID,1,5,37400.0,0,0,0,7,Medium,10.529452721013085,0,0,Low,0
ENT300395,Individual,India,Voter ID,1,2,43300.0,0,0,0,1,High,10.675931008412125,0,0,Low,0
ENT300396,Individual,Singapore,Passport,0,6,136600.0,0,0,0,22,High,11.824819546736247,0,5,Low,0
ENT300397,Corporate,BVI,Voter ID,1,6,24300.0,0,0,0,5,High,10.098272780745283,1,12,Low,0
ENT300398,Individual,China,Driving License,1,4,151400.0,0,0,0,12,High,11.927687224983487,0,0,Low,0
ENT300399,Corporate,BVI,Aadhaar,1,6,73000.0,0,0,0,4,Medium,11.19822841866684,1,12,Low,0
ENT300400,Corporate,UAE,Driving License,1,2,1300.0,0,0,1,15,Medium,7.170888478512505,0,8,Low,0
ENT300401,Individual,UAE,Voter ID,1,7,30000.0,0,0,0,27,High,10.308985993422082,0,0,Low,0
ENT300402,Corporate,Hong Kong,Passport,1,7,435400.0,0,0,0,7,Medium,12.984022724518578,0,0,Low,0
ENT300403,Corporate,Hong Kong,Passport,1,2,25900.0,0,0,3,12,High,10.16203685698089,0,24,Medium,0
ENT300404,Individual,Hong Kong,Voter ID,1,5,156700.0,0,0,0,27,Low,11.96209480994468,0,6,Low,0
ENT300405,Corporate,Hong Kong,PAN,1,5,220800.0,0,0,0,4,High,12.30501712236033,0,0,Low,0
ENT300406,Individual,USA,Aadhaar,1,3,23400.0,0,0,0,15,High,10.060534035475412,0,0,Low,0
ENT300407,Individual,India,Aadhaar,1,3,88000.0,0,0,0,28,High,11.385103457032141,0,0,Low,0
ENT300408,Individual,China,Driving License,1,7,17300.0,0,0,0,7,Medium,9.758519582283522,0,0,Low,0
ENT300409,Individual,BVI,Voter ID,1,6,35400.0,0,0,0,13,High,10.474495347310453,1,12,Low,0
ENT300410,Corporate,Panama,PAN,0,3,35600.0,0,0,0,20,Low,10.480129006333248,1,23,Medium,0
ENT300411,Individual,Switzerland,PAN,1,4,396600.0,0,0,0,21,High,12.890686016496828,0,0,Low,0
ENT300412,Individual,Switzerland,Driving License,1,1,450100.0,0,0,0,22,Medium,13.017227281007061,0,0,Low,0
ENT300413,Corporate,UAE,Driving License,1,3,16500.0,1,0,0,1,Medium,9.711176264112805,0,15,Low,1
ENT300414,Individual,UAE,Voter ID,1,6,144500.0,0,0,0,16,Medium,11.881041706925902,0,0,Low,0
ENT300415,Individual,Cyprus,PAN,1,2,51600.0,0,0,0,17,Low,10.851296331126829,1,18,Low,0
ENT300416,Trust,UK,Passport,1,2,119600.0,0,0,1,11,High,11.691916481667727,0,8,Low,0
ENT300417,Individual,Switzerland,PAN,0,7,6600.0,0,0,0,2,High,8.79497643168877,0,5,Low,0
ENT300418,Corporate,Mauritius,Driving License,1,2,57500.0,0,0,2,8,High,10.959557617938563,1,28,Medium,0
ENT300419,Individual,India,PAN,1,6,19700.0,0,0,0,10,Low,9.888424674859083,0,6,Low,0
ENT300420,Individual,BVI,Passport,0,1,46700.0,0,0,0,26,High,10.751520856703959,1,17,Low,0
ENT300421,Partnership,UK,Driving License,1,6,30900.0,0,0,0,2,High,10.33854382482173,0,0,Low,0
ENT300422,Individual,India,Passport,1,2,44300.0,0,0,0,7,Low,10.698762529141884,0,6,Low,0
ENT300423,Corporate,Seychelles,Driving License,1,6,99100.0,0,0,0,28,Low,11.503894811084523,1,18,Low,0
ENT300424,Corporate,Cayman Islands,Voter ID,1,3,2102400.0,0,0,0,18,Low,14.558590582919194,1,19,Low,0
ENT300425,Corporate,India,Aadhaar,1,3,39700.0,0,0,0,11,Low,10.589131655274922,0,6,Low,0
ENT300426,Individual,UK,Driving License,1,2,53400.0,0,0,0,24,Low,10.885584751364705,0,6,Low,0
ENT300427,Individual,Cayman Islands,Passport,1,5,9800.0,0,0,0,24,Low,9.19023970026918,1,18,Low,0
ENT300428,Corporate,Germany,Passport,1,1,19000.0,0,0,0,26,High,9.852246888342531,0,0,Low,0
ENT300429,Partnership,Seychelles,Aadhaar,1,3,16600.0,0,0,0,27,High,9.717218213494077,1,12,Low,0
ENT300430,Individual,USA,PAN,1,2,13300.0,0,0,0,26,High,9.495594499353297,0,0,Low,0
ENT300431,Individual,India,Aadhaar,1,6,87000.0,0,0,0,3,Low,11.373674891823535,0,6,Low,0
ENT300432,Corporate,China,Driving License,1,2,111400.0,0,0,0,29,Medium,11.620891583095712,0,0,Low,0
ENT300433,Individual,UK,Aadhaar,1,5,11900.0,0,0,0,20,High,9.38437770918244,0,0,Low,0
ENT300434,Partnership,Hong Kong,PAN,1,2,123500.0,1,0,0,17,High,11.724004532183379,0,15,Low,1
ENT300435,Corporate,Switzerland,Passport,1,5,33200.0,0,0,0,11,High,10.410335274932896,0,0,Low,0
ENT300436,Individual,UAE,Voter ID,1,3,18800.0,0,0,1,10,High,9.841665338892785,0,8,Low,0
ENT300437,Individual,Hong Kong,Passport,1,3,9200.0,0,0,0,23,High,9.127067452782361,0,0,Low,0
ENT300438,Individual,India,PAN,1,6,258000.0,0,0,0,21,High,12.460718739865236,0,0,Low,0
ENT300439,Individual,India,Voter ID,1,3,6300.0,0,0,0,16,High,8.748463629942055,0,0,Low,0
ENT300440,Individual,Panama,Voter ID,1,6,25400.0,0,0,0,15,High,10.142543822310387,1,12,Low,0
ENT300441,Trust,China,Voter ID,1,6,27700.0,0,0,0,6,Low,10.229223792606835,0,6,Low,0
ENT300442,Partnership,Mauritius,Voter ID,1,3,663400.0,0,0,0,10,Medium,13.405134912880145,1,12,Low,0
ENT300443,Partnership,Cyprus,Voter ID,1,7,96800.0,0,0,0,13,Medium,11.480412603789821,1,12,Low,0
ENT300444,Individual,Singapore,Voter ID,1,2,6100.0,1,0,1,29,Medium,8.716207971151853,0,23,Medium,1
ENT300445,Individual,Cyprus,Voter ID,1,5,20200.0,0,0,0,20,High,9.913487387114461,1,12,Low,0
ENT300446,Corporate,Panama,Driving License,1,4,34100.0,0,0,0,24,Medium,10.43708198835482,1,12,Low,0
ENT300447,Individual,Hong Kong,Driving License,1,5,26200.0,0,0,0,13,Medium,10.173552856959743,0,0,Low,0
ENT300448,Individual,Seychelles,Voter ID,1,7,39500.0,0,0,0,15,High,10.584081267024454,1,12,Low,0
ENT300449,Individual,China,Voter ID,1,7,55100.0,0,0,0,9,High,10.916923143796645,0,0,Low,0
ENT300450,Corporate,Seychelles,PAN,1,4,10300.0,0,0,1,20,Low,9.239996256883693,1,26,Medium,0
ENT300451,Individual,UAE,PAN,1,1,17200.0,0,0,0,17,High,9.75272280064639,0,0,Low,0
ENT300452,Corporate,Hong Kong,Aadhaar,1,6,92700.0,0,0,3,10,Low,11.437134538982278,0,30,Medium,0
ENT300453,Individual,USA,Aadhaar,1,3,21000.0,0,0,0,21,High,9.952325334619427,0,0,Low,0
ENT300454,Corporate,Germany,Passport,1,5,263400.0,0,0,0,12,High,12.481432864791325,0,0,Low,0
ENT300455,Corporate,BVI,Voter ID,1,2,71800.0,0,0,0,11,High,11.181653682515929,1,12,Low,0
ENT300456,Corporate,Mauritius,PAN,1,4,74100.0,0,0,1,15,Medium,11.21318430646977,1,20,Low,0
ENT300457,Partnership,Cyprus,Passport,1,4,851600.0,0,0,0,2,Medium,13.654873386260988,1,12,Low,0
ENT300458,Individual,Seychelles,Aadhaar,1,2,8700.0,0,0,1,24,Medium,9.071193240566025,1,20,Low,0
ENT300459,Partnership,UAE,PAN,1,1,58100.0,0,0,0,26,High,10.969938154395841,0,0,Low,0
ENT300460,Corporate,Germany,PAN,1,4,14000.0,0,0,0,6,High,9.546884034617925,0,0,Low,0
ENT300461,Individual,Singapore,Driving License,1,6,109600.0,0,0,0,6,High,11.604601777542019,0,0,Low,0
ENT300462,Corporate,Germany,Passport,1,3,119000.0,0,0,0,29,High,11.686887175419702,0,0,Low,0
ENT300463,Individual,Mauritius,PAN,1,5,157100.0,0,0,0,20,High,11.964644189595829,1,12,Low,0
ENT300464,Corporate,Cyprus,Driving License,1,5,35100.0,0,0,0,3,Medium,10.465984899076615,1,12,Low,0
ENT300465,Corporate,Panama,Voter ID,1,2,12900.0,0,0,0,13,Low,9.465060106725137,1,18,Low,0
ENT300466,Corporate,Cyprus,Driving License,1,4,95300.0,0,0,0,21,High,11.464795582766675,1,12,Low,0
ENT300467,Individual,Mauritius,Driving License,1,2,693400.0,0,0,0,4,Medium,13.449363754401043,1,12,Low,0
ENT300468,Individual,India,Driving License,1,5,40500.0,0,0,0,9,High,10.609081944147828,0,0,Low,0
ENT300469,Corporate,Panama,Passport,0,1,135900.0,0,1,0,29,High,11.819681958463892,1,57,High,1
ENT300470,Individual,Switzerland,PAN,1,3,62600.0,0,0,0,24,Medium,11.044536531401494,0,0,Low,0
ENT300471,Individual,China,Voter ID,1,4,143000.0,0,0,0,19,High,11.870606902224587,0,0,Low,0
ENT300472,Corporate,Germany,Driving License,1,7,40300.0,0,0,0,9,Medium,10.604131561522696,0,0,Low,0
ENT300473,Corporate,Hong Kong,Voter ID,1,1,73300.0,0,0,0,9,Medium,11.202329530346486,0,0,Low,0
ENT300474,Corporate,Switzerland,Voter ID,1,5,223300.0,0,0,0,22,Medium,12.316275916098562,0,0,Low,0
ENT300475,Individual,Switzerland,Voter ID,1,4,38000.0,0,0,0,28,High,10.545367754151743,0,0,Low,0
ENT300476,Individual,Cayman Islands,PAN,1,7,11100.0,0,0,0,5,High,9.314790473332646,1,12,Low,0
ENT300477,Individual,UK,Voter ID,1,2,283500.0,0,0,0,6,Medium,12.554970929480584,0,0,Low,0
ENT300478,Individual,Seychelles,Driving License,1,4,49300.0,0,0,0,19,High,10.805699643800724,1,12,Low,0
ENT300479,Corporate,UAE,Passport,1,5,28000.0,0,0,0,15,Medium,10.239995502805316,0,0,Low,0
ENT300480,Corporate,BVI,PAN,1,7,140700.0,0,0,0,5,High,11.854392350397763,1,12,Low,0
ENT300481,Corporate,USA,PAN,1,4,58300.0,0,0,0,18,Medium,10.97337452485014,0,0,Low,0
ENT300482,Individual,USA,Voter ID,1,4,79100.0,0,0,0,7,High,11.278480795900865,0,0,Low,0
ENT300483,Corporate,Germany,Aadhaar,1,2,13000.0,1,0,0,7,Medium,9.472781556562168,0,15,Low,1
ENT300484,Individual,China,Voter ID,1,6,131600.0,0,0,0,14,Medium,11.787529896628678,0,0,Low,0
ENT300485,Individual,India,Passport,1,3,72500.0,0,0,3,25,High,11.19135563385109,0,24,Medium,0
ENT300486,Corporate,UK,Aadhaar,1,7,34400.0,0,0,0,24,High,10.445840912706414,0,0,Low,0
ENT300487,Individual,UK,Driving License,0,6,163600.0,0,0,0,25,High,12.005185815601541,0,5,Low,0
ENT300488,Individual,BVI,Voter ID,1,6,29400.0,0,0,0,21,High,10.288783966353765,1,12,Low,0
ENT300489,Individual,UK,Voter ID,1,1,15900.0,0,0,0,10,High,9.674137279312397,0,0,Low,0
ENT300490,Corporate,Panama,Aadhaar,1,4,63300.0,0,0,0,23,High,11.055656405795794,1,12,Low,0
ENT300491,Corporate,UAE,Aadhaar,1,2,18100.0,0,0,0,22,High,9.803722464346553,0,0,Low,0
ENT300492,Individual,Germany,Aadhaar,1,5,40900.0,0,0,0,19,Medium,10.61890979160975,0,0,Low,0
ENT300493,Partnership,Cayman Islands,Passport,1,3,97300.0,0,0,0,24,High,11.485564545613576,1,12,Low,0
ENT300494,Partnership,Cyprus,Voter ID,1,1,82500.0,0,0,0,27,High,11.320565693461432,1,12,Low,0
ENT300495,Individual,Hong Kong,Voter ID,1,3,80900.0,0,0,0,16,Medium,11.300981463909618,0,0,Low,0
ENT300496,Individual,UAE,Driving License,1,7,32900.0,0,0,0,29,Low,10.401258331428318,0,6,Low,0
ENT300497,Individual,China,Aadhaar,1,2,410400.0,0,0,0,4,High,12.924890009482901,0,0,Low,0
ENT300498,Corporate,Panama,Driving License,1,2,5500.0,0,0,0,15,High,8.612685172875459,1,12,Low,0
ENT300499,Corporate,China,Aadhaar,1,5,9800.0,0,0,1,3,Low,9.19023970026918,0,14,Low,0
ENT300500,Individual,USA,Passport,1,1,54100.0,0,0,0,18,Medium,10.898607948952096,0,0,Low,0
ENT300501,Individual,Mauritius,PAN,1,5,20400.0,0,0,1,15,Medium,9.923339198238729,1,20,Low,0
ENT300502,Individual,USA,Passport,1,1,22200.0,0,0,0,17,Low,10.007892611890918,0,6,Low,0
ENT300503,Corporate,Mauritius,PAN,1,5,113400.0,0,0,2,10,High,11.638685488579059,1,28,Medium,0
ENT300504,Corporate,Cyprus,PAN,1,3,7702300.0,0,0,2,14,High,15.857029673351603,1,29,Medium,0
ENT300505,Individual,UAE,Aadhaar,1,5,59500.0,0,0,0,19,High,10.993748398115178,0,0,Low,0
ENT300506,Individual,Panama,Driving License,1,3,1066800.0,0,0,0,28,Medium,13.880175008672383,1,13,Low,0
ENT300507,Partnership,Seychelles,Passport,1,3,33900.0,0,0,0,15,Medium,10.431199791458543,1,12,Low,0
ENT300508,Individual,Singapore,Aadhaar,1,2,52500.0,0,0,0,22,Medium,10.868587496017359,0,0,Low,0
ENT300509,Corporate,UAE,Aadhaar,1,3,5500.0,0,0,0,22,Low,8.612685172875459,0,6,Low,0
ENT300510,Partnership,Singapore,Voter ID,1,4,64500.0,0,1,0,20,High,11.07443600653965,0,40,Medium,1
ENT300511,Individual,Cyprus,Aadhaar,1,2,39200.0,0,0,0,29,High,10.576457535657255,1,12,Low,0
ENT300512,Individual,Singapore,Voter ID,1,5,79100.0,0,0,0,27,High,11.278480795900865,0,0,Low,0
ENT300513,Individual,Mauritius,Voter ID,1,2,24300.0,0,0,0,7,High,10.098272780745283,1,12,Low,0
ENT300514,Corporate,UK,Driving License,1,7,22500.0,0,0,0,8,High,10.021315031649332,0,0,Low,0
ENT300515,Partnership,Switzerland,Aadhaar,1,1,152500.0,0,0,0,17,Medium,11.934926432385152,0,0,Low,0
ENT300516,Individual,UAE,PAN,1,7,32100.0,0,0,0,26,High,10.376642461280849,0,0,Low,0
ENT300517,Individual,Mauritius,Voter ID,1,6,154300.0,0,0,1,2,High,11.946660519211651,1,20,Low,0
ENT300518,Individual,India,PAN,1,7,22300.0,0,0,1,7,Medium,10.012386799492118,0,8,Low,0
ENT300519,Corporate,UK,Aadhaar,1,1,150900.0,0,0,1,28,Low,11.924379271639218,0,14,Low,0
ENT300520,Corporate,China,Aadhaar,1,5,99700.0,0,0,0,8,Low,11.5099309859899,0,6,Low,0
ENT300521,Corporate,Panama,Passport,1,7,227800.0,0,0,3,3,Medium,12.336227719801212,1,36,Medium,0
ENT300522,Corporate,Cyprus,Voter ID,1,7,9500.0,0,0,0,27,High,9.15915233520675,1,12,Low,0
ENT300523,Individual,USA,Passport,1,6,21300.0,0,0,0,4,Low,9.966509298952284,0,6,Low,0
ENT300524,Corporate,USA,Driving License,1,4,8000.0,0,0,0,18,High,8.987321812850125,0,0,Low,0
ENT300525,Individual,Panama,Driving License,1,7,81300.0,0,0,1,29,High,11.305913595583258,1,20,Low,0
ENT300526,Individual,India,Driving License,1,5,69000.0,1,0,2,27,High,11.141876276228,0,31,Medium,1
ENT300527,Trust,UK,Aadhaar,0,3,6200.0,0,0,1,2,Medium,8.732465848349879,0,13,Low,0
ENT300528,Corporate,India,Voter ID,1,6,4500.0,0,0,0,12,Low,8.412054873292933,0,6,Low,0
ENT300529,Individual,China,PAN,1,1,44600.0,0,0,0,8,Medium,10.70551155928146,0,0,Low,0
ENT300530,Trust,Panama,Aadhaar,1,3,125900.0,0,0,3,24,Medium,11.74325116281265,1,36,Medium,0
ENT300531,Individual,Germany,Passport,1,5,195300.0,0,0,1,17,High,12.182297237179363,0,8,Low,0
ENT300532,Individual,Cyprus,Driving License,1,7,45400.0,0,0,1,19,Medium,10.723289410218579,1,20,Low,0
ENT300533,Individual,Panama,Driving License,1,3,328300.0,0,0,0,7,High,12.701686149479562,1,12,Low,0
ENT300534,Corporate,BVI,Voter ID,1,6,3300.0,0,0,0,24,High,8.101980731853192,1,12,Low,0
ENT300535,Individual,Germany,Passport,1,1,96900.0,0,0,0,18,High,11.481445117743048,0,0,Low,0
ENT300536,Trust,UAE,Driving License,1,3,49000.0,0,0,0,9,Low,10.799595985047786,0,6,Low,0
ENT300537,Corporate,BVI,Voter ID,1,7,9300.0,0,0,0,18,Medium,9.137877200242468,1,12,Low,0
ENT300538,Partnership,Panama,Passport,0,7,19000.0,0,0,1,2,Medium,9.852246888342531,1,25,Medium,0
ENT300539,Individual,Seychelles,Driving License,1,1,29700.0,0,0,0,19,Low,10.298935994257638,1,18,Low,0
ENT300540,Individual,Singapore,Aadhaar,1,2,87000.0,0,0,0,26,High,11.373674891823535,0,0,Low,0
ENT300541,Individual,China,Voter ID,1,1,151100.0,0,0,2,5,Medium,11.925703766372617,0,16,Low,0
ENT300542,Corporate,Mauritius,Aadhaar,1,3,54900.0,0,0,0,7,High,10.91328684226798,1,12,Low,0
ENT300543,Corporate,Germany,Voter ID,1,6,4400.0,0,0,0,29,High,8.38958706681109,0,0,Low,0
ENT300544,Corporate,Hong Kong,Aadhaar,0,5,86900.0,0,0,1,28,High,11.372524818667134,0,13,Low,0
ENT300545,Individual,UK,Passport,1,6,67500.0,0,0,0,27,High,11.119897691565697,0,0,Low,0
ENT300546,Partnership,Singapore,Passport,0,3,14000.0,1,0,0,12,High,9.546884034617925,0,20,Low,1
ENT300547,Individual,Panama,Voter ID,0,1,43500.0,0,0,0,26,High,10.680539205318292,1,17,Low,0
ENT300548,Corporate,Cyprus,Driving License,1,5,151700.0,0,0,0,18,High,11.929666757272708,1,12,Low,0
ENT300549,Partnership,BVI,Voter ID,1,2,74400.0,0,0,0,5,High,11.217224661591072,1,12,Low,0
ENT300550,Corporate,India,PAN,1,4,259600.0,0,0,3,15,High,12.466901115884776,0,24,Medium,0
ENT300551,Partnership,BVI,PAN,1,7,19100.0,0,0,0,8,High,9.857495968685136,1,12,Low,0
ENT300552,Individual,Hong Kong,Aadhaar,1,3,44400.0,0,1,0,23,Medium,10.70101727068921,0,40,Medium,1
ENT300553,Individual,USA,Driving License,0,2,5100.0,0,0,0,27,Medium,8.537191877922927,0,5,Low,0
ENT300554,Individual,Cayman Islands,Driving License,0,4,83900.0,0,0,0,18,High,11.3373928113354,1,17,Low,0
ENT300555,Individual,Germany,Voter ID,1,2,67800.0,0,0,0,10,Low,11.124332223082254,0,6,Low,0
ENT300556,Corporate,India,Voter ID,1,7,473800.0,0,0,0,20,High,13.068542681299782,0,0,Low,0
ENT300557,Individual,Singapore,Passport,1,2,305100.0,0,0,0,4,Low,12.628398148313286,0,6,Low,0
ENT300558,Individual,USA,Voter ID,1,5,30400.0,0,0,0,9,Medium,10.322230781590136,0,0,Low,0
ENT300559,Individual,Mauritius,Passport,1,1,266200.0,0,0,0,1,Medium,12.492006941510096,1,12,Low,0
ENT300560,Corporate,USA,Driving License,1,6,33600.0,0,0,0,18,Medium,10.422311107413181,0,0,Low,0
ENT300561,Corporate,Switzerland,Voter ID,1,5,13000.0,0,0,0,4,High,9.472781556562168,0,0,Low,0
ENT300562,Corporate,UAE,Aadhaar,1,5,226300.0,0,0,0,2,Medium,12.329621250524813,0,0,Low,0
ENT300563,Individual,Cayman Islands,Aadhaar,1,2,89600.0,0,0,0,17,Medium,11.403121759615027,1,12,Low,0
ENT300564,Individual,Mauritius,Voter ID,1,1,34100.0,0,0,0,13,High,10.43708198835482,1,12,Low,0
ENT300565,Corporate,India,Voter ID,1,7,69300.0,0,0,0,26,High,11.146214615088313,0,0,Low,0
ENT300566,Individual,Cayman Islands,Passport,1,7,56700.0,0,0,0,22,Low,10.945547126244623,1,18,Low,0
ENT300567,Individual,Hong Kong,PAN,1,6,61200.0,0,0,0,18,High,11.021918808236205,0,0,Low,0
ENT300568,Partnership,USA,PAN,1,2,54000.0,0,0,0,24,Low,10.896757843893464,0,6,Low,0
ENT300569,Individual,Cayman Islands,Passport,1,3,75600.0,0,0,0,23,High,11.233224789593368,1,12,Low,0
ENT300570,Corporate,UAE,Aadhaar,0,6,89600.0,0,0,0,27,Low,11.403121759615027,0,11,Low,0
ENT300571,Corporate,Hong Kong,Driving License,1,6,11600.0,0,0,0,24,High,9.358846580275406,0,0,Low,0
ENT300572,Partnership,Cayman Islands,Passport,1,2,23900.0,0,0,0,9,High,10.081675578048475,1,12,Low,0
ENT300573,Partnership,India,Driving License,1,5,18800.0,0,0,1,17,High,9.841665338892785,0,8,Low,0
ENT300574,Individual,Cyprus,Aadhaar,1,5,1034700.0,0,0,0,18,Low,13.849623054056284,1,19,Low,0
ENT300575,Individual,Germany,Aadhaar,1,6,137900.0,0,0,0,6,Medium,11.834291315386718,0,0,Low,0
ENT300576,Corporate,Cayman Islands,Aadhaar,1,2,93300.0,0,0,0,10,Medium,11.443586104891608,1,12,Low,0
ENT300577,Individual,China,PAN,1,2,21300.0,0,0,2,18,High,9.966509298952284,0,16,Low,0
ENT300578,Corporate,Seychelles,PAN,1,6,46000.0,0,0,1,24,High,10.736418414365374,1,20,Low,0
ENT300579,Corporate,Singapore,Voter ID,1,6,547800.0,0,0,0,7,Medium,13.213667361293203,0,0,Low,0
ENT300580,Individual,Mauritius,Voter ID,1,4,55000.0,0,0,0,14,High,10.915106645867503,1,12,Low,0
ENT300581,Individual,Panama,Aadhaar,1,4,59300.0,0,1,0,13,Low,10.990381448250039,1,58,High,1
ENT300582,Individual,Singapore,Aadhaar,1,1,109700.0,0,0,0,20,Low,11.605513761992055,0,6,Low,0
ENT300583,Individual,Germany,Aadhaar,1,2,24900.0,0,0,0,2,High,10.122663242288953,0,0,Low,0
ENT300584,Individual,BVI,PAN,1,1,69600.0,1,0,0,3,Medium,11.150534214035387,1,27,Medium,1
ENT300585,Individual,USA,PAN,1,5,65800.0,0,0,0,16,Medium,11.094390314766315,0,0,Low,0
ENT300586,Corporate,UK,Driving License,0,6,73400.0,0,0,0,18,High,11.203692838488003,0,5,Low,0
ENT300587,Partnership,USA,PAN,0,6,63700.0,0,0,2,13,Medium,11.06195554002416,0,21,Medium,0
ENT300588,Individual,Cyprus,Voter ID,1,4,14600.0,0,1,0,3,Medium,9.588845298501564,1,52,High,1
ENT300589,Corporate,India,Passport,1,1,362000.0,0,0,0,25,High,12.799402253235032,0,0,Low,0
ENT300590,Corporate,BVI,Voter ID,1,4,34600.0,0,0,0,4,High,10.451637862362272,1,12,Low,0
ENT300591,Individual,China,Aadhaar,1,7,98900.0,0,0,1,15,High,11.501874628783144,0,8,Low,0
ENT300592,Corporate,UAE,Driving License,1,1,80900.0,0,0,0,23,Low,11.300981463909618,0,6,Low,0
ENT300593,Individual,Hong Kong,Driving License,1,5,24100.0,0,0,0,22,Low,10.090008612393838,0,6,Low,0
ENT300594,Individual,Hong Kong,Aadhaar,1,5,171800.0,0,0,0,18,High,12.054092109237121,0,0,Low,0
ENT300595,Individual,Cyprus,Aadhaar,1,6,285000.0,0,0,3,2,High,12.560247968016562,1,36,Medium,0
ENT300596,Trust,UAE,Passport,1,7,98300.0,0,0,0,25,High,11.495789479023493,0,0,Low,0
ENT300597,Individual,Hong Kong,Passport,1,1,56800.0,0,0,0,13,Low,10.947309210188068,0,6,Low,0
ENT300598,Corporate,Hong Kong,Aadhaar,1,5,10200.0,0,0,0,13,Medium,9.23024103368252,0,0,Low,0
ENT300599,Partnership,USA,Voter ID,1,5,173900.0,0,0,2,28,High,12.066241450757124,0,16,Low,0
ENT300600,Corporate,Panama,Passport,1,3,63800.0,0,0,0,10,Low,11.063524143191238,1,18,Low,0
ENT300601,Individual,BVI,Aadhaar,1,6,29500.0,0,0,2,24,Medium,10.292179440058462,1,28,Medium,0
ENT300602,Individual,China,Driving License,1,6,50400.0,0,0,0,26,High,10.827766295132466,0,0,Low,0
ENT300603,Corporate,Mauritius,Driving License,1,5,22500.0,0,0,0,12,Medium,10.021315031649332,1,12,Low,0
ENT300604,Individual,China,Aadhaar,1,2,121700.0,0,0,0,29,High,11.70932249586873,0,0,Low,0
ENT300605,Individual,USA,Passport,1,6,78800.0,0,0,2,9,High,11.274680966120778,0,16,Low,0
ENT300606,Individual,UK,Aadhaar,1,4,350800.0,0,0,1,17,Low,12.76797439010324,0,14,Low,0
ENT300607,Individual,Singapore,PAN,1,5,843200.0,0,0,0,24,Low,13.644960642726787,0,6,Low,0
ENT300608,Corporate,Singapore,PAN,1,1,223200.0,0,0,0,21,Medium,12.315827989765994,0,0,Low,0
ENT300609,Individual,Cyprus,Passport,1,5,44700.0,0,0,0,6,High,10.707751151716078,1,12,Low,0
ENT300610,Corporate,Singapore,Voter ID,1,4,213100.0,0,0,0,3,Medium,12.269521510708264,0,0,Low,0
ENT300611,Corporate,BVI,Driving License,1,3,242800.0,0,0,0,5,High,12.399997456775143,1,12,Low,0
ENT300612,Corporate,BVI,PAN,1,6,7000.0,0,0,0,12,Low,8.853808274977197,1,18,Low,0
ENT300613,Corporate,Cyprus,Voter ID,1,4,86000.0,0,0,0,3,Medium,11.362114203075018,1,12,Low,0
ENT300614,Individual,Mauritius,Voter ID,1,2,219300.0,0,0,0,25,High,12.298200494359103,1,12,Low,0
ENT300615,Trust,Singapore,Aadhaar,1,5,190300.0,0,1,0,3,High,12.15636230813118,0,40,Medium,1
ENT300616,Corporate,Cayman Islands,Driving License,1,6,75100.0,0,0,0,19,Low,11.226589153242802,1,18,Low,0
ENT300617,Individual,Cayman Islands,Aadhaar,1,3,27000.0,0,0,0,23,Medium,10.203629181337648,1,12,Low,0
ENT300618,Corporate,Hong Kong,PAN,1,5,3300.0,0,0,1,26,High,8.101980731853192,0,8,Low,0
ENT300619,Corporate,UAE,PAN,1,2,43300.0,0,0,0,22,High,10.675931008412125,0,0,Low,0
ENT300620,Corporate,UK,Driving License,1,7,699800.0,0,0,0,16,Medium,13.458551287894412,0,0,Low,0
ENT300621,Corporate,Hong Kong,Voter ID,1,2,249300.0,0,0,0,22,High,12.426416280735053,0,0,Low,0
ENT300622,Corporate,USA,Driving License,1,7,134700.0,0,0,1,10,Medium,11.810812786275873,0,8,Low,0
ENT300623,Individual,UK,Passport,1,1,27700.0,0,0,1,21,High,10.229223792606835,0,8,Low,0
ENT300624,Individual,BVI,Aadhaar,1,6,6500.0,0,0,0,8,High,8.77971129020447,1,12,Low,0
ENT300625,Individual,Seychelles,Driving License,1,3,34600.0,0,0,0,19,High,10.451637862362272,1,12,Low,0
ENT300626,Corporate,Germany,Passport,1,7,63500.0,0,0,0,11,High,11.05881093278828,0,0,Low,0
ENT300627,Individual,India,PAN,1,7,7800.0,0,0,0,27,Low,8.962007209588313,0,6,Low,0
ENT300628,Partnership,Switzerland,Aadhaar,1,4,23100.0,0,0,0,7,High,10.047631185616188,0,0,Low,0
ENT300629,Corporate,UAE,Passport,1,4,75600.0,0,0,0,13,High,11.233224789593368,0,0,Low,0
ENT300630,Individual,USA,Passport,1,2,63100.0,0,0,0,4,Medium,11.052491896264268,0,0,Low,0
ENT300631,Individual,China,PAN,1,3,117900.0,0,0,0,29,High,11.6776005682537,0,0,Low,0
ENT300632,Individual,USA,Driving License,1,2,6100.0,0,0,0,20,High,8.716207971151853,0,0,Low,0
ENT300633,Corporate,India,Voter ID,1,7,24700.0,0,0,0,12,High,10.114599007626499,0,0,Low,0
ENT300634,Individual,Seychelles,PAN,1,7,502900.0,0,0,0,18,Medium,13.12814861062497,1,12,Low,0
ENT300635,Corporate,Seychelles,Aadhaar,1,7,109700.0,0,0,0,9,High,11.605513761992055,1,12,Low,0
ENT300636,Individual,UAE,Voter ID,1,4,49700.0,0,0,0,22,Medium,10.813780332606648,0,0,Low,0
ENT300637,Corporate,Switzerland,Aadhaar,1,2,1417200.0,0,0,0,20,Medium,14.164194357589913,0,1,Low,0
ENT300638,Partnership,USA,Voter ID,0,4,79300.0,0,0,0,22,High,11.281006017883909,0,5,Low,0
ENT300639,Individual,Mauritius,Passport,1,2,92000.0,0,0,0,3,Medium,11.429554725537322,1,12,Low,0
ENT300640,Individual,Panama,PAN,1,2,33700.0,0,0,1,5,Medium,10.425282789490705,1,20,Low,0
ENT300641,Individual,Cayman Islands,PAN,1,5,166100.0,0,0,1,11,High,12.02035131605286,1,20,Low,0
ENT300642,Corporate,Switzerland,Aadhaar,1,7,235700.0,0,0,0,26,Medium,12.370319331596598,0,0,Low,0
ENT300643,Corporate,Singapore,Passport,1,7,12300.0,0,0,0,18,High,9.417435838868785,0,0,Low,0
ENT300644,Corporate,Cyprus,Aadhaar,1,4,53600.0,0,0,2,13,Low,10.889323003601277,1,34,Medium,0
ENT300645,Partnership,Cyprus,Voter ID,1,3,16400.0,0,0,1,2,Low,9.70509758756311,1,26,Medium,0
ENT300646,Individual,India,Aadhaar,1,4,22900.0,0,0,0,10,Medium,10.038935856711177,0,0,Low,0
ENT300647,Corporate,BVI,Voter ID,1,1,7300.0,0,0,0,18,Medium,8.895766604056085,1,12,Low,0
ENT300648,Corporate,Mauritius,PAN,1,2,45800.0,0,0,0,15,High,10.732061203925053,1,12,Low,0
ENT300649,Partnership,Mauritius,PAN,1,6,29000.0,0,0,0,25,High,10.275085591132715,1,12,Low,0
ENT300650,Corporate,India,Driving License,1,5,15400.0,0,0,0,23,Medium,9.642187721358466,0,0,Low,0
ENT300651,Individual,Hong Kong,Voter ID,1,4,61200.0,0,1,0,13,High,11.021918808236205,0,40,Medium,1
ENT300652,Partnership,Germany,Aadhaar,1,1,50800.0,0,0,0,25,High,10.835671318412196,0,0,Low,0
ENT300653,Corporate,Switzerland,Driving License,1,6,303200.0,0,0,0,24,High,12.622151230897948,0,0,Low,0
ENT300654,Corporate,China,Driving License,1,6,250600.0,0,0,0,24,Medium,12.431617311859128,0,0,Low,0
ENT300655,Corporate,China,Driving License,1,1,2600.0,0,0,0,25,High,7.8636512654486515,0,0,Low,0
ENT300656,Corporate,BVI,Voter ID,1,1,14500.0,0,0,1,10,High,9.581972891547895,1,20,Low,0
ENT300657,Individual,Singapore,Voter ID,1,3,17200.0,0,0,0,7,Medium,9.75272280064639,0,0,Low,0
ENT300658,Individual,Panama,Passport,1,7,70200.0,0,0,0,2,High,11.159117834926688,1,12,Low,0
ENT300659,Individual,Singapore,Aadhaar,1,3,60300.0,0,0,1,28,Medium,11.007103966325696,0,8,Low,0
ENT300660,Individual,Switzerland,PAN,1,1,89800.0,0,0,0,7,High,11.405351390085748,0,0,Low,0
ENT300661,Corporate,India,Passport,1,2,227500.0,0,0,3,28,High,12.334909912967877,0,24,Medium,0
ENT300662,Corporate,Cyprus,Passport,1,1,718200.0,0,0,0,8,Medium,13.484504753142964,1,12,Low,0
ENT300663,Partnership,Switzerland,PAN,0,5,92300.0,0,0,0,1,Low,11.43281025466844,0,11,Low,0
ENT300664,Individual,Cyprus,Driving License,1,2,42000.0,0,0,0,25,Low,10.645448706505872,1,18,Low,0
ENT300665,Individual,Cayman Islands,Driving License,1,1,86100.0,0,0,2,23,High,11.363276304750233,1,28,Medium,0
ENT300666,Corporate,USA,Driving License,1,6,12100.0,0,0,0,24,High,9.401043372798053,0,0,Low,0
ENT300667,Partnership,Germany,Aadhaar,1,3,31300.0,0,0,0,27,Medium,10.351405324899678,0,0,Low,0
ENT300668,Individual,Mauritius,Passport,1,3,84200.0,0,0,0,20,High,11.340962076644454,1,12,Low,0
ENT300669,Trust,UK,Voter ID,1,7,118300.0,0,0,0,7,High,11.680987503016127,0,0,Low,0
ENT300670,Individual,Panama,Aadhaar,1,4,53300.0,0,0,0,13,Medium,10.883710371704016,1,12,Low,0
ENT300671,Individual,Mauritius,Voter ID,1,2,10500.0,0,0,0,27,Low,9.259225769705994,1,18,Low,0
ENT300672,Partnership,China,Passport,1,6,137900.0,0,0,1,14,High,11.834291315386718,0,8,Low,0
ENT300673,Corporate,Hong Kong,PAN,0,1,22400.0,0,0,0,3,Medium,10.016860879703811,0,5,Low,0
ENT300674,Individual,Cayman Islands,PAN,1,3,462100.0,1,0,0,4,Medium,13.043538760889776,1,27,Medium,1
ENT300675,Individual,UK,Aadhaar,1,7,64000.0,0,0,1,28,High,11.06665398721974,0,8,Low,0
ENT300676,Individual,Hong Kong,Voter ID,1,3,41600.0,0,0,0,19,Low,10.635879484421974,0,6,Low,0
ENT300677,Individual,Seychelles,Aadhaar,1,2,17200.0,1,0,0,24,High,9.75272280064639,1,27,Medium,1
ENT300678,Corporate,India,Driving License,1,1,18200.0,0,0,0,24,Medium,9.809231816610408,0,0,Low,0
ENT300679,Partnership,UAE,Passport,1,5,321300.0,0,0,0,27,Medium,12.68013365745516,0,0,Low,0
ENT300680,Individual,UK,Voter ID,1,1,98600.0,0,0,1,17,High,11.498836682527127,0,8,Low,0
ENT300681,Corporate,Hong Kong,Aadhaar,1,6,1689200.0,0,0,0,7,Medium,14.339766194037962,0,1,Low,0
ENT300682,Individual,Germany,Passport,1,3,289900.0,0,0,1,21,Medium,12.57729476436913,0,8,Low,0
ENT300683,Individual,UAE,Voter ID,1,6,339200.0,0,0,0,15,High,12.734348131008748,0,0,Low,0
ENT300684,Corporate,Switzerland,Voter ID,1,5,21400.0,0,0,0,22,High,9.97119292889014,0,0,Low,0
ENT300685,Individual,Germany,Driving License,1,2,19000.0,0,0,1,14,High,9.852246888342531,0,8,Low,0
ENT300686,Trust,Germany,PAN,1,4,78400.0,0,0,0,15,Low,11.269591961359195,0,6,Low,0
ENT300687,Individual,Singapore,PAN,1,3,153000.0,1,0,0,23,High,11.938199736300925,0,15,Low,1
ENT300688,Corporate,India,Driving License,1,5,119000.0,0,0,0,12,Medium,11.686887175419702,0,0,Low,0
ENT300689,Corporate,Germany,PAN,1,7,27800.0,0,0,0,11,Medium,10.232827270254802,0,0,Low,0
ENT300690,Individual,BVI,Passport,1,2,440400.0,0,0,0,19,High,12.995440954491118,1,12,Low,0
ENT300691,Individual,Seychelles,Passport,0,3,3500.0,0,0,0,29,High,8.160803920954665,1,17,Low,0
ENT300692,Corporate,India,PAN,1,1,112600.0,0,0,0,11,Low,11.631605875642963,0,6,Low,0
ENT300693,Individual,Seychelles,Driving License,1,4,164800.0,1,0,0,13,Medium,12.012493964400264,1,27,Medium,1
ENT300694,Partnership,Panama,Passport,1,1,7800.0,0,0,1,10,High,8.962007209588313,1,20,Low,0
ENT300695,Individual,Panama,Aadhaar,1,7,102800.0,0,0,0,11,High,11.540550359582348,1,12,Low,0
ENT300696,Individual,Cayman Islands,Aadhaar,1,7,88500.0,0,0,0,19,Medium,11.390769130367211,1,12,Low,0
ENT300697,Individual,Seychelles,Voter ID,1,2,32400.0,0,0,0,21,High,10.385944565501662,1,12,Low,0
ENT300698,Individual,Seychelles,Voter ID,1,2,480400.0,0,0,0,3,High,13.082376450784468,1,12,Low,0
ENT300699,Trust,Cayman Islands,Driving License,1,7,38000.0,0,0,0,24,Medium,10.545367754151743,1,12,Low,0
ENT300700,Individual,Singapore,Driving License,1,3,156800.0,0,0,1,21,High,11.962732764429129,0,8,Low,0
ENT300701,Partnership,Switzerland,Voter ID,1,3,14300.0,0,0,0,10,Medium,9.568084743872936,0,0,Low,0
ENT300702,Individual,Singapore,Voter ID,1,2,807300.0,0,0,0,29,Medium,13.60145186407923,0,0,Low,0
ENT300703,Individual,Switzerland,Driving License,1,3,17600.0,0,0,1,15,High,9.77571099759397,0,8,Low,0
ENT300704,Individual,Mauritius,Driving License,1,7,102400.0,0,0,2,7,High,11.536651757164861,1,28,Medium,0
ENT300705,Individual,Singapore,PAN,1,4,51500.0,0,0,0,11,Medium,10.849356503939038,0,0,Low,0
ENT300706,Individual,UAE,Aadhaar,1,1,112600.0,0,0,0,16,Medium,11.631605875642963,0,0,Low,0
ENT300707,Corporate,India,PAN,1,6,22600.0,0,0,1,7,Medium,10.025749432069084,0,8,Low,0
ENT300708,Corporate,Switzerland,PAN,1,4,22700.0,0,0,2,6,Medium,10.030164255362632,0,16,Low,0
ENT300709,Corporate,Singapore,Voter ID,1,4,180800.0,1,0,0,15,Low,12.105152257898368,0,21,Medium,1
ENT300710,Partnership,Singapore,Driving License,1,7,596900.0,0,0,0,5,High,13.299506549477837,0,0,Low,0
ENT300711,Corporate,Panama,PAN,1,7,194400.0,0,0,0,12,High,12.177678315028167,1,12,Low,0
ENT300712,Corporate,Mauritius,PAN,1,6,96200.0,0,0,0,19,High,11.474195031610165,1,12,Low,0
ENT300713,Individual,UAE,Passport,1,7,628200.0,0,0,1,23,Medium,13.350615457935145,0,8,Low,0
ENT300714,Individual,Panama,Passport,1,4,45900.0,0,0,0,15,Medium,10.734242182303689,1,12,Low,0
ENT300715,Corporate,India,Aadhaar,1,4,190400.0,0,0,1,27,High,12.15688765342645,0,8,Low,0
ENT300716,Individual,Germany,Voter ID,1,4,102100.0,0,0,0,2,Medium,11.533717798424087,0,0,Low,0
ENT300717,Individual,Hong Kong,Voter ID,1,6,5700.0,0,0,0,8,Medium,8.648396877031582,0,0,Low,0
ENT300718,Corporate,Singapore,Passport,1,6,31300.0,0,0,0,29,Medium,10.351405324899678,0,0,Low,0
ENT300719,Corporate,Singapore,Voter ID,1,6,236100.0,0,0,0,28,High,12.37201495855807,0,0,Low,0
ENT300720,Individual,BVI,Passport,0,2,132400.0,0,0,1,23,Medium,11.793590475326612,1,25,Medium,0
ENT300721,Corporate,BVI,Aadhaar,1,1,24300.0,0,0,0,27,Medium,10.098272780745283,1,12,Low,0
ENT300722,Corporate,BVI,Passport,0,4,39000.0,0,0,0,23,Medium,10.571342565808699,1,17,Low,0
ENT300723,Corporate,Cayman Islands,Voter ID,0,2,4900.0,0,0,0,21,Low,8.497194544909547,1,23,Medium,0
ENT300724,Trust,Singapore,Voter ID,1,2,109600.0,0,0,0,21,High,11.604601777542019,0,0,Low,0
ENT300725,Individual,Panama,Passport,1,6,14300.0,0,1,0,15,High,9.568084743872936,1,52,High,1
ENT300726,Corporate,BVI,Aadhaar,1,4,40300.0,0,0,1,1,Low,10.604131561522696,1,26,Medium,0
ENT300727,Individual,Mauritius,Voter ID,1,3,35000.0,0,0,3,28,High,10.463131911491967,1,36,Medium,0
ENT300728,Individual,Mauritius,Driving License,1,5,130700.0,0,0,0,3,High,11.780667550692455,1,12,Low,0
ENT300729,Individual,Panama,Aadhaar,0,5,195900.0,0,0,3,23,High,12.18536470856483,1,41,High,1
ENT300730,Corporate,India,Voter ID,1,4,371000.0,0,0,0,20,Medium,12.82396003700373,0,0,Low,0
ENT300731,Individual,Germany,PAN,1,1,4500.0,0,0,0,12,Medium,8.412054873292933,0,0,Low,0
ENT300732,Individual,China,PAN,1,1,28000.0,0,0,0,15,High,10.239995502805316,0,0,Low,0
ENT300733,Corporate,Hong Kong,Driving License,1,2,65600.0,0,0,0,11,Medium,11.091346218718432,0,0,Low,0
ENT300734,Individual,Switzerland,Driving License,1,3,461200.0,0,0,0,15,High,13.041589235631411,0,0,Low,0
ENT300735,Corporate,Seychelles,Driving License,1,1,57900.0,0,0,0,10,Medium,10.96648993456911,1,12,Low,0
ENT300736,Individual,Switzerland,Driving License,1,3,228900.0,1,0,0,9,Medium,12.34104487465108,0,15,Low,1
ENT300737,Individual,UAE,Voter ID,1,1,107000.0,0,0,0,5,Medium,11.580593459194764,0,0,Low,0
ENT300738,Partnership,Seychelles,Driving License,1,5,4100.0,0,0,0,24,High,8.31898612539206,1,12,Low,0
ENT300739,Individual,BVI,Voter ID,1,7,189000.0,1,0,0,18,Low,12.149507585033072,1,33,Medium,1
ENT300740,Partnership,Cyprus,Aadhaar,1,2,71800.0,0,0,0,14,High,11.181653682515929,1,12,Low,0
ENT300741,Corporate,Germany,Passport,1,5,8700.0,0,0,2,27,Low,9.071193240566025,0,22,Medium,0
ENT300742,Individual,Hong Kong,Driving License,1,1,14300.0,0,0,1,27,Low,9.568084743872936,0,14,Low,0
ENT300743,Individual,BVI,Passport,1,7,55600.0,0,0,0,8,High,10.925956465688445,1,12,Low,0
ENT300744,Corporate,Switzerland,Driving License,1,1,5500.0,0,0,0,17,High,8.612685172875459,0,0,Low,0
ENT300745,Individual,Germany,Driving License,1,7,130000.0,0,0,0,28,High,11.775297421715827,0,0,Low,0
ENT300746,Individual,Panama,Driving License,1,7,88600.0,0,0,1,5,High,11.391898423211194,1,20,Low,0
ENT300747,Individual,Panama,Driving License,1,2,255900.0,0,0,0,20,High,12.45254592991672,1,12,Low,0
ENT300748,Corporate,Switzerland,Voter ID,1,1,150400.0,0,0,2,12,High,11.921060339411943,0,16,Low,0
ENT300749,Corporate,Germany,Passport,1,5,594400.0,0,0,1,29,Medium,13.295309454753047,0,8,Low,0
ENT300750,Partnership,Germany,Aadhaar,0,2,345000.0,0,0,2,19,Medium,12.75130259456002,0,21,Medium,0
ENT300751,Individual,USA,Voter ID,1,4,131900.0,1,0,0,26,Low,11.789806920177805,0,21,Medium,1
ENT300752,Individual,Cyprus,Voter ID,1,2,102800.0,0,0,0,29,High,11.540550359582348,1,12,Low,0
ENT300753,Corporate,Germany,Aadhaar,0,6,51300.0,0,0,0,20,Medium,10.84546552414626,0,5,Low,0
ENT300754,Individual,Cayman Islands,Voter ID,1,2,96000.0,0,0,0,27,Medium,11.472113887062386,1,12,Low,0
ENT300755,Individual,UAE,Aadhaar,1,3,220200.0,0,0,0,14,High,12.302296044586472,0,0,Low,0
ENT300756,Individual,Cayman Islands,Aadhaar,1,6,75100.0,0,0,1,16,Low,11.226589153242802,1,26,Medium,0
ENT300757,Individual,BVI,Driving License,1,5,64800.0,0,0,1,23,High,11.079076314320059,1,20,Low,0
ENT300758,Individual,USA,PAN,1,5,25200.0,0,0,0,20,High,10.134638955251866,0,0,Low,0
ENT300759,Trust,China,Passport,1,1,100300.0,0,0,0,18,High,11.515930943990057,0,0,Low,0
ENT300760,Corporate,Germany,Driving License,1,4,25700.0,0,0,0,12,High,10.154285180632154,0,0,Low,0
ENT300761,Individual,Hong Kong,Voter ID,1,1,136000.0,0,0,1,5,Medium,11.820417517632333,0,8,Low,0
ENT300762,Corporate,India,Passport,1,5,93100.0,0,1,0,5,Medium,11.441440204346033,0,40,Medium,1
ENT300763,Corporate,Singapore,Driving License,1,1,77000.0,0,0,0,26,High,11.251573687764477,0,0,Low,0
ENT300764,Individual,UK,Voter ID,1,4,28000.0,1,0,0,5,Low,10.239995502805316,0,21,Medium,1
ENT300765,Corporate,India,Voter ID,1,5,105900.0,0,0,0,15,Medium,11.570259974415547,0,0,Low,0
ENT300766,Corporate,India,Aadhaar,1,1,81700.0,0,0,0,25,Medium,11.310821520675269,0,0,Low,0
ENT300767,Individual,Cyprus,Passport,1,6,24100.0,0,0,0,24,Medium,10.090008612393838,1,12,Low,0
ENT300768,Individual,Cayman Islands,Voter ID,1,1,9300.0,0,0,0,25,High,9.137877200242468,1,12,Low,0
ENT300769,Individual,India,PAN,1,7,64000.0,0,0,0,25,Medium,11.06665398721974,0,0,Low,0
ENT300770,Corporate,UK,Voter ID,1,1,10200.0,0,0,2,26,High,9.23024103368252,0,16,Low,0
ENT300771,Individual,Cyprus,Voter ID,1,2,65800.0,0,0,0,9,Medium,11.094390314766315,1,12,Low,0
ENT300772,Individual,Panama,PAN,1,3,77100.0,0,0,0,18,High,11.252871529635922,1,12,Low,0
ENT300773,Individual,USA,PAN,1,4,20300.0,0,0,0,28,High,9.918425424900335,0,0,Low,0
ENT300774,Corporate,China,Aadhaar,1,6,201400.0,0,0,0,16,High,12.21305322449757,0,0,Low,0
ENT300775,Corporate,Germany,Voter ID,1,5,39800.0,0,1,0,6,High,10.591647316585027,0,40,Medium,1
ENT300776,Individual,Seychelles,Voter ID,1,6,47000.0,1,0,0,4,Medium,10.757924157061597,1,27,Medium,1
ENT300777,Individual,USA,PAN,1,5,193600.0,0,0,0,26,Low,12.17355461910053,0,6,Low,0
ENT300778,Individual,China,Driving License,1,5,27200.0,0,0,0,4,Medium,10.211009016314165,0,0,Low,0
ENT300779,Corporate,Singapore,PAN,1,7,5100.0,0,0,0,15,Medium,8.537191877922927,0,0,Low,0
ENT300780,Individual,Singapore,Driving License,1,5,24400.0,0,0,2,19,Medium,10.102379394048045,0,16,Low,0
ENT300781,Individual,Cyprus,Passport,1,2,46100.0,0,0,0,7,High,10.738589920723442,1,12,Low,0
ENT300782,Corporate,Singapore,Voter ID,1,2,25900.0,0,0,1,17,High,10.16203685698089,0,8,Low,0
ENT300783,Individual,Panama,Driving License,1,1,65800.0,0,0,0,27,High,11.094390314766315,1,12,Low,0
ENT300784,Individual,UK,Driving License,1,4,88000.0,0,0,0,1,Medium,11.385103457032141,0,0,Low,0
ENT300785,Corporate,Hong Kong,Voter ID,1,1,762700.0,0,0,0,19,High,13.544621359282976,0,0,Low,0
ENT300786,Trust,Mauritius,PAN,1,6,238000.0,0,0,0,9,Medium,12.380030154325457,1,12,Low,0
ENT300787,Individual,Germany,Voter ID,0,7,25500.0,0,0,0,1,High,10.146472946063877,0,5,Low,0
ENT300788,Individual,Singapore,Driving License,1,5,235600.0,0,0,1,24,High,12.369894975232734,0,8,Low,0
ENT300789,Individual,China,Aadhaar,1,7,28800.0,0,0,1,15,High,10.268165387743457,0,8,Low,0
ENT300790,Corporate,India,Aadhaar,1,7,41100.0,0,0,0,14,High,10.623787731088578,0,0,Low,0
ENT300791,Individual,UK,Driving License,1,1,40200.0,0,0,2,29,High,10.601647149919609,0,16,Low,0
ENT300792,Individual,Panama,Voter ID,1,6,34200.0,0,0,0,28,Medium,10.440010162389305,1,12,Low,0
ENT300793,Corporate,Singapore,Aadhaar,1,5,35500.0,0,0,2,12,Low,10.477316144080852,0,22,Medium,0
ENT300794,Individual,Cyprus,Voter ID,1,1,1148000.0,0,0,0,2,High,13.95353272694141,1,13,Low,0
ENT300795,Corporate,Cayman Islands,Passport,0,5,474300.0,0,0,1,22,High,13.06959742023368,1,25,Medium,0
ENT300796,Individual,Cyprus,PAN,1,5,144900.0,0,0,0,2,High,11.88380602959621,1,12,Low,0
ENT300797,Partnership,Panama,Voter ID,1,4,93500.0,1,0,0,9,High,11.44572741040675,1,27,Medium,1
ENT300798,Partnership,Cyprus,Aadhaar,0,2,204200.0,1,0,1,10,High,12.226860081860359,1,40,Medium,1
ENT300799,Corporate,BVI,Aadhaar,1,5,92100.0,0,0,2,3,Medium,11.430641079947755,1,28,Medium,0
ENT300800,Partnership,Hong Kong,Aadhaar,1,4,76100.0,0,0,0,26,Low,11.239816684367907,0,6,Low,0
ENT300801,Individual,Switzerland,Driving License,1,7,273200.0,0,0,0,4,High,12.51796306699418,0,0,Low,0
ENT300802,Corporate,Hong Kong,Voter ID,1,6,281800.0,0,0,0,12,Medium,12.54895642705646,0,0,Low,0
ENT300803,Individual,Panama,Aadhaar,1,7,102800.0,0,0,0,11,High,11.540550359582348,1,12,Low,0
ENT300804,Individual,Cayman Islands,Driving License,1,6,73600.0,0,0,0,12,Low,11.206413891581187,1,18,Low,0
ENT300805,Individual,Panama,Aadhaar,1,1,3700.0,0,0,0,28,Medium,8.216358332386156,1,12,Low,0
ENT300806,Individual,Cyprus,Voter ID,1,5,162000.0,0,0,2,3,High,11.995357787034976,1,28,Medium,0
ENT300807,Individual,Singapore,PAN,1,6,33100.0,0,0,0,1,Medium,10.407318772389159,0,0,Low,0
ENT300808,Individual,Panama,PAN,1,5,80200.0,0,0,3,24,High,11.2922912626048,1,36,Medium,0
ENT300809,Partnership,UAE,Driving License,1,3,108300.0,0,0,0,4,Medium,11.592669666556795,0,0,Low,0
ENT300810,Individual,Seychelles,Voter ID,0,4,156000.0,0,0,0,8,Medium,11.957617696467539,1,17,Low,0
ENT300811,Individual,BVI,Aadhaar,1,7,47600.0,0,0,2,3,Medium,10.7706090484022,1,28,Medium,0
ENT300812,Corporate,UK,Driving License,1,2,114300.0,0,0,0,28,High,11.646590598651017,0,0,Low,0
ENT300813,Partnership,Singapore,Passport,1,6,62200.0,0,0,0,12,High,11.038126355768453,0,0,Low,0
ENT300814,Individual,China,Aadhaar,1,1,131200.0,0,0,0,22,High,11.784485777414298,0,0,Low,0
ENT300815,Partnership,Mauritius,Aadhaar,0,2,625500.0,0,0,2,22,Medium,13.346308207608848,1,33,Medium,0
ENT300816,Corporate,Germany,PAN,1,1,109900.0,0,0,1,1,Medium,11.60733523953139,0,8,Low,0
ENT300817,Partnership,BVI,PAN,1,5,27800.0,0,0,0,27,Low,10.232827270254802,1,18,Low,0
ENT300818,Partnership,Panama,PAN,1,3,54200.0,0,0,0,23,High,10.900454637442037,1,12,Low,0
ENT300819,Individual,Seychelles,PAN,1,2,18100.0,0,0,0,28,High,9.803722464346553,1,12,Low,0
ENT300820,Individual,Cayman Islands,PAN,1,3,57600.0,0,0,0,3,High,10.961295207644392,1,12,Low,0
ENT300821,Individual,UK,Passport,1,5,7100.0,1,0,0,29,Low,8.867990898182093,0,21,Medium,1
ENT300822,Individual,Cayman Islands,Passport,1,7,214600.0,0,0,1,12,Low,12.276535769000125,1,26,Medium,0
ENT300823,Individual,Cyprus,Driving License,1,5,49400.0,0,0,0,17,Medium,10.807725945886109,1,12,Low,0
ENT300824,Corporate,Germany,PAN,1,4,89400.0,0,0,0,5,High,11.400887146781372,0,0,Low,0
ENT300825,Corporate,Switzerland,Driving License,1,4,73100.0,0,0,0,2,High,11.199597325534862,0,0,Low,0
ENT300826,Individual,Mauritius,PAN,1,7,63500.0,0,0,0,5,High,11.05881093278828,1,12,Low,0
ENT300827,Corporate,Cayman Islands,PAN,1,6,5500.0,0,0,0,29,High,8.612685172875459,1,12,Low,0
ENT300828,Partnership,UAE,Passport,1,7,1350600.0,0,0,0,5,High,14.116060236534274,0,1,Low,0
ENT300829,Corporate,Germany,Passport,0,7,53600.0,0,0,0,4,Low,10.889323003601277,0,11,Low,0
ENT300830,Individual,Mauritius,Driving License,1,2,29800.0,0,0,3,29,Low,10.30229722897745,1,42,High,1
ENT300831,Individual,UK,Driving License,1,4,56700.0,0,0,0,12,Low,10.945547126244623,0,6,Low,0
ENT300832,Partnership,USA,Driving License,1,1,194100.0,0,0,0,23,Low,12.176133921127343,0,6,Low,0
ENT300833,Individual,Seychelles,PAN,1,6,248000.0,0,0,0,22,High,12.421188057397055,1,12,Low,0
ENT300834,Corporate,BVI,Driving License,1,5,603100.0,0,0,2,11,Medium,13.309839957537521,1,28,Medium,0
ENT300835,Corporate,China,PAN,1,4,92700.0,0,0,0,5,High,11.437134538982278,0,0,Low,0
ENT300836,Individual,Mauritius,Driving License,1,4,36600.0,0,0,0,16,Medium,10.50783084142058,1,12,Low,0
ENT300837,Corporate,Mauritius,Voter ID,0,1,33900.0,0,0,0,4,Medium,10.431199791458543,1,17,Low,0
ENT300838,Partnership,Cyprus,Passport,1,4,113000.0,0,0,0,4,Medium,11.635151947212842,1,12,Low,0
ENT300839,Corporate,Cayman Islands,Passport,1,1,75100.0,0,0,0,18,Medium,11.226589153242802,1,12,Low,0
ENT300840,Partnership,Panama,Aadhaar,1,6,54400.0,0,0,0,2,High,10.904137815028022,1,12,Low,0
ENT300841,Individual,Switzerland,Passport,1,7,70500.0,0,0,0,22,High,11.163382173096926,0,0,Low,0
ENT300842,Individual,UK,Aadhaar,1,3,106600.0,0,0,1,22,High,11.576848171532921,0,8,Low,0
ENT300843,Corporate,China,Passport,1,7,14600.0,0,0,0,3,Low,9.588845298501564,0,6,Low,0
ENT300844,Individual,Switzerland,Aadhaar,1,5,73900.0,0,0,0,6,High,11.210481638644469,0,0,Low,0
ENT300845,Individual,Seychelles,PAN,1,7,34400.0,0,0,0,8,High,10.445840912706414,1,12,Low,0
ENT300846,Corporate,Seychelles,Driving License,1,5,217300.0,0,0,0,17,High,12.289038768166744,1,12,Low,0
ENT300847,Partnership,Panama,Aadhaar,1,7,16400.0,0,0,0,16,Medium,9.70509758756311,1,12,Low,0
ENT300848,Individual,Cyprus,Aadhaar,1,3,320000.0,0,0,0,29,High,12.676079399771027,1,12,Low,0
ENT300849,Corporate,Singapore,Aadhaar,1,7,80300.0,0,0,1,28,High,11.293537353157436,0,8,Low,0
ENT300850,Individual,UK,Voter ID,1,6,35500.0,0,0,0,7,High,10.477316144080852,0,0,Low,0
ENT300851,Corporate,UAE,Passport,1,4,91400.0,0,0,1,29,High,11.423011698301426,0,8,Low,0
ENT300852,Individual,Switzerland,Aadhaar,1,4,91400.0,0,0,0,16,High,11.423011698301426,0,0,Low,0
ENT300853,Individual,Cyprus,Voter ID,1,5,297400.0,0,0,0,24,High,12.60283667547732,1,12,Low,0
ENT300854,Individual,Germany,Aadhaar,1,2,14000.0,0,0,0,21,Medium,9.546884034617925,0,0,Low,0
ENT300855,Individual,UK,Aadhaar,0,7,57200.0,0,0,0,28,Low,10.954326659732555,0,11,Low,0
ENT300856,Partnership,Panama,PAN,1,3,157500.0,0,0,0,14,Medium,11.967187086434018,1,12,Low,0
ENT300857,Individual,Singapore,Passport,1,4,75300.0,0,0,0,22,Low,11.229248693912288,0,6,Low,0
ENT300858,Individual,BVI,PAN,1,6,107800.0,0,0,0,1,High,11.588042213851855,1,12,Low,0
ENT300859,Partnership,Switzerland,Driving License,1,1,30300.0,0,0,0,26,Medium,10.318935994253193,0,0,Low,0
ENT300860,Corporate,India,Aadhaar,1,7,6500.0,1,0,0,2,Medium,8.77971129020447,0,15,Low,1
ENT300861,Corporate,Panama,Voter ID,1,4,38000.0,0,0,0,18,Medium,10.545367754151743,1,12,Low,0
ENT300862,Corporate,Cayman Islands,Voter ID,1,3,112100.0,0,0,0,29,Medium,11.627155529627064,1,12,Low,0
ENT300863,Individual,Cayman Islands,Voter ID,1,5,29300.0,0,0,0,13,Medium,10.285376924115587,1,12,Low,0
ENT300864,Partnership,Germany,PAN,1,1,119500.0,0,0,0,17,Medium,11.691080018519527,0,0,Low,0
ENT300865,Trust,Cyprus,Voter ID,1,2,39000.0,0,0,2,10,Medium,10.571342565808699,1,28,Medium,0
ENT300866,Trust,Hong Kong,Voter ID,1,7,32800.0,0,0,0,23,Medium,10.39821428171237,0,0,Low,0
ENT300867,Corporate,USA,Driving License,1,7,42200.0,0,0,0,17,High,10.650199196425806,0,0,Low,0
ENT300868,Corporate,Panama,Driving License,1,7,81700.0,0,0,0,27,High,11.310821520675269,1,12,Low,0
ENT300869,Corporate,India,PAN,1,2,11900.0,0,0,2,3,Low,9.38437770918244,0,22,Medium,0
ENT300870,Individual,UAE,Voter ID,1,7,23800.0,0,0,2,5,Medium,10.077482875583607,0,16,Low,0
ENT300871,Corporate,Cayman Islands,Driving License,1,2,154800.0,0,0,0,8,Medium,11.94989570006522,1,12,Low,0
ENT300872,Individual,UK,Voter ID,0,1,156000.0,0,0,0,8,Medium,11.957617696467539,0,5,Low,0
ENT300873,Individual,Switzerland,Passport,0,6,48200.0,0,0,3,10,High,10.783135046711445,0,29,Medium,0
ENT300874,Individual,Cyprus,PAN,1,7,16100.0,0,0,0,26,Medium,9.686636660844938,1,12,Low,0
ENT300875,Corporate,Mauritius,Voter ID,1,5,31700.0,0,0,1,26,Medium,10.36410350510914,1,20,Low,0
ENT300876,Individual,Germany,PAN,1,7,31600.0,0,0,1,5,Medium,10.360944044643913,0,8,Low,0
ENT300877,Partnership,Hong Kong,Voter ID,0,2,140000.0,0,0,0,14,Low,11.849404844423074,0,11,Low,0
ENT300878,Corporate,Hong Kong,Voter ID,1,1,15100.0,0,0,0,8,Medium,9.62251624577579,0,0,Low,0
ENT300879,Individual,Panama,Driving License,1,1,12700.0,0,0,2,18,Medium,9.44943600950432,1,28,Medium,0
ENT300880,Corporate,UK,Passport,1,1,94800.0,0,0,0,24,Medium,11.459535236710686,0,0,Low,0
ENT300881,Individual,USA,Passport,0,5,152100.0,0,0,0,2,Medium,11.932300052847731,0,5,Low,0
ENT300882,Individual,Mauritius,Passport,1,4,105000.0,0,0,0,14,Medium,11.561725152903833,1,12,Low,0
ENT300883,Corporate,Seychelles,Driving License,1,3,232500.0,0,0,0,26,High,12.356649805075568,1,12,Low,0
ENT300884,Corporate,Mauritius,Passport,0,6,37400.0,0,0,2,12,Medium,10.529452721013085,1,33,Medium,0
ENT300885,Corporate,Singapore,PAN,1,1,100000.0,0,0,0,11,High,11.51293546492023,0,0,Low,0
ENT300886,Corporate,Germany,Driving License,1,4,315300.0,0,0,0,22,High,12.661283017110742,0,0,Low,0
ENT300887,Corporate,Cayman Islands,Driving License,1,2,22800.0,0,0,0,25,Medium,10.034559673629849,1,12,Low,0
ENT300888,Corporate,Mauritius,Passport,1,3,271600.0,1,0,1,3,High,12.512089356545026,1,35,Medium,1
ENT300889,Individual,Panama,PAN,1,1,63500.0,1,0,0,21,Medium,11.05881093278828,1,27,Medium,1
ENT300890,Individual,India,Voter ID,1,5,1249800.0,0,0,0,14,High,14.038494896604819,0,1,Low,0
ENT300891,Individual,India,Passport,1,2,35600.0,0,0,0,23,High,10.480129006333248,0,0,Low,0
ENT300892,Individual,UAE,Voter ID,1,1,426900.0,0,0,0,6,High,12.964307415212271,0,0,Low,0
ENT300893,Corporate,Seychelles,Passport,1,7,43500.0,0,0,0,3,High,10.680539205318292,1,12,Low,0
ENT300894,Corporate,Panama,Passport,1,7,19000.0,0,0,0,6,Medium,9.852246888342531,1,12,Low,0
ENT300895,Corporate,BVI,Voter ID,1,5,96000.0,0,0,0,20,High,11.472113887062386,1,12,Low,0
ENT300896,Individual,Singapore,PAN,1,3,28600.0,0,0,0,4,High,10.261196961231647,0,0,Low,0
ENT300897,Partnership,India,Voter ID,1,5,47900.0,0,0,0,13,High,10.776891660007811,0,0,Low,0
ENT300898,Individual,Singapore,Passport,1,1,93500.0,0,0,0,26,Medium,11.44572741040675,0,0,Low,0
ENT300899,Individual,Cayman Islands,Voter ID,0,2,12200.0,0,0,0,26,Low,9.409273194575334,1,23,Medium,0
ENT300900,Corporate,Panama,Voter ID,1,4,69900.0,0,0,0,15,High,11.154835234271214,1,12,Low,0
ENT300901,Individual,Cyprus,Driving License,1,7,24500.0,0,0,0,2,High,10.106469212026385,1,12,Low,0
ENT300902,Individual,India,PAN,1,5,97100.0,0,0,1,26,High,11.48350695288756,0,8,Low,0
ENT300903,Corporate,Seychelles,PAN,1,1,67100.0,0,0,0,22,High,11.11395422597838,1,12,Low,0
ENT300904,Trust,Switzerland,PAN,1,2,92500.0,0,0,0,13,Medium,11.434974734252892,0,0,Low,0
ENT300905,Individual,Singapore,Aadhaar,1,7,79200.0,0,0,0,25,High,11.279744203985432,0,0,Low,0
ENT300906,Partnership,Seychelles,Passport,1,6,215400.0,0,0,1,28,Low,12.280256686219182,1,26,Medium,0
ENT300907,Individual,UAE,Voter ID,1,1,203500.0,0,0,0,20,Medium,12.223426197857627,0,0,Low,0
ENT300908,Individual,UAE,Driving License,1,7,70600.0,1,0,0,25,Low,11.16479958768697,0,21,Medium,1
ENT300909,Individual,UK,Passport,1,3,568000.0,0,0,0,8,High,13.249878458265119,0,0,Low,0
ENT300910,Individual,Panama,Driving License,1,2,406100.0,0,1,0,26,Medium,12.91435717611903,1,52,High,1
ENT300911,Individual,India,Driving License,1,4,95400.0,0,0,1,12,Medium,11.465844339561734,0,8,Low,0
ENT300912,Individual,USA,Driving License,1,4,47700.0,0,0,0,7,High,10.77270764101727,0,0,Low,0
ENT300913,Corporate,Singapore,Driving License,1,2,134400.0,0,0,1,13,High,11.808583147519697,0,8,Low,0
ENT300914,Corporate,China,Driving License,1,6,92700.0,0,0,0,12,High,11.437134538982278,0,0,Low,0
ENT300915,Partnership,Switzerland,Voter ID,1,2,159300.0,0,0,0,10,Medium,11.978550773342342,0,0,Low,0
ENT300916,Partnership,Cayman Islands,Aadhaar,1,5,31100.0,0,0,0,18,High,10.344995251991222,1,12,Low,0
ENT300917,Corporate,Cyprus,Aadhaar,1,2,14400.0,0,0,0,4,High,9.575052927597383,1,12,Low,0
ENT300918,Trust,Germany,Voter ID,1,4,152600.0,0,0,0,28,High,11.93558195089097,0,0,Low,0
ENT300919,Individual,Switzerland,Aadhaar,0,2,11100.0,0,0,0,26,Medium,9.314790473332646,0,5,Low,0
ENT300920,Trust,UAE,PAN,1,4,17800.0,0,0,1,6,Low,9.787009914477434,0,14,Low,0
ENT300921,Individual,India,Aadhaar,1,7,33400.0,0,0,0,17,High,10.416341118636355,0,0,Low,0
ENT300922,Corporate,Switzerland,PAN,1,6,43500.0,0,0,0,7,High,10.680539205318292,0,0,Low,0
ENT300923,Individual,Panama,Passport,0,4,50400.0,1,0,0,25,Medium,10.827766295132466,1,32,Medium,1
ENT300924,Individual,Cyprus,Voter ID,1,4,74800.0,0,0,0,10,Medium,11.222586532857163,1,12,Low,0
ENT300925,Corporate,Cyprus,Voter ID,0,1,282600.0,0,0,0,19,High,12.551791287796721,1,17,Low,0
ENT300926,Individual,UK,Driving License,1,4,7600.0,0,0,0,28,High,8.936035096566041,0,0,Low,0
ENT300927,Trust,China,Voter ID,1,3,153600.0,0,0,0,4,Low,11.942113610091182,0,6,Low,0
ENT300928,Corporate,USA,Passport,1,7,318100.0,0,0,0,1,Medium,12.670124221397808,0,0,Low,0
ENT300929,Partnership,Hong Kong,Voter ID,1,1,29600.0,0,1,0,18,Low,10.295563423525277,0,46,High,1
ENT300930,Individual,Germany,Aadhaar,1,6,119000.0,0,0,1,9,High,11.686887175419702,0,8,Low,0
ENT300931,Individual,Mauritius,Passport,1,2,190900.0,0,0,0,4,High,12.159510248044802,1,12,Low,0
ENT300932,Individual,USA,Driving License,1,6,13100.0,0,0,0,26,Medium,9.48044384215367,0,0,Low,0
ENT300933,Corporate,Switzerland,Aadhaar,1,2,33900.0,0,0,0,3,Low,10.431199791458543,0,6,Low,0
ENT300934,Partnership,Hong Kong,Driving License,0,5,125500.0,0,0,0,27,Medium,11.74006900564972,0,5,Low,0
ENT300935,Corporate,USA,Driving License,1,4,44300.0,1,0,0,25,Medium,10.698762529141884,0,15,Low,1
ENT300936,Individual,Singapore,Voter ID,1,4,11900.0,0,0,0,27,Low,9.38437770918244,0,6,Low,0
ENT300937,Individual,Hong Kong,Passport,1,2,25300.0,0,0,0,3,High,10.138599199626192,0,0,Low,0
ENT300938,Partnership,Singapore,Voter ID,1,3,142100.0,0,0,0,4,High,11.864293351358109,0,0,Low,0
ENT300939,Individual,Hong Kong,Driving License,1,4,39200.0,0,0,2,25,High,10.576457535657255,0,16,Low,0
ENT300940,Partnership,Cyprus,Voter ID,1,3,79600.0,0,0,0,25,Medium,11.284781934567633,1,12,Low,0
ENT300941,Partnership,Hong Kong,Aadhaar,1,6,13300.0,0,1,0,29,High,9.495594499353297,0,40,Medium,1
ENT300942,Individual,Cyprus,Driving License,1,6,285000.0,0,0,0,17,High,12.560247968016562,1,12,Low,0
ENT300943,Individual,Mauritius,Driving License,1,3,22000.0,0,0,0,11,High,9.99884318585288,1,12,Low,0
ENT300944,Partnership,Germany,PAN,1,4,122300.0,0,0,0,8,High,11.714240498256716,0,0,Low,0
ENT300945,Individual,Cyprus,Driving License,1,2,87900.0,0,0,0,7,Low,11.383966460172834,1,18,Low,0
ENT300946,Partnership,BVI,Voter ID,1,4,6700.0,0,0,0,5,Medium,8.81001204797317,1,12,Low,0
ENT300947,Partnership,Germany,Aadhaar,1,1,19400.0,0,0,1,13,Low,9.873079890114703,0,14,Low,0
ENT300948,Individual,Singapore,PAN,1,7,19900.0,0,0,0,6,High,9.898525260706313,0,0,Low,0
ENT300949,Corporate,UAE,Passport,1,1,40000.0,0,0,0,11,Medium,10.596659732783579,0,0,Low,0
ENT300950,Individual,Seychelles,Aadhaar,1,7,17200.0,0,0,0,10,Medium,9.75272280064639,1,12,Low,0
ENT300951,Individual,Panama,Voter ID,1,7,70700.0,0,0,0,12,Medium,11.166214996056205,1,12,Low,0
ENT300952,Individual,BVI,Aadhaar,1,4,9600.0,0,0,2,2,Medium,9.169622538697624,1,28,Medium,0
ENT300953,Trust,Seychelles,Aadhaar,1,6,18400.0,0,0,0,17,High,9.820160289946374,1,12,Low,0
ENT300954,Corporate,Germany,Voter ID,1,3,272000.0,0,0,0,3,Medium,12.513561021741964,0,0,Low,0
ENT300955,Corporate,Switzerland,Passport,1,4,24600.0,0,0,0,3,High,10.110542371500753,0,0,Low,0
ENT300956,Corporate,Cayman Islands,Driving License,1,1,159600.0,0,0,0,22,Medium,11.980432229642377,1,12,Low,0
ENT300957,Individual,India,Passport,1,7,59600.0,0,0,0,28,High,10.995427631436174,0,0,Low,0
ENT300958,Individual,Mauritius,Driving License,1,2,12400.0,0,0,0,19,Medium,9.425532393502772,1,12,Low,0
ENT300959,Individual,Mauritius,Driving License,1,2,44400.0,0,0,0,27,Medium,10.70101727068921,1,12,Low,0
ENT300960,Individual,Seychelles,Voter ID,1,7,48000.0,0,0,0,28,High,10.778977123006351,1,12,Low,0
ENT300961,Individual,Hong Kong,PAN,1,7,7900.0,0,0,0,14,High,8.974744612722734,0,0,Low,0
ENT300962,Individual,Singapore,Aadhaar,1,7,89700.0,1,0,0,4,Medium,11.404237196256764,0,15,Low,1
ENT300963,Corporate,UAE,Passport,1,1,68300.0,0,0,0,9,High,11.131679686740132,0,0,Low,0
ENT300964,Corporate,Seychelles,Driving License,0,7,23700.0,0,0,0,3,High,10.073272520325904,1,17,Low,0
ENT300965,Corporate,China,Voter ID,1,2,146600.0,0,0,0,3,Medium,11.895469889693825,0,0,Low,0
ENT300966,Corporate,Panama,Aadhaar,1,2,92600.0,0,0,0,20,High,11.43605521971203,1,12,Low,0
ENT300967,Corporate,Cayman Islands,PAN,1,7,974100.0,1,0,0,7,High,13.789270273347165,1,28,Medium,1
ENT300968,Corporate,China,Aadhaar,1,5,120200.0,0,0,0,21,High,11.696920620516192,0,0,Low,0
ENT300969,Individual,Hong Kong,Driving License,1,3,139800.0,0,0,0,1,High,11.847975261832087,0,0,Low,0
ENT300970,Partnership,Hong Kong,PAN,1,6,23300.0,0,0,1,15,Medium,10.056251557087757,0,8,Low,0
ENT300971,Corporate,Singapore,Passport,1,1,84300.0,0,0,0,12,High,11.342149006315793,0,0,Low,0
ENT300972,Individual,Panama,Aadhaar,1,4,399900.0,0,0,0,8,Medium,12.89897229545694,1,12,Low,0
ENT300973,Individual,Hong Kong,PAN,1,6,25100.0,0,0,0,5,Medium,10.130662964963708,0,0,Low,0
ENT300974,Individual,Singapore,Driving License,1,3,19600.0,0,0,0,1,Low,9.883335864325275,0,6,Low,0
ENT300975,Corporate,Panama,Driving License,1,6,51800.0,0,0,0,20,Low,10.85516473308054,1,18,Low,0
ENT300976,Individual,Hong Kong,PAN,1,1,137100.0,0,0,0,25,High,11.82847315946983,0,0,Low,0
ENT300977,Partnership,Mauritius,Voter ID,0,1,351300.0,0,0,2,1,High,12.76939868481975,1,33,Medium,0
ENT300978,Individual,Panama,Voter ID,1,7,85600.0,0,0,1,12,High,11.357452244304588,1,20,Low,0
ENT300979,Corporate,Singapore,PAN,1,5,10100.0,0,0,0,25,Low,9.220389707829185,0,6,Low,0
ENT300980,Individual,Cayman Islands,PAN,1,7,96400.0,0,0,0,22,High,11.476271853988816,1,12,Low,0
ENT300981,Individual,Cyprus,Passport,1,6,145300.0,1,0,0,4,Medium,11.886562731847148,1,27,Medium,1
ENT300982,Corporate,Switzerland,PAN,1,5,12300.0,0,0,0,10,High,9.417435838868785,0,0,Low,0
ENT300983,Corporate,Seychelles,PAN,1,7,60200.0,0,0,0,5,High,11.005444242454628,1,12,Low,0
ENT300984,Corporate,India,PAN,1,2,5600.0,0,0,0,9,High,8.630700432209832,0,0,Low,0
ENT300985,Corporate,Seychelles,Aadhaar,1,5,88800.0,0,0,0,29,Low,11.394153190178114,1,18,Low,0
ENT300986,Individual,USA,Driving License,1,4,44900.0,0,0,2,9,Medium,10.712215345197256,0,16,Low,0
ENT300987,Individual,BVI,Aadhaar,1,7,40600.0,0,0,0,26,Medium,10.611547975828369,1,12,Low,0
ENT300988,Corporate,Seychelles,Voter ID,1,6,467200.0,0,0,0,9,High,13.054514850904823,1,12,Low,0
ENT300989,Individual,India,Passport,1,1,182500.0,0,0,0,7,Medium,12.114510931441727,0,0,Low,0
ENT300990,Individual,Switzerland,Driving License,1,7,24400.0,1,0,0,2,Low,10.102379394048045,0,21,Medium,1
ENT300991,Individual,India,Voter ID,1,4,317600.0,0,0,0,13,Medium,12.66855115696477,0,0,Low,0
ENT300992,Individual,Cayman Islands,Aadhaar,1,4,4800.0,1,0,1,2,Medium,8.476579508530941,1,35,Medium,1
ENT300993,Individual,Mauritius,Passport,1,1,82400.0,1,0,0,10,High,11.319352851746254,1,27,Medium,1
ENT300994,Partnership,UK,Voter ID,1,3,1300.0,0,0,0,17,High,7.170888478512505,0,0,Low,0
ENT300995,Individual,Singapore,Aadhaar,1,6,48200.0,0,0,0,12,Medium,10.783135046711445,0,0,Low,0
ENT300996,Trust,Germany,Driving License,1,2,46900.0,0,0,0,8,Low,10.75579427616868,0,6,Low,0
ENT300997,Corporate,UK,Driving License,1,3,375700.0,0,0,0,5,Medium,12.836548893256682,0,0,Low,0
ENT300998,Individual,Hong Kong,Voter ID,1,5,28900.0,0,0,0,11,Medium,10.27163147557801,0,0,Low,0
ENT300999,Trust,Switzerland,Driving License,1,1,115700.0,0,0,0,18,Medium,11.658764556186767,0,0,Low,0
ENT301000,Individual,UK,Aadhaar,1,3,174400.0,0,0,0,8,High,12.069112524385531,0,0,Low,0
ENT301001,Corporate,UAE,Aadhaar,0,7,63300.0,0,0,0,25,Medium,11.055656405795794,0,5,Low,0
ENT301002,Individual,Cyprus,PAN,0,4,139300.0,0,0,0,10,High,11.844392338493027,1,17,Low,0
ENT301003,Individual,UK,Driving License,1,5,11700.0,0,0,0,6,High,9.367429587218957,0,0,Low,0
ENT301004,Trust,USA,Aadhaar,1,6,264700.0,0,0,0,9,Medium,12.486356166069786,0,0,Low,0
ENT301005,Corporate,Cayman Islands,Aadhaar,1,2,34500.0,0,0,0,19,High,10.448743588106625,1,12,Low,0
ENT301006,Individual,Hong Kong,Voter ID,1,6,11300.0,0,0,0,19,High,9.332646496360152,0,0,Low,0
ENT301007,Corporate,China,Aadhaar,1,1,104900.0,0,0,0,22,High,11.560772327227417,0,0,Low,0
ENT301008,Corporate,UK,PAN,1,5,21600.0,0,0,0,25,High,9.980494888896912,0,0,Low,0
ENT301009,Corporate,UAE,Passport,1,3,55400.0,0,0,0,4,High,10.922352923113982,0,0,Low,0
ENT301010,Corporate,Germany,PAN,1,3,20400.0,0,0,0,25,High,9.923339198238729,0,0,Low,0
ENT301011,Corporate,Cyprus,Driving License,1,4,387700.0,0,0,0,27,High,12.867989702969597,1,12,Low,0
ENT301012,Corporate,Seychelles,Aadhaar,1,3,5300.0,0,0,0,24,High,8.575650760987806,1,12,Low,0
ENT301013,Corporate,India,PAN,1,3,2544200.0,0,0,0,7,High,14.74932720975503,0,1,Low,0
ENT301014,Corporate,Switzerland,Passport,1,4,45800.0,1,0,0,22,Low,10.732061203925053,0,21,Medium,1
ENT301015,Individual,Switzerland,Aadhaar,1,5,280900.0,0,0,0,18,Medium,12.545757573071759,0,0,Low,0
ENT301016,Trust,China,Aadhaar,1,6,93900.0,0,0,0,8,High,11.44999631476691,0,0,Low,0
ENT301017,Individual,Cayman Islands,Aadhaar,1,7,60700.0,0,0,0,4,Medium,11.013715451376466,1,12,Low,0
ENT301018,Individual,Panama,Aadhaar,1,4,77700.0,0,0,0,19,Low,11.260623406285792,1,18,Low,0
ENT301019,Corporate,Hong Kong,PAN,1,6,55300.0,0,0,2,24,High,10.920546270529568,0,16,Low,0
ENT301020,Individual,Germany,Passport,1,1,72600.0,0,0,0,24,High,11.192733974822708,0,0,Low,0
ENT301021,Corporate,China,Driving License,1,1,248000.0,0,0,3,26,Low,12.421188057397055,0,30,Medium,0
ENT301022,Individual,UAE,Driving License,1,6,521900.0,0,0,0,14,Low,13.165233193705545,0,6,Low,0
ENT301023,Individual,Cyprus,PAN,1,2,269000.0,0,0,0,7,High,12.502470376049185,1,12,Low,0
ENT301024,Corporate,BVI,Aadhaar,1,4,12100.0,0,0,0,12,Medium,9.401043372798053,1,12,Low,0
ENT301025,Trust,India,PAN,1,1,103900.0,0,0,0,27,High,11.551193801680078,0,0,Low,0
ENT301026,Corporate,Mauritius,Driving License,0,3,164000.0,0,0,0,2,High,12.00762780434872,1,17,Low,0
ENT301027,Corporate,UAE,PAN,1,4,14200.0,0,0,0,28,High,9.561067663645012,0,0,Low,0
ENT301028,Individual,Cayman Islands,Passport,1,1,54900.0,0,1,0,7,Medium,10.91328684226798,1,52,High,1
ENT301029,Partnership,Seychelles,Driving License,1,1,8500.0,0,0,2,15,High,9.04793908261736,1,28,Medium,0
ENT301030,Trust,Switzerland,Passport,1,5,117000.0,0,0,1,12,Medium,11.669937760751914,0,8,Low,0
ENT301031,Individual,China,Driving License,1,2,92900.0,0,0,0,27,High,11.439289689006644,0,0,Low,0
ENT301032,Individual,Cayman Islands,Driving License,1,4,14200.0,0,0,0,23,Low,9.561067663645012,1,18,Low,0
ENT301033,Individual,Hong Kong,Passport,1,2,59300.0,0,0,0,10,Medium,10.990381448250039,0,0,Low,0
ENT301034,Corporate,Cayman Islands,PAN,1,6,58600.0,0,0,0,21,Low,10.978507040265917,1,18,Low,0
ENT301035,Partnership,Panama,PAN,1,1,55600.0,0,0,1,14,High,10.925956465688445,1,20,Low,0
ENT301036,Trust,Germany,Voter ID,0,7,122400.0,0,0,0,20,High,11.715057818961629,0,5,Low,0
ENT301037,Individual,Germany,PAN,1,4,93600.0,0,0,0,2,High,11.446796346169297,0,0,Low,0
ENT301038,Corporate,Seychelles,Driving License,1,2,58100.0,0,0,0,24,High,10.969938154395841,1,12,Low,0
ENT301039,Corporate,BVI,Aadhaar,1,1,22000.0,0,0,2,29,High,9.99884318585288,1,28,Medium,0
ENT301040,Individual,BVI,PAN,1,3,24200.0,0,0,0,27,High,10.094149233605084,1,12,Low,0
ENT301041,Partnership,Mauritius,PAN,1,5,43500.0,0,0,0,24,Medium,10.680539205318292,1,12,Low,0
ENT301042,Individual,UAE,PAN,1,7,183000.0,0,0,0,12,High,12.117246896289503,0,0,Low,0
ENT301043,Partnership,Panama,Aadhaar,1,3,77600.0,0,0,0,22,High,11.259335592686217,1,12,Low,0
ENT301044,Corporate,Seychelles,Driving License,1,1,17000.0,0,0,0,9,High,9.741027444837728,1,12,Low,0
ENT301045,Corporate,Cyprus,Aadhaar,1,7,8500.0,0,0,0,27,High,9.04793908261736,1,12,Low,0
ENT301046,Partnership,BVI,Aadhaar,1,2,74200.0,0,0,0,1,Medium,11.214532906153606,1,12,Low,0
ENT301047,Individual,China,Driving License,1,7,80900.0,0,0,0,7,Medium,11.300981463909618,0,0,Low,0
ENT301048,Corporate,UAE,PAN,1,6,720100.0,0,0,0,10,High,13.487146758932008,0,0,Low,0
ENT301049,Individual,Cayman Islands,PAN,1,1,124400.0,0,0,0,24,High,11.731265497840116,1,12,Low,0
ENT301050,Partnership,China,Driving License,1,6,211800.0,0,0,0,18,High,12.263402433573614,0,0,Low,0
ENT301051,Corporate,Panama,PAN,1,1,463600.0,0,1,1,9,Medium,13.046779547477332,1,60,High,1
ENT301052,Corporate,Hong Kong,Driving License,1,5,98000.0,0,0,0,28,High,11.49273296168228,0,0,Low,0
ENT301053,Individual,Mauritius,PAN,1,6,95600.0,0,0,0,14,High,11.467938559235831,1,12,Low,0
ENT301054,Individual,India,Passport,1,6,57600.0,0,0,1,15,Low,10.961295207644392,0,14,Low,0
ENT301055,Individual,Singapore,Aadhaar,1,5,69700.0,0,0,0,17,Low,11.151969943847991,0,6,Low,0
ENT301056,Corporate,India,Voter ID,1,5,33700.0,0,0,0,12,Medium,10.425282789490705,0,0,Low,0
ENT301057,Corporate,Seychelles,Driving License,1,1,163400.0,0,0,1,29,High,12.003962581340353,1,20,Low,0
ENT301058,Corporate,Hong Kong,Voter ID,1,1,141800.0,0,0,0,20,High,11.862179945241476,0,0,Low,0
ENT301059,Individual,Singapore,Passport,1,3,177100.0,0,0,0,16,Low,12.084475470282369,0,6,Low,0
ENT301060,Partnership,Mauritius,Aadhaar,1,1,56700.0,0,0,0,12,High,10.945547126244623,1,12,Low,0
ENT301061,Individual,Cayman Islands,Passport,1,4,214300.0,0,0,0,12,High,12.275136847806356,1,12,Low,0
ENT301062,Partnership,UAE,Passport,1,6,47900.0,0,0,0,19,High,10.776891660007811,0,0,Low,0
ENT301063,Corporate,Cayman Islands,Passport,1,1,219200.0,0,0,0,24,Medium,12.297744396089387,1,12,Low,0
ENT301064,Corporate,UK,Voter ID,1,4,34200.0,0,0,0,7,High,10.440010162389305,0,0,Low,0
ENT301065,Corporate,Mauritius,Driving License,1,4,80800.0,0,0,0,16,High,11.299744620670225,1,12,Low,0
ENT301066,Corporate,Seychelles,Aadhaar,1,1,49100.0,0,0,0,13,Medium,10.801634680173994,1,12,Low,0
ENT301067,Partnership,USA,Voter ID,1,7,7500.0,0,0,1,23,Low,8.922791623969637,0,14,Low,0
ENT301068,Corporate,China,PAN,1,4,72900.0,0,0,0,29,High,11.196857635323791,0,0,Low,0
ENT301069,Individual,China,Passport,1,2,156400.0,0,0,0,8,Low,11.9601785009348,0,6,Low,0
ENT301070,Individual,UK,Driving License,1,3,90400.0,0,0,0,2,High,11.412010608265987,0,0,Low,0
ENT301071,Trust,BVI,Driving License,1,4,89400.0,0,0,0,23,High,11.400887146781372,1,12,Low,0
ENT301072,Corporate,Panama,Passport,0,4,30700.0,0,0,1,8,Low,10.332050506334692,1,31,Medium,0
ENT301073,Corporate,Hong Kong,Aadhaar,1,2,23300.0,0,0,0,29,High,10.056251557087757,0,0,Low,0
ENT301074,Individual,Germany,Driving License,1,5,145300.0,0,0,1,19,Low,11.886562731847148,0,14,Low,0
ENT301075,Individual,Seychelles,Aadhaar,0,4,304700.0,0,0,0,20,High,12.627086246885055,1,17,Low,0
ENT301076,Individual,Singapore,Aadhaar,1,5,26500.0,0,0,0,3,Medium,10.184937747111391,0,0,Low,0
ENT301077,Individual,Hong Kong,PAN,1,5,77900.0,0,0,0,10,High,11.263194068746921,0,0,Low,0
ENT301078,Individual,Hong Kong,Driving License,1,3,118400.0,0,0,1,14,High,11.681832447342321,0,8,Low,0
ENT301079,Corporate,China,Aadhaar,1,2,121300.0,0,0,0,19,High,11.706030338921243,0,0,Low,0
ENT301080,Individual,USA,Aadhaar,1,4,163100.0,0,0,0,29,High,12.002124919798158,0,0,Low,0
ENT301081,Individual,Seychelles,Passport,1,7,29500.0,0,0,0,9,Medium,10.292179440058462,1,12,Low,0
ENT301082,Individual,UAE,PAN,1,5,45500.0,0,0,0,27,High,10.725489582719506,0,0,Low,0
ENT301083,Corporate,Germany,Driving License,1,6,34200.0,0,0,0,9,Low,10.440010162389305,0,6,Low,0
ENT301084,Individual,Germany,Driving License,1,4,23300.0,0,0,0,23,High,10.056251557087757,0,0,Low,0
ENT301085,Corporate,Switzerland,PAN,1,4,36400.0,0,0,0,17,Medium,10.502351525774941,0,0,Low,0
ENT301086,Individual,Hong Kong,Aadhaar,1,3,135000.0,0,0,0,17,High,11.813037464800539,0,0,Low,0
ENT301087,Individual,Mauritius,Voter ID,1,5,9700.0,0,0,0,4,Medium,9.179984251961283,1,12,Low,0
ENT301088,Individual,Cyprus,Voter ID,1,6,82100.0,0,0,0,24,High,11.315705475634307,1,12,Low,0
ENT301089,Trust,Germany,Voter ID,1,1,302900.0,0,0,0,28,High,12.62116129842949,0,0,Low,0
ENT301090,Individual,Switzerland,Voter ID,1,6,149700.0,0,0,0,11,Medium,11.916395250412128,0,0,Low,0
ENT301091,Corporate,Panama,Aadhaar,1,4,36300.0,0,0,3,15,High,10.499600568082863,1,36,Medium,0
ENT301092,Partnership,Switzerland,Voter ID,1,4,66800.0,0,0,0,27,High,11.109473329472568,0,0,Low,0
ENT301093,Corporate,Germany,Voter ID,1,3,9000.0,0,0,0,8,High,9.105090961257085,0,0,Low,0
ENT301094,Corporate,Panama,Voter ID,0,4,7000.0,0,0,0,29,High,8.853808274977197,1,17,Low,0
ENT301095,Individual,India,Passport,1,3,46800.0,0,0,0,21,Medium,10.753659849198824,0,0,Low,0
ENT301096,Individual,China,PAN,1,5,63100.0,0,0,0,9,High,11.052491896264268,0,0,Low,0
ENT301097,Partnership,Panama,Driving License,1,6,20100.0,0,0,0,27,High,9.908524844053396,1,12,Low,0
ENT301098,Individual,UAE,Passport,1,1,51100.0,1,0,0,3,High,10.841559345471941,0,15,Low,1
ENT301099,Corporate,USA,Voter ID,1,5,20700.0,0,0,0,21,Medium,9.937937287265354,0,0,Low,0
ENT301100,Corporate,UAE,PAN,1,7,12900.0,0,0,1,15,Medium,9.465060106725137,0,8,Low,0
ENT301101,Individual,India,PAN,1,1,76500.0,0,0,0,24,Medium,11.245059091624615,0,0,Low,0
ENT301102,Individual,Mauritius,Passport,1,5,212300.0,0,0,0,3,High,12.265760357995845,1,12,Low,0
ENT301103,Individual,Singapore,Driving License,1,6,45400.0,0,0,0,26,Low,10.723289410218579,0,6,Low,0
ENT301104,Partnership,Seychelles,PAN,1,6,43100.0,0,0,2,2,Medium,10.67130147767883,1,28,Medium,0
ENT301105,Corporate,India,Aadhaar,0,6,54800.0,0,0,0,29,Low,10.911463720944793,0,11,Low,0
ENT301106,Corporate,USA,Passport,1,6,4700.0,0,0,0,19,Low,8.45553053102413,0,6,Low,0
ENT301107,Individual,USA,Driving License,0,7,91200.0,0,0,0,27,High,11.420821140914589,0,5,Low,0
ENT301108,Corporate,UAE,Driving License,1,6,57900.0,0,0,0,18,High,10.96648993456911,0,0,Low,0
ENT301109,Trust,BVI,Voter ID,1,1,4200.0,0,0,0,2,High,8.343077871169383,1,12,Low,0
ENT301110,Individual,Panama,Voter ID,0,6,258800.0,0,0,0,14,Medium,12.463814705589053,1,17,Low,0
ENT301111,Corporate,USA,PAN,1,7,31900.0,0,0,1,10,High,10.370392636243981,0,8,Low,0
ENT301112,Partnership,BVI,Passport,1,4,204400.0,0,0,0,11,High,12.227839029667624,1,12,Low,0
ENT301113,Individual,Seychelles,Driving License,1,6,118800.0,0,0,1,4,Medium,11.685205103383671,1,20,Low,0
ENT301114,Corporate,UK,Aadhaar,1,7,324200.0,0,0,0,20,Medium,12.689118972794686,0,0,Low,0
ENT301115,Trust,Cyprus,Passport,1,7,7100.0,0,0,1,24,High,8.867990898182093,1,20,Low,0
ENT301116,Corporate,Cayman Islands,Passport,1,1,21300.0,0,0,2,9,High,9.966509298952284,1,28,Medium,0
ENT301117,Corporate,Seychelles,Passport,1,7,27000.0,0,0,1,24,High,10.203629181337648,1,20,Low,0
ENT301118,Individual,Switzerland,PAN,1,6,78000.0,0,0,0,12,Medium,11.264476926102367,0,0,Low,0
ENT301119,Trust,India,Voter ID,1,3,61400.0,0,0,0,15,High,11.02518140064756,0,0,Low,0
ENT301120,Corporate,Cayman Islands,Voter ID,1,5,17700.0,0,0,0,22,Low,9.781376414141157,1,18,Low,0
ENT301121,Corporate,Hong Kong,Passport,1,5,226500.0,0,0,0,26,Medium,12.330504638906516,0,0,Low,0
ENT301122,Corporate,UAE,PAN,0,5,20600.0,0,0,0,13,Medium,9.933094897288786,0,5,Low,0
ENT301123,Corporate,Mauritius,Voter ID,1,1,21800.0,0,0,0,21,Medium,9.989711119284745,1,12,Low,0
ENT301124,Corporate,India,Passport,1,1,240500.0,0,0,0,13,High,12.390479526523466,0,0,Low,0
ENT301125,Individual,Mauritius,Passport,0,6,45300.0,0,0,2,20,High,10.721084386282662,1,33,Medium,0
ENT301126,Corporate,USA,PAN,1,2,387500.0,0,0,0,5,Medium,12.86747370841737,0,0,Low,0
ENT301127,Individual,Panama,Aadhaar,1,3,55300.0,0,0,1,7,High,10.920546270529568,1,20,Low,0
ENT301128,Individual,Switzerland,Passport,0,7,79800.0,0,0,0,16,High,11.287291314687705,0,5,Low,0
ENT301129,Individual,India,PAN,1,1,23900.0,0,0,1,23,High,10.081675578048475,0,8,Low,0
ENT301130,Corporate,Switzerland,Driving License,1,6,203700.0,0,0,0,7,Low,12.224408511383015,0,6,Low,0
ENT301131,Partnership,Hong Kong,Voter ID,1,6,249500.0,0,0,0,8,High,12.427218202181711,0,0,Low,0
ENT301132,Individual,Hong Kong,Driving License,1,7,48200.0,0,0,0,7,Low,10.783135046711445,0,6,Low,0
ENT301133,Corporate,China,Passport,1,4,9000.0,0,0,0,2,Medium,9.105090961257085,0,0,Low,0
ENT301134,Corporate,Panama,Aadhaar,1,3,229700.0,0,0,0,21,High,12.344533742172285,1,12,Low,0
ENT301135,Partnership,USA,Passport,1,6,12000.0,0,0,0,25,Medium,9.392745258631441,0,0,Low,0
ENT301136,Corporate,Singapore,Aadhaar,1,4,63400.0,0,0,0,29,High,11.05723491317159,0,0,Low,0
ENT301137,Trust,UAE,PAN,1,5,72800.0,0,0,0,29,Medium,11.195484970354173,0,0,Low,0
ENT301138,Corporate,Panama,Passport,1,3,39100.0,0,0,0,26,High,10.573903321093981,1,12,Low,0
ENT301139,Individual,Cayman Islands,PAN,1,5,25400.0,0,0,0,16,Medium,10.142543822310387,1,12,Low,0
ENT301140,Corporate,Cayman Islands,Passport,1,5,77200.0,0,0,0,19,High,11.25416768929685,1,12,Low,0
ENT301141,Corporate,Mauritius,PAN,1,2,297200.0,1,0,0,16,Low,12.60216395655763,1,33,Medium,1
ENT301142,Individual,UK,Passport,1,1,5600.0,0,0,0,8,Low,8.630700432209832,0,6,Low,0
ENT301143,Individual,Cyprus,PAN,1,4,24900.0,0,0,0,3,High,10.122663242288953,1,12,Low,0
ENT301144,Individual,Cayman Islands,Voter ID,1,2,162900.0,0,0,0,24,Medium,12.000897933306716,1,12,Low,0
ENT301145,Individual,Hong Kong,Aadhaar,1,3,81100.0,0,0,0,17,High,11.303450570483712,0,0,Low,0
ENT301146,Corporate,USA,Driving License,1,1,155200.0,0,0,1,14,High,11.952476330009466,0,8,Low,0
ENT301147,Individual,Cayman Islands,Voter ID,1,5,5700.0,0,0,0,13,Medium,8.648396877031582,1,12,Low,0
ENT301148,Corporate,Switzerland,Voter ID,1,3,47600.0,0,0,1,7,Medium,10.7706090484022,0,8,Low,0
ENT301149,Corporate,Cyprus,Voter ID,0,3,131900.0,0,0,2,4,High,11.789806920177805,1,33,Medium,0
ENT301150,Individual,Cayman Islands,Passport,1,4,12500.0,0,0,0,23,High,9.433563920090563,1,12,Low,0
ENT301151,Partnership,Hong Kong,Voter ID,1,2,33800.0,1,0,0,11,Medium,10.428245666832275,0,15,Low,1
ENT301152,Individual,UAE,PAN,0,1,9400.0,0,0,0,12,Medium,9.148571345578551,0,5,Low,0
ENT301153,Corporate,BVI,Voter ID,1,3,258500.0,0,0,0,6,High,12.462654841395091,1,12,Low,0
ENT301154,Individual,Singapore,Passport,1,5,114600.0,0,0,0,4,High,11.649211809228195,0,0,Low,0
ENT301155,Individual,Panama,Voter ID,1,3,123200.0,0,0,0,20,High,11.72157244693173,1,12,Low,0
ENT301156,Individual,China,Aadhaar,0,2,47000.0,0,0,0,3,Medium,10.757924157061597,0,5,Low,0
ENT301157,Corporate,Panama,Driving License,0,1,41100.0,0,0,1,28,High,10.623787731088578,1,25,Medium,0
ENT301158,Individual,China,Voter ID,1,1,5400.0,0,0,0,1,High,8.594339400592892,0,0,Low,0
ENT301159,Individual,UK,PAN,1,7,42700.0,0,0,0,25,Medium,10.661977618146238,0,0,Low,0
ENT301160,Corporate,Cayman Islands,Driving License,1,6,16100.0,0,0,0,21,High,9.686636660844938,1,12,Low,0
ENT301161,Partnership,UK,Aadhaar,1,1,41300.0,0,0,0,20,High,10.628641991731053,0,0,Low,0
ENT301162,Corporate,Switzerland,Aadhaar,1,5,48500.0,0,0,0,17,Medium,10.789339695269716,0,0,Low,0
ENT301163,Individual,UK,Driving License,1,2,94800.0,0,0,0,23,High,11.459535236710686,0,0,Low,0
ENT301164,Corporate,Cayman Islands,Aadhaar,0,2,3500.0,0,0,1,11,High,8.160803920954665,1,25,Medium,0
ENT301165,Individual,Cayman Islands,PAN,1,4,43800.0,0,0,0,15,Medium,10.687411927154141,1,12,Low,0
ENT301166,Partnership,Mauritius,Passport,1,5,121500.0,0,0,0,26,High,11.707677772181546,1,12,Low,0
ENT301167,Individual,USA,Voter ID,1,6,55300.0,0,0,0,7,High,10.920546270529568,0,0,Low,0
ENT301168,Individual,Switzerland,Voter ID,1,6,148300.0,0,0,1,16,High,11.906999271191623,0,8,Low,0
ENT301169,Corporate,Singapore,Driving License,0,5,192100.0,0,0,3,11,High,12.16577655436517,0,29,Medium,0
ENT301170,Partnership,Germany,Driving License,1,2,34900.0,0,0,1,24,Low,10.460270761075149,0,14,Low,0
ENT301171,Corporate,Cayman Islands,Aadhaar,1,3,813900.0,0,0,1,19,High,13.609594015966547,1,20,Low,0
ENT301172,Corporate,Hong Kong,Aadhaar,1,5,164100.0,0,0,0,10,High,12.008237370904832,0,0,Low,0
ENT301173,Individual,China,Passport,1,5,123400.0,0,0,1,10,High,11.723194494148304,0,8,Low,0
ENT301174,Individual,Mauritius,Driving License,1,2,40700.0,0,0,0,11,High,10.614007941153417,1,12,Low,0
ENT301175,Individual,Cyprus,PAN,1,3,17500.0,0,0,0,4,Medium,9.770013301136158,1,12,Low,0
ENT301176,Partnership,BVI,Aadhaar,1,3,271500.0,0,0,0,4,High,12.511721101590597,1,12,Low,0
ENT301177,Individual,Cyprus,Driving License,0,3,67200.0,0,0,0,17,Medium,11.1154434073529,1,17,Low,0
ENT301178,Individual,UK,Passport,1,7,14400.0,1,0,0,1,Low,9.575052927597383,0,21,Medium,1
ENT301179,Corporate,India,Driving License,1,6,28900.0,0,0,0,10,High,10.27163147557801,0,0,Low,0
ENT301180,Individual,Seychelles,Passport,1,7,83000.0,1,0,3,21,High,11.326607934898927,1,51,High,1
ENT301181,Corporate,Germany,Driving License,1,3,27000.0,0,0,1,18,Medium,10.203629181337648,0,8,Low,0
ENT301182,Individual,UAE,PAN,0,3,221300.0,0,1,0,16,High,12.307279044781756,0,45,High,1
ENT301183,Corporate,Hong Kong,Aadhaar,1,2,38100.0,0,0,0,1,Medium,10.547995807489514,0,0,Low,0
ENT301184,Corporate,UAE,Voter ID,1,5,68600.0,0,0,0,21,Medium,11.136062390867204,0,0,Low,0
ENT301185,Individual,Cyprus,Aadhaar,1,2,243900.0,1,0,0,19,Low,12.404517684236607,1,33,Medium,1
ENT301186,Partnership,India,Passport,1,4,246800.0,0,0,0,12,High,12.416337622869019,0,0,Low,0
ENT301187,Individual,Hong Kong,PAN,1,3,36500.0,0,0,0,24,High,10.505094936455558,0,0,Low,0
ENT301188,Individual,UK,Passport,0,2,21000.0,0,0,0,10,Medium,9.952325334619427,0,5,Low,0
ENT301189,Corporate,Mauritius,PAN,1,1,208000.0,0,0,0,18,Medium,12.245298166364206,1,12,Low,0
ENT301190,Corporate,Germany,Passport,0,6,317500.0,0,0,0,2,High,12.668236246916223,0,5,Low,0
ENT301191,Individual,USA,Voter ID,1,6,4800.0,0,0,0,22,Medium,8.476579508530941,0,0,Low,0
ENT301192,Individual,UK,Voter ID,1,5,38200.0,0,0,0,15,High,10.5506169722625,0,0,Low,0
ENT301193,Corporate,UK,Driving License,1,5,66900.0,0,0,0,3,High,11.110969193687714,0,0,Low,0
ENT301194,Individual,Switzerland,Driving License,1,2,87600.0,0,0,1,6,Low,11.38054769238444,0,14,Low,0
ENT301195,Corporate,Switzerland,Voter ID,1,1,64500.0,1,0,0,18,Medium,11.07443600653965,0,15,Low,1
ENT301196,Corporate,India,Voter ID,1,5,62400.0,0,0,0,26,High,11.041336579870135,0,0,Low,0
ENT301197,Individual,Hong Kong,Passport,1,7,23200.0,0,0,1,11,High,10.05195066017375,0,8,Low,0
ENT301198,Individual,Germany,Passport,1,2,71600.0,0,0,0,4,Medium,11.178864319331653,0,0,Low,0
ENT301199,Corporate,Switzerland,Voter ID,1,2,59200.0,0,0,0,28,Medium,10.988693712621323,0,0,Low,0
ENT301200,Corporate,UAE,Voter ID,1,2,29100.0,0,0,0,17,Low,10.278527816830314,0,6,Low,0
ENT301201,Individual,UAE,Driving License,0,2,8400.0,0,0,0,27,Medium,9.036106025364846,0,5,Low,0
ENT301202,Individual,Cyprus,Voter ID,1,1,49300.0,0,0,3,1,Medium,10.805699643800724,1,36,Medium,0
ENT301203,Corporate,Mauritius,Aadhaar,1,7,120500.0,0,0,0,19,Medium,11.699413330633599,1,12,Low,0
ENT301204,Individual,China,Passport,0,1,250100.0,0,0,0,20,Medium,12.429620115258357,0,5,Low,0
ENT301205,Corporate,India,Driving License,1,4,47200.0,0,0,1,6,Low,10.762170357789895,0,14,Low,0
ENT301206,Corporate,USA,Aadhaar,1,1,19900.0,0,0,0,20,High,9.898525260706313,0,0,Low,0
ENT301207,Corporate,Singapore,Driving License,1,5,28400.0,0,0,0,4,High,10.254179634797001,0,0,Low,0
ENT301208,Corporate,China,Aadhaar,1,2,385500.0,0,0,0,12,High,12.86229906601588,0,0,Low,0
ENT301209,Individual,UK,Aadhaar,1,5,269400.0,0,0,0,21,Medium,12.503956254903999,0,0,Low,0
ENT301210,Individual,India,Aadhaar,1,4,66700.0,0,0,0,26,Medium,11.107975224295076,0,0,Low,0
ENT301211,Individual,UK,Driving License,1,4,391300.0,0,0,0,29,High,12.87723236377919,0,0,Low,0
ENT301212,Individual,Seychelles,Aadhaar,1,2,157700.0,0,0,0,27,Medium,11.968456114085114,1,12,Low,0
ENT301213,Partnership,UK,Voter ID,1,3,333700.0,0,0,0,10,High,12.718000661438602,0,0,Low,0
ENT301214,Individual,Germany,Aadhaar,1,2,42700.0,1,0,0,12,High,10.661977618146238,0,15,Low,1
ENT301215,Individual,Panama,PAN,1,1,134800.0,0,0,1,14,High,11.811554895830454,1,20,Low,0
ENT301216,Trust,India,Passport,1,4,87100.0,0,0,0,14,High,11.374823643830945,0,0,Low,0
ENT301217,Individual,Seychelles,Driving License,1,7,82600.0,0,0,0,27,High,11.321777065973317,1,12,Low,0
ENT301218,Corporate,Singapore,Voter ID,1,3,46300.0,0,0,0,22,High,10.742918838113225,0,0,Low,0
ENT301219,Individual,Panama,Voter ID,1,3,125100.0,0,0,0,21,High,11.73687669002817,1,12,Low,0
ENT301220,Corporate,Mauritius,Aadhaar,1,3,45000.0,0,0,0,17,Low,10.714439990727769,1,18,Low,0
ENT301221,Corporate,China,Voter ID,1,5,36100.0,0,0,1,18,High,10.494075844768336,0,8,Low,0
ENT301222,Individual,Singapore,Aadhaar,1,3,149500.0,0,0,0,10,High,11.915058360753719,0,0,Low,0
ENT301223,Corporate,UAE,PAN,0,5,73000.0,0,0,0,21,Low,11.19822841866684,0,11,Low,0
ENT301224,Individual,Panama,Voter ID,1,5,633500.0,0,0,0,1,Low,13.35901685727405,1,18,Low,0
ENT301225,Corporate,Mauritius,Passport,1,6,116500.0,0,0,0,22,High,11.665655135642039,1,12,Low,0
ENT301226,Individual,Cayman Islands,Aadhaar,1,7,149400.0,0,0,0,23,Low,11.914389245098882,1,18,Low,0
ENT301227,Corporate,Seychelles,Driving License,1,6,5500.0,0,0,0,28,High,8.612685172875459,1,12,Low,0
ENT301228,Individual,USA,Driving License,1,4,150600.0,0,0,2,5,Medium,11.922389234432126,0,16,Low,0
ENT301229,Corporate,Seychelles,Passport,1,2,28900.0,0,0,0,23,Low,10.27163147557801,1,18,Low,0
ENT301230,Corporate,Cyprus,Passport,1,6,95300.0,0,0,0,13,High,11.464795582766675,1,12,Low,0
ENT301231,Individual,BVI,Voter ID,1,6,41400.0,0,0,0,1,High,10.63106031411106,1,12,Low,0
ENT301232,Corporate,India,Passport,1,4,22000.0,0,0,0,15,Low,9.99884318585288,0,6,Low,0
ENT301233,Corporate,Cayman Islands,Driving License,1,3,6700.0,0,0,0,9,Medium,8.81001204797317,1,12,Low,0
ENT301234,Individual,Cyprus,Passport,0,2,134600.0,0,0,0,5,High,11.810070125585671,1,17,Low,0
ENT301235,Individual,Cayman Islands,Voter ID,1,2,56300.0,0,0,0,13,Medium,10.938467575959383,1,12,Low,0
ENT301236,Partnership,Cayman Islands,Passport,0,4,29000.0,0,0,0,26,Medium,10.275085591132715,1,17,Low,0
ENT301237,Individual,Switzerland,Driving License,1,3,177900.0,0,0,2,7,Medium,12.088982494773598,0,16,Low,0
ENT301238,Individual,UAE,Aadhaar,1,7,63700.0,0,0,0,1,High,11.06195554002416,0,0,Low,0
ENT301239,Trust,Germany,PAN,1,7,32400.0,0,0,1,22,Medium,10.385944565501662,0,8,Low,0
ENT301240,Individual,UAE,PAN,1,5,24100.0,0,0,0,8,Medium,10.090008612393838,0,0,Low,0
ENT301241,Individual,Panama,Driving License,1,1,202700.0,0,0,0,17,High,12.219487265827034,1,12,Low,0
ENT301242,Corporate,Cyprus,Passport,1,3,66600.0,0,1,0,23,High,11.106474871430772,1,52,High,1
ENT301243,Corporate,Hong Kong,Passport,1,7,75000.0,0,0,0,10,High,11.225256725762893,0,0,Low,0
ENT301244,Individual,Cyprus,PAN,1,1,71300.0,0,0,0,16,High,11.174665631549477,1,12,Low,0
ENT301245,Partnership,UK,PAN,1,4,99200.0,0,0,0,4,Low,11.504903373867316,0,6,Low,0
ENT301246,Corporate,UAE,Driving License,1,6,26000.0,1,0,1,26,High,10.165890277802454,0,23,Medium,1
ENT301247,Individual,China,Aadhaar,1,6,180700.0,0,0,0,13,High,12.104599010599317,0,0,Low,0
ENT301248,Corporate,Cyprus,PAN,1,2,57400.0,0,0,0,20,High,10.957817003758691,1,12,Low,0
ENT301249,Corporate,Switzerland,PAN,1,4,16600.0,0,0,2,13,Low,9.717218213494077,0,22,Medium,0
ENT301250,Individual,Cyprus,PAN,0,2,88600.0,0,0,1,26,High,11.391898423211194,1,25,Medium,0
ENT301251,Corporate,UK,Voter ID,1,5,29700.0,0,0,0,11,Medium,10.298935994257638,0,0,Low,0
ENT301252,Individual,Cayman Islands,Voter ID,1,3,391100.0,0,0,0,9,Medium,12.876721117631158,1,12,Low,0
ENT301253,Individual,Singapore,Aadhaar,1,6,24700.0,0,0,0,20,High,10.114599007626499,0,0,Low,0
ENT301254,Individual,UK,Voter ID,1,4,33300.0,0,0,0,6,Low,10.413342705547674,0,6,Low,0
ENT301255,Trust,Panama,Driving License,1,1,96100.0,0,0,0,24,Medium,11.473155000731508,1,12,Low,0
ENT301256,Trust,Singapore,Passport,1,4,283900.0,0,0,0,18,Medium,12.55638086482189,0,0,Low,0
ENT301257,Individual,China,Voter ID,1,2,24100.0,0,0,0,3,Medium,10.090008612393838,0,0,Low,0
ENT301258,Corporate,Germany,Passport,1,3,22500.0,0,0,0,24,Low,10.021315031649332,0,6,Low,0
ENT301259,Individual,UK,Driving License,1,1,793300.0,0,0,0,22,Medium,13.583957999846467,0,0,Low,0
ENT301260,Individual,UAE,Driving License,1,7,24900.0,0,0,0,12,Low,10.122663242288953,0,6,Low,0
ENT301261,Individual,Switzerland,PAN,1,7,77600.0,0,0,0,20,High,11.259335592686217,0,0,Low,0
ENT301262,Corporate,China,Driving License,1,6,77200.0,0,0,1,20,High,11.25416768929685,0,8,Low,0
ENT301263,Corporate,USA,Voter ID,1,3,194700.0,0,0,0,29,Low,12.179220327453933,0,6,Low,0
ENT301264,Individual,Germany,PAN,1,5,290100.0,0,0,1,9,High,12.577984417190766,0,8,Low,0
ENT301265,Individual,Hong Kong,Driving License,1,4,144600.0,0,0,0,24,Medium,11.88173350431221,0,0,Low,0
ENT301266,Corporate,Cyprus,Driving License,1,4,17000.0,0,0,0,9,Medium,9.741027444837728,1,12,Low,0
ENT301267,Partnership,Hong Kong,Driving License,1,5,35800.0,0,0,0,26,High,10.485731104959568,0,0,Low,0
ENT301268,Individual,Switzerland,Aadhaar,1,2,855700.0,1,0,0,19,High,13.659676295039331,0,15,Low,1
ENT301269,Corporate,Cayman Islands,Voter ID,1,4,37500.0,0,0,1,18,High,10.53212287826962,1,20,Low,0
ENT301270,Individual,Singapore,Passport,1,6,6200.0,0,0,1,11,Medium,8.732465848349879,0,8,Low,0
ENT301271,Individual,Singapore,PAN,1,4,51500.0,0,0,0,18,Medium,10.849356503939038,0,0,Low,0
ENT301272,Individual,UAE,PAN,1,7,216600.0,0,0,0,13,Medium,12.285812230343542,0,0,Low,0
ENT301273,Individual,Cayman Islands,PAN,1,2,58400.0,0,0,0,6,High,10.975088291957388,1,12,Low,0
ENT301274,Corporate,Singapore,Aadhaar,1,6,208100.0,0,0,0,23,High,12.245778817752209,0,0,Low,0
ENT301275,Corporate,Hong Kong,Driving License,1,2,16300.0,0,0,2,4,High,9.69898173460629,0,16,Low,0
ENT301276,Partnership,USA,Voter ID,1,6,95700.0,0,0,1,4,High,11.468984026707247,0,8,Low,0
ENT301277,Corporate,UAE,Passport,1,7,163300.0,1,0,0,24,Low,12.003350402638521,0,21,Medium,1
ENT301278,Partnership,Cyprus,PAN,1,3,258600.0,0,0,0,24,Medium,12.463041612288443,1,12,Low,0
ENT301279,Corporate,USA,Aadhaar,1,3,67600.0,0,0,0,11,Medium,11.121378054821049,0,0,Low,0
ENT301280,Corporate,UAE,Aadhaar,1,4,38000.0,0,0,1,17,High,10.545367754151743,0,8,Low,0
ENT301281,Corporate,Switzerland,Voter ID,1,5,186200.0,0,0,0,23,Medium,12.134582014379962,0,0,Low,0
ENT301282,Corporate,India,Passport,1,5,1500900.0,0,0,2,1,Low,14.22157615241109,0,23,Medium,0
ENT301283,Individual,USA,Voter ID,1,3,292700.0,0,0,1,18,High,12.586906889141513,0,8,Low,0
ENT301284,Corporate,India,Voter ID,1,5,35500.0,0,0,0,24,High,10.477316144080852,0,0,Low,0
ENT301285,Individual,USA,Passport,1,6,127100.0,0,0,1,29,Low,11.752737324967208,0,14,Low,0
ENT301286,Corporate,Seychelles,PAN,1,5,91000.0,0,0,0,15,High,11.418625774449598,1,12,Low,0
ENT301287,Individual,Mauritius,Driving License,1,6,91100.0,0,0,0,13,Medium,11.419724060136211,1,12,Low,0
ENT301288,Partnership,China,Passport,1,2,106400.0,0,0,0,12,Medium,11.574970254341757,0,0,Low,0
ENT301289,Partnership,UAE,Passport,1,6,121500.0,0,0,0,28,High,11.707677772181546,0,0,Low,0
ENT301290,Individual,Singapore,Voter ID,1,7,22700.0,0,0,3,19,High,10.030164255362632,0,24,Medium,0
ENT301291,Corporate,UK,Passport,1,2,203500.0,0,0,0,22,High,12.223426197857627,0,0,Low,0
ENT301292,Individual,Cayman Islands,Voter ID,1,2,26900.0,0,0,3,17,High,10.199918739620157,1,36,Medium,0
ENT301293,Corporate,Germany,Driving License,1,6,117300.0,0,0,0,2,Low,11.672498559754418,0,6,Low,0
ENT301294,Individual,India,Passport,1,4,84600.0,0,0,1,27,Medium,11.345701365855424,0,8,Low,0
ENT301295,Individual,Hong Kong,PAN,0,6,2000.0,0,0,0,7,High,7.601402334583733,0,5,Low,0
ENT301296,Individual,UK,Driving License,1,7,12900.0,0,0,0,19,Medium,9.465060106725137,0,0,Low,0
ENT301297,Partnership,Cayman Islands,Aadhaar,1,2,12900.0,0,0,1,16,Low,9.465060106725137,1,26,Medium,0
ENT301298,Trust,BVI,Voter ID,1,4,40500.0,0,0,1,10,High,10.609081944147828,1,20,Low,0
ENT301299,Partnership,Cayman Islands,Aadhaar,1,3,48000.0,0,0,0,15,High,10.778977123006351,1,12,Low,0
ENT301300,Partnership,UK,Voter ID,1,5,214100.0,0,0,0,11,Low,12.274203145281486,0,6,Low,0
ENT301301,Individual,Cayman Islands,PAN,1,5,14800.0,0,0,0,18,Low,9.60245002503719,1,18,Low,0
ENT301302,Corporate,Mauritius,Passport,1,7,254000.0,0,0,0,2,High,12.445093483000798,1,12,Low,0
ENT301303,Corporate,Germany,Driving License,1,7,8500.0,0,0,2,13,Medium,9.04793908261736,0,16,Low,0
ENT301304,Corporate,BVI,Voter ID,1,1,14200.0,0,0,0,3,Medium,9.561067663645012,1,12,Low,0
ENT301305,Corporate,Mauritius,PAN,1,3,79000.0,0,0,3,6,High,11.277215789596893,1,36,Medium,0
ENT301306,Individual,Singapore,Passport,1,5,65500.0,0,0,0,19,Medium,11.089820688682373,0,0,Low,0
ENT301307,Individual,Seychelles,Driving License,1,6,11900.0,0,0,0,2,High,9.38437770918244,1,12,Low,0
ENT301308,Corporate,Singapore,Driving License,1,6,97900.0,0,0,0,7,Medium,11.49171204297103,0,0,Low,0
ENT301309,Individual,Cayman Islands,PAN,1,1,352900.0,0,0,0,21,Low,12.773942843323274,1,18,Low,0
ENT301310,Corporate,Mauritius,PAN,0,1,94700.0,0,0,0,22,Low,11.458479838780507,1,23,Medium,0
ENT301311,Trust,Cayman Islands,Aadhaar,1,7,48300.0,0,0,0,28,Medium,10.785207543360087,1,12,Low,0
ENT301312,Individual,USA,Passport,1,1,21900.0,0,0,1,6,High,9.994287576862567,0,8,Low,0
ENT301313,Individual,UAE,Driving License,1,3,63100.0,0,0,0,13,Low,11.052491896264268,0,6,Low,0
ENT301314,Individual,USA,Driving License,1,6,560400.0,0,0,0,11,Medium,13.236407877883083,0,0,Low,0
ENT301315,Individual,Mauritius,Voter ID,1,7,61500.0,0,0,0,11,Medium,11.026808713825016,1,12,Low,0
ENT301316,Individual,Hong Kong,PAN,1,5,102000.0,0,0,0,5,High,11.532737896139919,0,0,Low,0
ENT301317,Individual,Singapore,Passport,1,6,5400.0,0,0,0,7,Medium,8.594339400592892,0,0,Low,0
ENT301318,Corporate,Germany,Driving License,1,7,13200.0,0,1,0,20,Medium,9.488047863280759,0,40,Medium,1
ENT301319,Corporate,BVI,Driving License,1,5,146400.0,0,0,0,3,High,11.894104711087113,1,12,Low,0
ENT301320,Individual,Cyprus,PAN,1,7,15300.0,0,1,0,2,High,9.635673464721814,1,52,High,1
ENT301321,Corporate,China,PAN,1,4,13800.0,0,0,0,14,High,9.53249633228804,0,0,Low,0
ENT301322,Individual,BVI,Aadhaar,1,7,1577900.0,0,0,0,25,High,14.271606040777282,1,13,Low,0
ENT301323,Individual,China,Passport,1,6,26900.0,0,0,0,5,High,10.199918739620157,0,0,Low,0
ENT301324,Corporate,Seychelles,Aadhaar,1,1,53600.0,0,0,0,19,High,10.889323003601277,1,12,Low,0
ENT301325,Individual,Seychelles,Driving License,1,1,35000.0,0,0,0,2,High,10.463131911491967,1,12,Low,0
ENT301326,Trust,Singapore,PAN,1,6,60100.0,0,0,0,7,Low,11.003781759319981,0,6,Low,0
ENT301327,Individual,Singapore,Voter ID,1,7,56900.0,0,0,0,2,Medium,10.949068194652432,0,0,Low,0
ENT301328,Corporate,Cyprus,Passport,1,2,297300.0,0,0,2,17,Medium,12.602500372586318,1,28,Medium,0
ENT301329,Corporate,USA,Passport,1,2,352200.0,0,0,0,23,High,12.771957314336067,0,0,Low,0
ENT301330,Partnership,Cayman Islands,Passport,1,3,41600.0,0,0,0,25,High,10.635879484421974,1,12,Low,0
ENT301331,Individual,USA,PAN,1,4,8700.0,0,0,0,3,High,9.071193240566025,0,0,Low,0
ENT301332,Corporate,Singapore,Aadhaar,1,7,254100.0,0,0,0,8,High,12.445487104758993,0,0,Low,0
ENT301333,Partnership,Germany,Driving License,1,3,15000.0,0,0,0,12,High,9.61587214452889,0,0,Low,0
ENT301334,Individual,USA,PAN,1,5,10900.0,0,0,1,22,High,9.296609807128359,0,8,Low,0
ENT301335,Individual,Panama,Voter ID,1,1,30700.0,0,0,2,28,Low,10.332050506334692,1,34,Medium,0
ENT301336,Partnership,Hong Kong,PAN,1,4,97500.0,0,0,3,24,High,11.487617913343598,0,24,Medium,0
ENT301337,Corporate,Cyprus,Passport,1,4,60800.0,0,0,0,5,Medium,11.015361515187424,1,12,Low,0
ENT301338,Individual,UK,Voter ID,1,6,13900.0,0,0,1,19,High,9.539716058977092,0,8,Low,0
ENT301339,Corporate,BVI,Driving License,1,3,538400.0,0,0,0,10,High,13.196358914666057,1,12,Low,0
ENT301340,Individual,Cyprus,Aadhaar,1,6,303600.0,0,0,1,16,High,12.62346961830583,1,20,Low,0
ENT301341,Individual,Singapore,Driving License,1,6,85000.0,0,0,0,4,Medium,11.350418300109132,0,0,Low,0
ENT301342,Corporate,UK,Aadhaar,1,3,115800.0,0,0,0,19,Medium,11.659628479662329,0,0,Low,0
ENT301343,Individual,UAE,PAN,1,1,24800.0,0,0,1,26,Low,10.118639253920785,0,14,Low,0
ENT301344,Corporate,BVI,Driving License,1,3,15400.0,0,0,0,6,Medium,9.642187721358466,1,12,Low,0
ENT301345,Individual,China,PAN,1,5,20200.0,0,0,1,24,Medium,9.913487387114461,0,8,Low,0
ENT301346,Individual,USA,Passport,1,2,47100.0,0,0,0,26,Medium,10.76004951120163,0,0,Low,0
ENT301347,Individual,Germany,Aadhaar,0,7,499700.0,0,0,0,16,Medium,13.121765198531014,0,5,Low,0
ENT301348,Individual,Germany,Aadhaar,1,3,284900.0,0,0,0,10,Low,12.55989703048335,0,6,Low,0
ENT301349,Corporate,Seychelles,Voter ID,1,5,29500.0,0,0,1,5,High,10.292179440058462,1,20,Low,0
ENT301350,Individual,BVI,Voter ID,1,5,59700.0,0,0,0,18,Low,10.997104049659168,1,18,Low,0
ENT301351,Corporate,Germany,Passport,1,6,201300.0,0,0,1,16,High,12.21255657932543,0,8,Low,0
ENT301352,Corporate,Cayman Islands,Passport,1,5,1123900.0,0,0,1,16,High,13.932316227264838,1,21,Medium,0
ENT301353,Corporate,Germany,Voter ID,1,3,153400.0,0,0,0,16,Medium,11.94081068679887,0,0,Low,0
ENT301354,Corporate,Cyprus,Passport,1,6,15900.0,0,0,0,28,Medium,9.674137279312397,1,12,Low,0
ENT301355,Individual,Germany,Driving License,1,4,13700.0,0,0,0,24,Low,9.525224101853109,0,6,Low,0
ENT301356,Corporate,USA,Driving License,1,3,60600.0,0,0,0,13,Medium,11.01206667357142,0,0,Low,0
ENT301357,Individual,India,Driving License,1,4,44300.0,0,0,2,14,Medium,10.698762529141884,0,16,Low,0
ENT301358,Partnership,Germany,Passport,1,5,13500.0,0,0,0,15,Medium,9.510519035757246,0,0,Low,0
ENT301359,Individual,Cyprus,Voter ID,1,5,242300.0,0,0,0,21,Medium,12.397936033911247,1,12,Low,0
ENT301360,Individual,Cyprus,Passport,1,7,11300.0,0,0,0,8,Medium,9.332646496360152,1,12,Low,0
ENT301361,Corporate,Panama,Passport,1,2,66000.0,0,0,0,6,High,11.097425172408931,1,12,Low,0
ENT301362,Corporate,Singapore,Driving License,1,4,41700.0,0,0,1,1,High,10.638280388314705,0,8,Low,0
ENT301363,Individual,Singapore,Aadhaar,1,7,113300.0,0,0,0,27,Medium,11.63780327310248,0,0,Low,0
ENT301364,Individual,UAE,Driving License,0,2,16200.0,0,0,0,25,Low,9.692828247710418,0,11,Low,0
ENT301365,Individual,USA,Driving License,1,7,1128700.0,0,0,1,29,High,13.936577971918341,0,9,Low,0
ENT301366,Trust,Switzerland,Passport,1,7,231200.0,0,0,0,3,High,12.351042741030522,0,0,Low,0
ENT301367,Corporate,Cayman Islands,Passport,1,3,229600.0,0,0,0,12,Medium,12.34409829881876,1,12,Low,0
ENT301368,Individual,BVI,Voter ID,1,2,106400.0,0,0,0,1,Medium,11.574970254341757,1,12,Low,0
ENT301369,Individual,Switzerland,PAN,1,1,26200.0,0,0,0,4,High,10.173552856959743,0,0,Low,0
ENT301370,Individual,Germany,Driving License,1,2,25000.0,0,0,0,12,High,10.12667110305036,0,0,Low,0
ENT301371,Individual,Germany,Aadhaar,1,5,48900.0,0,0,0,11,Medium,10.797553125151618,0,0,Low,0
ENT301372,Trust,Switzerland,Voter ID,1,4,19200.0,0,0,0,12,High,9.862717639992917,0,0,Low,0
ENT301373,Individual,Cayman Islands,PAN,1,3,69100.0,0,0,0,4,High,11.143324481431074,1,12,Low,0
ENT301374,Individual,India,Aadhaar,1,1,210700.0,0,0,0,9,Medium,12.258195345865499,0,0,Low,0
ENT301375,Corporate,Switzerland,Driving License,1,6,1700.0,0,0,0,16,High,7.438971592395862,0,0,Low,0
ENT301376,Corporate,Germany,Driving License,1,7,104900.0,0,0,1,26,High,11.560772327227417,0,8,Low,0
ENT301377,Individual,China,Voter ID,0,7,184300.0,0,0,0,26,High,12.124325569579169,0,5,Low,0
ENT301378,Individual,BVI,Aadhaar,1,3,278400.0,0,0,0,12,High,12.536817799389974,1,12,Low,0
ENT301379,Individual,USA,Passport,1,1,81000.0,1,0,0,18,High,11.302216779257382,0,15,Low,1
ENT301380,Trust,India,Driving License,1,3,1152400.0,1,0,1,14,High,13.957358149946385,0,24,Medium,1
ENT301381,Corporate,Seychelles,Voter ID,1,1,123800.0,0,0,0,1,High,11.726430716744437,1,12,Low,0
ENT301382,Individual,China,Driving License,1,5,55600.0,0,0,1,29,High,10.925956465688445,0,8,Low,0
ENT301383,Individual,Hong Kong,Aadhaar,1,4,313900.0,0,0,0,5,Medium,12.656832928552909,0,0,Low,0
ENT301384,Corporate,Cyprus,PAN,1,3,432700.0,1,1,0,10,High,12.977802237280331,1,67,Critical,1
ENT301385,Corporate,Singapore,PAN,0,3,17200.0,0,0,0,6,High,9.75272280064639,0,5,Low,0
ENT301386,Individual,Mauritius,Driving License,1,5,33700.0,0,0,0,12,Medium,10.425282789490705,1,12,Low,0
ENT301387,Corporate,Germany,Aadhaar,1,7,132300.0,0,0,0,12,Medium,11.792834908653468,0,0,Low,0
ENT301388,Corporate,USA,Voter ID,1,7,230000.0,0,0,0,27,High,12.345838935721968,0,0,Low,0
ENT301389,Individual,UK,Driving License,1,3,89100.0,0,0,1,28,Medium,11.397525836740476,0,8,Low,0
ENT301390,Individual,India,Voter ID,1,7,52600.0,0,0,0,7,Medium,10.87049040995193,0,0,Low,0
ENT301391,Corporate,Hong Kong,PAN,1,3,11000.0,0,0,0,4,Low,9.305741456739435,0,6,Low,0
ENT301392,Individual,Germany,Voter ID,1,6,19100.0,0,0,0,11,High,9.857495968685136,0,0,Low,0
ENT301393,Corporate,Switzerland,Aadhaar,1,4,25800.0,0,0,0,2,Medium,10.158168529848494,0,0,Low,0
ENT301394,Corporate,UK,Passport,1,4,27200.0,0,0,0,23,Medium,10.211009016314165,0,0,Low,0
ENT301395,Trust,Germany,Voter ID,1,3,60600.0,0,0,0,1,Medium,11.01206667357142,0,0,Low,0
ENT301396,Individual,Cayman Islands,Voter ID,1,7,199000.0,0,0,0,25,High,12.201065128819632,1,12,Low,0
ENT301397,Individual,Hong Kong,PAN,1,6,52900.0,0,0,1,8,Low,10.876177521259402,0,14,Low,0
ENT301398,Individual,Switzerland,Voter ID,0,3,60900.0,0,0,1,8,Low,11.017004873924424,0,19,Low,0
ENT301399,Corporate,BVI,Driving License,1,1,68900.0,0,0,0,8,Medium,11.140425970684525,1,12,Low,0
ENT301400,Corporate,Cayman Islands,Aadhaar,1,1,105900.0,0,0,0,21,Medium,11.570259974415547,1,12,Low,0
ENT301401,Individual,Singapore,Voter ID,1,5,5600.0,0,0,0,17,High,8.630700432209832,0,0,Low,0
ENT301402,Individual,China,Aadhaar,1,7,18400.0,0,0,0,29,High,9.820160289946374,0,0,Low,0
ENT301403,Corporate,Switzerland,PAN,1,3,117600.0,0,0,0,17,Medium,11.67505281781187,0,0,Low,0
ENT301404,Corporate,UAE,Voter ID,1,7,168700.0,0,0,3,17,Low,12.035883196198768,0,30,Medium,0
ENT301405,Individual,Cayman Islands,Aadhaar,1,2,160300.0,0,0,0,21,Low,11.984808576881369,1,18,Low,0
ENT301406,Corporate,USA,Aadhaar,1,6,145800.0,0,0,1,25,Medium,11.889997957243736,0,8,Low,0
ENT301407,Individual,USA,Aadhaar,1,2,346300.0,0,0,0,13,High,12.755063618055994,0,0,Low,0
ENT301408,Corporate,USA,Passport,1,6,66800.0,0,0,0,15,High,11.109473329472568,0,0,Low,0
ENT301409,Corporate,Hong Kong,Driving License,1,6,36000.0,0,0,0,20,High,10.491301994830229,0,0,Low,0
ENT301410,Corporate,Seychelles,Aadhaar,1,5,99300.0,0,0,0,7,Medium,11.505910920476012,1,12,Low,0
ENT301411,Corporate,USA,Aadhaar,1,6,3700.0,0,0,0,12,Low,8.216358332386156,0,6,Low,0
ENT301412,Individual,Seychelles,Aadhaar,1,3,83300.0,0,0,0,26,High,11.330215832884798,1,12,Low,0
ENT301413,Partnership,Cayman Islands,Passport,1,7,239800.0,0,0,0,6,High,12.38756469170864,1,12,Low,0
ENT301414,Individual,BVI,Driving License,0,2,47800.0,0,0,0,10,Medium,10.774801838762809,1,17,Low,0
ENT301415,Individual,Cayman Islands,Driving License,1,6,156100.0,0,0,1,1,Medium,11.958258512632908,1,20,Low,0
ENT301416,Individual,UK,Passport,1,4,41500.0,0,0,0,16,Low,10.633472802314019,0,6,Low,0
ENT301417,Corporate,Seychelles,Aadhaar,1,3,83600.0,0,0,0,23,High,11.33381076072374,1,12,Low,0
ENT301418,Corporate,Cyprus,PAN,1,5,74300.0,0,0,0,15,High,11.215879689565481,1,12,Low,0
ENT301419,Individual,UK,Driving License,1,2,104000.0,0,0,1,8,Medium,11.552155793461898,0,8,Low,0
ENT301420,Partnership,Mauritius,Driving License,1,3,169000.0,0,0,3,3,Medium,12.037659911047468,1,36,Medium,0
ENT301421,Corporate,India,PAN,1,6,67900.0,0,0,0,15,Medium,11.125806040978839,0,0,Low,0
ENT301422,Individual,Singapore,Voter ID,1,5,13600.0,1,0,1,11,High,9.517898598432753,0,23,Medium,1
ENT301423,Individual,Cyprus,Voter ID,1,5,33500.0,0,0,0,20,Low,10.419330568113901,1,18,Low,0
ENT301424,Partnership,Switzerland,Driving License,1,5,862800.0,0,0,0,27,Medium,13.66793935251362,0,1,Low,0
ENT301425,Individual,BVI,Aadhaar,1,1,53800.0,0,0,0,8,Low,10.893047333337728,1,18,Low,0
ENT301426,Individual,USA,Passport,1,4,278600.0,0,0,1,15,High,12.53753592969685,0,8,Low,0
ENT301427,Corporate,UK,Passport,1,2,474500.0,0,0,0,12,High,13.070019004511458,0,0,Low,0
ENT301428,Individual,Cyprus,Aadhaar,1,1,33100.0,0,0,0,25,High,10.407318772389159,1,12,Low,0
ENT301429,Individual,UAE,Driving License,1,6,443900.0,0,0,0,9,Medium,13.003356843579219,0,0,Low,0
ENT301430,Corporate,Mauritius,PAN,1,1,19100.0,0,0,0,25,Low,9.857495968685136,1,18,Low,0
ENT301431,Individual,Panama,Driving License,1,1,660400.0,0,0,0,17,Medium,13.40060250526076,1,12,Low,0
ENT301432,Individual,Singapore,Aadhaar,1,7,13000.0,0,0,0,25,Medium,9.472781556562168,0,0,Low,0
ENT301433,Individual,Cyprus,Voter ID,1,5,63700.0,0,0,2,1,High,11.06195554002416,1,28,Medium,0
ENT301434,Individual,India,Aadhaar,1,2,57900.0,0,0,2,7,Medium,10.96648993456911,0,16,Low,0
ENT301435,Individual,China,Passport,1,4,49000.0,0,0,0,4,High,10.799595985047786,0,0,Low,0
ENT301436,Individual,UK,PAN,1,7,100800.0,0,0,0,15,Medium,11.520903555205116,0,0,Low,0
ENT301437,Individual,Hong Kong,Driving License,0,1,653400.0,0,0,0,8,High,13.389946308604012,0,5,Low,0
ENT301438,Individual,USA,Driving License,1,3,73300.0,0,0,0,23,Low,11.202329530346486,0,6,Low,0
ENT301439,Corporate,BVI,Driving License,1,7,32300.0,0,0,0,3,Low,10.382853468483827,1,18,Low,0
ENT301440,Corporate,Switzerland,PAN,1,1,29800.0,0,0,0,18,High,10.30229722897745,0,0,Low,0
ENT301441,Individual,Panama,Voter ID,1,2,15600.0,0,0,0,22,Medium,9.65509029374725,1,12,Low,0
ENT301442,Individual,UK,PAN,0,7,1869900.0,0,0,0,29,Medium,14.441396046252866,0,6,Low,0
ENT301443,Individual,USA,Aadhaar,1,4,321100.0,0,0,0,5,High,12.679510994367368,0,0,Low,0
ENT301444,Corporate,China,Driving License,1,2,129100.0,0,0,3,9,High,11.768350322738119,0,24,Medium,0
ENT301445,Individual,Germany,Aadhaar,1,6,18300.0,0,0,0,9,High,9.814710982145282,0,0,Low,0
ENT301446,Individual,UAE,Voter ID,1,7,16300.0,0,0,0,14,Medium,9.69898173460629,0,0,Low,0
ENT301447,Individual,Singapore,Driving License,0,1,104500.0,0,0,0,7,Low,11.556951919719207,0,11,Low,0
ENT301448,Individual,UK,PAN,1,4,256600.0,0,0,0,26,Medium,12.455277628272214,0,0,Low,0
ENT301449,Individual,UK,Passport,1,1,13500.0,0,0,0,22,Medium,9.510519035757246,0,0,Low,0
ENT301450,Individual,Mauritius,Driving License,1,4,32400.0,0,0,0,27,High,10.385944565501662,1,12,Low,0
ENT301451,Individual,UAE,Aadhaar,1,4,34700.0,0,0,0,2,High,10.454523783963511,0,0,Low,0
ENT301452,Trust,UK,Driving License,1,3,563400.0,0,0,3,15,High,13.241746909360712,0,24,Medium,0
ENT301453,Individual,Cayman Islands,Aadhaar,1,7,210500.0,1,0,1,24,Medium,12.257245682687113,1,35,Medium,1
ENT301454,Corporate,Cayman Islands,PAN,1,3,84900.0,0,0,0,29,Medium,11.349241150793087,1,12,Low,0
ENT301455,Corporate,UK,PAN,1,5,89900.0,0,0,0,5,High,11.40646434386837,0,0,Low,0
ENT301456,Corporate,Hong Kong,PAN,1,7,224800.0,0,0,0,19,High,12.322970845390355,0,0,Low,0
ENT301457,Individual,China,Driving License,1,2,22100.0,0,0,1,25,Medium,10.003378135350923,0,8,Low,0
ENT301458,Individual,Singapore,Voter ID,1,2,478900.0,0,0,0,20,High,13.079249174447126,0,0,Low,0
ENT301459,Individual,UAE,Aadhaar,0,7,78900.0,0,0,0,14,Medium,11.275949181024878,0,5,Low,0
ENT301460,Individual,China,Aadhaar,1,7,45900.0,0,0,0,12,High,10.734242182303689,0,0,Low,0
ENT301461,Corporate,Panama,Voter ID,1,5,34100.0,0,0,0,18,High,10.43708198835482,1,12,Low,0
ENT301462,Partnership,Cayman Islands,Aadhaar,1,2,110500.0,0,0,0,10,Medium,11.612779849672751,1,12,Low,0
ENT301463,Corporate,Cayman Islands,Aadhaar,1,7,83100.0,0,0,1,28,Low,11.32781201446548,1,26,Medium,0
ENT301464,Corporate,UAE,Aadhaar,1,5,142100.0,0,0,0,4,Medium,11.864293351358109,0,0,Low,0
ENT301465,Corporate,Seychelles,Voter ID,1,2,35600.0,0,0,0,28,Medium,10.480129006333248,1,12,Low,0
ENT301466,Partnership,China,Voter ID,1,7,32700.0,0,0,0,17,High,10.39516093745751,0,0,Low,0
ENT301467,Corporate,UAE,Passport,1,2,54200.0,0,0,1,29,Low,10.900454637442037,0,14,Low,0
ENT301468,Individual,India,PAN,1,4,106900.0,0,0,0,5,High,11.579658451506333,0,0,Low,0
ENT301469,Partnership,Germany,PAN,1,1,150400.0,0,0,0,2,High,11.921060339411943,0,0,Low,0
ENT301470,Partnership,India,Driving License,1,4,54700.0,0,0,0,11,Low,10.909637269778615,0,6,Low,0
ENT301471,Individual,Seychelles,PAN,1,6,14800.0,0,0,0,6,High,9.60245002503719,1,12,Low,0
ENT301472,Individual,Mauritius,PAN,1,5,145200.0,0,0,0,7,High,11.885874268401459,1,12,Low,0
ENT301473,Individual,Singapore,Voter ID,1,4,57900.0,0,0,0,4,Medium,10.96648993456911,0,0,Low,0
ENT301474,Individual,China,Passport,1,3,579000.0,0,0,0,17,Low,13.269059483669357,0,6,Low,0
ENT301475,Trust,Germany,Driving License,1,6,247200.0,0,0,0,9,Medium,12.417957049864935,0,0,Low,0
ENT301476,Individual,Mauritius,Voter ID,1,4,149000.0,0,0,0,16,Medium,11.91170829631447,1,12,Low,0
ENT301477,Corporate,Seychelles,PAN,1,3,79000.0,0,0,3,16,High,11.277215789596893,1,36,Medium,0
ENT301478,Corporate,USA,Passport,1,2,215100.0,0,0,0,24,Medium,12.27886296424548,0,0,Low,0
ENT301479,Corporate,Panama,PAN,0,3,54700.0,0,0,2,18,High,10.909637269778615,1,33,Medium,0
ENT301480,Corporate,China,PAN,1,7,360100.0,0,0,0,1,High,12.794139826639498,0,0,Low,0
ENT301481,Individual,Panama,Passport,1,1,248900.0,0,0,2,21,High,12.424810506025395,1,28,Medium,0
ENT301482,Individual,India,Voter ID,1,2,209200.0,0,0,0,16,High,12.251050791276203,0,0,Low,0
ENT301483,Corporate,Cayman Islands,Driving License,1,7,4300.0,0,0,0,14,Medium,8.366602832783736,1,12,Low,0
ENT301484,Individual,Cyprus,Aadhaar,1,7,93200.0,0,0,0,14,Low,11.442513730229855,1,18,Low,0
ENT301485,Corporate,USA,Voter ID,1,4,15300.0,0,0,1,23,High,9.635673464721814,0,8,Low,0
ENT301486,Individual,Cyprus,Voter ID,1,7,145700.0,0,0,0,25,High,11.889311855577725,1,12,Low,0
ENT301487,Corporate,Switzerland,Voter ID,1,7,38900.0,0,0,2,26,Medium,10.568775236216993,0,16,Low,0
ENT301488,Individual,Cyprus,Aadhaar,1,6,148400.0,0,0,2,7,High,11.907673348237187,1,28,Medium,0
ENT301489,Corporate,Mauritius,Passport,1,3,187900.0,0,0,0,10,Medium,12.14367050736717,1,12,Low,0
ENT301490,Individual,UK,Driving License,1,5,93700.0,0,0,0,24,High,11.447864140528155,0,0,Low,0
ENT301491,Corporate,Seychelles,Voter ID,1,4,24700.0,0,0,0,9,Medium,10.114599007626499,1,12,Low,0
ENT301492,Corporate,India,PAN,1,2,201900.0,0,0,0,20,High,12.215532757235666,0,0,Low,0
ENT301493,Individual,Germany,Driving License,1,2,35500.0,0,0,0,19,High,10.477316144080852,0,0,Low,0
ENT301494,Corporate,UAE,Voter ID,1,1,64200.0,0,0,0,22,Medium,11.06977406588073,0,0,Low,0
ENT301495,Corporate,Seychelles,Driving License,1,1,759100.0,0,0,0,9,Low,13.539890117353485,1,18,Low,0
ENT301496,Individual,UAE,Aadhaar,1,7,194300.0,0,0,0,29,Low,12.177163782032679,0,6,Low,0
ENT301497,Corporate,Seychelles,Driving License,1,3,9000.0,0,0,0,2,High,9.105090961257085,1,12,Low,0
ENT301498,Individual,Cyprus,PAN,1,3,179700.0,0,0,0,22,High,12.09904963758644,1,12,Low,0
ENT301499,Corporate,Germany,Voter ID,1,2,193300.0,1,0,2,22,High,12.172003838488783,0,31,Medium,1
ENT301500,Corporate,Switzerland,Voter ID,1,2,23400.0,0,0,0,26,Medium,10.060534035475412,0,0,Low,0
ENT301501,Individual,Switzerland,Driving License,1,1,4100.0,0,0,0,15,High,8.31898612539206,0,0,Low,0
ENT301502,Individual,Panama,Passport,1,1,24100.0,0,0,0,24,High,10.090008612393838,1,12,Low,0
ENT301503,Corporate,Singapore,Aadhaar,1,3,1614300.0,0,0,0,21,Medium,14.294412603608974,0,1,Low,0
ENT301504,Corporate,Panama,Driving License,1,3,66100.0,0,0,0,11,High,11.098939154318382,1,12,Low,0
ENT301505,Individual,BVI,Driving License,1,4,185500.0,0,0,0,13,High,12.130815551850676,1,12,Low,0
ENT301506,Individual,Switzerland,Driving License,1,1,88600.0,0,0,0,7,High,11.391898423211194,0,0,Low,0
ENT301507,Individual,Germany,Aadhaar,1,4,40900.0,0,0,0,3,Low,10.61890979160975,0,6,Low,0
ENT301508,Partnership,Mauritius,PAN,1,1,25500.0,0,0,0,14,High,10.146472946063877,1,12,Low,0
ENT301509,Individual,Seychelles,Passport,1,3,33500.0,0,0,0,5,Medium,10.419330568113901,1,12,Low,0
ENT301510,Individual,Germany,Driving License,1,1,73300.0,0,0,0,11,Medium,11.202329530346486,0,0,Low,0
ENT301511,Individual,Hong Kong,Passport,1,7,26500.0,0,0,0,25,Medium,10.184937747111391,0,0,Low,0
ENT301512,Individual,Hong Kong,Aadhaar,1,3,45100.0,1,0,0,8,Medium,10.716659698193956,0,15,Low,1
ENT301513,Partnership,BVI,Passport,1,5,10200.0,0,0,0,18,High,9.23024103368252,1,12,Low,0
ENT301514,Corporate,BVI,PAN,1,4,26200.0,0,0,0,9,Medium,10.173552856959743,1,12,Low,0
ENT301515,Individual,Mauritius,Aadhaar,1,3,55900.0,0,1,0,7,Medium,10.93133754807084,1,52,High,1
ENT301516,Individual,UAE,Passport,1,3,24600.0,0,0,0,11,Low,10.110542371500753,0,6,Low,0
ENT301517,Corporate,Singapore,Aadhaar,1,6,103400.0,0,0,0,25,High,11.546369912189585,0,0,Low,0
ENT301518,Individual,BVI,Voter ID,1,6,176200.0,0,0,0,9,Medium,12.079380667837011,1,12,Low,0
ENT301519,Individual,Hong Kong,Driving License,0,1,172900.0,0,0,1,2,Medium,12.06047445534465,0,13,Low,0
ENT301520,Corporate,Germany,Voter ID,1,7,10000.0,0,0,0,20,High,9.210440366976517,0,0,Low,0
ENT301521,Individual,China,Passport,1,6,45700.0,0,0,0,3,High,10.729875458480967,0,0,Low,0
ENT301522,Individual,UK,Driving License,1,5,206300.0,0,1,3,4,High,12.237091546357338,0,64,Critical,1
ENT301523,Partnership,Mauritius,Aadhaar,1,2,58200.0,0,0,0,1,High,10.971657815702502,1,12,Low,0
ENT301524,Individual,China,Passport,0,6,95000.0,0,0,0,22,Low,11.461642696843066,0,11,Low,0
ENT301525,Individual,Hong Kong,Aadhaar,1,1,220500.0,0,0,0,10,Medium,12.303657509006147,0,0,Low,0
ENT301526,Individual,Switzerland,PAN,1,2,99000.0,0,0,0,16,High,11.502885230075814,0,0,Low,0
ENT301527,Individual,Seychelles,Aadhaar,1,5,194600.0,0,0,1,28,High,12.178706587466984,1,20,Low,0
ENT301528,Partnership,Cyprus,Aadhaar,1,4,63100.0,0,0,0,2,Low,11.052491896264268,1,18,Low,0
ENT301529,Partnership,Cyprus,Voter ID,1,3,20200.0,0,0,2,3,Medium,9.913487387114461,1,28,Medium,0
ENT301530,Individual,Cyprus,PAN,1,1,108700.0,0,0,0,24,High,11.596356272699,1,12,Low,0
ENT301531,Corporate,Seychelles,Voter ID,0,7,19600.0,0,0,0,5,Low,9.883335864325275,1,23,Medium,0
ENT301532,Individual,Cyprus,Passport,1,5,64600.0,0,0,0,8,High,11.075985169527042,1,12,Low,0
ENT301533,Corporate,Mauritius,Voter ID,1,1,48100.0,0,0,0,19,Medium,10.781058245898533,1,12,Low,0
ENT301534,Corporate,Panama,Aadhaar,1,5,33700.0,0,0,0,4,High,10.425282789490705,1,12,Low,0
ENT301535,Corporate,Mauritius,Passport,1,2,397500.0,0,0,0,8,High,12.89295272879663,1,12,Low,0
ENT301536,Individual,Panama,Driving License,1,3,10800.0,0,0,0,3,High,9.287394001418473,1,12,Low,0
ENT301537,Corporate,Cayman Islands,PAN,1,2,55900.0,0,0,1,15,Medium,10.93133754807084,1,20,Low,0
ENT301538,Individual,Cyprus,Aadhaar,1,1,65100.0,0,0,0,1,Low,11.083695189061785,1,18,Low,0
ENT301539,Individual,China,PAN,1,3,42100.0,0,0,0,1,Low,10.647826772357497,0,6,Low,0
ENT301540,Corporate,India,Driving License,1,6,9700.0,0,0,1,23,High,9.179984251961283,0,8,Low,0
ENT301541,Trust,Mauritius,Driving License,1,6,71400.0,0,0,2,28,Low,11.17606715383184,1,34,Medium,0
ENT301542,Corporate,Hong Kong,Voter ID,1,2,64500.0,0,0,0,7,Medium,11.07443600653965,0,0,Low,0
ENT301543,Individual,Hong Kong,Passport,1,6,9000.0,0,0,0,17,High,9.105090961257085,0,0,Low,0
ENT301544,Corporate,Hong Kong,Aadhaar,1,1,110000.0,0,0,0,8,High,11.608244735642321,0,0,Low,0
ENT301545,Partnership,Seychelles,Voter ID,1,4,76600.0,0,0,0,28,High,11.246365410473757,1,12,Low,0
ENT301546,Individual,Seychelles,Driving License,1,2,13500.0,0,0,0,19,High,9.510519035757246,1,12,Low,0
ENT301547,Corporate,Germany,PAN,1,2,273000.0,0,0,0,23,Medium,12.51723073716405,0,0,Low,0
ENT301548,Corporate,UAE,Driving License,1,5,56600.0,0,0,0,6,Low,10.943781931879723,0,6,Low,0
ENT301549,Trust,Mauritius,Aadhaar,1,2,278400.0,0,0,0,28,Medium,12.536817799389974,1,12,Low,0
ENT301550,Trust,China,PAN,1,4,266300.0,0,0,3,28,High,12.492382526958323,0,24,Medium,0
ENT301551,Corporate,Singapore,Aadhaar,1,7,31000.0,0,0,3,3,Low,10.34177474101152,0,30,Medium,0
ENT301552,Partnership,Mauritius,Driving License,1,3,55400.0,0,0,0,2,High,10.922352923113982,1,12,Low,0
ENT301553,Individual,China,Aadhaar,1,3,237300.0,1,0,2,29,Medium,12.377084656489986,0,31,Medium,1
ENT301554,Trust,Seychelles,Passport,1,5,48200.0,0,0,0,2,High,10.783135046711445,1,12,Low,0
ENT301555,Individual,Hong Kong,PAN,1,3,23100.0,1,0,0,17,Medium,10.047631185616188,0,15,Low,1
ENT301556,Individual,Switzerland,Driving License,1,6,62400.0,0,0,0,15,Medium,11.041336579870135,0,0,Low,0
ENT301557,Individual,Hong Kong,Passport,1,5,34700.0,0,0,0,27,Low,10.454523783963511,0,6,Low,0
ENT301558,Corporate,Mauritius,Passport,1,4,89500.0,0,0,0,17,Medium,11.402005077384885,1,12,Low,0
ENT301559,Corporate,Switzerland,Aadhaar,1,3,41600.0,0,0,0,26,High,10.635879484421974,0,0,Low,0
ENT301560,Individual,Mauritius,Aadhaar,1,4,13600.0,0,0,0,3,High,9.517898598432753,1,12,Low,0
ENT301561,Individual,BVI,Passport,1,6,120900.0,0,0,2,21,Medium,11.70272730786727,1,28,Medium,0
ENT301562,Individual,Panama,PAN,1,5,148800.0,0,0,0,21,High,11.910365121788654,1,12,Low,0
ENT301563,Individual,Switzerland,Driving License,1,1,31500.0,0,0,0,9,High,10.357774570341576,0,0,Low,0
ENT301564,Corporate,India,Passport,1,6,17700.0,0,0,0,23,High,9.781376414141157,0,0,Low,0
ENT301565,Individual,Seychelles,Voter ID,1,3,121300.0,0,0,0,21,Low,11.706030338921243,1,18,Low,0
ENT301566,Corporate,China,Voter ID,1,2,41600.0,0,0,0,20,Medium,10.635879484421974,0,0,Low,0
ENT301567,Corporate,USA,Voter ID,1,7,37300.0,0,0,0,28,Medium,10.526775414924009,0,0,Low,0
ENT301568,Individual,USA,Passport,1,4,376700.0,0,0,0,16,High,12.839207048308943,0,0,Low,0
ENT301569,Individual,Singapore,PAN,1,3,166500.0,0,0,0,10,Low,12.022756594390605,0,6,Low,0
ENT301570,Individual,Singapore,Voter ID,1,1,47000.0,0,0,0,26,High,10.757924157061597,0,0,Low,0
ENT301571,Individual,Singapore,PAN,1,3,9900.0,0,0,0,4,High,9.200391041122515,0,0,Low,0
ENT301572,Individual,Seychelles,PAN,1,5,92100.0,0,0,0,19,Medium,11.430641079947755,1,12,Low,0
ENT301573,Partnership,USA,PAN,1,4,126300.0,0,0,0,22,High,11.746423225963612,0,0,Low,0
ENT301574,Corporate,BVI,Passport,1,6,193800.0,0,0,0,21,High,12.174587138384211,1,12,Low,0
ENT301575,Corporate,UAE,PAN,1,2,53800.0,0,0,0,5,High,10.893047333337728,0,0,Low,0
ENT301576,Individual,Cyprus,PAN,1,4,20300.0,0,0,0,10,Medium,9.918425424900335,1,12,Low,0
ENT301577,Individual,Cyprus,Driving License,1,2,429300.0,0,0,2,6,Medium,12.969913583583338,1,28,Medium,0
ENT301578,Individual,UK,PAN,1,7,85600.0,0,0,0,29,Low,11.357452244304588,0,6,Low,0
ENT301579,Individual,USA,Aadhaar,1,6,293100.0,0,0,0,16,Medium,12.588272538498009,0,0,Low,0
ENT301580,Partnership,UAE,Driving License,1,7,44500.0,0,0,0,25,High,10.703266939811954,0,0,Low,0
ENT301581,Partnership,UK,Passport,1,1,11000.0,0,0,0,28,Medium,9.305741456739435,0,0,Low,0
ENT301582,Trust,BVI,Aadhaar,1,6,34900.0,0,0,0,26,Low,10.460270761075149,1,18,Low,0
ENT301583,Individual,Panama,Voter ID,0,4,157100.0,0,0,0,23,Low,11.964644189595829,1,23,Medium,0
ENT301584,Individual,Germany,Aadhaar,1,5,34400.0,0,0,0,8,High,10.445840912706414,0,0,Low,0
ENT301585,Corporate,Germany,Passport,1,2,435200.0,0,0,2,14,High,12.983563272315347,0,16,Low,0
ENT301586,Partnership,Singapore,Aadhaar,1,3,83600.0,0,0,0,1,Medium,11.33381076072374,0,0,Low,0
ENT301587,Trust,Switzerland,Voter ID,1,6,56700.0,0,0,0,23,Low,10.945547126244623,0,6,Low,0
ENT301588,Individual,UK,PAN,1,4,214200.0,0,0,0,25,Medium,12.274670105518968,0,0,Low,0
ENT301589,Corporate,USA,Voter ID,1,2,738300.0,0,0,0,24,Medium,13.512106879509295,0,0,Low,0
ENT301590,Individual,Panama,Passport,1,2,232200.0,0,0,0,25,Low,12.355358654868867,1,18,Low,0
ENT301591,Corporate,Switzerland,Aadhaar,0,6,65100.0,0,0,0,16,Medium,11.083695189061785,0,5,Low,0
ENT301592,Individual,Cyprus,Passport,1,2,1234800.0,1,0,0,27,High,14.026420381457562,1,28,Medium,1
ENT301593,Corporate,Switzerland,Driving License,0,3,21100.0,0,0,0,12,High,9.957075711706057,0,5,Low,0
ENT301594,Individual,BVI,Aadhaar,1,1,50100.0,0,0,1,15,Medium,10.821796246953596,1,20,Low,0
ENT301595,Individual,USA,Voter ID,1,7,22000.0,0,0,0,6,Low,9.99884318585288,0,6,Low,0
ENT301596,Corporate,Cyprus,PAN,1,3,151100.0,0,0,0,27,High,11.925703766372617,1,12,Low,0
ENT301597,Corporate,UK,Passport,1,4,102300.0,0,0,1,27,Medium,11.535674727063007,0,8,Low,0
ENT301598,Partnership,UK,Driving License,1,1,50800.0,0,0,0,10,Medium,10.835671318412196,0,0,Low,0
ENT301599,Individual,BVI,PAN,1,2,14600.0,0,0,0,8,Medium,9.588845298501564,1,12,Low,0
ENT301600,Individual,UK,Driving License,1,2,116100.0,0,0,1,29,High,11.662215780913316,0,8,Low,0
ENT301601,Individual,Germany,Voter ID,1,2,13100.0,0,0,0,29,Medium,9.48044384215367,0,0,Low,0
ENT301602,Individual,Mauritius,Aadhaar,1,6,28800.0,0,0,1,22,High,10.268165387743457,1,20,Low,0
ENT301603,Partnership,India,Driving License,1,5,79200.0,0,1,3,22,Low,11.279744203985432,0,70,Critical,1
ENT301604,Individual,Hong Kong,Aadhaar,1,1,107900.0,0,0,0,24,High,11.588969419043874,0,0,Low,0
ENT301605,Individual,Cyprus,Passport,1,4,97000.0,0,0,0,21,Medium,11.48247656671073,1,12,Low,0
ENT301606,Individual,India,Passport,1,5,114400.0,0,0,0,2,High,11.647465099148372,0,0,Low,0
ENT301607,Corporate,Cyprus,Driving License,1,2,77400.0,0,0,0,1,Medium,11.256754979390998,1,12,Low,0
ENT301608,Individual,Cayman Islands,Aadhaar,1,4,19600.0,0,0,0,8,Medium,9.883335864325275,1,12,Low,0
ENT301609,Corporate,Cyprus,Passport,1,3,40100.0,0,0,2,9,Medium,10.599156550639583,1,28,Medium,0
ENT301610,Individual,Mauritius,Voter ID,1,3,44500.0,0,0,0,8,High,10.703266939811954,1,12,Low,0
ENT301611,Individual,China,PAN,1,4,219000.0,0,0,0,5,High,12.296831574998258,0,0,Low,0
ENT301612,Individual,BVI,Driving License,1,7,9400.0,0,0,1,16,Low,9.148571345578551,1,26,Medium,0
ENT301613,Individual,BVI,PAN,1,2,62700.0,0,0,0,5,High,11.046132675457146,1,12,Low,0
ENT301614,Individual,Seychelles,Driving License,1,3,36200.0,0,0,0,2,High,10.49684202174171,1,12,Low,0
ENT301615,Corporate,Singapore,Voter ID,1,2,15700.0,0,0,0,1,High,9.661479683575521,0,0,Low,0
ENT301616,Individual,India,Voter ID,1,4,4300.0,0,0,0,14,High,8.366602832783736,0,0,Low,0
ENT301617,Partnership,UAE,PAN,1,6,13200.0,0,0,0,23,High,9.488047863280759,0,0,Low,0
ENT301618,Individual,UK,Voter ID,0,5,246100.0,0,0,0,15,Medium,12.413497299759758,0,5,Low,0
ENT301619,Corporate,Mauritius,PAN,1,2,16200.0,0,0,0,10,Medium,9.692828247710418,1,12,Low,0
ENT301620,Corporate,Switzerland,PAN,1,1,32500.0,0,0,0,9,Medium,10.389026137075234,0,0,Low,0
ENT301621,Trust,Seychelles,Passport,1,7,172200.0,0,0,0,12,High,12.056417678159836,1,12,Low,0
ENT301622,Corporate,Switzerland,Voter ID,1,2,91400.0,1,0,0,29,High,11.423011698301426,0,15,Low,1
ENT301623,Individual,India,Voter ID,0,1,192800.0,0,0,0,1,Medium,12.169413847867123,0,5,Low,0
ENT301624,Individual,Cayman Islands,Passport,1,6,6100.0,0,0,1,25,Medium,8.716207971151853,1,20,Low,0
ENT301625,Corporate,Mauritius,Aadhaar,1,6,832800.0,0,0,0,4,Medium,13.632549997050667,1,12,Low,0
ENT301626,Individual,UK,Voter ID,1,7,63100.0,0,0,0,28,High,11.052491896264268,0,0,Low,0
ENT301627,Individual,Cayman Islands,PAN,0,5,5200.0,1,0,0,19,High,8.556606193773073,1,32,Medium,1
ENT301628,Corporate,USA,PAN,0,1,65200.0,0,0,0,16,Medium,11.08523008522044,0,5,Low,0
ENT301629,Partnership,Seychelles,Voter ID,1,4,121700.0,0,0,0,19,Medium,11.70932249586873,1,12,Low,0
ENT301630,Individual,UAE,Passport,1,6,43000.0,1,0,0,6,Medium,10.668978650219241,0,15,Low,1
ENT301631,Individual,Cayman Islands,Aadhaar,1,6,16500.0,0,0,0,20,Low,9.711176264112805,1,18,Low,0
ENT301632,Partnership,Switzerland,Passport,1,6,118600.0,0,0,0,22,High,11.68352019721342,0,0,Low,0
ENT301633,Individual,China,Aadhaar,1,4,78300.0,0,0,0,11,High,11.268315653289422,0,0,Low,0
ENT301634,Corporate,Hong Kong,Voter ID,1,4,240800.0,0,0,1,19,Medium,12.3917261452321,0,8,Low,0
ENT301635,Individual,Hong Kong,Voter ID,1,1,35200.0,0,0,0,15,Medium,10.468829770273567,0,0,Low,0
ENT301636,Corporate,UAE,Driving License,1,4,74200.0,0,0,0,14,High,11.214532906153606,0,0,Low,0
ENT301637,Corporate,Switzerland,Passport,1,1,124900.0,0,0,0,23,High,11.735276702486741,0,0,Low,0
ENT301638,Individual,UK,Driving License,1,6,402100.0,0,0,0,26,Medium,12.90445857982582,0,0,Low,0
ENT301639,Corporate,China,Aadhaar,1,5,52200.0,0,0,0,14,Medium,10.862856930775358,0,0,Low,0
ENT301640,Corporate,Cayman Islands,Driving License,1,3,72600.0,0,0,3,28,High,11.192733974822708,1,36,Medium,0
ENT301641,Corporate,Cayman Islands,Voter ID,1,1,66100.0,0,0,0,12,High,11.098939154318382,1,12,Low,0
ENT301642,Partnership,Cyprus,Voter ID,1,1,10900.0,0,0,0,16,Low,9.296609807128359,1,18,Low,0
ENT301643,Corporate,Seychelles,Aadhaar,0,6,41500.0,0,0,0,22,Medium,10.633472802314019,1,17,Low,0
ENT301644,Partnership,Switzerland,Aadhaar,1,2,28100.0,0,0,0,15,Medium,10.243560441877241,0,0,Low,0
ENT301645,Corporate,Switzerland,PAN,1,7,87300.0,0,0,0,26,Medium,11.377117196515812,0,0,Low,0
ENT301646,Individual,Cyprus,Driving License,1,1,172600.0,0,0,0,7,High,12.058737851357439,1,12,Low,0
ENT301647,Individual,UAE,Voter ID,1,3,12300.0,0,0,0,20,Medium,9.417435838868785,0,0,Low,0
ENT301648,Corporate,Seychelles,Passport,0,1,81100.0,0,0,0,1,High,11.303450570483712,1,17,Low,0
ENT301649,Corporate,Cyprus,Driving License,1,3,87000.0,0,1,0,12,High,11.373674891823535,1,52,High,1
ENT301650,Corporate,Singapore,PAN,1,6,33900.0,0,0,0,17,Medium,10.431199791458543,0,0,Low,0
ENT301651,Individual,Hong Kong,Driving License,1,2,470200.0,0,0,0,26,High,13.060915541840417,0,0,Low,0
ENT301652,Individual,Panama,Aadhaar,1,6,36100.0,0,0,0,8,Medium,10.494075844768336,1,12,Low,0
ENT301653,Partnership,USA,Aadhaar,1,5,91100.0,0,0,0,23,Low,11.419724060136211,0,6,Low,0
ENT301654,Corporate,UK,Driving License,1,3,44300.0,0,0,0,5,High,10.698762529141884,0,0,Low,0
ENT301655,Individual,Mauritius,Passport,1,5,50900.0,0,0,0,10,High,10.837637848711049,1,12,Low,0
ENT301656,Corporate,UK,Aadhaar,1,5,94100.0,0,0,0,29,Low,11.452123952509567,0,6,Low,0
ENT301657,Individual,Germany,Passport,1,5,62100.0,0,0,2,9,Medium,11.036517370851499,0,16,Low,0
ENT301658,Individual,Switzerland,Driving License,1,1,22200.0,0,0,2,6,Medium,10.007892611890918,0,16,Low,0
ENT301659,Corporate,UAE,PAN,1,1,155600.0,0,0,0,2,High,11.955050317440996,0,0,Low,0
ENT301660,Corporate,Cyprus,Voter ID,1,1,117100.0,0,0,0,22,High,11.670792089258995,1,12,Low,0
ENT301661,Individual,BVI,Aadhaar,1,2,34800.0,0,0,0,1,High,10.457401400981889,1,12,Low,0
ENT301662,Individual,Panama,PAN,1,6,196100.0,0,0,0,12,Medium,12.186385111610496,1,12,Low,0
ENT301663,Partnership,UK,Passport,1,6,235000.0,0,0,0,14,Medium,12.367345048436391,0,0,Low,0
ENT301664,Corporate,UAE,PAN,1,3,254200.0,0,0,3,13,Medium,12.44588057164006,0,24,Medium,0
ENT301665,Corporate,Mauritius,Aadhaar,1,2,690000.0,0,0,1,13,Low,13.444448325847754,1,26,Medium,0
ENT301666,Individual,UAE,Voter ID,1,7,455900.0,0,0,0,25,Medium,13.030030959662605,0,0,Low,0
ENT301667,Individual,Mauritius,Passport,1,4,10100.0,0,0,0,6,High,9.220389707829185,1,12,Low,0
ENT301668,Individual,UK,Voter ID,1,6,86400.0,0,0,0,2,High,11.366754528799241,0,0,Low,0
ENT301669,Individual,USA,Aadhaar,1,5,86500.0,0,0,0,19,Medium,11.367911253546788,0,0,Low,0
ENT301670,Individual,Germany,PAN,1,2,66500.0,0,0,0,4,Medium,11.104972264124868,0,0,Low,0
ENT301671,Corporate,Switzerland,Voter ID,1,5,165300.0,0,0,0,15,High,12.015523333397592,0,0,Low,0
ENT301672,Individual,Mauritius,Voter ID,1,3,97600.0,0,0,0,28,Medium,11.488643018250334,1,12,Low,0
ENT301673,Individual,Cyprus,Passport,1,5,94000.0,0,0,0,20,Low,11.451060699493427,1,18,Low,0
ENT301674,Individual,India,PAN,1,6,26300.0,0,0,0,27,High,10.177362240256695,0,0,Low,0
ENT301675,Individual,China,Aadhaar,1,1,81000.0,0,0,0,19,Medium,11.302216779257382,0,0,Low,0
ENT301676,Corporate,UAE,Aadhaar,1,5,35000.0,0,0,0,18,Medium,10.463131911491967,0,0,Low,0
ENT301677,Individual,Singapore,Voter ID,1,5,38300.0,0,0,0,3,Low,10.55323128448846,0,6,Low,0
ENT301678,Individual,BVI,Driving License,1,7,33100.0,0,0,0,2,High,10.407318772389159,1,12,Low,0
ENT301679,Partnership,Cayman Islands,Voter ID,1,5,305500.0,0,0,0,3,Medium,12.629708330910852,1,12,Low,0
ENT301680,Individual,Seychelles,Passport,1,1,9300.0,0,0,0,27,High,9.137877200242468,1,12,Low,0
ENT301681,Corporate,Switzerland,Aadhaar,1,6,147200.0,0,0,0,17,Medium,11.899554278732099,0,0,Low,0
ENT301682,Corporate,Panama,PAN,1,3,32900.0,0,0,0,1,Low,10.401258331428318,1,18,Low,0
ENT301683,Corporate,Mauritius,Aadhaar,1,5,1768400.0,0,0,0,6,Low,14.385586306416988,1,19,Low,0
ENT301684,Individual,UK,PAN,1,4,103400.0,0,0,1,21,High,11.546369912189585,0,8,Low,0
ENT301685,Partnership,Panama,PAN,1,6,85500.0,0,0,0,12,High,11.356283350762888,1,12,Low,0
ENT301686,Individual,Singapore,Voter ID,1,5,86100.0,0,0,0,20,Medium,11.363276304750233,0,0,Low,0
ENT301687,Corporate,UK,Passport,1,3,37700.0,0,0,1,17,High,10.537441898283253,0,8,Low,0
ENT301688,Trust,Mauritius,Passport,1,1,69000.0,0,0,0,28,Medium,11.141876276228,1,12,Low,0
ENT301689,Individual,Mauritius,Voter ID,1,5,148500.0,0,0,3,16,Medium,11.908346971208951,1,36,Medium,0
ENT301690,Corporate,Hong Kong,PAN,1,3,126700.0,0,0,0,21,High,11.749585258937909,0,0,Low,0
ENT301691,Corporate,Cayman Islands,Voter ID,1,1,29300.0,0,0,0,20,Medium,10.285376924115587,1,12,Low,0
ENT301692,Individual,UAE,PAN,1,3,375300.0,1,0,3,7,High,12.8354836496546,0,39,Medium,1
ENT301693,Corporate,UAE,Passport,1,3,408200.0,0,0,0,16,High,12.919514979134402,0,0,Low,0
ENT301694,Individual,Switzerland,Driving License,1,2,80000.0,0,0,0,1,Low,11.289794413577894,0,6,Low,0
ENT301695,Corporate,India,Voter ID,1,7,12200.0,0,0,1,4,High,9.409273194575334,0,8,Low,0
ENT301696,Corporate,UK,Passport,1,7,231000.0,0,0,1,8,High,12.35017731849889,0,8,Low,0
ENT301697,Individual,Hong Kong,Aadhaar,1,4,8900.0,0,0,2,19,Medium,9.093918908958932,0,16,Low,0
ENT301698,Individual,Switzerland,Driving License,1,2,212800.0,0,0,0,23,Medium,12.268112735686705,0,0,Low,0
ENT301699,Corporate,UAE,Driving License,1,3,8800.0,0,0,0,8,Low,9.082620630373812,0,6,Low,0
ENT301700,Individual,Hong Kong,PAN,1,7,39500.0,0,0,0,10,Medium,10.584081267024454,0,0,Low,0
ENT301701,Corporate,India,Aadhaar,0,7,73500.0,0,0,0,12,High,11.205054290550551,0,5,Low,0
ENT301702,Individual,China,Driving License,0,7,327400.0,0,0,1,20,Low,12.698940998282254,0,19,Low,0
ENT301703,Corporate,Germany,Voter ID,1,4,105900.0,0,0,0,14,Low,11.570259974415547,0,6,Low,0
ENT301704,Individual,Germany,Aadhaar,1,7,316300.0,0,0,0,13,Low,12.664449570844228,0,6,Low,0
ENT301705,Individual,Panama,Aadhaar,1,3,26100.0,0,0,0,2,High,10.169728906753061,1,12,Low,0
ENT301706,Corporate,Cayman Islands,PAN,1,6,163600.0,0,0,0,27,High,12.005185815601541,1,12,Low,0
ENT301707,Individual,USA,PAN,1,7,52800.0,0,0,0,17,High,10.874285408908944,0,0,Low,0
ENT301708,Corporate,UK,Voter ID,1,7,66300.0,0,0,1,15,High,11.101960259016467,0,8,Low,0
ENT301709,Individual,Panama,Voter ID,1,2,145200.0,0,0,0,14,Medium,11.885874268401459,1,12,Low,0
ENT301710,Individual,UK,Driving License,1,1,27100.0,0,0,0,23,Medium,10.207325906555994,0,0,Low,0
ENT301711,Partnership,India,Passport,1,2,44500.0,1,0,1,25,Medium,10.703266939811954,0,23,Medium,1
ENT301712,Trust,Cayman Islands,PAN,1,7,72000.0,0,0,0,1,High,11.184435286790631,1,12,Low,0
ENT301713,Individual,UAE,Passport,1,4,69600.0,0,0,1,23,Low,11.150534214035387,0,14,Low,0
ENT301714,Corporate,Cayman Islands,Aadhaar,0,1,56000.0,0,0,2,22,Medium,10.933124826700707,1,33,Medium,0
ENT301715,Individual,USA,Voter ID,1,3,30700.0,0,0,0,21,High,10.332050506334692,0,0,Low,0
ENT301716,Corporate,Mauritius,PAN,1,3,5000.0,0,1,0,14,Medium,8.517393171418904,1,52,High,1
ENT301717,Corporate,Panama,Aadhaar,1,5,53500.0,1,0,1,22,High,10.887455624298198,1,35,Medium,1
ENT301718,Corporate,Seychelles,Aadhaar,1,2,228900.0,0,0,3,4,High,12.34104487465108,1,36,Medium,0
ENT301719,Corporate,USA,PAN,1,3,420500.0,0,0,0,1,High,12.949202136513597,0,0,Low,0
ENT301720,Individual,UAE,PAN,1,6,9700.0,0,0,0,25,Medium,9.179984251961283,0,0,Low,0
ENT301721,Individual,BVI,Voter ID,1,6,17700.0,0,0,3,16,High,9.781376414141157,1,36,Medium,0
ENT301722,Individual,China,Passport,1,7,111400.0,0,0,3,26,High,11.620891583095712,0,24,Medium,0
ENT301723,Individual,China,Driving License,1,3,587300.0,0,0,0,17,Medium,13.283292744216466,0,0,Low,0
ENT301724,Corporate,Seychelles,Voter ID,1,7,25300.0,0,0,0,11,High,10.138599199626192,1,12,Low,0
ENT301725,Corporate,Singapore,Aadhaar,1,3,447500.0,0,0,0,19,High,13.011434051331422,0,0,Low,0
ENT301726,Partnership,Switzerland,Aadhaar,1,5,37300.0,0,0,0,1,Medium,10.526775414924009,0,0,Low,0
ENT301727,Corporate,Cyprus,Aadhaar,1,5,6900.0,0,0,0,24,Medium,8.839421607620602,1,12,Low,0
ENT301728,Individual,Hong Kong,PAN,1,4,44200.0,0,0,0,4,High,10.69650269224425,0,0,Low,0
ENT301729,Individual,Singapore,Aadhaar,1,6,30100.0,0,0,0,21,Medium,10.31231367277647,0,0,Low,0
ENT301730,Corporate,Mauritius,Voter ID,0,2,17100.0,0,0,0,26,High,9.746892220313054,1,17,Low,0
ENT301731,Corporate,Seychelles,Voter ID,0,2,24000.0,0,0,0,18,Medium,10.085850775128717,1,17,Low,0
ENT301732,Individual,UAE,Aadhaar,1,7,378300.0,0,0,0,22,Medium,12.843445454022332,0,0,Low,0
ENT301733,Individual,Seychelles,Voter ID,1,5,105400.0,1,1,0,5,Medium,11.565527402710426,1,67,Critical,1
ENT301734,Individual,Singapore,Passport,1,1,75600.0,0,0,0,3,Medium,11.233224789593368,0,0,Low,0
ENT301735,Corporate,Seychelles,Voter ID,1,2,15100.0,0,0,2,8,High,9.62251624577579,1,28,Medium,0
ENT301736,Individual,Hong Kong,Aadhaar,1,7,77600.0,1,0,0,20,High,11.259335592686217,0,15,Low,1
ENT301737,Individual,Hong Kong,PAN,1,4,38500.0,0,0,0,7,Medium,10.55843949396453,0,0,Low,0
ENT301738,Corporate,UK,Aadhaar,1,4,87200.0,0,0,0,24,High,11.375971077721223,0,0,Low,0
ENT301739,Partnership,India,PAN,1,1,16100.0,0,0,0,9,High,9.686636660844938,0,0,Low,0
ENT301740,Corporate,BVI,Aadhaar,1,4,179200.0,0,0,0,8,High,12.09626335986454,1,12,Low,0
ENT301741,Corporate,USA,Voter ID,1,7,4800.0,0,0,3,11,Low,8.476579508530941,0,30,Medium,0
ENT301742,Individual,UAE,Aadhaar,1,2,197700.0,0,0,0,4,High,12.194511067314858,0,0,Low,0
ENT301743,Trust,Panama,Passport,1,6,5600.0,1,0,1,28,Medium,8.630700432209832,1,35,Medium,1
ENT301744,Corporate,Seychelles,Aadhaar,1,6,1620400.0,0,0,0,23,Medium,14.298184207442054,1,13,Low,0
ENT301745,Individual,Mauritius,Voter ID,1,4,69400.0,0,0,0,17,High,11.147656555612986,1,12,Low,0
ENT301746,Individual,Singapore,PAN,0,2,112400.0,0,0,3,26,Medium,11.629828113199304,0,29,Medium,0
ENT301747,Individual,USA,Voter ID,1,2,331600.0,0,0,0,16,Medium,12.711687717920274,0,0,Low,0
ENT301748,Individual,Seychelles,Aadhaar,1,2,86900.0,0,0,0,2,Medium,11.372524818667134,1,12,Low,0
ENT301749,Individual,Hong Kong,Passport,1,3,16400.0,0,0,0,6,High,9.70509758756311,0,0,Low,0
ENT301750,Individual,Panama,Driving License,1,2,29200.0,0,0,0,12,Low,10.281958234245314,1,18,Low,0
ENT301751,Individual,Seychelles,Passport,1,5,54400.0,0,0,2,7,Low,10.904137815028022,1,34,Medium,0
ENT301752,Individual,Panama,Aadhaar,1,1,409700.0,0,0,1,11,Low,12.923182904342333,1,26,Medium,0
ENT301753,Individual,UAE,Driving License,1,7,6276900.0,0,0,1,12,Low,15.65238694530975,0,15,Low,0
ENT301754,Individual,Seychelles,PAN,1,7,42200.0,0,0,0,15,Low,10.650199196425806,1,18,Low,0
ENT301755,Trust,Mauritius,Passport,1,3,29400.0,0,0,0,2,Medium,10.288783966353765,1,12,Low,0
ENT301756,Partnership,Singapore,Driving License,1,6,376100.0,0,0,0,14,Medium,12.837613003322215,0,0,Low,0
ENT301757,Corporate,Cyprus,Aadhaar,1,6,361600.0,0,0,0,5,High,12.79829667298306,1,12,Low,0
ENT301758,Individual,Switzerland,Driving License,1,7,697600.0,0,0,1,17,Medium,13.455402585062117,0,8,Low,0
ENT301759,Corporate,Seychelles,Driving License,0,3,194700.0,0,1,0,26,Medium,12.179220327453933,1,57,High,1
ENT301760,Trust,India,PAN,1,1,69100.0,0,0,0,17,Medium,11.143324481431074,0,0,Low,0
ENT301761,Corporate,India,Voter ID,1,2,26300.0,0,0,0,4,High,10.177362240256695,0,0,Low,0
ENT301762,Corporate,BVI,Passport,0,1,6000.0,0,0,0,18,Medium,8.699681400989514,1,17,Low,0
ENT301763,Individual,Hong Kong,Driving License,1,2,111200.0,0,0,0,12,High,11.61909465356394,0,0,Low,0
ENT301764,Corporate,Cyprus,Driving License,1,2,30600.0,0,0,0,12,Medium,10.328787967145063,1,12,Low,0
ENT301765,Corporate,Cyprus,Aadhaar,1,7,54600.0,0,0,0,9,High,10.907807476583594,1,12,Low,0
ENT301766,Corporate,India,Voter ID,1,5,81800.0,0,0,0,22,High,11.31204474745499,0,0,Low,0
ENT301767,Individual,Cayman Islands,Aadhaar,1,1,318900.0,0,1,0,8,Medium,12.672635988772473,1,52,High,1
ENT301768,Corporate,USA,Aadhaar,1,2,109200.0,0,0,0,4,High,11.600945499760169,0,0,Low,0
ENT301769,Trust,Singapore,PAN,1,6,457000.0,0,0,0,29,High,13.032440858057756,0,0,Low,0
ENT301770,Individual,UK,Voter ID,1,4,41100.0,0,0,0,10,High,10.623787731088578,0,0,Low,0
ENT301771,Corporate,Singapore,Voter ID,1,7,19800.0,0,0,0,7,High,9.893487720457795,0,0,Low,0
ENT301772,Partnership,Cayman Islands,PAN,1,5,322400.0,0,0,0,17,Medium,12.683551391346773,1,12,Low,0
ENT301773,Corporate,Hong Kong,Voter ID,1,5,103900.0,0,0,0,15,High,11.551193801680078,0,0,Low,0
ENT301774,Corporate,Switzerland,Driving License,1,4,20900.0,0,0,1,1,Medium,9.94755228369823,0,8,Low,0
ENT301775,Corporate,Singapore,PAN,1,6,65100.0,0,0,0,23,Medium,11.083695189061785,0,0,Low,0
ENT301776,Individual,Switzerland,PAN,1,3,33200.0,0,0,0,7,Medium,10.410335274932896,0,0,Low,0
ENT301777,Corporate,UAE,Voter ID,1,7,20800.0,0,0,0,11,Medium,9.942756341456828,0,0,Low,0
ENT301778,Partnership,Germany,Aadhaar,1,2,223000.0,0,0,0,24,High,12.314931534737134,0,0,Low,0
ENT301779,Individual,Seychelles,Aadhaar,1,2,395400.0,0,0,0,14,High,12.887655718799927,1,12,Low,0
ENT301780,Individual,Cyprus,Driving License,1,2,6400.0,0,0,0,29,High,8.764209507142004,1,12,Low,0
ENT301781,Trust,BVI,Aadhaar,1,6,110700.0,0,0,0,22,Low,11.614588152079595,1,18,Low,0
ENT301782,Corporate,China,Voter ID,1,5,46100.0,0,0,0,17,Medium,10.738589920723442,0,0,Low,0
ENT301783,Corporate,Seychelles,Passport,1,2,38500.0,0,0,0,14,High,10.55843949396453,1,12,Low,0
ENT301784,Individual,Germany,Voter ID,1,6,31800.0,0,0,2,14,High,10.367253014814716,0,16,Low,0
ENT301785,Corporate,China,Passport,1,2,115300.0,0,0,0,18,High,11.655301379246426,0,0,Low,0
ENT301786,Individual,China,Aadhaar,1,1,150000.0,0,0,1,24,High,11.918397239722838,0,8,Low,0
ENT301787,Individual,USA,Driving License,1,1,181000.0,0,0,0,20,Medium,12.10625783509458,0,0,Low,0
ENT301788,Partnership,Panama,PAN,1,4,121700.0,0,0,0,28,Low,11.70932249586873,1,18,Low,0
ENT301789,Individual,Mauritius,PAN,1,4,92300.0,0,0,0,8,High,11.43281025466844,1,12,Low,0
ENT301790,Corporate,India,Driving License,1,3,193400.0,0,0,0,11,High,12.17252103261878,0,0,Low,0
ENT301791,Individual,UAE,Voter ID,1,7,152900.0,0,0,0,8,High,11.937545932118134,0,0,Low,0
ENT301792,Partnership,UK,Passport,1,2,36000.0,0,0,2,10,Medium,10.491301994830229,0,16,Low,0
ENT301793,Individual,Cyprus,Passport,1,2,15400.0,0,0,0,26,High,9.642187721358466,1,12,Low,0
ENT301794,Individual,Switzerland,PAN,1,5,82200.0,0,0,2,1,High,11.316922746420394,0,16,Low,0
ENT301795,Individual,India,Aadhaar,1,2,21500.0,0,0,1,3,Medium,9.975854724662028,0,8,Low,0
ENT301796,Corporate,Cyprus,PAN,0,2,56100.0,0,0,3,18,High,10.934908916663861,1,41,High,1
ENT301797,Individual,India,PAN,1,7,99200.0,0,0,0,6,Low,11.504903373867316,0,6,Low,0
ENT301798,Individual,UAE,Passport,1,3,167800.0,0,0,1,2,Medium,12.030534032473051,0,8,Low,0
ENT301799,Individual,Seychelles,Driving License,1,6,15600.0,0,0,0,25,High,9.65509029374725,1,12,Low,0
ENT301800,Individual,USA,PAN,1,7,84300.0,0,0,0,19,High,11.342149006315793,0,0,Low,0
ENT301801,Individual,UAE,Driving License,1,3,169300.0,0,0,0,10,Low,12.039433474778324,0,6,Low,0
ENT301802,Corporate,Cayman Islands,PAN,1,6,289700.0,0,0,0,7,High,12.576604635598223,1,12,Low,0
ENT301803,Partnership,USA,Driving License,1,4,76300.0,0,0,0,15,Medium,11.242441323346558,0,0,Low,0
ENT301804,Individual,Hong Kong,Aadhaar,1,6,106600.0,0,0,0,15,Medium,11.576848171532921,0,0,Low,0
ENT301805,Corporate,UK,Voter ID,1,7,213400.0,0,0,0,13,High,12.270928303874424,0,0,Low,0
ENT301806,Individual,Seychelles,Aadhaar,1,5,206400.0,0,0,1,5,High,12.237576157539047,1,20,Low,0
ENT301807,Corporate,India,PAN,1,3,396000.0,0,0,2,24,High,12.889172015485954,0,16,Low,0
ENT301808,Corporate,Seychelles,Passport,1,6,21400.0,0,0,0,8,High,9.97119292889014,1,12,Low,0
ENT301809,Individual,China,Passport,1,4,416000.0,0,0,0,21,Medium,12.938442943086665,0,0,Low,0
ENT301810,Corporate,India,Passport,1,5,10000.0,0,0,0,21,Medium,9.210440366976517,0,0,Low,0
ENT301811,Corporate,Germany,Aadhaar,1,2,223000.0,0,0,2,17,Medium,12.314931534737134,0,16,Low,0
ENT301812,Trust,Cyprus,PAN,1,7,27500.0,0,0,0,19,High,10.221977646629885,1,12,Low,0
ENT301813,Corporate,Seychelles,Driving License,1,4,219300.0,0,0,0,7,High,12.298200494359103,1,12,Low,0
ENT301814,Corporate,USA,Passport,1,6,112800.0,0,0,1,7,Medium,11.633380483255026,0,8,Low,0
ENT301815,Individual,UAE,Voter ID,1,1,410700.0,0,0,0,6,High,12.925620734808986,0,0,Low,0
ENT301816,Partnership,Seychelles,Passport,1,1,23100.0,0,0,0,3,Low,10.047631185616188,1,18,Low,0
ENT301817,Individual,BVI,Passport,1,7,72900.0,0,0,0,19,High,11.196857635323791,1,12,Low,0
ENT301818,Individual,Mauritius,Passport,1,3,11500.0,0,0,0,21,Low,9.350189267092581,1,18,Low,0
ENT301819,Individual,BVI,Driving License,1,5,33300.0,0,0,0,21,Medium,10.413342705547674,1,12,Low,0
ENT301820,Corporate,Switzerland,Passport,1,2,42200.0,0,0,0,27,High,10.650199196425806,0,0,Low,0
ENT301821,Corporate,India,Voter ID,1,3,14100.0,0,0,0,8,Medium,9.55400099583723,0,0,Low,0
ENT301822,Individual,Germany,Aadhaar,1,3,33600.0,0,0,0,29,High,10.422311107413181,0,0,Low,0
ENT301823,Individual,Panama,Voter ID,0,6,55300.0,0,0,0,8,High,10.920546270529568,1,17,Low,0
ENT301824,Individual,Panama,Voter ID,1,5,71200.0,0,0,0,11,Medium,11.173262142245258,1,12,Low,0
ENT301825,Individual,Singapore,Voter ID,1,7,54800.0,0,0,0,17,High,10.911463720944793,0,0,Low,0
ENT301826,Individual,Cayman Islands,Aadhaar,1,1,4600.0,0,0,0,12,Medium,8.434028950155469,1,12,Low,0
ENT301827,Corporate,Panama,Passport,1,6,76400.0,0,0,3,11,High,11.243751064074187,1,36,Medium,0
ENT301828,Individual,USA,Driving License,1,3,1974500.0,0,0,0,3,Medium,14.495826266166043,0,1,Low,0
ENT301829,Partnership,Seychelles,Driving License,1,6,126000.0,0,0,0,28,High,11.744045122410057,1,12,Low,0
ENT301830,Partnership,UK,PAN,1,7,13800.0,0,0,0,17,Medium,9.53249633228804,0,0,Low,0
ENT301831,Individual,Cyprus,Aadhaar,1,5,39600.0,0,0,0,5,High,10.586609649448985,1,12,Low,0
ENT301832,Corporate,Mauritius,Aadhaar,0,6,7900.0,0,0,0,2,High,8.974744612722734,1,17,Low,0
ENT301833,Individual,Germany,Passport,1,5,258300.0,0,1,0,10,High,12.461880850543723,0,40,Medium,1
ENT301834,Corporate,BVI,Voter ID,1,7,22500.0,0,0,0,24,High,10.021315031649332,1,12,Low,0
ENT301835,Individual,Germany,Passport,1,3,48400.0,1,0,0,4,Low,10.78727575364831,0,21,Medium,1
ENT301836,Individual,India,Driving License,1,3,15900.0,0,0,0,26,High,9.674137279312397,0,0,Low,0
ENT301837,Individual,Germany,Passport,1,4,174000.0,0,0,0,26,Medium,12.066816325306588,0,0,Low,0
ENT301838,Corporate,Singapore,PAN,1,1,57800.0,1,0,0,15,Low,10.96476135554887,0,21,Medium,1
ENT301839,Trust,Germany,Passport,1,6,138400.0,0,0,0,5,High,11.837910547573129,0,0,Low,0
ENT301840,Corporate,Singapore,Aadhaar,1,2,36000.0,0,0,0,11,High,10.491301994830229,0,0,Low,0
ENT301841,Corporate,Seychelles,Aadhaar,1,5,68100.0,0,0,0,25,Medium,11.128747176317603,1,12,Low,0
ENT301842,Individual,Panama,Driving License,1,4,62900.0,0,0,1,2,Medium,11.049317340813348,1,20,Low,0
ENT301843,Corporate,Hong Kong,Aadhaar,1,4,23800.0,0,0,0,26,Medium,10.077482875583607,0,0,Low,0
ENT301844,Individual,China,Aadhaar,1,6,650800.0,0,0,0,24,High,13.385959190896214,0,0,Low,0
ENT301845,Individual,Germany,Voter ID,0,6,314700.0,0,0,1,14,Low,12.659378260676938,0,19,Low,0
ENT301846,Partnership,Panama,Aadhaar,1,4,10200.0,0,0,0,16,High,9.23024103368252,1,12,Low,0
ENT301847,Corporate,Seychelles,Passport,1,3,70500.0,0,0,2,7,High,11.163382173096926,1,28,Medium,0
ENT301848,Corporate,Panama,Aadhaar,1,5,40500.0,0,0,1,8,Medium,10.609081944147828,1,20,Low,0
ENT301849,Corporate,Germany,Driving License,1,2,51100.0,0,0,0,11,High,10.841559345471941,0,0,Low,0
ENT301850,Individual,UK,PAN,1,2,50100.0,0,0,2,9,High,10.821796246953596,0,16,Low,0
ENT301851,Individual,Cyprus,Passport,1,4,426400.0,0,0,0,8,Medium,12.963135497046782,1,12,Low,0
ENT301852,Corporate,Cayman Islands,Voter ID,1,4,75900.0,0,0,0,3,High,11.237185138527495,1,12,Low,0
ENT301853,Corporate,Mauritius,PAN,1,7,38000.0,0,0,0,18,High,10.545367754151743,1,12,Low,0
ENT301854,Individual,Germany,PAN,1,5,141000.0,0,0,0,13,Medium,11.856522261533737,0,0,Low,0
ENT301855,Corporate,Germany,Aadhaar,1,4,24800.0,0,0,0,20,High,10.118639253920785,0,0,Low,0
ENT301856,Individual,Mauritius,Passport,1,2,314500.0,0,0,0,25,High,12.658742534767816,1,12,Low,0
ENT301857,Individual,China,Voter ID,1,4,8100.0,0,0,2,4,Medium,8.999742789830492,0,16,Low,0
ENT301858,Partnership,Cyprus,PAN,1,3,12600.0,0,0,1,29,High,9.441531454869693,1,20,Low,0
ENT301859,Individual,UK,PAN,1,2,190800.0,0,0,0,18,Medium,12.158986279072735,0,0,Low,0
ENT301860,Individual,Germany,Aadhaar,1,3,92800.0,0,0,0,14,Medium,11.438212694578302,0,0,Low,0
ENT301861,Corporate,BVI,Aadhaar,1,3,79900.0,0,1,0,12,Medium,11.288543647320601,1,52,High,1
ENT301862,Partnership,China,Voter ID,1,4,167800.0,0,0,3,22,Low,12.030534032473051,0,30,Medium,0
ENT301863,Trust,BVI,Driving License,1,1,80300.0,0,0,0,2,Low,11.293537353157436,1,18,Low,0
ENT301864,Individual,Germany,Driving License,1,2,145700.0,0,0,0,9,High,11.889311855577725,0,0,Low,0
ENT301865,Individual,USA,PAN,1,7,185300.0,0,0,1,19,High,12.129736808912964,0,8,Low,0
ENT301866,Individual,BVI,PAN,1,5,27900.0,0,0,0,29,Medium,10.236417809461043,1,12,Low,0
ENT301867,Individual,Mauritius,PAN,0,3,124300.0,0,0,0,16,Medium,11.730461322518734,1,17,Low,0
ENT301868,Corporate,UK,PAN,1,1,684400.0,0,0,0,10,Medium,13.436299282132948,0,0,Low,0
ENT301869,Individual,Hong Kong,Aadhaar,1,2,15300.0,0,0,0,16,Medium,9.635673464721814,0,0,Low,0
ENT301870,Corporate,Switzerland,Voter ID,1,6,9700.0,0,0,0,10,High,9.179984251961283,0,0,Low,0
ENT301871,Individual,UAE,Driving License,1,5,55200.0,0,0,0,8,High,10.918736348043124,0,0,Low,0
ENT301872,Corporate,Cayman Islands,Driving License,1,1,40600.0,0,0,0,20,Low,10.611547975828369,1,18,Low,0
ENT301873,Corporate,Seychelles,Voter ID,1,4,65000.0,0,1,0,25,High,11.082157933374816,1,52,High,1
ENT301874,Trust,Cayman Islands,PAN,1,7,19400.0,0,0,0,20,Medium,9.873079890114703,1,12,Low,0
ENT301875,Partnership,UK,PAN,1,2,27500.0,0,0,0,5,Medium,10.221977646629885,0,0,Low,0
ENT301876,Individual,Cayman Islands,PAN,1,7,118600.0,0,0,0,8,High,11.68352019721342,1,12,Low,0
ENT301877,Individual,Seychelles,Passport,1,6,186500.0,0,0,0,12,Medium,12.136191879981927,1,12,Low,0
ENT301878,Individual,Panama,Driving License,1,3,108900.0,0,0,1,19,Medium,11.598194491615347,1,20,Low,0
ENT301879,Corporate,Switzerland,Passport,1,7,90900.0,0,0,1,15,Medium,11.417526281205168,0,8,Low,0
ENT301880,Individual,India,Driving License,1,3,19700.0,1,0,1,2,High,9.888424674859083,0,23,Medium,1
ENT301881,Individual,Cyprus,Passport,1,6,11000.0,0,0,0,23,High,9.305741456739435,1,12,Low,0
ENT301882,Individual,USA,PAN,1,2,49800.0,0,0,0,26,High,10.815790343132422,0,0,Low,0
ENT301883,Individual,Singapore,Voter ID,1,7,181500.0,0,0,0,13,High,12.109016442313738,0,0,Low,0
ENT301884,Corporate,UAE,Voter ID,1,2,52100.0,0,0,0,28,High,10.860939421415225,0,0,Low,0
ENT301885,Partnership,Switzerland,Aadhaar,1,6,57700.0,0,0,0,19,Medium,10.96302978336854,0,0,Low,0
ENT301886,Corporate,Panama,Passport,1,7,19600.0,0,0,0,22,High,9.883335864325275,1,12,Low,0
ENT301887,Individual,Mauritius,PAN,0,1,16800.0,0,0,0,11,Low,9.729193687429403,1,23,Medium,0
ENT301888,Trust,Germany,PAN,1,5,202300.0,0,0,0,23,Medium,12.217511966297351,0,0,Low,0
ENT301889,Individual,Germany,Voter ID,0,5,30000.0,0,0,1,12,High,10.308985993422082,0,13,Low,0
ENT301890,Corporate,Switzerland,Driving License,1,2,153600.0,0,0,0,16,Medium,11.942113610091182,0,0,Low,0
ENT301891,Trust,Cayman Islands,PAN,1,6,87200.0,0,0,0,28,High,11.375971077721223,1,12,Low,0
ENT301892,Individual,Cayman Islands,PAN,0,7,198100.0,0,0,1,28,High,12.19653228062948,1,25,Medium,0
ENT301893,Trust,Seychelles,Aadhaar,1,5,122000.0,1,0,0,24,Medium,11.711784520403112,1,27,Medium,1
ENT301894,Trust,Seychelles,Voter ID,0,3,32300.0,0,0,0,4,High,10.382853468483827,1,17,Low,0
ENT301895,Partnership,Singapore,PAN,1,7,190800.0,0,0,2,27,High,12.158986279072735,0,16,Low,0
ENT301896,Trust,China,PAN,1,4,50600.0,0,0,0,17,High,10.831726617926124,0,0,Low,0
ENT301897,Corporate,BVI,Voter ID,1,1,254700.0,0,0,1,12,Medium,12.447845587147512,1,20,Low,0
ENT301898,Individual,India,PAN,1,7,126200.0,0,0,0,23,Low,11.745631152988125,0,6,Low,0
ENT301899,Individual,Cyprus,Driving License,1,2,11400.0,0,0,0,4,Medium,9.34145634983372,1,12,Low,0
ENT301900,Corporate,BVI,Passport,1,4,102500.0,0,0,0,18,Medium,11.537627833610571,1,12,Low,0
ENT301901,Corporate,Panama,Driving License,1,1,1344300.0,0,0,0,14,High,14.111384733323641,1,13,Low,0
ENT301902,Individual,Switzerland,Voter ID,1,2,92400.0,0,0,1,7,High,11.433893080082035,0,8,Low,0
ENT301903,Corporate,UAE,Voter ID,1,6,36700.0,0,0,1,13,Medium,10.510559281627845,0,8,Low,0
ENT301904,Corporate,UK,PAN,1,2,27200.0,0,0,3,28,Medium,10.211009016314165,0,24,Medium,0
ENT301905,Corporate,Singapore,Passport,1,1,8900.0,0,0,0,26,Medium,9.093918908958932,0,0,Low,0
ENT301906,Individual,Switzerland,PAN,1,3,14300.0,0,0,0,20,Low,9.568084743872936,0,6,Low,0
ENT301907,Corporate,China,Driving License,1,7,22900.0,1,0,0,26,High,10.038935856711177,0,15,Low,1
ENT301908,Corporate,Cyprus,Voter ID,1,5,26400.0,0,0,0,23,High,10.181157167204903,1,12,Low,0
ENT301909,Individual,India,Voter ID,1,6,32500.0,0,0,0,15,High,10.389026137075234,0,0,Low,0
ENT301910,Corporate,Cyprus,Driving License,1,7,147700.0,0,1,2,7,High,11.902945238977257,1,68,Critical,1
ENT301911,Corporate,Cyprus,Aadhaar,0,6,12200.0,0,0,2,20,High,9.409273194575334,1,33,Medium,0
ENT301912,Corporate,Mauritius,Driving License,1,5,13900.0,1,0,2,13,Medium,9.539716058977092,1,43,High,1
ENT301913,Individual,Mauritius,Passport,1,5,109500.0,0,0,0,23,Low,11.603688960617083,1,18,Low,0
ENT301914,Partnership,Germany,PAN,1,5,91100.0,0,0,2,13,Medium,11.419724060136211,0,16,Low,0
ENT301915,Individual,Cayman Islands,Passport,1,1,31700.0,0,0,1,4,Low,10.36410350510914,1,26,Medium,0
ENT301916,Individual,China,PAN,1,6,54600.0,0,0,0,28,Medium,10.907807476583594,0,0,Low,0
ENT301917,Corporate,India,Driving License,1,1,90600.0,0,0,0,17,High,11.41422052949775,0,0,Low,0
ENT301918,Individual,Seychelles,Passport,1,3,281000.0,0,0,0,1,High,12.546113507028412,1,12,Low,0
ENT301919,Corporate,Mauritius,Driving License,1,5,497000.0,0,0,0,24,High,13.116347317149176,1,12,Low,0
ENT301920,Individual,Hong Kong,Driving License,1,1,18500.0,1,0,0,10,Medium,9.825580063659602,0,15,Low,1
ENT301921,Partnership,Cayman Islands,Aadhaar,1,1,202500.0,0,0,0,18,Low,12.218500103788143,1,18,Low,0
ENT301922,Corporate,Hong Kong,Aadhaar,1,5,20800.0,0,0,2,24,Low,9.942756341456828,0,22,Medium,0
ENT301923,Corporate,Cayman Islands,PAN,1,7,565500.0,0,0,1,14,High,13.245467342883344,1,20,Low,0
ENT301924,Individual,Seychelles,Passport,1,1,47800.0,1,0,0,22,High,10.774801838762809,1,27,Medium,1
ENT301925,Corporate,USA,Voter ID,0,3,201100.0,0,0,0,3,Medium,12.211562548398803,0,5,Low,0
ENT301926,Individual,Seychelles,Passport,1,7,186600.0,0,0,0,7,High,12.136727926437826,1,12,Low,0
ENT301927,Corporate,Cayman Islands,Aadhaar,1,6,28600.0,0,0,1,25,Low,10.261196961231647,1,26,Medium,0
ENT301928,Corporate,Seychelles,Passport,1,2,88700.0,0,0,2,12,Medium,11.39302644219128,1,28,Medium,0
ENT301929,Individual,Germany,Aadhaar,1,6,205300.0,0,0,3,8,High,12.232232473915767,0,24,Medium,0
ENT301930,Corporate,Cyprus,Driving License,1,4,1149000.0,0,0,0,8,Medium,13.954403427152533,1,13,Low,0
ENT301931,Individual,China,Driving License,1,1,125900.0,0,0,0,23,Low,11.74325116281265,0,6,Low,0
ENT301932,Corporate,UAE,PAN,1,4,309600.0,0,0,0,19,Medium,12.643039650666653,0,0,Low,0
ENT301933,Trust,USA,Aadhaar,1,2,44900.0,0,0,0,11,Medium,10.712215345197256,0,0,Low,0
ENT301934,Individual,UAE,Voter ID,1,4,217200.0,0,0,0,26,Medium,12.288578471082884,0,0,Low,0
ENT301935,Individual,Singapore,Driving License,1,7,47100.0,0,0,0,28,High,10.76004951120163,0,0,Low,0
ENT301936,Individual,Germany,Passport,1,1,19200.0,1,0,3,3,High,9.862717639992917,0,39,Medium,1
ENT301937,Individual,Switzerland,PAN,1,4,11800.0,0,0,0,24,High,9.375939552625749,0,0,Low,0
ENT301938,Individual,Germany,Voter ID,0,5,1408500.0,0,0,0,17,Medium,14.158036576273464,0,6,Low,0
ENT301939,Trust,China,Driving License,1,7,161800.0,0,0,0,5,High,11.994122464057146,0,0,Low,0
ENT301940,Individual,India,Driving License,1,4,40200.0,1,0,0,11,High,10.601647149919609,0,15,Low,1
ENT301941,Individual,Panama,Passport,1,7,38100.0,0,0,0,22,Medium,10.547995807489514,1,12,Low,0
ENT301942,Individual,China,Passport,1,2,88700.0,0,0,0,6,High,11.39302644219128,0,0,Low,0
ENT301943,Trust,USA,Driving License,1,7,61100.0,0,0,0,13,Low,11.020283511637867,0,6,Low,0
ENT301944,Individual,USA,Voter ID,1,5,50900.0,0,0,1,8,Medium,10.837637848711049,0,8,Low,0
ENT301945,Individual,UK,PAN,1,7,43500.0,0,0,1,24,Medium,10.680539205318292,0,8,Low,0
ENT301946,Individual,Germany,Aadhaar,1,5,391500.0,0,0,0,17,High,12.87774334868815,0,0,Low,0
ENT301947,Partnership,Seychelles,Driving License,1,7,4500.0,0,0,0,10,Low,8.412054873292933,1,18,Low,0
ENT301948,Individual,Cayman Islands,PAN,1,2,113300.0,0,0,0,7,High,11.63780327310248,1,12,Low,0
ENT301949,Corporate,Panama,Voter ID,1,4,306600.0,0,0,0,21,High,12.633302506993136,1,12,Low,0
ENT301950,Corporate,BVI,Driving License,1,2,131500.0,0,0,1,29,High,11.78676973513378,1,20,Low,0
ENT301951,Individual,USA,Aadhaar,1,5,12200.0,0,0,0,10,High,9.409273194575334,0,0,Low,0
ENT301952,Corporate,Singapore,Voter ID,1,1,21400.0,0,0,0,22,High,9.97119292889014,0,0,Low,0
ENT301953,Corporate,India,PAN,1,2,853900.0,0,0,0,5,High,13.65757054099233,0,0,Low,0
ENT301954,Corporate,Germany,Voter ID,0,6,761800.0,0,0,0,17,High,13.543440645706273,0,5,Low,0
ENT301955,Individual,Germany,Driving License,0,5,6800.0,0,0,0,26,Medium,8.824824939175638,0,5,Low,0
ENT301956,Individual,USA,PAN,1,6,148500.0,0,0,0,6,High,11.908346971208951,0,0,Low,0
ENT301957,Individual,Mauritius,PAN,1,5,44800.0,0,0,0,22,Low,10.709985739582528,1,18,Low,0
ENT301958,Partnership,USA,Driving License,0,7,96900.0,0,0,0,24,Low,11.481445117743048,0,11,Low,0
ENT301959,Corporate,Hong Kong,Aadhaar,1,6,29600.0,0,0,0,6,High,10.295563423525277,0,0,Low,0
ENT301960,Individual,Mauritius,Aadhaar,1,1,153300.0,1,0,0,19,Low,11.940158587995837,1,33,Medium,1
ENT301961,Individual,Switzerland,Aadhaar,1,3,292200.0,0,0,0,3,Medium,12.585197200606364,0,0,Low,0
ENT301962,Individual,Switzerland,Aadhaar,1,1,333800.0,0,0,3,11,Low,12.718300286011257,0,30,Medium,0
ENT301963,Individual,Singapore,Passport,1,5,11500.0,0,0,2,21,High,9.350189267092581,0,16,Low,0
ENT301964,Corporate,Singapore,Aadhaar,1,6,101300.0,0,0,0,5,Medium,11.525851561856362,0,0,Low,0
ENT301965,Individual,Hong Kong,Voter ID,1,2,36700.0,0,1,0,1,High,10.510559281627845,0,40,Medium,1
ENT301966,Individual,Seychelles,Aadhaar,1,3,90000.0,0,0,0,13,High,11.407576060361786,1,12,Low,0
ENT301967,Individual,Singapore,Passport,1,7,7000.0,0,0,0,18,High,8.853808274977197,0,0,Low,0
ENT301968,Trust,Germany,Voter ID,1,5,1899600.0,0,0,0,9,High,14.457154422083581,0,1,Low,0
ENT301969,Individual,Singapore,PAN,1,7,30600.0,0,0,0,15,High,10.328787967145063,0,0,Low,0
ENT301970,Individual,USA,Passport,1,3,17600.0,0,0,0,2,High,9.77571099759397,0,0,Low,0
ENT301971,Corporate,Seychelles,PAN,1,4,329500.0,0,0,0,21,Medium,12.70533466782146,1,12,Low,0
ENT301972,Partnership,Cayman Islands,Voter ID,1,2,603500.0,0,0,1,15,High,13.310502976519178,1,20,Low,0
ENT301973,Individual,Panama,Driving License,0,4,16900.0,0,0,0,18,Low,9.735128070758227,1,23,Medium,0
ENT301974,Corporate,Seychelles,PAN,1,2,39400.0,0,0,0,10,Low,10.5815464756746,1,18,Low,0
ENT301975,Corporate,UK,Aadhaar,1,5,220400.0,1,0,0,1,High,12.303203893455684,0,15,Low,1
ENT301976,Individual,Cayman Islands,Aadhaar,1,3,8900.0,0,0,0,18,High,9.093918908958932,1,12,Low,0
ENT301977,Individual,USA,Voter ID,1,3,42700.0,0,0,0,11,High,10.661977618146238,0,0,Low,0
ENT301978,Corporate,Cayman Islands,Driving License,1,3,30100.0,0,0,0,21,Medium,10.31231367277647,1,12,Low,0
ENT301979,Individual,USA,PAN,1,1,834300.0,0,0,2,28,Medium,13.63434952749906,0,16,Low,0
ENT301980,Corporate,Hong Kong,Aadhaar,1,2,796800.0,0,0,1,28,Medium,13.588360240271818,0,8,Low,0
ENT301981,Individual,BVI,Passport,1,5,17200.0,0,0,0,16,Medium,9.75272280064639,1,12,Low,0
ENT301982,Individual,Cayman Islands,Passport,1,2,70200.0,0,0,1,28,Low,11.159117834926688,1,26,Medium,0
ENT301983,Individual,Cyprus,Driving License,1,1,306500.0,0,0,0,5,High,12.632976296995821,1,12,Low,0
ENT301984,Individual,Cyprus,Passport,1,4,23400.0,0,0,1,4,High,10.060534035475412,1,20,Low,0
ENT301985,Individual,USA,PAN,1,6,134900.0,0,0,3,6,Medium,11.812296455066814,0,24,Medium,0
ENT301986,Individual,Germany,PAN,1,6,31500.0,0,0,0,29,High,10.357774570341576,0,0,Low,0
ENT301987,Individual,India,Voter ID,1,1,25300.0,0,0,3,24,Medium,10.138599199626192,0,24,Medium,0
ENT301988,Corporate,China,PAN,1,7,119000.0,0,0,0,10,High,11.686887175419702,0,0,Low,0
ENT301989,Individual,Cayman Islands,PAN,0,7,162300.0,0,0,0,26,Medium,11.997207914913153,1,17,Low,0
ENT301990,Individual,Seychelles,Aadhaar,1,3,25500.0,0,0,0,8,Medium,10.146472946063877,1,12,Low,0
ENT301991,Individual,USA,Voter ID,1,4,85700.0,0,0,0,19,High,11.358619773129229,0,0,Low,0
ENT301992,Corporate,Hong Kong,Aadhaar,1,6,47000.0,0,0,0,1,High,10.757924157061597,0,0,Low,0
ENT301993,Trust,Mauritius,Voter ID,1,7,63900.0,0,0,0,22,Low,11.065090289695444,1,18,Low,0
ENT301994,Individual,USA,PAN,1,1,12200.0,0,0,0,24,Medium,9.409273194575334,0,0,Low,0
ENT301995,Partnership,China,Driving License,1,2,20600.0,0,0,0,1,High,9.933094897288786,0,0,Low,0
ENT301996,Individual,BVI,Voter ID,1,3,65800.0,0,0,0,16,High,11.094390314766315,1,12,Low,0
ENT301997,Trust,UK,Driving License,1,3,94300.0,0,0,0,7,Medium,11.454247073019193,0,0,Low,0
ENT301998,Individual,Mauritius,Driving License,1,6,41400.0,0,0,0,18,High,10.63106031411106,1,12,Low,0
ENT301999,Individual,Germany,Voter ID,1,6,55800.0,0,0,0,21,High,10.929547069355774,0,0,Low,0
ENT302000,Individual,India,Driving License,0,6,114700.0,0,0,0,6,High,11.650084021475273,0,5,Low,0
ENT302001,Individual,Germany,Voter ID,1,1,60300.0,0,0,0,5,High,11.007103966325696,0,0,Low,0
ENT302002,Partnership,Mauritius,Passport,1,7,59100.0,0,0,0,23,Medium,10.987003123724813,1,12,Low,0
ENT302003,Individual,Hong Kong,Driving License,1,6,269300.0,0,0,0,4,High,12.503584992123654,0,0,Low,0
ENT302004,Corporate,Cyprus,Passport,0,1,8500.0,0,0,0,27,High,9.04793908261736,1,17,Low,0
ENT302005,Corporate,Hong Kong,Aadhaar,1,3,165200.0,0,0,0,12,High,12.01491819331946,0,0,Low,0
ENT302006,Individual,Seychelles,Passport,1,6,19600.0,0,0,0,27,High,9.883335864325275,1,12,Low,0
ENT302007,Corporate,Panama,Aadhaar,0,5,34800.0,0,0,0,18,High,10.457401400981889,1,17,Low,0
ENT302008,Corporate,Panama,PAN,1,7,70700.0,0,0,0,11,Medium,11.166214996056205,1,12,Low,0
ENT302009,Trust,Mauritius,PAN,0,5,10500.0,0,0,0,9,High,9.259225769705994,1,17,Low,0
ENT302010,Individual,Panama,PAN,1,1,52500.0,0,0,0,5,Low,10.868587496017359,1,18,Low,0
ENT302011,Individual,USA,Passport,1,5,17600.0,0,0,0,6,Medium,9.77571099759397,0,0,Low,0
ENT302012,Partnership,UK,Aadhaar,1,2,13400.0,0,0,0,13,Low,9.503084610020228,0,6,Low,0
ENT302013,Individual,China,Voter ID,1,3,66200.0,0,0,0,2,Medium,11.10045084755119,0,0,Low,0
ENT302014,Corporate,China,PAN,1,5,161300.0,0,0,0,9,High,11.991027463722105,0,0,Low,0
ENT302015,Corporate,Cayman Islands,Voter ID,1,1,41400.0,0,0,0,16,Low,10.63106031411106,1,18,Low,0
ENT302016,Trust,UK,Passport,0,2,16000.0,0,0,0,13,High,9.680406499268875,0,5,Low,0
ENT302017,Corporate,Hong Kong,PAN,1,4,426700.0,0,0,0,10,Medium,12.963838812740255,0,0,Low,0
ENT302018,Partnership,Cayman Islands,Driving License,1,3,57000.0,0,0,0,26,High,10.950824090522445,1,12,Low,0
ENT302019,Corporate,Hong Kong,Voter ID,1,6,101100.0,0,0,0,26,Low,11.52387529615648,0,6,Low,0
ENT302020,Corporate,China,Voter ID,1,4,65300.0,0,0,0,26,High,11.086762629082946,0,0,Low,0
ENT302021,Individual,Hong Kong,Driving License,1,1,455500.0,0,0,0,9,Medium,13.029153191069422,0,0,Low,0
ENT302022,Individual,Hong Kong,Voter ID,1,2,152300.0,0,0,0,2,High,11.933614104849879,0,0,Low,0
ENT302023,Corporate,Hong Kong,Driving License,1,3,52600.0,0,0,0,29,Medium,10.87049040995193,0,0,Low,0
ENT302024,Corporate,Hong Kong,Passport,1,1,82900.0,0,0,1,17,High,11.325402403776808,0,8,Low,0
ENT302025,Individual,Cyprus,Aadhaar,1,6,34900.0,0,0,0,27,Medium,10.460270761075149,1,12,Low,0
ENT302026,Corporate,Hong Kong,Voter ID,0,7,51200.0,0,0,0,20,High,10.843514342086866,0,5,Low,0
ENT302027,Individual,Mauritius,Driving License,1,4,128400.0,0,0,0,22,Medium,11.762913458369663,1,12,Low,0
ENT302028,Corporate,Switzerland,Aadhaar,1,4,148400.0,0,0,0,15,Medium,11.907673348237187,0,0,Low,0
ENT302029,Individual,Cayman Islands,Aadhaar,1,1,12000.0,0,0,2,16,Low,9.392745258631441,1,34,Medium,0
ENT302030,Corporate,Hong Kong,Voter ID,1,5,213600.0,0,0,2,21,High,12.271865067705159,0,16,Low,0
ENT302031,Individual,UAE,Aadhaar,1,1,49000.0,0,0,0,28,High,10.799595985047786,0,0,Low,0
ENT302032,Individual,Mauritius,Voter ID,1,6,39300.0,0,0,0,17,High,10.579005242826247,1,12,Low,0
ENT302033,Individual,UK,Passport,1,7,167900.0,0,0,2,9,High,12.031129798974042,0,16,Low,0
ENT302034,Individual,Panama,PAN,0,7,174400.0,0,0,2,24,High,12.069112524385531,1,33,Medium,0
ENT302035,Individual,Hong Kong,Voter ID,1,7,7500.0,0,0,3,7,Medium,8.922791623969637,0,24,Medium,0
ENT302036,Partnership,China,Voter ID,1,2,132500.0,0,0,0,20,Medium,11.794345471549745,0,0,Low,0
ENT302037,Individual,China,Aadhaar,1,5,84200.0,0,0,0,17,High,11.340962076644454,0,0,Low,0
ENT302038,Individual,Cyprus,Passport,1,6,17100.0,1,0,0,20,High,9.746892220313054,1,27,Medium,1
ENT302039,Individual,BVI,Passport,1,4,100500.0,0,0,0,23,Medium,11.51792295668052,1,12,Low,0
ENT302040,Corporate,UK,Voter ID,1,7,20800.0,0,0,0,19,High,9.942756341456828,0,0,Low,0
ENT302041,Individual,Cayman Islands,Aadhaar,0,5,11100.0,1,0,0,24,High,9.314790473332646,1,32,Medium,1
ENT302042,Corporate,UAE,PAN,1,5,28800.0,0,0,0,1,Low,10.268165387743457,0,6,Low,0
ENT302043,Corporate,Switzerland,Driving License,1,5,19200.0,0,0,0,13,Low,9.862717639992917,0,6,Low,0
ENT302044,Individual,UAE,PAN,1,4,34400.0,0,0,0,5,Medium,10.445840912706414,0,0,Low,0
ENT302045,Partnership,UAE,Voter ID,1,2,59700.0,0,0,0,18,Medium,10.997104049659168,0,0,Low,0
ENT302046,Corporate,Cayman Islands,Voter ID,1,4,18400.0,0,0,0,19,High,9.820160289946374,1,12,Low,0
ENT302047,Individual,India,Aadhaar,1,1,7600.0,0,0,0,15,High,8.936035096566041,0,0,Low,0
ENT302048,Trust,Cayman Islands,Driving License,1,5,33400.0,0,1,3,17,High,10.416341118636355,1,76,Critical,1
ENT302049,Individual,Cyprus,Voter ID,1,7,177700.0,0,0,0,24,High,12.087857641588924,1,12,Low,0
ENT302050,Corporate,Cayman Islands,Aadhaar,1,7,66000.0,0,0,0,8,High,11.097425172408931,1,12,Low,0
ENT302051,Corporate,India,Aadhaar,1,2,13400.0,0,0,0,17,Medium,9.503084610020228,0,0,Low,0
ENT302052,Individual,Mauritius,Passport,1,1,57100.0,0,0,0,18,High,10.9525769086256,1,12,Low,0
ENT302053,Partnership,Hong Kong,Passport,1,6,86900.0,0,0,0,10,Medium,11.372524818667134,0,0,Low,0
ENT302054,Corporate,Germany,Aadhaar,1,4,149200.0,0,0,0,9,Low,11.913049669142206,0,6,Low,0
ENT302055,Corporate,Germany,Driving License,1,6,37500.0,0,0,0,12,Medium,10.53212287826962,0,0,Low,0
ENT302056,Individual,Mauritius,Driving License,1,3,55400.0,0,0,0,18,Medium,10.922352923113982,1,12,Low,0
ENT302057,Individual,Germany,Passport,1,3,142900.0,0,0,0,27,High,11.869907361794104,0,0,Low,0
ENT302058,Corporate,Seychelles,Passport,1,2,41300.0,0,0,0,14,High,10.628641991731053,1,12,Low,0
ENT302059,Individual,India,Driving License,1,6,94200.0,0,1,0,19,High,11.45318607621936,0,40,Medium,1
ENT302060,Individual,UK,PAN,1,4,52700.0,0,0,2,6,Medium,10.872389709681492,0,16,Low,0
ENT302061,Individual,Hong Kong,Voter ID,1,6,25600.0,0,0,0,8,Medium,10.150386692204734,0,0,Low,0
ENT302062,Individual,BVI,Aadhaar,1,3,217400.0,0,0,0,11,High,12.289498853474674,1,12,Low,0
ENT302063,Trust,Panama,Driving License,1,2,113100.0,0,0,0,21,High,11.636036503798104,1,12,Low,0
ENT302064,Corporate,UK,PAN,1,2,63700.0,0,0,0,1,Medium,11.06195554002416,0,0,Low,0
ENT302065,Individual,Mauritius,Aadhaar,0,5,30200.0,0,0,3,27,Low,10.315630315397533,1,47,High,1
ENT302066,Individual,Mauritius,Passport,1,4,22400.0,0,0,0,26,Medium,10.016860879703811,1,12,Low,0
ENT302067,Corporate,Cyprus,Voter ID,1,6,539600.0,0,0,0,27,Medium,13.198585256538632,1,12,Low,0
ENT302068,Individual,BVI,Passport,1,6,102200.0,0,0,1,9,Medium,11.534696741439683,1,20,Low,0
ENT302069,Individual,India,PAN,1,7,93600.0,0,0,0,2,High,11.446796346169297,0,0,Low,0
ENT302070,Individual,Panama,PAN,1,2,70100.0,0,0,1,8,High,11.157692338256169,1,20,Low,0
ENT302071,Individual,UAE,Aadhaar,1,5,21000.0,0,0,1,15,High,9.952325334619427,0,8,Low,0
ENT302072,Individual,Cyprus,PAN,1,2,51100.0,0,0,1,21,High,10.841559345471941,1,20,Low,0
ENT302073,Individual,Panama,PAN,1,3,190500.0,0,0,0,29,High,12.157412722878947,1,12,Low,0
ENT302074,Individual,Switzerland,Passport,0,1,102600.0,0,0,0,2,Medium,11.538602958260002,0,5,Low,0
ENT302075,Corporate,UK,Driving License,0,3,35500.0,0,0,0,8,High,10.477316144080852,0,5,Low,0
ENT302076,Partnership,China,Passport,0,3,23100.0,0,0,1,7,High,10.047631185616188,0,13,Low,0
ENT302077,Corporate,China,Voter ID,1,5,81200.0,0,0,0,5,Low,11.304682841344873,0,6,Low,0
ENT302078,Corporate,Singapore,Voter ID,1,5,91400.0,0,0,2,14,High,11.423011698301426,0,16,Low,0
ENT302079,Corporate,UAE,Aadhaar,1,4,3900.0,0,0,1,11,Medium,8.268988209506656,0,8,Low,0
ENT302080,Individual,Singapore,Voter ID,1,1,384800.0,0,0,0,26,High,12.860481596522911,0,0,Low,0
ENT302081,Individual,Germany,Aadhaar,1,7,138800.0,0,0,0,24,Low,11.840796531639839,0,6,Low,0
ENT302082,Individual,Cayman Islands,Voter ID,1,5,96300.0,0,0,0,25,High,11.475233981948293,1,12,Low,0
ENT302083,Individual,Hong Kong,Voter ID,1,3,36100.0,0,0,1,29,Medium,10.494075844768336,0,8,Low,0
ENT302084,Corporate,Hong Kong,Driving License,1,7,525400.0,0,0,0,15,Medium,13.171917059543528,0,0,Low,0
ENT302085,Individual,China,Driving License,1,1,24400.0,0,0,0,24,High,10.102379394048045,0,0,Low,0
ENT302086,Individual,Hong Kong,PAN,1,5,222600.0,0,0,1,18,Low,12.313136210176474,0,14,Low,0
ENT302087,Corporate,USA,Driving License,1,1,51500.0,0,0,0,18,Low,10.849356503939038,0,6,Low,0
ENT302088,Corporate,USA,PAN,1,5,35800.0,0,0,0,2,Medium,10.485731104959568,0,0,Low,0
ENT302089,Individual,Cayman Islands,Aadhaar,1,2,33700.0,0,0,1,18,Medium,10.425282789490705,1,20,Low,0
ENT302090,Corporate,Mauritius,Driving License,1,6,97700.0,0,0,1,6,High,11.489667073393028,1,20,Low,0
ENT302091,Individual,Cayman Islands,Passport,1,7,146000.0,1,0,0,15,Medium,11.891368749982085,1,27,Medium,1
ENT302092,Corporate,Singapore,Driving License,1,6,57300.0,0,1,1,18,Low,10.956073354557526,0,54,High,1
ENT302093,Individual,UK,Passport,1,7,69000.0,0,0,0,9,High,11.141876276228,0,0,Low,0
ENT302094,Individual,USA,Driving License,1,4,30300.0,0,0,0,6,High,10.318935994253193,0,0,Low,0
ENT302095,Corporate,UAE,Aadhaar,1,6,23100.0,0,0,1,25,Medium,10.047631185616188,0,8,Low,0
ENT302096,Partnership,China,Aadhaar,1,4,142000.0,0,0,0,14,High,11.863589378812122,0,0,Low,0
ENT302097,Individual,Cayman Islands,Voter ID,1,7,33000.0,0,0,0,6,High,10.404293143019792,1,12,Low,0
ENT302098,Corporate,UAE,Voter ID,1,3,99700.0,0,0,0,12,High,11.5099309859899,0,0,Low,0
ENT302099,Corporate,Cayman Islands,Voter ID,1,3,456100.0,0,0,0,3,Medium,13.030469555199033,1,12,Low,0
ENT302100,Partnership,Seychelles,Aadhaar,1,7,80600.0,0,0,1,7,High,11.297266335365645,1,20,Low,0
ENT302101,Corporate,Cyprus,PAN,1,2,25200.0,0,0,0,20,Medium,10.134638955251866,1,12,Low,0
ENT302102,Corporate,UK,PAN,1,6,172700.0,0,0,1,12,Medium,12.059317054505962,0,8,Low,0
ENT302103,Corporate,China,Voter ID,0,7,365100.0,0,0,0,25,Medium,12.8079293066156,0,5,Low,0
ENT302104,Partnership,USA,Passport,1,6,42500.0,0,0,0,13,High,10.657282884047461,0,0,Low,0
ENT302105,Corporate,Cyprus,Aadhaar,1,3,38100.0,0,0,0,9,Medium,10.547995807489514,1,12,Low,0
ENT302106,Corporate,UK,Aadhaar,1,3,30000.0,0,0,0,17,Low,10.308985993422082,0,6,Low,0
ENT302107,Corporate,Hong Kong,Driving License,0,5,248900.0,0,0,0,29,Low,12.424810506025395,0,11,Low,0
ENT302108,Individual,UAE,Voter ID,1,6,22000.0,0,0,0,5,High,9.99884318585288,0,0,Low,0
ENT302109,Corporate,UAE,Aadhaar,1,5,21300.0,0,0,1,25,Medium,9.966509298952284,0,8,Low,0
ENT302110,Individual,USA,Voter ID,1,7,66500.0,0,0,0,1,High,11.104972264124868,0,0,Low,0
ENT302111,Individual,Mauritius,Driving License,1,2,161200.0,0,0,0,5,Medium,11.990407312509369,1,12,Low,0
ENT302112,Individual,Cayman Islands,Driving License,1,5,35500.0,0,0,0,10,Medium,10.477316144080852,1,12,Low,0
ENT302113,Individual,UAE,Voter ID,1,3,64100.0,0,0,0,13,Low,11.068215243411098,0,6,Low,0
ENT302114,Trust,Cayman Islands,Passport,1,1,11100.0,0,0,0,24,Medium,9.314790473332646,1,12,Low,0
ENT302115,Corporate,China,Voter ID,0,2,364000.0,0,0,0,13,Medium,12.804911893867851,0,5,Low,0
ENT302116,Individual,Germany,Passport,1,5,72200.0,0,0,0,20,Low,11.187209175200515,0,6,Low,0
ENT302117,Individual,Switzerland,Aadhaar,1,7,26600.0,0,0,1,13,High,10.188704088048116,0,8,Low,0
ENT302118,Individual,Mauritius,Passport,1,2,40600.0,0,0,0,4,Medium,10.611547975828369,1,12,Low,0
ENT302119,Corporate,India,Driving License,1,3,127900.0,0,0,1,6,High,11.759011806144656,0,8,Low,0
ENT302120,Corporate,Hong Kong,PAN,1,6,11000.0,0,0,1,16,High,9.305741456739435,0,8,Low,0
ENT302121,Individual,Seychelles,Driving License,1,5,96000.0,0,0,0,15,High,11.472113887062386,1,12,Low,0
ENT302122,Individual,Cayman Islands,Passport,1,1,25200.0,1,0,1,2,Medium,10.134638955251866,1,35,Medium,1
ENT302123,Individual,UAE,Driving License,1,6,982400.0,0,0,1,7,Medium,13.797754854289806,0,9,Low,0
ENT302124,Individual,UK,Voter ID,1,1,29500.0,0,0,0,23,Low,10.292179440058462,0,6,Low,0
ENT302125,Partnership,UAE,Voter ID,1,2,39400.0,0,0,0,24,Medium,10.5815464756746,0,0,Low,0
ENT302126,Trust,BVI,Aadhaar,1,3,42000.0,0,0,0,25,Medium,10.645448706505872,1,12,Low,0
ENT302127,Corporate,China,PAN,1,5,59700.0,0,0,0,17,High,10.997104049659168,0,0,Low,0
ENT302128,Partnership,Switzerland,Voter ID,1,5,337500.0,0,0,0,11,High,12.729323752253295,0,0,Low,0
ENT302129,Individual,Panama,Voter ID,1,4,147200.0,0,0,0,25,High,11.899554278732099,1,12,Low,0
ENT302130,Individual,Singapore,Voter ID,1,1,21500.0,0,0,0,2,High,9.975854724662028,0,0,Low,0
ENT302131,Individual,Cayman Islands,Aadhaar,0,5,22300.0,0,0,0,9,High,10.012386799492118,1,17,Low,0
ENT302132,Corporate,UK,Driving License,1,3,4100.0,0,0,1,17,High,8.31898612539206,0,8,Low,0
ENT302133,Individual,China,Driving License,1,2,72600.0,0,0,0,21,Low,11.192733974822708,0,6,Low,0
ENT302134,Corporate,UAE,Voter ID,1,4,31900.0,1,0,0,17,High,10.370392636243981,0,15,Low,1
ENT302135,Corporate,Mauritius,Aadhaar,1,4,246400.0,0,0,0,17,High,12.414715569074824,1,12,Low,0
ENT302136,Corporate,UAE,PAN,1,4,107700.0,0,0,1,22,High,11.587114148152441,0,8,Low,0
ENT302137,Corporate,Germany,Aadhaar,0,2,55100.0,0,0,0,2,Medium,10.916923143796645,0,5,Low,0
ENT302138,Corporate,Cayman Islands,Passport,1,1,4100.0,0,0,1,7,High,8.31898612539206,1,20,Low,0
ENT302139,Corporate,Singapore,Voter ID,1,1,45600.0,0,0,0,5,High,10.727684925086583,0,0,Low,0
ENT302140,Corporate,Cyprus,PAN,1,7,51200.0,1,0,1,29,High,10.843514342086866,1,35,Medium,1
ENT302141,Individual,Cayman Islands,Voter ID,1,7,467100.0,0,0,1,8,Low,13.0543007873571,1,26,Medium,0
ENT302142,Individual,Cyprus,Voter ID,1,7,525000.0,0,0,0,8,High,13.171155446333852,1,12,Low,0
ENT302143,Individual,USA,Driving License,1,5,98900.0,0,0,2,21,High,11.501874628783144,0,16,Low,0
ENT302144,Corporate,Cyprus,Aadhaar,1,3,157600.0,0,0,1,2,High,11.967821801563451,1,20,Low,0
ENT302145,Individual,Hong Kong,Aadhaar,1,7,24900.0,0,0,1,12,High,10.122663242288953,0,8,Low,0
ENT302146,Trust,Panama,Aadhaar,1,2,406100.0,0,0,0,29,Medium,12.91435717611903,1,12,Low,0
ENT302147,Individual,Singapore,Voter ID,1,2,17500.0,0,0,0,27,Medium,9.770013301136158,0,0,Low,0
ENT302148,Individual,Panama,Aadhaar,1,1,67200.0,0,1,2,3,High,11.1154434073529,1,68,Critical,1
ENT302149,Corporate,China,Passport,1,1,67300.0,0,0,0,25,Medium,11.116930374363438,0,0,Low,0
ENT302150,Individual,Hong Kong,PAN,1,5,173600.0,0,0,0,21,High,12.06451484156046,0,0,Low,0
ENT302151,Individual,Hong Kong,PAN,1,2,320800.0,0,0,1,21,Low,12.67857627217662,0,14,Low,0
ENT302152,Partnership,Hong Kong,PAN,1,3,69100.0,0,0,0,17,Medium,11.143324481431074,0,0,Low,0
ENT302153,Individual,UK,Driving License,1,2,5300.0,0,0,2,18,Low,8.575650760987806,0,22,Medium,0
ENT302154,Corporate,Cyprus,Passport,0,7,172000.0,0,0,0,26,High,12.055255569732177,1,17,Low,0
ENT302155,Partnership,India,Voter ID,1,2,40400.0,0,0,3,17,High,10.606609816118151,0,24,Medium,0
ENT302156,Individual,UK,Aadhaar,1,6,11400.0,0,0,2,5,Medium,9.34145634983372,0,16,Low,0
ENT302157,Individual,Seychelles,Passport,1,6,209500.0,0,0,0,7,Low,12.252483791602627,1,18,Low,0
ENT302158,Individual,China,Voter ID,1,1,40700.0,0,0,1,24,High,10.614007941153417,0,8,Low,0
ENT302159,Individual,Seychelles,Passport,1,2,73000.0,0,0,0,25,Low,11.19822841866684,1,18,Low,0
ENT302160,Individual,Mauritius,Voter ID,0,4,233200.0,1,0,0,8,Medium,12.359656021613945,1,32,Medium,1
ENT302161,Corporate,USA,PAN,1,6,84500.0,0,0,0,22,Medium,11.344518647594766,0,0,Low,0
ENT302162,Individual,China,PAN,1,2,153500.0,0,0,2,29,Medium,11.941462360646149,0,16,Low,0
ENT302163,Individual,UAE,Driving License,1,3,222900.0,0,0,0,4,High,12.31448300568063,0,0,Low,0
ENT302164,Corporate,Mauritius,Passport,1,7,74600.0,1,0,0,14,High,11.219909190927746,1,27,Medium,1
ENT302165,Partnership,Seychelles,Driving License,1,1,37700.0,0,0,1,19,Medium,10.537441898283253,1,20,Low,0
ENT302166,Partnership,UAE,PAN,1,3,225600.0,0,0,0,10,High,12.32652323122033,0,0,Low,0
ENT302167,Individual,Cyprus,Aadhaar,1,4,57700.0,0,0,0,19,Medium,10.96302978336854,1,12,Low,0
ENT302168,Individual,India,Driving License,1,2,3900.0,0,0,0,7,High,8.268988209506656,0,0,Low,0
ENT302169,Individual,Singapore,Passport,1,6,77500.0,0,0,0,7,High,11.258046118484,0,0,Low,0
ENT302170,Trust,Germany,Driving License,1,5,19700.0,1,0,0,6,High,9.888424674859083,0,15,Low,1
ENT302171,Partnership,Cayman Islands,PAN,1,2,2790400.0,0,0,0,14,Medium,14.841695871068293,1,13,Low,0
ENT302172,Corporate,Mauritius,PAN,1,3,14400.0,0,0,3,6,High,9.575052927597383,1,36,Medium,0
ENT302173,Corporate,UAE,Voter ID,1,7,405900.0,0,0,2,4,High,12.913864566484955,0,16,Low,0
ENT302174,Individual,UK,Passport,1,5,168300.0,0,0,0,4,Low,12.033509321931893,0,6,Low,0
ENT302175,Trust,Singapore,Voter ID,1,5,43500.0,0,0,0,11,Medium,10.680539205318292,0,0,Low,0
ENT302176,Individual,UK,Aadhaar,1,7,32700.0,0,0,0,29,High,10.39516093745751,0,0,Low,0
ENT302177,Individual,Singapore,Aadhaar,1,5,21000.0,0,0,0,13,High,9.952325334619427,0,0,Low,0
ENT302178,Individual,Mauritius,PAN,1,6,267100.0,0,0,0,15,Low,12.49538214300718,1,18,Low,0
ENT302179,Partnership,Singapore,Passport,0,5,273000.0,0,0,0,10,High,12.51723073716405,0,5,Low,0
ENT302180,Individual,USA,PAN,1,3,22000.0,0,0,0,1,High,9.99884318585288,0,0,Low,0
ENT302181,Partnership,China,Passport,1,6,31000.0,0,0,0,20,High,10.34177474101152,0,0,Low,0
ENT302182,Corporate,India,Passport,1,5,16500.0,0,0,0,10,High,9.711176264112805,0,0,Low,0
ENT302183,Individual,UK,PAN,1,5,20900.0,0,0,0,17,High,9.94755228369823,0,0,Low,0
ENT302184,Corporate,USA,Voter ID,1,3,15800.0,0,0,0,11,Low,9.6678285081515,0,6,Low,0
ENT302185,Individual,Switzerland,Passport,1,4,15100.0,0,0,0,1,High,9.62251624577579,0,0,Low,0
ENT302186,Trust,Switzerland,Voter ID,1,7,140400.0,0,0,0,8,Medium,11.852257893055606,0,0,Low,0
ENT302187,Individual,Seychelles,Voter ID,0,5,13500.0,1,0,0,27,Medium,9.510519035757246,1,32,Medium,1
ENT302188,Corporate,Hong Kong,Voter ID,1,7,85400.0,0,0,0,3,Medium,11.355113089309977,0,0,Low,0
ENT302189,Corporate,Germany,Voter ID,1,3,89800.0,0,0,0,16,High,11.405351390085748,0,0,Low,0
ENT302190,Individual,Panama,PAN,1,4,64500.0,0,0,0,23,High,11.07443600653965,1,12,Low,0
ENT302191,Individual,BVI,Voter ID,1,5,81300.0,0,0,0,23,Medium,11.305913595583258,1,12,Low,0
ENT302192,Corporate,Singapore,Aadhaar,1,4,56800.0,0,0,0,18,High,10.947309210188068,0,0,Low,0
ENT302193,Individual,UK,Voter ID,1,4,35800.0,0,0,0,3,Medium,10.485731104959568,0,0,Low,0
ENT302194,Individual,Singapore,Aadhaar,1,3,35100.0,0,0,0,6,High,10.465984899076615,0,0,Low,0
ENT302195,Individual,Germany,Voter ID,1,2,9100.0,0,0,0,26,High,9.116139576577355,0,0,Low,0
ENT302196,Individual,Cayman Islands,Passport,1,3,15600.0,0,0,0,8,Low,9.65509029374725,1,18,Low,0
ENT302197,Corporate,Mauritius,Driving License,1,5,67100.0,0,0,0,14,High,11.11395422597838,1,12,Low,0
ENT302198,Trust,China,PAN,1,5,40900.0,0,0,0,14,High,10.61890979160975,0,0,Low,0
ENT302199,Individual,Switzerland,Aadhaar,1,6,52400.0,0,0,0,6,Medium,10.866680954096502,0,0,Low,0
ENT302200,Individual,India,Passport,1,3,65400.0,0,0,0,17,High,11.088292827848269,0,0,Low,0
ENT302201,Individual,UK,Voter ID,1,4,57000.0,0,0,0,21,Low,10.950824090522445,0,6,Low,0
ENT302202,Trust,UK,PAN,1,7,34800.0,0,0,0,14,High,10.457401400981889,0,0,Low,0
ENT302203,Corporate,Hong Kong,Aadhaar,1,6,57000.0,0,0,1,7,High,10.950824090522445,0,8,Low,0
ENT302204,Corporate,Switzerland,Driving License,1,4,362600.0,0,0,0,3,Low,12.801058335158986,0,6,Low,0
ENT302205,Corporate,Mauritius,Voter ID,1,3,992400.0,0,0,0,20,Medium,13.807882538457477,1,13,Low,0
ENT302206,Individual,BVI,Driving License,1,6,47000.0,0,0,0,22,High,10.757924157061597,1,12,Low,0
ENT302207,Individual,Switzerland,PAN,1,2,47000.0,0,0,2,14,Medium,10.757924157061597,0,16,Low,0
ENT302208,Individual,Singapore,Passport,1,7,48300.0,0,0,0,6,High,10.785207543360087,0,0,Low,0
ENT302209,Trust,UAE,PAN,1,7,94800.0,0,0,0,22,Medium,11.459535236710686,0,0,Low,0
ENT302210,Corporate,India,Driving License,1,2,114700.0,0,0,0,22,Medium,11.650084021475273,0,0,Low,0
ENT302211,Individual,Singapore,PAN,1,4,1594900.0,0,0,0,17,High,14.282322223309206,0,1,Low,0
ENT302212,Corporate,Mauritius,Voter ID,1,1,336800.0,0,0,1,16,Medium,12.727247530467041,1,20,Low,0
ENT302213,Corporate,Hong Kong,Aadhaar,1,1,58900.0,0,0,0,1,Medium,10.983613347424248,0,0,Low,0
ENT302214,Individual,China,Driving License,1,4,7900.0,0,0,0,20,High,8.974744612722734,0,0,Low,0
ENT302215,Corporate,Switzerland,PAN,1,7,214900.0,0,0,0,19,Medium,12.277932735946903,0,0,Low,0
ENT302216,Individual,Mauritius,Passport,1,3,36000.0,0,0,0,1,High,10.491301994830229,1,12,Low,0
ENT302217,Corporate,Mauritius,Passport,1,3,39400.0,0,0,0,28,Low,10.5815464756746,1,18,Low,0
ENT302218,Individual,Singapore,Aadhaar,1,4,129600.0,0,0,0,27,High,11.772215778919925,0,0,Low,0
ENT302219,Individual,Cayman Islands,PAN,1,1,38400.0,1,0,1,18,Low,10.555838779903407,1,41,High,1
ENT302220,Corporate,Singapore,Passport,1,7,129700.0,0,0,0,16,Low,11.772987080375044,0,6,Low,0
ENT302221,Trust,Cyprus,Driving License,1,3,49100.0,0,0,0,19,High,10.801634680173994,1,12,Low,0
ENT302222,Individual,BVI,Aadhaar,1,4,18400.0,0,0,0,9,Medium,9.820160289946374,1,12,Low,0
ENT302223,Corporate,China,Voter ID,1,3,72600.0,0,0,0,21,High,11.192733974822708,0,0,Low,0
ENT302224,Individual,Switzerland,Passport,1,3,11900.0,0,0,0,21,High,9.38437770918244,0,0,Low,0
ENT302225,Partnership,India,PAN,1,4,12100.0,0,0,0,20,High,9.401043372798053,0,0,Low,0
ENT302226,Individual,Hong Kong,Driving License,1,5,317900.0,0,0,0,6,High,12.669495292537231,0,0,Low,0
ENT302227,Individual,Hong Kong,PAN,1,5,167300.0,0,0,0,16,Medium,12.027549864243364,0,0,Low,0
ENT302228,Individual,Cayman Islands,PAN,1,4,26100.0,0,0,0,26,High,10.169728906753061,1,12,Low,0
ENT302229,Individual,BVI,Driving License,1,7,38100.0,0,0,0,3,High,10.547995807489514,1,12,Low,0
ENT302230,Partnership,BVI,Aadhaar,1,5,19300.0,0,1,0,16,Medium,9.867912187022208,1,52,High,1
ENT302231,Individual,UAE,Passport,1,6,279200.0,0,0,1,26,Low,12.539687231525832,0,14,Low,0
ENT302232,Corporate,UK,Aadhaar,1,2,91700.0,0,0,1,6,High,11.426288563310505,0,8,Low,0
ENT302233,Individual,Cayman Islands,Passport,1,5,123600.0,0,0,0,14,High,11.724813914587886,1,12,Low,0
ENT302234,Individual,Mauritius,Passport,1,2,143600.0,0,0,0,2,High,11.874793899360315,1,12,Low,0
ENT302235,Partnership,Switzerland,Voter ID,1,4,58800.0,0,0,0,25,Medium,10.981914140544825,0,0,Low,0
ENT302236,Corporate,Panama,Aadhaar,1,5,14900.0,0,0,0,10,High,9.60918360377546,1,12,Low,0
ENT302237,Partnership,UAE,Aadhaar,1,2,21500.0,0,0,0,7,High,9.975854724662028,0,0,Low,0
ENT302238,Corporate,UAE,Driving License,0,3,34400.0,0,0,0,18,Low,10.445840912706414,0,11,Low,0
ENT302239,Individual,Seychelles,PAN,0,2,91800.0,0,0,0,27,Low,11.427378469795439,1,23,Medium,0
ENT302240,Individual,Singapore,Driving License,1,1,39200.0,0,0,0,29,High,10.576457535657255,0,0,Low,0
ENT302241,Individual,BVI,Passport,1,5,63300.0,0,0,0,27,High,11.055656405795794,1,12,Low,0
ENT302242,Individual,Panama,Aadhaar,1,4,366800.0,0,1,0,7,High,12.812574745642083,1,52,High,1
ENT302243,Individual,Switzerland,Driving License,1,7,34600.0,0,0,0,23,Medium,10.451637862362272,0,0,Low,0
ENT302244,Corporate,BVI,Aadhaar,1,7,500700.0,0,0,0,6,Medium,13.123764395519956,1,12,Low,0
ENT302245,Individual,UK,Passport,1,4,107300.0,0,0,0,17,Medium,11.583393248239855,0,0,Low,0
ENT302246,Corporate,India,Aadhaar,1,4,63800.0,0,0,0,23,High,11.063524143191238,0,0,Low,0
ENT302247,Individual,USA,Voter ID,1,1,139000.0,0,0,0,15,High,11.842236406331555,0,0,Low,0
ENT302248,Individual,Panama,Passport,1,5,16600.0,0,0,0,24,Medium,9.717218213494077,1,12,Low,0
ENT302249,Individual,UK,Voter ID,1,2,20600.0,1,1,0,26,Medium,9.933094897288786,0,55,High,1
ENT302250,Individual,Panama,Aadhaar,1,7,329500.0,0,0,2,6,High,12.70533466782146,1,28,Medium,0
ENT302251,Corporate,Singapore,Passport,1,3,239900.0,0,0,0,17,High,12.3879816172226,0,0,Low,0
ENT302252,Individual,USA,Driving License,1,3,94900.0,0,0,0,12,High,11.460589521950299,0,0,Low,0
ENT302253,Individual,Cyprus,PAN,1,6,13100.0,0,0,0,22,Medium,9.48044384215367,1,12,Low,0
ENT302254,Corporate,Germany,PAN,1,1,32200.0,0,0,0,24,High,10.379752786950895,0,0,Low,0
ENT302255,Individual,UK,Driving License,1,5,39200.0,0,0,0,19,High,10.576457535657255,0,0,Low,0
ENT302256,Individual,Singapore,Aadhaar,1,4,1273200.0,0,0,2,22,Medium,14.057044759812324,0,17,Low,0
ENT302257,Individual,Mauritius,Aadhaar,1,2,15100.0,0,0,0,24,Low,9.62251624577579,1,18,Low,0
ENT302258,Trust,India,Driving License,1,1,22100.0,0,0,0,23,Medium,10.003378135350923,0,0,Low,0
ENT302259,Partnership,Hong Kong,Voter ID,1,7,50000.0,0,0,0,2,Medium,10.819798284210286,0,0,Low,0
ENT302260,Corporate,Panama,Passport,1,2,116500.0,0,0,2,13,Medium,11.665655135642039,1,28,Medium,0
ENT302261,Corporate,UAE,Passport,1,4,10500.0,0,0,0,3,High,9.259225769705994,0,0,Low,0
ENT302262,Individual,Germany,Voter ID,1,6,42200.0,1,0,0,2,Medium,10.650199196425806,0,15,Low,1
ENT302263,Individual,China,PAN,1,1,84600.0,0,0,0,4,High,11.345701365855424,0,0,Low,0
ENT302264,Individual,Panama,Passport,0,2,13900.0,0,0,0,23,Low,9.539716058977092,1,23,Medium,0
ENT302265,Individual,Cayman Islands,PAN,1,2,513600.0,0,0,0,21,High,13.14920197839649,1,12,Low,0
ENT302266,Partnership,Mauritius,Aadhaar,1,3,148600.0,0,0,0,3,High,11.909020140718255,1,12,Low,0
ENT302267,Individual,UAE,Passport,1,5,141400.0,0,0,0,18,High,11.859355104555387,0,0,Low,0
ENT302268,Individual,UK,Driving License,1,7,1297000.0,0,0,0,3,Low,14.075565234308307,0,7,Low,0
ENT302269,Individual,UK,Driving License,1,7,5100.0,0,0,0,25,Medium,8.537191877922927,0,0,Low,0
ENT302270,Individual,UK,Aadhaar,1,1,74100.0,0,0,1,29,Medium,11.21318430646977,0,8,Low,0
ENT302271,Corporate,UK,Passport,1,7,19800.0,0,0,2,21,High,9.893487720457795,0,16,Low,0
ENT302272,Trust,Cyprus,PAN,1,2,13200.0,1,0,0,23,High,9.488047863280759,1,27,Medium,1
ENT302273,Individual,Cyprus,Voter ID,1,6,8300.0,0,0,0,18,High,9.024131268455035,1,12,Low,0
ENT302274,Individual,UAE,Aadhaar,1,5,11300.0,0,0,0,24,High,9.332646496360152,0,0,Low,0
ENT302275,Corporate,Hong Kong,Driving License,1,4,69100.0,0,0,3,21,High,11.143324481431074,0,24,Medium,0
ENT302276,Individual,India,Passport,1,6,120000.0,0,0,1,21,High,11.695255355062795,0,8,Low,0
ENT302277,Individual,Mauritius,Passport,1,4,4000.0,1,0,0,22,Medium,8.294299608857235,1,27,Medium,1
ENT302278,Corporate,UAE,Passport,1,6,19400.0,0,0,0,27,Low,9.873079890114703,0,6,Low,0
ENT302279,Individual,Mauritius,PAN,1,6,18400.0,0,0,0,2,Medium,9.820160289946374,1,12,Low,0
ENT302280,Trust,Cayman Islands,Driving License,1,6,39000.0,0,0,0,18,Medium,10.571342565808699,1,12,Low,0
ENT302281,Corporate,China,Passport,1,4,107200.0,0,0,3,25,Medium,11.582460855933538,0,24,Medium,0
ENT302282,Corporate,Panama,Voter ID,0,7,18200.0,0,0,0,16,High,9.809231816610408,1,17,Low,0
ENT302283,Individual,Cayman Islands,Aadhaar,1,2,26700.0,0,1,0,16,High,10.192456296870509,1,52,High,1
ENT302284,Individual,Cayman Islands,Driving License,0,6,110600.0,0,0,0,17,High,11.613684409620816,1,17,Low,0
ENT302285,Partnership,Seychelles,Voter ID,1,1,42400.0,0,0,0,18,Medium,10.65492722584759,1,12,Low,0
ENT302286,Individual,Seychelles,Passport,0,2,77800.0,0,0,1,21,Medium,11.261909563554315,1,25,Medium,0
ENT302287,Individual,Mauritius,Driving License,1,2,77200.0,0,0,0,27,Medium,11.25416768929685,1,12,Low,0
ENT302288,Corporate,China,Voter ID,0,6,152300.0,0,0,0,7,Medium,11.933614104849879,0,5,Low,0
ENT302289,Trust,UAE,Passport,1,3,10700.0,1,0,1,15,Medium,9.278092474027002,0,23,Medium,1
ENT302290,Individual,Seychelles,PAN,1,3,108200.0,0,0,0,12,Low,11.591745887495987,1,18,Low,0
ENT302291,Individual,China,Driving License,1,5,50400.0,0,0,1,22,Low,10.827766295132466,0,14,Low,0
ENT302292,Individual,Seychelles,Driving License,1,7,148900.0,0,0,1,11,Medium,11.91103693456627,1,20,Low,0
ENT302293,Trust,UK,PAN,1,7,110000.0,0,0,0,17,High,11.608244735642321,0,0,Low,0
ENT302294,Individual,Cyprus,Voter ID,1,1,86200.0,0,0,0,21,High,11.364437057512568,1,12,Low,0
ENT302295,Individual,Germany,Voter ID,1,2,94200.0,0,0,0,11,Medium,11.45318607621936,0,0,Low,0
ENT302296,Corporate,Singapore,PAN,1,6,124300.0,0,0,0,2,High,11.730461322518734,0,0,Low,0
ENT302297,Individual,India,Aadhaar,1,3,17300.0,0,0,0,7,Medium,9.758519582283522,0,0,Low,0
ENT302298,Corporate,China,PAN,1,5,952500.0,0,0,0,8,Medium,13.766846435851209,0,1,Low,0
ENT302299,Individual,Germany,Driving License,1,4,98300.0,0,0,0,7,Low,11.495789479023493,0,6,Low,0
ENT302300,Corporate,Mauritius,Driving License,1,6,1398400.0,0,0,0,16,Medium,14.150839998986127,1,13,Low,0
ENT302301,Partnership,Mauritius,Driving License,0,7,11800.0,0,0,0,1,Medium,9.375939552625749,1,17,Low,0
ENT302302,Individual,Seychelles,Voter ID,1,4,38700.0,0,0,0,28,High,10.563620718477313,1,12,Low,0
ENT302303,Individual,Mauritius,Driving License,1,1,17200.0,0,0,0,4,High,9.75272280064639,1,12,Low,0
ENT302304,Partnership,China,Voter ID,1,2,186500.0,0,0,0,17,High,12.136191879981927,0,0,Low,0
ENT302305,Individual,Panama,Aadhaar,1,3,29100.0,0,0,0,2,High,10.278527816830314,1,12,Low,0
ENT302306,Corporate,BVI,Driving License,1,4,16100.0,0,0,0,15,High,9.686636660844938,1,12,Low,0
ENT302307,Individual,Hong Kong,Driving License,1,2,3800.0,0,0,1,19,High,8.24301946898925,0,8,Low,0
ENT302308,Corporate,Singapore,Passport,1,6,37500.0,0,0,0,23,Medium,10.53212287826962,0,0,Low,0
ENT302309,Corporate,Seychelles,PAN,1,4,16000.0,0,0,0,5,High,9.680406499268875,1,12,Low,0
ENT302310,Individual,BVI,Passport,1,6,28700.0,0,0,0,27,Medium,10.264687244346277,1,12,Low,0
ENT302311,Individual,Singapore,Aadhaar,0,2,27300.0,0,1,0,21,Low,10.214678610538817,0,51,High,1
ENT302312,Individual,China,PAN,1,1,555400.0,0,0,1,28,Medium,13.227445654357357,0,8,Low,0
ENT302313,Corporate,Seychelles,PAN,1,2,52800.0,1,0,0,8,High,10.874285408908944,1,27,Medium,1
ENT302314,Individual,China,Aadhaar,0,3,99400.0,0,0,0,6,High,11.506917452956234,0,5,Low,0
ENT302315,Individual,Germany,Driving License,1,1,136000.0,0,0,1,5,Medium,11.820417517632333,0,8,Low,0
ENT302316,Individual,UK,PAN,1,7,390700.0,0,0,0,20,Medium,12.875697840548462,0,0,Low,0
ENT302317,Corporate,India,Passport,1,7,80800.0,0,0,1,16,High,11.299744620670225,0,8,Low,0
ENT302318,Individual,USA,PAN,1,2,40400.0,0,0,0,14,High,10.606609816118151,0,0,Low,0
ENT302319,Corporate,Germany,PAN,1,1,36300.0,0,0,0,5,High,10.499600568082863,0,0,Low,0
ENT302320,Individual,Seychelles,PAN,1,2,32700.0,0,0,0,4,High,10.39516093745751,1,12,Low,0
ENT302321,Individual,BVI,Driving License,1,3,51200.0,0,0,0,28,Medium,10.843514342086866,1,12,Low,0
ENT302322,Trust,Mauritius,Passport,1,7,180700.0,0,0,0,15,Medium,12.104599010599317,1,12,Low,0
ENT302323,Corporate,Hong Kong,Passport,1,5,18400.0,0,0,0,27,High,9.820160289946374,0,0,Low,0
ENT302324,Individual,Mauritius,Voter ID,0,6,8100.0,0,0,0,4,Medium,8.999742789830492,1,17,Low,0
ENT302325,Corporate,BVI,Driving License,1,6,11000.0,0,0,1,20,High,9.305741456739435,1,20,Low,0
ENT302326,Individual,Cayman Islands,Voter ID,1,7,16300.0,0,0,0,29,High,9.69898173460629,1,12,Low,0
ENT302327,Individual,Germany,PAN,1,6,81200.0,0,0,0,11,High,11.304682841344873,0,0,Low,0
ENT302328,Individual,Cayman Islands,PAN,1,7,19200.0,0,0,0,15,Medium,9.862717639992917,1,12,Low,0
ENT302329,Corporate,Mauritius,Passport,1,5,16100.0,0,0,1,20,Medium,9.686636660844938,1,20,Low,0
ENT302330,Individual,India,Driving License,1,1,42500.0,0,0,0,18,High,10.657282884047461,0,0,Low,0
ENT302331,Trust,Cyprus,Passport,1,6,131400.0,0,0,0,11,Low,11.786008995353765,1,18,Low,0
ENT302332,Corporate,Cyprus,Aadhaar,1,7,102800.0,0,0,0,1,High,11.540550359582348,1,12,Low,0
ENT302333,Partnership,BVI,Voter ID,1,4,23500.0,0,0,0,17,High,10.064798252418377,1,12,Low,0
ENT302334,Partnership,Hong Kong,Voter ID,1,7,9900.0,0,0,0,14,Medium,9.200391041122515,0,0,Low,0
ENT302335,Individual,Cayman Islands,Aadhaar,1,1,67600.0,0,0,0,4,Medium,11.121378054821049,1,12,Low,0
ENT302336,Trust,UK,Driving License,1,6,149300.0,0,0,0,27,Medium,11.913719681428494,0,0,Low,0
ENT302337,Individual,Germany,PAN,1,2,4900.0,0,0,0,28,High,8.497194544909547,0,0,Low,0
ENT302338,Individual,China,PAN,1,1,41500.0,0,0,0,11,High,10.633472802314019,0,0,Low,0
ENT302339,Corporate,Germany,Passport,0,4,652400.0,0,0,2,10,High,13.388414682529783,0,21,Medium,0
ENT302340,Individual,India,Passport,1,4,187200.0,0,0,2,23,Medium,12.139938184891703,0,16,Low,0
ENT302341,Individual,Panama,Aadhaar,1,6,9000.0,0,0,0,14,High,9.105090961257085,1,12,Low,0
ENT302342,Individual,UAE,Aadhaar,1,7,19200.0,0,0,2,23,High,9.862717639992917,0,16,Low,0
ENT302343,Corporate,USA,Passport,1,1,223000.0,0,0,0,24,High,12.314931534737134,0,0,Low,0
ENT302344,Individual,Mauritius,Voter ID,1,4,32000.0,1,0,2,19,High,10.373522431293592,1,43,High,1
ENT302345,Corporate,USA,Aadhaar,1,1,13000.0,0,0,0,8,Medium,9.472781556562168,0,0,Low,0
ENT302346,Individual,India,Passport,0,7,48500.0,0,0,0,5,High,10.789339695269716,0,5,Low,0
ENT302347,Individual,UK,PAN,1,5,41100.0,0,0,0,12,Medium,10.623787731088578,0,0,Low,0
ENT302348,Individual,India,Aadhaar,1,4,230800.0,0,0,0,20,High,12.349311146362329,0,0,Low,0
ENT302349,Corporate,Switzerland,PAN,1,2,43400.0,0,0,0,26,Medium,10.6782377612977,0,0,Low,0
ENT302350,Corporate,UK,Driving License,1,3,667300.0,0,0,0,3,High,13.410996497466927,0,0,Low,0
ENT302351,Corporate,UK,Voter ID,1,4,144800.0,0,0,0,27,Medium,11.883115664987255,0,0,Low,0
ENT302352,Corporate,Switzerland,Voter ID,1,6,84100.0,0,0,0,28,High,11.339773736496767,0,0,Low,0
ENT302353,Partnership,Cayman Islands,Aadhaar,1,2,103000.0,0,0,0,29,Medium,11.542493975902508,1,12,Low,0
ENT302354,Individual,China,Aadhaar,1,7,30300.0,0,0,0,1,High,10.318935994253193,0,0,Low,0
ENT302355,Corporate,Hong Kong,Voter ID,0,2,107200.0,0,0,0,4,Medium,11.582460855933538,0,5,Low,0
ENT302356,Corporate,Mauritius,Passport,1,3,31100.0,1,0,0,3,High,10.344995251991222,1,27,Medium,1
ENT302357,Corporate,Singapore,Voter ID,1,7,20600.0,0,0,0,10,Medium,9.933094897288786,0,0,Low,0
ENT302358,Individual,Switzerland,Passport,1,3,829300.0,0,0,0,7,High,13.628338456274815,0,0,Low,0
ENT302359,Individual,China,PAN,1,3,7900.0,0,0,0,28,High,8.974744612722734,0,0,Low,0
ENT302360,Corporate,India,Voter ID,1,4,38900.0,1,0,0,24,Medium,10.568775236216993,0,15,Low,1
ENT302361,Corporate,China,Aadhaar,1,2,172500.0,0,0,0,8,High,12.058158312538197,0,0,Low,0
ENT302362,Trust,India,PAN,1,6,35800.0,0,0,0,24,High,10.485731104959568,0,0,Low,0
ENT302363,Trust,Panama,Voter ID,1,2,52300.0,0,0,0,15,High,10.864770770329113,1,12,Low,0
ENT302364,Corporate,Singapore,Voter ID,1,7,85200.0,0,0,3,22,High,11.352768449837729,0,24,Medium,0
ENT302365,Partnership,Mauritius,Passport,1,4,48300.0,0,0,0,27,High,10.785207543360087,1,12,Low,0
ENT302366,Individual,Seychelles,Voter ID,1,6,110400.0,0,0,2,4,Medium,11.611874470755124,1,28,Medium,0
ENT302367,Individual,Panama,Passport,1,1,31800.0,0,0,2,8,High,10.367253014814716,1,28,Medium,0
ENT302368,Corporate,Seychelles,Voter ID,1,4,71200.0,0,0,0,23,High,11.173262142245258,1,12,Low,0
ENT302369,Trust,UK,Voter ID,1,2,34800.0,0,0,0,8,Medium,10.457401400981889,0,0,Low,0
ENT302370,Partnership,Panama,Aadhaar,1,6,217500.0,0,0,0,24,High,12.289958727201455,1,12,Low,0
ENT302371,Individual,Panama,PAN,1,2,49200.0,0,0,0,4,Low,10.803669227477098,1,18,Low,0
ENT302372,Individual,Cayman Islands,Driving License,1,7,13800.0,0,0,0,16,Medium,9.53249633228804,1,12,Low,0
ENT302373,Individual,Mauritius,PAN,1,7,224300.0,0,0,1,26,High,12.320744178813118,1,20,Low,0
ENT302374,Individual,UK,Passport,1,3,5800.0,0,0,0,16,Medium,8.665785595466064,0,0,Low,0
ENT302375,Individual,Panama,Aadhaar,1,2,4200.0,0,0,0,22,High,8.343077871169383,1,12,Low,0
ENT302376,Corporate,BVI,Passport,1,6,351900.0,0,0,1,7,Low,12.771105165022036,1,26,Medium,0
ENT302377,Corporate,Hong Kong,Passport,1,7,20500.0,0,0,0,10,High,9.928228944424575,0,0,Low,0
ENT302378,Trust,India,Passport,1,7,332900.0,0,0,0,15,Medium,12.71560042746368,0,0,Low,0
ENT302379,Trust,Switzerland,Passport,1,4,17800.0,0,0,1,3,High,9.787009914477434,0,8,Low,0
ENT302380,Individual,Singapore,Aadhaar,1,4,24700.0,0,0,0,22,Medium,10.114599007626499,0,0,Low,0
ENT302381,Corporate,Switzerland,Passport,0,1,28900.0,0,0,0,17,Medium,10.27163147557801,0,5,Low,0
ENT302382,Individual,Mauritius,Driving License,1,6,65600.0,0,0,0,23,Medium,11.091346218718432,1,12,Low,0
ENT302383,Individual,Cayman Islands,Aadhaar,1,1,31500.0,1,0,0,9,High,10.357774570341576,1,27,Medium,1
ENT302384,Partnership,Cyprus,Driving License,1,1,87800.0,0,0,0,27,Medium,11.382828169079987,1,12,Low,0
ENT302385,Individual,Seychelles,PAN,1,5,156700.0,0,0,0,22,High,11.96209480994468,1,12,Low,0
ENT302386,Trust,Hong Kong,Aadhaar,1,1,47600.0,0,0,0,10,Medium,10.7706090484022,0,0,Low,0
ENT302387,Trust,Switzerland,Voter ID,1,2,72100.0,0,0,1,19,High,11.185823192802378,0,8,Low,0
ENT302388,Corporate,USA,Passport,1,7,146200.0,0,0,1,13,Medium,11.892737666219704,0,8,Low,0
ENT302389,Corporate,UK,Passport,1,2,306100.0,0,0,0,25,High,12.631670391834408,0,0,Low,0
ENT302390,Individual,Singapore,Aadhaar,1,4,281200.0,0,0,0,8,Medium,12.54682499510009,0,0,Low,0
ENT302391,Individual,Cyprus,Passport,1,5,252500.0,0,0,0,23,Low,12.439170488085749,1,18,Low,0
ENT302392,Partnership,Cayman Islands,Passport,1,7,109700.0,0,0,0,29,Low,11.605513761992055,1,18,Low,0
ENT302393,Individual,Switzerland,Voter ID,1,1,62300.0,0,0,0,7,High,11.03973275601109,0,0,Low,0
ENT302394,Individual,China,Passport,0,3,101300.0,0,0,0,9,High,11.525851561856362,0,5,Low,0
ENT302395,Corporate,BVI,Passport,1,6,1040700.0,0,0,0,10,Low,13.855405082517196,1,19,Low,0
ENT302396,Individual,China,Aadhaar,1,6,868300.0,0,0,0,3,High,13.674293707723761,0,1,Low,0
ENT302397,Individual,China,Aadhaar,1,5,24600.0,0,0,0,29,High,10.110542371500753,0,0,Low,0
ENT302398,Individual,Seychelles,Aadhaar,1,5,40400.0,0,0,0,12,Medium,10.606609816118151,1,12,Low,0
ENT302399,Corporate,UAE,Driving License,1,2,61000.0,0,0,0,22,High,11.0186455364637,0,0,Low,0
ENT302400,Individual,BVI,Driving License,1,2,79300.0,0,0,0,15,High,11.281006017883909,1,12,Low,0
ENT302401,Individual,Panama,PAN,1,2,6500.0,0,0,0,21,High,8.77971129020447,1,12,Low,0
ENT302402,Individual,Germany,Aadhaar,0,2,60000.0,0,0,0,18,High,11.002116507732017,0,5,Low,0
ENT302403,Individual,Germany,Voter ID,1,4,16900.0,0,0,0,4,Medium,9.735128070758227,0,0,Low,0
ENT302404,Partnership,Singapore,Voter ID,0,6,264900.0,0,0,0,20,High,12.487111450262473,0,5,Low,0
ENT302405,Individual,Seychelles,PAN,1,3,37400.0,0,0,0,25,Low,10.529452721013085,1,18,Low,0
ENT302406,Corporate,Germany,Aadhaar,1,6,82300.0,0,0,0,13,Medium,11.31813853725963,0,0,Low,0
ENT302407,Partnership,Hong Kong,PAN,1,6,65200.0,0,0,0,3,High,11.08523008522044,0,0,Low,0
ENT302408,Corporate,Cayman Islands,PAN,1,7,124400.0,0,0,0,2,High,11.731265497840116,1,12,Low,0
ENT302409,Corporate,Mauritius,Aadhaar,1,2,678900.0,0,0,0,18,Medium,13.428230593259636,1,12,Low,0
ENT302410,Individual,Switzerland,PAN,0,4,26700.0,0,0,0,1,High,10.192456296870509,0,5,Low,0
ENT302411,Individual,UK,Voter ID,1,4,231900.0,0,0,0,2,Low,12.354065835437861,0,6,Low,0
ENT302412,Individual,China,Passport,1,1,4500.0,0,0,1,10,High,8.412054873292933,0,8,Low,0
ENT302413,Individual,China,Aadhaar,1,2,83000.0,0,0,0,17,Low,11.326607934898927,0,6,Low,0
ENT302414,Individual,Seychelles,Aadhaar,1,2,83000.0,0,0,1,27,Medium,11.326607934898927,1,20,Low,0
ENT302415,Individual,Singapore,Aadhaar,1,2,292100.0,0,0,0,9,High,12.58485491185508,0,0,Low,0
ENT302416,Partnership,Panama,Passport,1,7,213900.0,0,0,0,14,Medium,12.273268570141383,1,12,Low,0
ENT302417,Individual,Seychelles,PAN,1,4,9900.0,0,0,2,1,Medium,9.200391041122515,1,28,Medium,0
ENT302418,Corporate,Cyprus,PAN,1,4,23300.0,0,0,0,6,High,10.056251557087757,1,12,Low,0
ENT302419,Individual,UAE,Aadhaar,1,2,81000.0,0,0,0,26,Low,11.302216779257382,0,6,Low,0
ENT302420,Individual,BVI,Driving License,1,7,58600.0,0,0,0,3,High,10.978507040265917,1,12,Low,0
ENT302421,Corporate,Mauritius,Voter ID,1,3,75800.0,0,0,2,4,High,11.235866764155578,1,28,Medium,0
ENT302422,Partnership,Hong Kong,Passport,1,6,21000.0,0,0,0,27,High,9.952325334619427,0,0,Low,0
ENT302423,Corporate,UAE,Voter ID,1,3,182400.0,0,0,0,10,High,12.113962839063479,0,0,Low,0
ENT302424,Individual,Cayman Islands,PAN,1,6,26500.0,0,0,1,15,Medium,10.184937747111391,1,20,Low,0
ENT302425,Trust,UAE,Driving License,1,1,42800.0,0,0,0,7,High,10.664316745782925,0,0,Low,0
ENT302426,Individual,Cayman Islands,PAN,1,6,77000.0,0,0,0,23,Low,11.251573687764477,1,18,Low,0
ENT302427,Corporate,BVI,Voter ID,1,6,34700.0,1,0,0,7,Medium,10.454523783963511,1,27,Medium,1
ENT302428,Individual,Mauritius,Aadhaar,1,6,18700.0,0,0,1,25,High,9.83633227734872,1,20,Low,0
ENT302429,Individual,Switzerland,Aadhaar,1,6,10200.0,0,0,0,21,High,9.23024103368252,0,0,Low,0
ENT302430,Partnership,Singapore,Voter ID,1,4,307700.0,0,0,0,3,Medium,12.636883811223605,0,0,Low,0
ENT302431,Corporate,Cyprus,PAN,1,4,14800.0,0,0,0,7,Medium,9.60245002503719,1,12,Low,0
ENT302432,Individual,Cayman Islands,Aadhaar,1,4,193100.0,0,0,0,7,High,12.1709686470671,1,12,Low,0
ENT302433,Individual,Mauritius,Aadhaar,1,3,70700.0,0,0,0,28,High,11.166214996056205,1,12,Low,0
ENT302434,Individual,UAE,Driving License,1,2,176000.0,0,0,0,8,High,12.07824495582233,0,0,Low,0
ENT302435,Individual,Singapore,Voter ID,1,4,317200.0,0,0,1,4,High,12.66729092132298,0,8,Low,0
ENT302436,Corporate,BVI,Voter ID,1,4,49200.0,0,0,1,25,High,10.803669227477098,1,20,Low,0
ENT302437,Corporate,UAE,Aadhaar,1,3,959900.0,0,0,0,3,Low,13.774585433126271,0,7,Low,0
ENT302438,Partnership,Cayman Islands,Driving License,1,7,28700.0,0,0,3,9,Medium,10.264687244346277,1,36,Medium,0
ENT302439,Individual,Germany,Aadhaar,1,1,152800.0,0,0,0,16,Low,11.93689170019576,0,6,Low,0
ENT302440,Individual,Germany,Aadhaar,1,7,49800.0,0,0,0,4,Medium,10.815790343132422,0,0,Low,0
ENT302441,Individual,UK,Voter ID,1,7,81600.0,0,0,0,1,Low,11.309596795779068,0,6,Low,0
ENT302442,Individual,India,Aadhaar,1,2,498700.0,0,0,0,17,Low,13.119761996745758,0,6,Low,0
ENT302443,Partnership,India,PAN,0,3,282200.0,0,0,0,8,High,12.550374861980682,0,5,Low,0
ENT302444,Corporate,Singapore,Voter ID,1,7,55000.0,0,0,0,27,High,10.915106645867503,0,0,Low,0
ENT302445,Individual,Cayman Islands,Aadhaar,1,7,98000.0,0,0,0,1,Medium,11.49273296168228,1,12,Low,0
ENT302446,Partnership,Cayman Islands,PAN,1,4,131700.0,1,0,1,20,High,11.788289480716973,1,35,Medium,1
ENT302447,Partnership,Singapore,Driving License,1,2,41700.0,0,0,0,29,Medium,10.638280388314705,0,0,Low,0
ENT302448,Trust,Seychelles,Aadhaar,1,3,4600.0,0,0,0,23,High,8.434028950155469,1,12,Low,0
ENT302449,Individual,China,Driving License,1,4,37500.0,0,0,3,27,Low,10.53212287826962,0,30,Medium,0
ENT302450,Individual,UK,Voter ID,1,4,43000.0,1,0,0,15,High,10.668978650219241,0,15,Low,1
ENT302451,Individual,Cayman Islands,Voter ID,1,1,31200.0,0,0,0,11,High,10.348205424565993,1,12,Low,0
ENT302452,Individual,BVI,Driving License,1,1,51000.0,0,0,0,25,High,10.839600519357369,1,12,Low,0
ENT302453,Individual,UK,Voter ID,0,6,32300.0,0,0,0,5,Medium,10.382853468483827,0,5,Low,0
ENT302454,Partnership,China,PAN,1,7,36500.0,0,0,0,5,High,10.505094936455558,0,0,Low,0
ENT302455,Corporate,Cyprus,Aadhaar,1,4,771100.0,0,0,0,11,Medium,13.55557464266887,1,12,Low,0
ENT302456,Individual,Hong Kong,Voter ID,1,6,13300.0,0,0,0,7,Medium,9.495594499353297,0,0,Low,0
ENT302457,Individual,Cyprus,Voter ID,1,4,17400.0,0,0,1,9,Medium,9.76428295481558,1,20,Low,0
ENT302458,Trust,Germany,Driving License,1,3,1308700.0,0,0,1,24,High,14.084545600160343,0,9,Low,0
ENT302459,Corporate,Hong Kong,PAN,1,7,13300.0,0,0,2,19,High,9.495594499353297,0,16,Low,0
ENT302460,Individual,UK,Voter ID,1,2,243300.0,0,0,1,29,High,12.402054638915242,0,8,Low,0
ENT302461,Individual,UK,Voter ID,1,2,89800.0,0,0,0,21,High,11.405351390085748,0,0,Low,0
ENT302462,Individual,China,Passport,1,6,262400.0,0,0,0,14,Medium,12.47762914702042,0,0,Low,0
ENT302463,Partnership,Switzerland,Voter ID,0,6,9300.0,0,0,0,14,Medium,9.137877200242468,0,5,Low,0
ENT302464,Partnership,Seychelles,PAN,1,6,59900.0,0,0,0,26,High,11.000448478455008,1,12,Low,0
ENT302465,Individual,UAE,Aadhaar,1,2,60700.0,0,0,0,1,High,11.013715451376466,0,0,Low,0
ENT302466,Trust,USA,PAN,1,4,65900.0,0,0,0,11,Medium,11.095908894882296,0,0,Low,0
ENT302467,Corporate,Panama,PAN,1,2,52100.0,0,0,0,5,High,10.860939421415225,1,12,Low,0
ENT302468,Partnership,BVI,PAN,1,7,51600.0,1,0,0,4,Medium,10.851296331126829,1,27,Medium,1
ENT302469,Corporate,Germany,Aadhaar,1,3,82400.0,0,0,0,22,Medium,11.319352851746254,0,0,Low,0
ENT302470,Individual,Hong Kong,Voter ID,1,6,17900.0,0,0,0,23,Medium,9.792611856190192,0,0,Low,0
ENT302471,Corporate,USA,Driving License,1,5,124700.0,0,0,0,12,High,11.733674150882164,0,0,Low,0
ENT302472,Individual,Singapore,Voter ID,1,3,163900.0,0,0,0,1,Medium,12.007017865994577,0,0,Low,0
ENT302473,Individual,Seychelles,PAN,1,7,12900.0,0,0,0,7,Medium,9.465060106725137,1,12,Low,0
ENT302474,Individual,Germany,Passport,1,7,143300.0,0,0,3,2,High,11.872702592158976,0,24,Medium,0
ENT302475,Individual,UK,Driving License,1,1,158700.0,0,0,0,13,High,11.974777207691876,0,0,Low,0
ENT302476,Individual,Panama,Voter ID,0,7,12900.0,0,0,0,28,Medium,9.465060106725137,1,17,Low,0
ENT302477,Corporate,Panama,Passport,1,6,80900.0,0,0,0,10,Medium,11.300981463909618,1,12,Low,0
ENT302478,Corporate,Hong Kong,PAN,1,7,15700.0,0,0,0,10,High,9.661479683575521,0,0,Low,0
ENT302479,Corporate,UAE,Voter ID,1,1,78700.0,0,0,0,7,High,11.273411140805074,0,0,Low,0
ENT302480,Corporate,USA,Aadhaar,1,4,1900.0,0,0,0,15,High,7.550135342488429,0,0,Low,0
ENT302481,Corporate,Hong Kong,Passport,1,3,24700.0,0,0,3,3,Medium,10.114599007626499,0,24,Medium,0
ENT302482,Individual,Germany,Aadhaar,1,6,4800.0,0,0,0,23,Medium,8.476579508530941,0,0,Low,0
ENT302483,Individual,Panama,PAN,1,5,10200.0,0,0,0,26,High,9.23024103368252,1,12,Low,0
ENT302484,Individual,Singapore,PAN,1,4,25200.0,0,0,0,21,Medium,10.134638955251866,0,0,Low,0
ENT302485,Individual,UK,Passport,1,7,50100.0,1,0,0,18,High,10.821796246953596,0,15,Low,1
ENT302486,Corporate,USA,Passport,1,1,308100.0,0,0,0,7,High,12.63818293027894,0,0,Low,0
ENT302487,Individual,Seychelles,Voter ID,0,1,37800.0,0,0,0,10,Low,10.540090836284206,1,23,Medium,0
ENT302488,Individual,Germany,Driving License,0,4,137800.0,0,0,0,23,Medium,11.833565894429414,0,5,Low,0
ENT302489,Individual,Hong Kong,Passport,1,6,28100.0,0,0,0,8,Medium,10.243560441877241,0,0,Low,0
ENT302490,Individual,Switzerland,Voter ID,1,4,26800.0,0,0,0,5,High,10.196194479235656,0,0,Low,0
ENT302491,Individual,Hong Kong,Passport,1,5,200100.0,0,0,1,28,Medium,12.206577518060588,0,8,Low,0
ENT302492,Trust,China,Driving License,1,3,266100.0,0,0,0,17,Medium,12.491631214944439,0,0,Low,0
ENT302493,Individual,Seychelles,Voter ID,1,6,28900.0,0,0,0,13,Medium,10.27163147557801,1,12,Low,0
ENT302494,Corporate,Cayman Islands,PAN,1,7,45400.0,0,0,0,12,High,10.723289410218579,1,12,Low,0
ENT302495,Corporate,Cayman Islands,Voter ID,1,3,50200.0,0,0,0,3,Low,10.823790225800138,1,18,Low,0
ENT302496,Individual,Cyprus,PAN,1,7,9000.0,0,0,0,4,Low,9.105090961257085,1,18,Low,0
ENT302497,Individual,Seychelles,Voter ID,1,1,51000.0,0,0,0,19,High,10.839600519357369,1,12,Low,0
ENT302498,Partnership,Switzerland,Passport,1,1,45200.0,0,0,1,23,Medium,10.718874489469398,0,8,Low,0
ENT302499,Individual,UK,Aadhaar,1,7,503000.0,1,0,0,4,High,13.12834743715147,0,15,Low,1
ENT302500,Individual,UK,Voter ID,1,7,108300.0,0,0,0,9,Low,11.592669666556795,0,6,Low,0
ENT302501,Individual,Mauritius,PAN,1,4,298300.0,0,0,0,16,High,12.60585832282709,1,12,Low,0
ENT302502,Individual,Panama,Aadhaar,1,1,17600.0,0,0,0,17,High,9.77571099759397,1,12,Low,0
ENT302503,Partnership,UK,Driving License,1,6,30500.0,0,0,0,6,High,10.32551474894327,0,0,Low,0
ENT302504,Individual,Cyprus,Aadhaar,1,4,359400.0,0,0,0,6,Low,12.792194035742861,1,18,Low,0
ENT302505,Trust,UAE,Passport,1,5,45900.0,0,0,0,25,Medium,10.734242182303689,0,0,Low,0
ENT302506,Corporate,Hong Kong,Voter ID,1,3,23200.0,0,0,0,12,High,10.05195066017375,0,0,Low,0
ENT302507,Corporate,Singapore,Voter ID,1,5,21200.0,0,1,1,15,Medium,9.961803629358965,0,48,High,1
ENT302508,Individual,UAE,PAN,1,7,65700.0,0,0,0,4,High,11.092869425057021,0,0,Low,0
ENT302509,Corporate,BVI,PAN,1,3,46500.0,0,0,0,20,Medium,10.747229096720554,1,12,Low,0
ENT302510,Individual,Cyprus,Aadhaar,1,3,142300.0,0,0,1,8,Medium,11.86569981146014,1,20,Low,0
ENT302511,Individual,India,Aadhaar,1,7,4000.0,0,0,0,4,High,8.294299608857235,0,0,Low,0
ENT302512,Corporate,Singapore,Aadhaar,1,3,65500.0,0,0,0,18,Medium,11.089820688682373,0,0,Low,0
ENT302513,Individual,USA,Passport,1,1,42700.0,0,0,0,23,Low,10.661977618146238,0,6,Low,0
ENT302514,Corporate,Germany,Voter ID,1,5,150000.0,0,0,1,21,High,11.918397239722838,0,8,Low,0
ENT302515,Corporate,Cayman Islands,Aadhaar,1,5,80100.0,0,0,0,3,Medium,11.291043617373028,1,12,Low,0
ENT302516,Individual,UAE,Voter ID,1,5,47000.0,0,0,2,24,Medium,10.757924157061597,0,16,Low,0
ENT302517,Partnership,China,Aadhaar,1,6,111000.0,0,0,0,3,High,11.6172944892629,0,0,Low,0
ENT302518,Individual,China,Aadhaar,1,2,24500.0,0,0,0,5,High,10.106469212026385,0,0,Low,0
ENT302519,Corporate,Seychelles,Driving License,0,2,4600.0,0,0,2,21,Medium,8.434028950155469,1,33,Medium,0
ENT302520,Individual,India,PAN,1,7,122100.0,0,0,1,22,Medium,11.712603850073448,0,8,Low,0
ENT302521,Partnership,Singapore,Aadhaar,0,2,19000.0,0,0,0,18,High,9.852246888342531,0,5,Low,0
ENT302522,Partnership,Panama,Driving License,1,4,67200.0,0,0,1,9,High,11.1154434073529,1,20,Low,0
ENT302523,Corporate,Hong Kong,Passport,1,4,62600.0,0,0,0,23,High,11.044536531401494,0,0,Low,0
ENT302524,Individual,Switzerland,Voter ID,1,1,8700.0,0,0,2,25,High,9.071193240566025,0,16,Low,0
ENT302525,Corporate,USA,Driving License,1,1,123200.0,0,0,0,21,High,11.72157244693173,0,0,Low,0
ENT302526,Corporate,Singapore,Voter ID,1,2,23800.0,0,0,0,18,Low,10.077482875583607,0,6,Low,0
ENT302527,Individual,China,Passport,1,6,45300.0,0,0,0,14,Low,10.721084386282662,0,6,Low,0
ENT302528,Corporate,UK,Driving License,1,7,45800.0,0,0,0,17,High,10.732061203925053,0,0,Low,0
ENT302529,Individual,Hong Kong,Voter ID,1,5,15200.0,0,0,0,9,Medium,9.62911649414402,0,0,Low,0
ENT302530,Corporate,Hong Kong,PAN,1,6,54100.0,0,0,1,20,Low,10.898607948952096,0,14,Low,0
ENT302531,Corporate,Hong Kong,PAN,1,7,11200.0,0,0,0,3,High,9.32375833901174,0,0,Low,0
ENT302532,Partnership,China,Voter ID,1,1,45600.0,0,0,0,29,High,10.727684925086583,0,0,Low,0
ENT302533,Individual,UK,Driving License,1,7,8400.0,1,0,0,12,High,9.036106025364846,0,15,Low,1
ENT302534,Individual,Cyprus,Aadhaar,1,4,155100.0,0,0,3,7,Low,11.951831796597101,1,42,High,1
ENT302535,Partnership,USA,PAN,1,3,378600.0,0,0,1,14,High,12.844238159063961,0,8,Low,0
ENT302536,Corporate,Hong Kong,PAN,1,7,232700.0,0,0,0,11,Medium,12.357509646659748,0,0,Low,0
ENT302537,Corporate,Seychelles,Driving License,1,1,33600.0,0,0,1,24,High,10.422311107413181,1,20,Low,0
ENT302538,Individual,USA,PAN,1,2,44000.0,0,0,0,19,High,10.691967639914864,0,0,Low,0
ENT302539,Individual,China,Voter ID,1,2,37600.0,0,0,1,13,High,10.534785924769006,0,8,Low,0
ENT302540,Corporate,Cyprus,Driving License,1,7,16600.0,0,1,3,26,Medium,9.717218213494077,1,76,Critical,1
ENT302541,Individual,China,Voter ID,1,4,65000.0,0,0,0,24,Medium,11.082157933374816,0,0,Low,0
ENT302542,Individual,UAE,Voter ID,1,5,100800.0,0,0,0,13,Medium,11.520903555205116,0,0,Low,0
ENT302543,Individual,Mauritius,Voter ID,1,7,30900.0,1,0,1,10,High,10.33854382482173,1,35,Medium,1
ENT302544,Individual,China,Passport,1,6,23600.0,0,0,0,20,Medium,10.069044362997353,0,0,Low,0
ENT302545,Individual,UAE,Voter ID,1,2,32900.0,0,0,0,21,High,10.401258331428318,0,0,Low,0
ENT302546,Individual,BVI,PAN,1,5,105000.0,0,0,0,20,High,11.561725152903833,1,12,Low,0
ENT302547,Individual,India,Voter ID,1,3,213900.0,0,0,0,17,High,12.273268570141383,0,0,Low,0
ENT302548,Individual,Cayman Islands,Aadhaar,0,7,118600.0,0,0,0,5,Low,11.68352019721342,1,23,Medium,0
ENT302549,Partnership,India,Driving License,1,7,85800.0,0,0,0,5,High,11.359785940419789,0,0,Low,0
ENT302550,Corporate,Germany,Voter ID,1,6,34300.0,0,0,0,8,High,10.442929787247998,0,0,Low,0
ENT302551,Individual,China,Voter ID,1,6,290500.0,0,0,0,26,High,12.57936229760897,0,0,Low,0
ENT302552,Individual,Cyprus,Aadhaar,1,1,8400.0,0,0,0,20,High,9.036106025364846,1,12,Low,0
ENT302553,Partnership,BVI,Voter ID,1,7,26900.0,1,0,0,1,High,10.199918739620157,1,27,Medium,1
ENT302554,Individual,Mauritius,Passport,1,3,76800.0,0,0,0,4,High,11.248972939884327,1,12,Low,0
ENT302555,Partnership,Cayman Islands,PAN,1,2,284600.0,0,0,0,20,High,12.55884347833516,1,12,Low,0
ENT302556,Individual,UAE,Voter ID,1,6,52500.0,1,0,0,12,High,10.868587496017359,0,15,Low,1
ENT302557,Individual,Cyprus,PAN,1,2,36600.0,0,0,0,25,High,10.50783084142058,1,12,Low,0
ENT302558,Corporate,UK,Aadhaar,1,7,34900.0,1,0,0,26,High,10.460270761075149,0,15,Low,1
ENT302559,Individual,Cyprus,Driving License,1,7,145600.0,0,0,0,3,High,11.888625282853006,1,12,Low,0
ENT302560,Corporate,Germany,Voter ID,1,2,119400.0,0,0,0,13,High,11.690242855114947,0,0,Low,0
ENT302561,Individual,BVI,Passport,1,6,14100.0,0,0,3,22,Medium,9.55400099583723,1,36,Medium,0
ENT302562,Individual,Singapore,PAN,1,2,194900.0,0,0,0,12,High,12.180247016318816,0,0,Low,0
ENT302563,Individual,Cyprus,Driving License,0,2,93900.0,0,0,1,23,High,11.44999631476691,1,25,Medium,0
ENT302564,Individual,Panama,Voter ID,1,4,24100.0,0,0,0,11,Low,10.090008612393838,1,18,Low,0
ENT302565,Partnership,Seychelles,Voter ID,1,7,1110000.0,0,0,0,18,Low,13.919871474189012,1,19,Low,0
ENT302566,Corporate,Seychelles,Voter ID,0,5,65800.0,0,0,0,22,High,11.094390314766315,1,17,Low,0
ENT302567,Corporate,UAE,Passport,1,7,98000.0,0,0,0,18,High,11.49273296168228,0,0,Low,0
ENT302568,Corporate,Cyprus,Aadhaar,1,1,78700.0,0,0,0,19,Medium,11.273411140805074,1,12,Low,0
ENT302569,Corporate,UK,Passport,0,6,12500.0,0,1,0,29,Low,9.433563920090563,0,51,High,1
ENT302570,Individual,China,Aadhaar,1,2,6900.0,0,0,0,2,High,8.839421607620602,0,0,Low,0
ENT302571,Individual,Seychelles,Driving License,1,6,1038100.0,0,0,1,5,Low,13.852903640479207,1,27,Medium,0
ENT302572,Individual,Germany,PAN,1,1,186400.0,0,0,0,25,Medium,12.135655546026104,0,0,Low,0
ENT302573,Individual,Switzerland,Voter ID,1,1,92500.0,1,0,0,5,Medium,11.434974734252892,0,15,Low,1
ENT302574,Corporate,Germany,Driving License,1,4,79700.0,0,0,1,28,Medium,11.286037411751035,0,8,Low,0
ENT302575,Corporate,Cyprus,Passport,1,3,15400.0,0,0,0,13,Low,9.642187721358466,1,18,Low,0
ENT302576,Trust,UAE,Driving License,1,1,95000.0,0,0,0,1,High,11.461642696843066,0,0,Low,0
ENT302577,Individual,UK,Voter ID,1,5,80800.0,0,0,0,15,High,11.299744620670225,0,0,Low,0
ENT302578,Corporate,Panama,Driving License,1,6,9900.0,0,0,0,7,Medium,9.200391041122515,1,12,Low,0
ENT302579,Partnership,Seychelles,Voter ID,0,4,81600.0,0,0,0,14,Low,11.309596795779068,1,23,Medium,0
ENT302580,Individual,Seychelles,PAN,1,5,65600.0,0,0,3,27,High,11.091346218718432,1,36,Medium,0
ENT302581,Corporate,USA,Voter ID,1,2,47700.0,0,0,0,29,Medium,10.77270764101727,0,0,Low,0
ENT302582,Corporate,Cyprus,Aadhaar,1,7,4200.0,0,0,0,13,High,8.343077871169383,1,12,Low,0
ENT302583,Individual,Hong Kong,PAN,1,1,97600.0,0,0,0,4,Low,11.488643018250334,0,6,Low,0
ENT302584,Individual,Cyprus,Passport,1,7,70400.0,0,0,0,16,High,11.161962746590705,1,12,Low,0
ENT302585,Individual,BVI,Driving License,1,1,37500.0,0,0,0,14,High,10.53212287826962,1,12,Low,0
ENT302586,Individual,USA,Passport,1,4,47700.0,0,0,1,21,High,10.77270764101727,0,8,Low,0
ENT302587,Individual,Panama,Voter ID,1,3,134200.0,0,0,0,26,High,11.807093955056784,1,12,Low,0
ENT302588,Individual,Cayman Islands,PAN,1,6,76800.0,1,0,2,8,High,11.248972939884327,1,43,High,1
ENT302589,Corporate,Panama,Passport,1,2,21800.0,0,0,0,20,Low,9.989711119284745,1,18,Low,0
ENT302590,Corporate,Germany,Voter ID,1,6,35800.0,0,0,0,19,Medium,10.485731104959568,0,0,Low,0
ENT302591,Individual,India,Voter ID,1,4,14600.0,0,0,0,7,High,9.588845298501564,0,0,Low,0
ENT302592,Corporate,Germany,Aadhaar,1,2,51400.0,0,0,0,5,High,10.847412906506923,0,0,Low,0
ENT302593,Corporate,Cayman Islands,Driving License,1,2,10000.0,0,0,0,9,Medium,9.210440366976517,1,12,Low,0
ENT302594,Individual,China,Driving License,1,6,25600.0,0,0,0,19,Medium,10.150386692204734,0,0,Low,0
ENT302595,Individual,UK,Aadhaar,1,7,194100.0,0,0,1,28,Medium,12.176133921127343,0,8,Low,0
ENT302596,Corporate,BVI,PAN,1,6,17000.0,0,0,0,24,High,9.741027444837728,1,12,Low,0
ENT302597,Partnership,Mauritius,Driving License,1,2,37400.0,0,0,0,17,High,10.529452721013085,1,12,Low,0
ENT302598,Corporate,UAE,Passport,1,7,385600.0,0,0,0,6,High,12.86255843507616,0,0,Low,0
ENT302599,Corporate,China,Aadhaar,1,4,113800.0,0,0,0,18,Medium,11.642206587981981,0,0,Low,0
ENT302600,Individual,Panama,PAN,1,1,61100.0,0,0,0,19,High,11.020283511637867,1,12,Low,0
ENT302601,Individual,USA,Voter ID,1,1,261700.0,0,0,0,27,High,12.474957909680214,0,0,Low,0
ENT302602,Corporate,Mauritius,Aadhaar,1,5,356600.0,0,0,0,26,High,12.784372788669724,1,12,Low,0
ENT302603,Partnership,Cyprus,Passport,1,5,57300.0,1,0,0,17,High,10.956073354557526,1,27,Medium,1
ENT302604,Individual,UAE,Aadhaar,1,3,152000.0,0,0,0,6,High,11.931642378754141,0,0,Low,0
ENT302605,Individual,BVI,Driving License,1,3,97400.0,0,0,0,25,Medium,11.486591756518374,1,12,Low,0
ENT302606,Individual,Switzerland,Passport,1,3,84400.0,0,0,0,5,Medium,11.34333452885509,0,0,Low,0
ENT302607,Partnership,Cyprus,PAN,1,4,5900.0,0,0,0,14,High,8.682877107057168,1,12,Low,0
ENT302608,Individual,UK,Aadhaar,1,5,55600.0,0,0,0,25,High,10.925956465688445,0,0,Low,0
ENT302609,Corporate,Mauritius,Aadhaar,1,3,262800.0,0,0,0,18,Medium,12.47915237076039,1,12,Low,0
ENT302610,Corporate,Switzerland,PAN,1,5,3100.0,0,0,1,2,High,8.03947991910045,0,8,Low,0
ENT302611,Individual,USA,Passport,1,5,5100.0,0,0,1,10,Medium,8.537191877922927,0,8,Low,0
ENT302612,Corporate,India,Passport,1,7,86600.0,0,0,0,13,High,11.369066641827967,0,0,Low,0
ENT302613,Individual,BVI,Driving License,1,5,678500.0,0,1,0,18,Medium,13.427641232095326,1,52,High,1
ENT302614,Individual,India,Voter ID,1,5,459400.0,0,0,0,7,Medium,13.037678745987051,0,0,Low,0
ENT302615,Individual,Cayman Islands,Voter ID,1,7,395100.0,0,0,0,15,High,12.886896707401087,1,12,Low,0
ENT302616,Individual,Hong Kong,Driving License,1,6,45900.0,0,0,0,17,Low,10.734242182303689,0,6,Low,0
ENT302617,Individual,Switzerland,Driving License,1,3,311000.0,0,0,2,13,High,12.647551406590285,0,16,Low,0
ENT302618,Corporate,Germany,PAN,1,4,333200.0,0,0,1,29,Medium,12.716501190470801,0,8,Low,0
ENT302619,Individual,Mauritius,Driving License,1,3,27300.0,0,0,0,17,High,10.214678610538817,1,12,Low,0
ENT302620,Individual,Germany,Passport,1,6,68500.0,0,0,0,26,High,11.134603622683905,0,0,Low,0
ENT302621,Corporate,China,PAN,1,3,105600.0,0,0,0,24,Medium,11.567423119906431,0,0,Low,0
ENT302622,Individual,Cyprus,Aadhaar,0,5,66200.0,0,0,0,21,Medium,11.10045084755119,1,17,Low,0
ENT302623,Corporate,Cyprus,Passport,1,3,26100.0,0,0,0,13,Medium,10.169728906753061,1,12,Low,0
ENT302624,Corporate,Germany,Aadhaar,1,6,148900.0,0,0,0,28,High,11.91103693456627,0,0,Low,0
ENT302625,Corporate,Germany,Aadhaar,0,3,66400.0,0,0,0,28,High,11.103467395592086,0,5,Low,0
ENT302626,Individual,UK,Driving License,1,6,220600.0,0,0,0,1,High,12.304110918882833,0,0,Low,0
ENT302627,Individual,Panama,Passport,1,1,144500.0,0,0,0,23,Medium,11.881041706925902,1,12,Low,0
ENT302628,Corporate,UAE,Driving License,1,3,36400.0,0,0,0,14,High,10.502351525774941,0,0,Low,0
ENT302629,Corporate,Singapore,Passport,1,2,407300.0,0,0,1,26,High,12.917307748826223,0,8,Low,0
ENT302630,Individual,Germany,Driving License,1,2,51600.0,0,0,2,13,High,10.851296331126829,0,16,Low,0
ENT302631,Corporate,Germany,PAN,1,5,48000.0,0,0,0,21,Low,10.778977123006351,0,6,Low,0
ENT302632,Individual,Cayman Islands,Driving License,1,5,51200.0,1,0,0,7,Medium,10.843514342086866,1,27,Medium,1
ENT302633,Corporate,Cayman Islands,Voter ID,1,4,141700.0,0,0,0,2,Medium,11.86147448281689,1,12,Low,0
ENT302634,Partnership,Cayman Islands,Passport,1,1,159000.0,0,0,0,25,High,11.976665770490767,1,12,Low,0
ENT302635,Individual,Seychelles,Aadhaar,1,2,18500.0,0,0,0,27,Medium,9.825580063659602,1,12,Low,0
ENT302636,Partnership,Panama,Voter ID,1,4,151500.0,0,0,1,16,High,11.928347504569842,1,20,Low,0
ENT302637,Individual,Singapore,PAN,1,5,18700.0,0,0,0,3,Medium,9.83633227734872,0,0,Low,0
ENT302638,Individual,India,Aadhaar,1,6,322900.0,1,0,0,2,Medium,12.685101053675606,0,15,Low,1
ENT302639,Individual,Cyprus,Voter ID,1,7,14900.0,0,0,0,5,High,9.60918360377546,1,12,Low,0
ENT302640,Corporate,India,PAN,1,2,196400.0,0,0,0,4,High,12.187913766539234,0,0,Low,0
ENT302641,Corporate,UAE,Voter ID,1,5,4600.0,0,0,1,3,High,8.434028950155469,0,8,Low,0
ENT302642,Individual,Hong Kong,Voter ID,1,7,180300.0,0,0,1,4,Low,12.10238295548773,0,14,Low,0
ENT302643,Corporate,UK,Voter ID,1,5,259500.0,0,0,0,24,High,12.466515835145202,0,0,Low,0
ENT302644,Corporate,Panama,Voter ID,1,5,21800.0,0,0,0,4,High,9.989711119284745,1,12,Low,0
ENT302645,Corporate,Cayman Islands,Passport,1,2,31900.0,0,0,0,12,Medium,10.370392636243981,1,12,Low,0
ENT302646,Individual,Germany,Aadhaar,1,2,118700.0,0,0,0,14,Medium,11.684363005162105,0,0,Low,0
ENT302647,Partnership,UK,Driving License,1,2,41800.0,0,0,2,9,High,10.640675541671662,0,16,Low,0
ENT302648,Corporate,Switzerland,Voter ID,1,3,34000.0,0,0,0,24,Medium,10.434145214930487,0,0,Low,0
ENT302649,Corporate,Seychelles,PAN,1,4,166100.0,0,0,0,8,Low,12.02035131605286,1,18,Low,0
ENT302650,Individual,UAE,Aadhaar,1,4,12100.0,0,0,3,8,Low,9.401043372798053,0,30,Medium,0
ENT302651,Partnership,Panama,Driving License,1,3,2000.0,0,1,0,25,Medium,7.601402334583733,1,52,High,1
ENT302652,Corporate,Mauritius,Voter ID,1,4,34800.0,0,0,0,12,High,10.457401400981889,1,12,Low,0
ENT302653,Individual,USA,Aadhaar,1,2,56300.0,0,0,0,25,High,10.938467575959383,0,0,Low,0
ENT302654,Individual,Mauritius,Voter ID,1,4,57700.0,0,0,0,12,Medium,10.96302978336854,1,12,Low,0
ENT302655,Individual,China,Passport,1,4,302300.0,0,0,0,26,High,12.619178488734292,0,0,Low,0
ENT302656,Individual,Seychelles,Voter ID,1,4,194300.0,0,0,0,8,Low,12.177163782032679,1,18,Low,0
ENT302657,Individual,USA,Aadhaar,1,6,13700.0,0,0,0,20,High,9.525224101853109,0,0,Low,0
ENT302658,Individual,Seychelles,Passport,1,1,29500.0,0,0,0,7,Medium,10.292179440058462,1,12,Low,0
ENT302659,Individual,China,Voter ID,1,1,8000.0,0,0,0,1,High,8.987321812850125,0,0,Low,0
ENT302660,Individual,Germany,Voter ID,1,7,9400.0,0,0,1,4,Medium,9.148571345578551,0,8,Low,0
ENT302661,Individual,UK,Voter ID,1,6,8000.0,0,0,0,13,Medium,8.987321812850125,0,0,Low,0
ENT302662,Individual,Seychelles,Driving License,1,2,119200.0,0,0,2,9,Medium,11.688566422839942,1,28,Medium,0
ENT302663,Corporate,UAE,PAN,1,7,24000.0,0,0,1,11,High,10.085850775128717,0,8,Low,0
ENT302664,Corporate,Hong Kong,Passport,1,3,176100.0,0,0,1,28,High,12.078812973059884,0,8,Low,0
ENT302665,Corporate,Singapore,Passport,1,5,64900.0,0,0,1,14,Medium,11.080618310893968,0,8,Low,0
ENT302666,Corporate,Singapore,Aadhaar,1,7,64800.0,0,0,0,3,Medium,11.079076314320059,0,0,Low,0
ENT302667,Individual,UK,Passport,1,4,25600.0,0,0,0,1,Medium,10.150386692204734,0,0,Low,0
ENT302668,Corporate,BVI,Aadhaar,0,4,251100.0,0,0,0,19,High,12.433610527614848,1,17,Low,0
ENT302669,Individual,Cyprus,Driving License,1,7,46700.0,0,0,0,17,High,10.751520856703959,1,12,Low,0
ENT302670,Corporate,Switzerland,Driving License,1,3,35100.0,0,0,2,9,High,10.465984899076615,0,16,Low,0
ENT302671,Corporate,USA,Passport,1,1,30900.0,0,0,2,23,High,10.33854382482173,0,16,Low,0
ENT302672,Corporate,Mauritius,Aadhaar,1,1,9800.0,0,0,2,15,High,9.19023970026918,1,28,Medium,0
ENT302673,Individual,Singapore,Driving License,1,3,44300.0,0,0,0,23,High,10.698762529141884,0,0,Low,0
ENT302674,Individual,Seychelles,PAN,1,5,31400.0,0,0,1,4,Medium,10.354595018522993,1,20,Low,0
ENT302675,Individual,Panama,Passport,1,4,8500.0,0,0,2,22,Medium,9.04793908261736,1,28,Medium,0
ENT302676,Corporate,India,PAN,1,3,27900.0,0,0,0,22,Medium,10.236417809461043,0,0,Low,0
ENT302677,Corporate,Mauritius,Driving License,1,4,729700.0,0,0,0,15,High,13.500390140178975,1,12,Low,0
ENT302678,Individual,USA,Aadhaar,0,5,32900.0,0,0,1,8,Medium,10.401258331428318,0,13,Low,0
ENT302679,Individual,India,Voter ID,1,3,144700.0,0,0,0,4,High,11.88242482344573,0,0,Low,0
ENT302680,Individual,Panama,Driving License,1,3,130500.0,0,0,0,3,Medium,11.779136168550774,1,12,Low,0
ENT302681,Corporate,China,PAN,0,4,5400.0,0,0,0,26,High,8.594339400592892,0,5,Low,0
ENT302682,Individual,BVI,Aadhaar,1,4,78800.0,0,0,0,8,Medium,11.274680966120778,1,12,Low,0
ENT302683,Partnership,UAE,PAN,1,4,180800.0,0,0,0,3,High,12.105152257898368,0,0,Low,0
ENT302684,Corporate,India,PAN,1,5,128800.0,1,0,0,20,High,11.766023856597407,0,15,Low,1
ENT302685,Individual,USA,Voter ID,1,4,57300.0,0,0,0,1,Medium,10.956073354557526,0,0,Low,0
ENT302686,Individual,Cyprus,Driving License,1,3,20000.0,0,0,0,19,Medium,9.90353755128617,1,12,Low,0
ENT302687,Corporate,India,Aadhaar,1,5,262200.0,0,0,0,24,High,12.476866664186996,0,0,Low,0
ENT302688,Individual,India,Passport,1,3,35400.0,0,0,0,4,Medium,10.474495347310453,0,0,Low,0
ENT302689,Individual,Germany,PAN,1,2,90900.0,0,0,0,18,High,11.417526281205168,0,0,Low,0
ENT302690,Individual,Switzerland,Passport,1,4,130900.0,0,0,0,2,High,11.782196591288216,0,0,Low,0
ENT302691,Individual,UK,Passport,1,1,98200.0,0,0,0,2,Medium,11.494771677590096,0,0,Low,0
ENT302692,Individual,UK,Aadhaar,1,2,147800.0,1,0,0,15,Low,11.903622053373214,0,21,Medium,1
ENT302693,Partnership,Singapore,Passport,1,3,768700.0,0,0,0,1,High,13.552457356233997,0,0,Low,0
ENT302694,Corporate,Hong Kong,PAN,1,6,670700.0,1,0,0,5,Medium,13.416078713066291,0,15,Low,1
ENT302695,Individual,UAE,Aadhaar,1,6,164000.0,0,0,1,13,High,12.00762780434872,0,8,Low,0
ENT302696,Partnership,BVI,Voter ID,1,1,417800.0,0,0,0,1,High,12.942760521591445,1,12,Low,0
ENT302697,Corporate,BVI,PAN,0,3,33600.0,0,0,0,15,Medium,10.422311107413181,1,17,Low,0
ENT302698,Corporate,USA,PAN,1,3,132600.0,0,0,1,28,High,11.795099898183592,0,8,Low,0
ENT302699,Corporate,Mauritius,Voter ID,1,1,97800.0,0,0,3,15,Medium,11.49069008091951,1,36,Medium,0
ENT302700,Corporate,India,PAN,1,7,14700.0,0,0,0,16,High,9.595670797663967,0,0,Low,0
ENT302701,Corporate,Switzerland,Driving License,1,2,23400.0,0,0,0,26,High,10.060534035475412,0,0,Low,0
ENT302702,Corporate,China,Driving License,1,5,108800.0,0,0,0,4,High,11.597275804538212,0,0,Low,0
ENT302703,Trust,India,Aadhaar,1,3,339400.0,0,0,0,2,High,12.73493757815388,0,0,Low,0
ENT302704,Corporate,China,Driving License,1,6,15300.0,0,0,0,24,High,9.635673464721814,0,0,Low,0
ENT302705,Corporate,Mauritius,Aadhaar,1,3,11800.0,0,0,1,21,High,9.375939552625749,1,20,Low,0
ENT302706,Individual,Cyprus,PAN,1,2,7800.0,0,0,0,20,Low,8.962007209588313,1,18,Low,0
ENT302707,Individual,USA,PAN,1,4,39900.0,0,0,3,26,Medium,10.594156665220533,0,24,Medium,0
ENT302708,Trust,USA,Driving License,1,7,56200.0,0,0,0,19,Medium,10.936689829317784,0,0,Low,0
ENT302709,Individual,Cayman Islands,Passport,1,6,5300.0,0,0,3,27,High,8.575650760987806,1,36,Medium,0
ENT302710,Individual,Hong Kong,Passport,1,7,25400.0,0,0,0,9,Medium,10.142543822310387,0,0,Low,0
ENT302711,Individual,Cayman Islands,Aadhaar,1,3,26300.0,0,0,0,3,High,10.177362240256695,1,12,Low,0
ENT302712,Corporate,India,Voter ID,1,6,74100.0,0,0,0,12,High,11.21318430646977,0,0,Low,0
ENT302713,Individual,China,Passport,1,3,147600.0,0,0,0,23,High,11.902267966193309,0,0,Low,0
ENT302714,Corporate,Seychelles,Passport,1,7,16900.0,0,0,0,7,High,9.735128070758227,1,12,Low,0
ENT302715,Corporate,India,PAN,1,7,26500.0,0,0,1,12,Medium,10.184937747111391,0,8,Low,0
ENT302716,Individual,Germany,Voter ID,1,3,21600.0,0,0,0,12,High,9.980494888896912,0,0,Low,0
ENT302717,Individual,Panama,PAN,1,7,31200.0,0,0,0,9,Medium,10.348205424565993,1,12,Low,0
ENT302718,Corporate,Cayman Islands,PAN,1,4,14300.0,0,0,0,17,Medium,9.568084743872936,1,12,Low,0
ENT302719,Corporate,India,PAN,1,7,9900.0,0,0,3,16,Medium,9.200391041122515,0,24,Medium,0
ENT302720,Corporate,UAE,Voter ID,1,6,47800.0,0,0,0,8,High,10.774801838762809,0,0,Low,0
ENT302721,Corporate,Mauritius,Voter ID,1,3,22600.0,0,0,0,5,High,10.025749432069084,1,12,Low,0
ENT302722,Trust,UK,Voter ID,0,3,92900.0,0,0,0,9,Medium,11.439289689006644,0,5,Low,0
ENT302723,Individual,Germany,Passport,1,6,98400.0,0,0,0,23,High,11.496806245590331,0,0,Low,0
ENT302724,Partnership,Hong Kong,Voter ID,1,6,47600.0,0,0,0,17,Medium,10.7706090484022,0,0,Low,0
ENT302725,Individual,UK,Voter ID,1,4,189700.0,0,0,2,10,Medium,12.153204427390497,0,16,Low,0
ENT302726,Individual,India,Voter ID,0,3,1700.0,0,0,0,4,High,7.438971592395862,0,5,Low,0
ENT302727,Individual,Hong Kong,Voter ID,1,2,35700.0,0,0,1,1,Medium,10.482933978579906,0,8,Low,0
ENT302728,Partnership,Cyprus,Aadhaar,1,2,31800.0,0,0,0,22,High,10.367253014814716,1,12,Low,0
ENT302729,Individual,BVI,Voter ID,1,5,59300.0,0,0,1,27,Medium,10.990381448250039,1,20,Low,0
ENT302730,Partnership,Cyprus,Driving License,1,3,30600.0,0,0,2,3,Low,10.328787967145063,1,34,Medium,0
ENT302731,Individual,Hong Kong,Passport,0,6,22900.0,0,0,0,3,Medium,10.038935856711177,0,5,Low,0
ENT302732,Corporate,Cyprus,Voter ID,1,5,76500.0,0,0,0,3,High,11.245059091624615,1,12,Low,0
ENT302733,Corporate,India,Voter ID,1,6,13000.0,0,0,1,7,High,9.472781556562168,0,8,Low,0
ENT302734,Individual,Cayman Islands,Voter ID,1,4,1629900.0,0,0,0,6,High,14.304029834742108,1,13,Low,0
ENT302735,Individual,India,PAN,1,3,707500.0,0,0,0,28,Low,13.469494321926092,0,6,Low,0
ENT302736,Individual,Cyprus,Aadhaar,1,3,101900.0,0,0,0,16,Medium,11.531757032705352,1,12,Low,0
ENT302737,Individual,USA,PAN,1,5,15400.0,0,0,0,26,Low,9.642187721358466,0,6,Low,0
ENT302738,Individual,India,Voter ID,0,5,91400.0,0,0,0,6,Medium,11.423011698301426,0,5,Low,0
ENT302739,Corporate,USA,Driving License,1,3,123300.0,0,0,1,17,High,11.722383799419628,0,8,Low,0
ENT302740,Corporate,BVI,PAN,1,5,688000.0,0,0,0,3,Medium,13.441545570402797,1,12,Low,0
ENT302741,Individual,UK,Aadhaar,1,5,106200.0,0,0,0,10,Low,11.5730888039415,0,6,Low,0
ENT302742,Corporate,UAE,Voter ID,1,1,11500.0,0,0,0,22,High,9.350189267092581,0,0,Low,0
ENT302743,Corporate,Cayman Islands,Aadhaar,1,1,16600.0,0,0,0,14,High,9.717218213494077,1,12,Low,0
ENT302744,Individual,UAE,PAN,1,4,9500.0,0,0,0,13,Medium,9.15915233520675,0,0,Low,0
ENT302745,Partnership,Cyprus,Aadhaar,1,1,67100.0,0,0,0,23,Medium,11.11395422597838,1,12,Low,0
ENT302746,Corporate,Germany,Aadhaar,1,2,50100.0,0,0,0,24,High,10.821796246953596,0,0,Low,0
ENT302747,Individual,Seychelles,Voter ID,1,3,71000.0,0,0,0,8,Medium,11.170449240431308,1,12,Low,0
ENT302748,Individual,BVI,PAN,1,4,14400.0,0,0,0,4,High,9.575052927597383,1,12,Low,0
ENT302749,Corporate,India,Aadhaar,1,1,59300.0,0,0,0,20,High,10.990381448250039,0,0,Low,0
ENT302750,Individual,USA,Driving License,1,3,7700.0,0,0,2,3,High,8.94910546953925,0,16,Low,0
ENT302751,Trust,Cyprus,Voter ID,1,2,43800.0,0,0,3,17,High,10.687411927154141,1,36,Medium,0
ENT302752,Corporate,India,Driving License,1,2,180700.0,0,0,3,16,High,12.104599010599317,0,24,Medium,0
ENT302753,Corporate,Mauritius,Aadhaar,1,2,40100.0,0,0,0,14,High,10.599156550639583,1,12,Low,0
ENT302754,Individual,China,Driving License,1,5,8800.0,0,0,0,28,Medium,9.082620630373812,0,0,Low,0
ENT302755,Individual,USA,Aadhaar,1,7,16200.0,0,0,0,20,Medium,9.692828247710418,0,0,Low,0
ENT302756,Individual,BVI,Driving License,1,6,18900.0,0,0,2,17,High,9.846970109700957,1,28,Medium,0
ENT302757,Trust,BVI,Driving License,1,5,23800.0,0,0,0,23,Medium,10.077482875583607,1,12,Low,0
ENT302758,Partnership,Seychelles,PAN,1,4,80300.0,0,0,0,8,High,11.293537353157436,1,12,Low,0
ENT302759,Individual,Hong Kong,Passport,1,4,58100.0,0,1,0,26,Medium,10.969938154395841,0,40,Medium,1
ENT302760,Individual,UK,Aadhaar,1,6,185000.0,0,0,0,22,High,12.128116509451258,0,0,Low,0
ENT302761,Individual,Cyprus,Passport,1,5,564200.0,0,0,0,2,Medium,13.24316584996959,1,12,Low,0
ENT302762,Individual,UAE,Aadhaar,1,6,31400.0,0,0,0,6,High,10.354595018522993,0,0,Low,0
ENT302763,Individual,Panama,Aadhaar,1,4,103500.0,0,0,0,26,High,11.547336553476635,1,12,Low,0
ENT302764,Trust,Mauritius,Driving License,1,7,52400.0,0,0,0,25,High,10.866680954096502,1,12,Low,0
ENT302765,Individual,Seychelles,Driving License,1,1,14300.0,0,0,0,11,High,9.568084743872936,1,12,Low,0
ENT302766,Individual,Cyprus,Voter ID,1,1,76000.0,0,0,1,20,Medium,11.23850177707664,1,20,Low,0
ENT302767,Individual,Switzerland,Aadhaar,1,6,276700.0,0,0,1,17,High,12.530692779790893,0,8,Low,0
ENT302768,Corporate,Cyprus,PAN,1,1,49200.0,0,0,0,2,High,10.803669227477098,1,12,Low,0
ENT302769,Individual,Switzerland,Voter ID,1,4,233900.0,0,0,0,14,High,12.36265322789447,0,0,Low,0
ENT302770,Corporate,Mauritius,Passport,1,5,227100.0,0,0,0,11,Medium,12.333150131430498,1,12,Low,0
ENT302771,Corporate,Mauritius,PAN,1,1,153500.0,0,0,0,16,Medium,11.941462360646149,1,12,Low,0
ENT302772,Trust,Cayman Islands,Passport,1,2,18800.0,0,0,0,19,Medium,9.841665338892785,1,12,Low,0
ENT302773,Individual,BVI,Driving License,1,1,42700.0,0,0,0,28,Low,10.661977618146238,1,18,Low,0
ENT302774,Corporate,UAE,PAN,1,3,35900.0,0,0,2,4,High,10.488520429241627,0,16,Low,0
ENT302775,Individual,Cyprus,PAN,1,7,215800.0,0,0,1,1,High,12.282111965715732,1,20,Low,0
ENT302776,Individual,BVI,Passport,1,2,29000.0,0,0,0,14,Medium,10.275085591132715,1,12,Low,0
ENT302777,Trust,UK,Aadhaar,1,3,10500.0,0,0,0,21,Medium,9.259225769705994,0,0,Low,0
ENT302778,Corporate,USA,Aadhaar,1,7,48000.0,0,0,1,17,Low,10.778977123006351,0,14,Low,0
ENT302779,Partnership,Singapore,Driving License,1,2,24300.0,0,0,0,2,High,10.098272780745283,0,0,Low,0
ENT302780,Individual,Cayman Islands,Aadhaar,1,4,30500.0,0,0,0,29,High,10.32551474894327,1,12,Low,0
ENT302781,Corporate,India,Aadhaar,1,3,70400.0,0,0,1,9,High,11.161962746590705,0,8,Low,0
ENT302782,Individual,BVI,Voter ID,1,3,256100.0,0,0,1,6,High,12.45332717690471,1,20,Low,0
ENT302783,Partnership,UAE,Aadhaar,0,6,115900.0,0,0,0,28,High,11.660491657418318,0,5,Low,0
ENT302784,Corporate,Cayman Islands,Driving License,1,4,32600.0,0,0,0,7,High,10.392098241730961,1,12,Low,0
ENT302785,Corporate,Switzerland,Aadhaar,1,5,35900.0,0,0,0,11,Medium,10.488520429241627,0,0,Low,0
ENT302786,Corporate,UK,PAN,1,4,57200.0,0,0,0,25,High,10.954326659732555,0,0,Low,0
ENT302787,Individual,USA,Passport,1,6,162300.0,0,0,0,26,Medium,11.997207914913153,0,0,Low,0
ENT302788,Individual,Seychelles,Voter ID,1,3,550100.0,0,0,0,15,High,13.217857176713197,1,12,Low,0
ENT302789,Individual,Switzerland,Aadhaar,1,4,44300.0,1,0,0,23,High,10.698762529141884,0,15,Low,1
ENT302790,Corporate,UAE,Voter ID,1,7,26500.0,0,0,0,12,Low,10.184937747111391,0,6,Low,0
ENT302791,Corporate,BVI,Passport,1,1,291400.0,0,0,0,5,Medium,12.582455604446345,1,12,Low,0
ENT302792,Corporate,Panama,Passport,1,4,376800.0,0,0,0,23,High,12.839472475608636,1,12,Low,0
ENT302793,Individual,UK,Voter ID,1,2,137900.0,0,0,0,3,Medium,11.834291315386718,0,0,Low,0
ENT302794,Individual,Cayman Islands,Aadhaar,1,7,212900.0,0,0,0,8,High,12.268582547911404,1,12,Low,0
ENT302795,Individual,Singapore,Driving License,1,1,317000.0,0,0,0,4,Medium,12.666660207428574,0,0,Low,0
ENT302796,Individual,Switzerland,PAN,1,5,28000.0,0,0,0,28,Medium,10.239995502805316,0,0,Low,0
ENT302797,Corporate,Cayman Islands,Voter ID,1,4,117800.0,0,0,0,20,Low,11.676752039127939,1,18,Low,0
ENT302798,Corporate,China,Passport,1,5,18800.0,0,0,0,7,Medium,9.841665338892785,0,0,Low,0
ENT302799,Corporate,Germany,Driving License,1,2,77800.0,0,0,0,5,Medium,11.261909563554315,0,0,Low,0
ENT302800,Individual,Seychelles,Aadhaar,1,6,58000.0,0,0,0,12,High,10.968215530759236,1,12,Low,0
ENT302801,Individual,India,Driving License,1,3,122300.0,0,0,0,12,Medium,11.714240498256716,0,0,Low,0
ENT302802,Trust,BVI,Voter ID,1,2,37100.0,0,0,1,1,High,10.521399202410167,1,20,Low,0
ENT302803,Individual,Seychelles,PAN,1,2,52300.0,1,0,0,28,Medium,10.864770770329113,1,27,Medium,1
ENT302804,Individual,Hong Kong,Voter ID,1,6,146100.0,0,0,0,6,Low,11.892053442342334,0,6,Low,0
ENT302805,Individual,Mauritius,Passport,1,4,27800.0,0,0,0,2,Medium,10.232827270254802,1,12,Low,0
ENT302806,Individual,Switzerland,PAN,1,5,27600.0,1,0,0,25,Medium,10.225607282932941,0,15,Low,1
ENT302807,Individual,Mauritius,Driving License,1,4,117800.0,0,0,0,4,High,11.676752039127939,1,12,Low,0
ENT302808,Individual,UAE,PAN,1,4,59100.0,0,0,0,20,High,10.987003123724813,0,0,Low,0
ENT302809,Corporate,Seychelles,Aadhaar,1,2,912900.0,0,0,0,3,Medium,13.724382719962803,1,13,Low,0
ENT302810,Corporate,USA,Aadhaar,1,5,170200.0,0,0,2,29,High,12.044735370544808,0,16,Low,0
ENT302811,Individual,UAE,Driving License,1,6,139500.0,0,0,0,16,High,11.845827048676645,0,0,Low,0
ENT302812,Individual,India,PAN,1,1,3300.0,0,0,0,6,Medium,8.101980731853192,0,0,Low,0
ENT302813,Corporate,UAE,Driving License,1,4,31700.0,0,0,0,15,Medium,10.36410350510914,0,0,Low,0
ENT302814,Trust,Germany,PAN,0,3,43000.0,0,0,0,23,Medium,10.668978650219241,0,5,Low,0
ENT302815,Corporate,BVI,Voter ID,1,4,40300.0,0,0,0,6,High,10.604131561522696,1,12,Low,0
ENT302816,Individual,BVI,Driving License,1,4,41600.0,0,0,0,27,High,10.635879484421974,1,12,Low,0
ENT302817,Corporate,Singapore,Voter ID,1,7,183300.0,0,0,1,12,High,12.118884889350285,0,8,Low,0
ENT302818,Individual,USA,Aadhaar,1,3,27800.0,0,0,0,10,Medium,10.232827270254802,0,0,Low,0
ENT302819,Trust,Singapore,Driving License,1,5,62000.0,0,0,0,10,High,11.034905792929415,0,0,Low,0
ENT302820,Partnership,Singapore,Driving License,1,1,55000.0,0,0,0,23,Medium,10.915106645867503,0,0,Low,0
ENT302821,Corporate,UAE,Driving License,1,3,6100.0,0,0,0,28,High,8.716207971151853,0,0,Low,0
ENT302822,Partnership,Seychelles,Aadhaar,1,4,114400.0,0,0,0,7,Medium,11.647465099148372,1,12,Low,0
ENT302823,Corporate,Cyprus,Aadhaar,1,2,211700.0,0,0,0,8,Medium,12.262930180777364,1,12,Low,0
ENT302824,Trust,Hong Kong,PAN,1,7,46500.0,1,0,0,19,Medium,10.747229096720554,0,15,Low,1
ENT302825,Corporate,Germany,Passport,0,1,59700.0,0,0,0,24,Medium,10.997104049659168,0,5,Low,0
ENT302826,Corporate,Singapore,Aadhaar,1,7,96600.0,0,0,1,27,Medium,11.478344372113902,0,8,Low,0
ENT302827,Individual,BVI,Aadhaar,1,5,7300.0,0,0,0,27,Medium,8.895766604056085,1,12,Low,0
ENT302828,Individual,Mauritius,Passport,1,7,504400.0,0,0,0,5,High,13.131126865624465,1,12,Low,0
ENT302829,Partnership,Singapore,Voter ID,1,5,39600.0,0,0,0,26,High,10.586609649448985,0,0,Low,0
ENT302830,Individual,UAE,Voter ID,1,2,10400.0,1,0,0,23,High,9.249657234353133,0,15,Low,1
ENT302831,Partnership,Mauritius,PAN,1,6,130700.0,0,0,0,27,Low,11.780667550692455,1,18,Low,0
ENT302832,Corporate,Panama,Passport,1,3,10000.0,0,0,0,14,High,9.210440366976517,1,12,Low,0
ENT302833,Individual,USA,Voter ID,1,5,63500.0,0,0,0,18,High,11.05881093278828,0,0,Low,0
ENT302834,Individual,Cyprus,Voter ID,0,7,41600.0,1,0,2,28,High,10.635879484421974,1,48,High,1
ENT302835,Individual,Seychelles,PAN,1,3,87000.0,0,0,0,27,Medium,11.373674891823535,1,12,Low,0
ENT302836,Individual,Hong Kong,Aadhaar,1,4,55200.0,1,0,3,21,Medium,10.918736348043124,0,39,Medium,1
ENT302837,Individual,UK,Aadhaar,0,6,7200.0,0,0,0,8,High,8.881975184248867,0,5,Low,0
ENT302838,Corporate,Mauritius,Voter ID,1,4,113400.0,0,0,0,16,Medium,11.638685488579059,1,12,Low,0
ENT302839,Individual,Cyprus,Passport,1,6,12400.0,0,0,0,11,High,9.425532393502772,1,12,Low,0
ENT302840,Individual,Switzerland,PAN,1,4,45700.0,0,1,0,8,High,10.729875458480967,0,40,Medium,1
ENT302841,Corporate,China,Passport,1,2,36600.0,0,0,0,5,High,10.50783084142058,0,0,Low,0
ENT302842,Corporate,Switzerland,Passport,1,1,110400.0,0,0,0,15,High,11.611874470755124,0,0,Low,0
ENT302843,Corporate,UAE,PAN,1,3,17200.0,0,0,0,25,Medium,9.75272280064639,0,0,Low,0
ENT302844,Corporate,Cyprus,Driving License,1,2,17200.0,0,0,0,28,High,9.75272280064639,1,12,Low,0
ENT302845,Individual,Hong Kong,Voter ID,1,6,81000.0,1,0,0,14,Medium,11.302216779257382,0,15,Low,1
ENT302846,Trust,USA,PAN,1,1,518500.0,0,0,0,11,High,13.158697235290168,0,0,Low,0
ENT302847,Individual,Germany,Passport,1,5,89800.0,0,0,0,29,High,11.405351390085748,0,0,Low,0
ENT302848,Corporate,Cayman Islands,PAN,1,3,105300.0,0,0,0,8,High,11.564578194753137,1,12,Low,0
ENT302849,Corporate,Hong Kong,Voter ID,1,7,163700.0,0,0,0,2,High,12.00579687207606,0,0,Low,0
ENT302850,Corporate,Germany,Aadhaar,1,6,12300.0,0,0,0,1,High,9.417435838868785,0,0,Low,0
ENT302851,Corporate,USA,Passport,1,3,31700.0,0,1,0,8,Medium,10.36410350510914,0,40,Medium,1
ENT302852,Corporate,Hong Kong,PAN,1,1,116000.0,0,0,0,8,High,11.661354090741,0,0,Low,0
ENT302853,Individual,Switzerland,Aadhaar,1,6,16800.0,0,0,0,11,High,9.729193687429403,0,0,Low,0
ENT302854,Corporate,Cayman Islands,Passport,1,6,3800.0,0,0,0,23,Low,8.24301946898925,1,18,Low,0
ENT302855,Individual,Cyprus,Voter ID,1,2,69400.0,0,0,1,14,Medium,11.147656555612986,1,20,Low,0
ENT302856,Individual,Germany,PAN,1,4,15500.0,0,0,0,28,Medium,9.648659816955295,0,0,Low,0
ENT302857,Individual,UAE,Driving License,1,2,14100.0,0,0,0,13,Low,9.55400099583723,0,6,Low,0
ENT302858,Individual,UAE,Aadhaar,1,2,43100.0,0,0,2,5,Medium,10.67130147767883,0,16,Low,0
ENT302859,Individual,Panama,PAN,1,1,68100.0,0,0,1,14,Low,11.128747176317603,1,26,Medium,0
ENT302860,Individual,Cyprus,Passport,1,6,7600.0,0,0,0,27,High,8.936035096566041,1,12,Low,0
ENT302861,Individual,Switzerland,Passport,1,7,31500.0,0,0,0,24,High,10.357774570341576,0,0,Low,0
ENT302862,Corporate,India,Driving License,1,4,11800.0,0,0,0,10,High,9.375939552625749,0,0,Low,0
ENT302863,Corporate,Panama,Passport,1,6,48500.0,0,0,1,9,Medium,10.789339695269716,1,20,Low,0
ENT302864,Individual,Hong Kong,Voter ID,1,2,163900.0,0,0,0,22,Low,12.007017865994577,0,6,Low,0
ENT302865,Individual,Singapore,Passport,1,3,98000.0,0,0,0,5,High,11.49273296168228,0,0,Low,0
ENT302866,Corporate,India,PAN,1,5,37500.0,0,0,1,7,High,10.53212287826962,0,8,Low,0
ENT302867,Corporate,UK,Voter ID,1,6,28000.0,0,0,0,20,High,10.239995502805316,0,0,Low,0
ENT302868,Individual,Mauritius,Aadhaar,1,5,115500.0,0,0,1,26,High,11.657034466915164,1,20,Low,0
ENT302869,Corporate,Cyprus,Voter ID,1,6,58300.0,0,0,0,2,High,10.97337452485014,1,12,Low,0
ENT302870,Individual,Cyprus,Aadhaar,0,4,76900.0,0,0,1,7,High,11.250274159310356,1,25,Medium,0
ENT302871,Individual,Switzerland,Voter ID,0,1,353700.0,0,0,0,8,High,12.776207202444311,0,5,Low,0
ENT302872,Trust,BVI,Driving License,1,6,17200.0,0,0,2,20,Low,9.75272280064639,1,34,Medium,0
ENT302873,Individual,Cayman Islands,Passport,1,2,64300.0,0,0,0,13,High,11.071330462204312,1,12,Low,0
ENT302874,Individual,Cayman Islands,Voter ID,1,6,226700.0,0,0,1,4,Low,12.331387247601905,1,26,Medium,0
ENT302875,Corporate,Switzerland,PAN,1,3,21700.0,0,0,1,12,High,9.985113621416073,0,8,Low,0
ENT302876,Individual,UAE,PAN,1,7,69700.0,0,0,0,15,Medium,11.151969943847991,0,0,Low,0
ENT302877,Individual,UK,Voter ID,1,1,36800.0,0,0,3,19,Low,10.513280297700861,0,30,Medium,0
ENT302878,Individual,UK,PAN,1,5,64700.0,0,0,0,27,High,11.07753193632009,0,0,Low,0
ENT302879,Partnership,China,Passport,1,4,68600.0,0,0,0,25,Medium,11.136062390867204,0,0,Low,0
ENT302880,Individual,China,PAN,1,7,217800.0,1,0,2,3,Medium,12.291337080838684,0,31,Medium,1
ENT302881,Individual,BVI,Aadhaar,1,6,548500.0,0,0,0,5,Medium,13.214944381849817,1,12,Low,0
ENT302882,Corporate,China,PAN,1,4,223900.0,0,0,0,5,High,12.318959268856462,0,0,Low,0
ENT302883,Individual,BVI,Passport,1,6,64000.0,0,0,0,12,High,11.06665398721974,1,12,Low,0
ENT302884,Corporate,Cayman Islands,Driving License,1,2,14000.0,0,0,0,14,Medium,9.546884034617925,1,12,Low,0
ENT302885,Partnership,Switzerland,Voter ID,1,5,67700.0,0,0,0,22,Medium,11.12285622984002,0,0,Low,0
ENT302886,Individual,UK,Passport,1,5,98100.0,0,0,0,6,High,11.493752839181418,0,0,Low,0
ENT302887,Individual,UK,Driving License,1,7,117500.0,0,0,0,22,Medium,11.674202123168433,0,0,Low,0
ENT302888,Individual,USA,PAN,1,6,11000.0,0,0,0,6,Low,9.305741456739435,0,6,Low,0
ENT302889,Corporate,Germany,Voter ID,1,5,28700.0,0,0,1,4,Medium,10.264687244346277,0,8,Low,0
ENT302890,Individual,UAE,Passport,1,7,150300.0,0,0,1,27,Medium,11.92039522907888,0,8,Low,0
ENT302891,Individual,USA,Aadhaar,0,3,3100.0,0,0,0,2,High,8.03947991910045,0,5,Low,0
ENT302892,Partnership,USA,Driving License,1,4,165200.0,0,0,0,10,Medium,12.01491819331946,0,0,Low,0
ENT302893,Partnership,Cayman Islands,PAN,1,4,18200.0,0,0,0,16,High,9.809231816610408,1,12,Low,0
ENT302894,Partnership,Switzerland,Passport,1,5,78000.0,0,0,0,5,High,11.264476926102367,0,0,Low,0
ENT302895,Corporate,UAE,Aadhaar,1,2,23000.0,0,0,0,6,High,10.043292972227004,0,0,Low,0
ENT302896,Corporate,Mauritius,Voter ID,1,4,111200.0,0,0,0,17,High,11.61909465356394,1,12,Low,0
ENT302897,Individual,Cyprus,Passport,1,1,30800.0,0,0,0,1,Low,10.335302435967074,1,18,Low,0
ENT302898,Corporate,Hong Kong,PAN,1,7,149400.0,0,0,0,26,Medium,11.914389245098882,0,0,Low,0
ENT302899,Corporate,USA,Passport,1,7,13100.0,0,0,0,16,High,9.48044384215367,0,0,Low,0
ENT302900,Trust,Hong Kong,Passport,1,5,39800.0,0,0,0,22,Medium,10.591647316585027,0,0,Low,0
ENT302901,Corporate,Hong Kong,Driving License,1,7,35800.0,0,0,0,18,High,10.485731104959568,0,0,Low,0
ENT302902,Individual,USA,Passport,1,3,3500.0,0,0,0,22,High,8.160803920954665,0,0,Low,0
ENT302903,Individual,Panama,Driving License,0,7,61400.0,0,0,0,27,Medium,11.02518140064756,1,17,Low,0
ENT302904,Individual,Panama,Driving License,1,6,222100.0,0,0,0,5,High,12.310887512348744,1,12,Low,0
ENT302905,Trust,India,PAN,1,3,1936100.0,0,0,0,6,Medium,14.47618671487937,0,1,Low,0
ENT302906,Individual,UK,Driving License,1,7,76100.0,0,0,0,4,High,11.239816684367907,0,0,Low,0
ENT302907,Individual,Panama,Aadhaar,1,6,18800.0,1,0,1,15,High,9.841665338892785,1,35,Medium,1
ENT302908,Partnership,BVI,PAN,1,3,306500.0,0,0,1,26,High,12.632976296995821,1,20,Low,0
ENT302909,Partnership,Seychelles,Passport,1,3,51800.0,0,0,0,14,Medium,10.85516473308054,1,12,Low,0
ENT302910,Corporate,Germany,PAN,0,5,52700.0,1,0,3,17,High,10.872389709681492,0,44,High,1
ENT302911,Individual,Cyprus,Passport,1,6,454300.0,0,0,0,28,Medium,13.026515252933715,1,12,Low,0
ENT302912,Corporate,India,Voter ID,1,2,50000.0,0,0,1,5,Medium,10.819798284210286,0,8,Low,0
ENT302913,Corporate,Panama,Aadhaar,1,7,422700.0,0,0,0,13,High,12.95442035229611,1,12,Low,0
ENT302914,Corporate,UK,PAN,1,4,66000.0,0,0,0,2,Medium,11.097425172408931,0,0,Low,0
ENT302915,Individual,Cayman Islands,Driving License,1,6,164400.0,0,0,0,29,Low,12.010063844310778,1,18,Low,0
ENT302916,Individual,UK,Aadhaar,1,7,6600.0,0,0,0,25,High,8.79497643168877,0,0,Low,0
ENT302917,Individual,Seychelles,PAN,1,2,95500.0,0,0,0,12,High,11.466891997618188,1,12,Low,0
ENT302918,Individual,Cyprus,Voter ID,1,5,73700.0,0,0,1,7,High,11.207771646606407,1,20,Low,0
ENT302919,Corporate,USA,Voter ID,1,6,9600.0,0,0,0,17,Medium,9.169622538697624,0,0,Low,0
ENT302920,Individual,Mauritius,Passport,1,3,2100.0,0,0,0,16,Low,7.650168700845001,1,18,Low,0
ENT302921,Individual,Cayman Islands,PAN,1,1,25600.0,0,0,0,23,High,10.150386692204734,1,12,Low,0
ENT302922,Individual,Germany,Passport,1,6,203300.0,0,0,0,17,High,12.222442918443495,0,0,Low,0
ENT302923,Individual,Singapore,Aadhaar,1,7,15100.0,0,0,0,11,High,9.62251624577579,0,0,Low,0
ENT302924,Individual,Cayman Islands,Aadhaar,1,2,123500.0,0,0,0,10,Low,11.724004532183379,1,18,Low,0
ENT302925,Individual,India,Voter ID,1,4,53500.0,0,0,0,11,Low,10.887455624298198,0,6,Low,0
ENT302926,Individual,Cyprus,Voter ID,1,7,106400.0,0,0,0,29,Medium,11.574970254341757,1,12,Low,0
ENT302927,Individual,USA,PAN,1,2,15300.0,0,0,0,8,High,9.635673464721814,0,0,Low,0
ENT302928,Individual,Cyprus,Aadhaar,1,1,101100.0,0,0,0,6,High,11.52387529615648,1,12,Low,0
ENT302929,Individual,Seychelles,Driving License,1,2,53700.0,0,0,1,24,Low,10.891186902297498,1,26,Medium,0
ENT302930,Individual,Mauritius,Aadhaar,1,6,19800.0,0,0,1,9,Low,9.893487720457795,1,26,Medium,0
ENT302931,Individual,Seychelles,Aadhaar,1,6,104800.0,0,0,1,14,Low,11.559818592808288,1,26,Medium,0
ENT302932,Corporate,Seychelles,PAN,1,7,30800.0,0,0,0,5,High,10.335302435967074,1,12,Low,0
ENT302933,Individual,Cayman Islands,Aadhaar,1,2,133400.0,0,0,0,23,High,11.801114908687438,1,12,Low,0
ENT302934,Corporate,Seychelles,Voter ID,1,5,141600.0,0,0,1,22,Low,11.860768522363712,1,26,Medium,0
ENT302935,Individual,USA,Driving License,1,3,36400.0,0,0,1,10,High,10.502351525774941,0,8,Low,0
ENT302936,Corporate,Seychelles,Aadhaar,1,5,23800.0,0,0,0,24,Medium,10.077482875583607,1,12,Low,0
ENT302937,Corporate,USA,PAN,1,5,45200.0,0,1,0,10,High,10.718874489469398,0,40,Medium,1
ENT302938,Corporate,Hong Kong,Voter ID,1,3,46300.0,0,0,1,24,Low,10.742918838113225,0,14,Low,0
ENT302939,Corporate,Panama,Passport,1,1,14600.0,0,0,0,2,Medium,9.588845298501564,1,12,Low,0
ENT302940,Individual,Mauritius,Aadhaar,1,7,43600.0,0,0,0,8,High,10.682835364853922,1,12,Low,0
ENT302941,Individual,India,Voter ID,1,5,44500.0,0,0,0,24,High,10.703266939811954,0,0,Low,0
ENT302942,Individual,Mauritius,PAN,1,3,38500.0,0,0,0,20,Medium,10.55843949396453,1,12,Low,0
ENT302943,Individual,Hong Kong,PAN,1,6,303800.0,0,0,0,17,Low,12.624128160777628,0,6,Low,0
ENT302944,Individual,Panama,Passport,1,2,5200.0,0,0,3,16,Low,8.556606193773073,1,42,High,1
ENT302945,Corporate,Panama,Voter ID,1,6,88400.0,0,0,1,9,Medium,11.389638560778947,1,20,Low,0
ENT302946,Individual,Cayman Islands,Driving License,1,6,64000.0,0,0,0,16,Medium,11.06665398721974,1,12,Low,0
ENT302947,Individual,Switzerland,Voter ID,1,4,21800.0,0,0,3,16,High,9.989711119284745,0,24,Medium,0
ENT302948,Individual,UK,Voter ID,1,6,607000.0,0,0,0,5,Medium,13.316285717486736,0,0,Low,0
ENT302949,Individual,Switzerland,Voter ID,1,7,21600.0,0,0,1,22,Medium,9.980494888896912,0,8,Low,0
ENT302950,Corporate,China,PAN,1,2,31400.0,0,0,0,18,High,10.354595018522993,0,0,Low,0
ENT302951,Individual,India,Passport,1,2,125900.0,1,0,2,28,Medium,11.74325116281265,0,31,Medium,1
ENT302952,Corporate,Seychelles,PAN,1,5,16600.0,0,0,0,22,Low,9.717218213494077,1,18,Low,0
ENT302953,Individual,USA,Passport,1,4,62700.0,0,0,0,20,High,11.046132675457146,0,0,Low,0
ENT302954,Partnership,Mauritius,Passport,1,1,73100.0,0,0,0,5,High,11.199597325534862,1,12,Low,0
ENT302955,Corporate,BVI,Passport,1,6,73700.0,0,0,0,18,Medium,11.207771646606407,1,12,Low,0
ENT302956,Corporate,Switzerland,Driving License,1,4,97000.0,0,0,0,10,High,11.48247656671073,0,0,Low,0
ENT302957,Individual,Hong Kong,Passport,1,7,69400.0,0,0,1,15,Low,11.147656555612986,0,14,Low,0
ENT302958,Corporate,UK,Driving License,1,5,136300.0,0,0,0,5,High,11.822620954414864,0,0,Low,0
ENT302959,Corporate,Cyprus,Passport,1,6,100600.0,0,0,0,26,Low,11.518917476956224,1,18,Low,0
ENT302960,Corporate,China,Voter ID,1,4,728900.0,0,0,0,18,Low,13.49929319929967,0,6,Low,0
ENT302961,Trust,Cayman Islands,Voter ID,1,7,17300.0,0,0,0,14,Medium,9.758519582283522,1,12,Low,0
ENT302962,Partnership,Mauritius,Passport,0,2,239900.0,0,1,0,2,High,12.3879816172226,1,57,High,1
ENT302963,Corporate,China,Driving License,1,6,29600.0,0,0,1,3,High,10.295563423525277,0,8,Low,0
ENT302964,Individual,UK,Passport,1,6,81800.0,0,0,0,11,High,11.31204474745499,0,0,Low,0
ENT302965,Partnership,China,Voter ID,1,7,2600.0,0,0,0,27,Medium,7.8636512654486515,0,0,Low,0
ENT302966,Corporate,UAE,Passport,1,5,13700.0,0,0,2,16,Medium,9.525224101853109,0,16,Low,0
ENT302967,Corporate,Cyprus,Aadhaar,1,1,327500.0,0,0,0,9,Medium,12.699246387487896,1,12,Low,0
ENT302968,Individual,UK,Passport,1,2,120000.0,0,0,1,3,Low,11.695255355062795,0,14,Low,0
ENT302969,Individual,BVI,Passport,1,5,65800.0,0,0,0,26,High,11.094390314766315,1,12,Low,0
ENT302970,Individual,Singapore,PAN,1,3,38300.0,0,0,0,25,High,10.55323128448846,0,0,Low,0
ENT302971,Partnership,Singapore,Passport,1,2,101200.0,0,0,0,17,Medium,11.524863917209606,0,0,Low,0
ENT302972,Corporate,Hong Kong,PAN,1,7,22000.0,0,0,0,16,Medium,9.99884318585288,0,0,Low,0
ENT302973,Corporate,Singapore,PAN,1,1,27400.0,0,0,0,14,Low,10.21833478806055,0,6,Low,0
ENT302974,Individual,Germany,Driving License,1,1,9800.0,1,0,0,5,High,9.19023970026918,0,15,Low,1
ENT302975,Trust,Cayman Islands,Aadhaar,1,5,121200.0,0,0,0,21,Medium,11.705205603408396,1,12,Low,0
ENT302976,Partnership,Switzerland,Driving License,1,6,149600.0,0,0,0,10,Medium,11.915727028992151,0,0,Low,0
ENT302977,Individual,Cyprus,Aadhaar,1,3,73700.0,0,0,0,1,Medium,11.207771646606407,1,12,Low,0
ENT302978,Corporate,Hong Kong,Aadhaar,1,5,222200.0,0,0,0,4,High,12.311337656627584,0,0,Low,0
ENT302979,Individual,Panama,Driving License,1,5,111900.0,0,0,0,1,Medium,11.625369830810577,1,12,Low,0
ENT302980,Individual,Seychelles,PAN,1,1,61700.0,0,0,0,22,Medium,11.03005541721757,1,12,Low,0
ENT302981,Corporate,Cyprus,Driving License,1,1,30300.0,0,0,0,6,Medium,10.318935994253193,1,12,Low,0
ENT302982,Individual,BVI,Driving License,1,2,31700.0,0,0,0,1,Low,10.36410350510914,1,18,Low,0
ENT302983,Corporate,Panama,Aadhaar,1,3,35900.0,0,0,0,2,Medium,10.488520429241627,1,12,Low,0
ENT302984,Individual,Mauritius,Driving License,1,1,108900.0,0,0,0,23,High,11.598194491615347,1,12,Low,0
ENT302985,Individual,India,PAN,1,6,51600.0,0,0,1,3,High,10.851296331126829,0,8,Low,0
ENT302986,Individual,UK,Passport,1,3,57200.0,0,0,0,20,High,10.954326659732555,0,0,Low,0
ENT302987,Corporate,Switzerland,Voter ID,1,2,67500.0,0,0,0,29,Medium,11.119897691565697,0,0,Low,0
ENT302988,Individual,BVI,Driving License,0,6,53000.0,0,0,0,26,Medium,10.87806606028079,1,17,Low,0
ENT302989,Individual,China,Aadhaar,1,2,31900.0,0,1,0,19,Low,10.370392636243981,0,46,High,1
ENT302990,Individual,UK,PAN,1,2,14900.0,0,0,0,8,High,9.60918360377546,0,0,Low,0
ENT302991,Corporate,Mauritius,Passport,1,4,294500.0,0,0,0,10,High,12.593037677653752,1,12,Low,0
ENT302992,Individual,India,PAN,1,4,509400.0,0,0,0,29,High,13.140990804619403,0,0,Low,0
ENT302993,Individual,Germany,Aadhaar,1,7,72900.0,0,0,0,19,Low,11.196857635323791,0,6,Low,0
ENT302994,Individual,Cyprus,Driving License,1,2,77400.0,0,0,0,5,High,11.256754979390998,1,12,Low,0
ENT302995,Individual,Switzerland,Driving License,1,1,21600.0,0,0,0,2,Medium,9.980494888896912,0,0,Low,0
ENT302996,Trust,UAE,Voter ID,1,1,28100.0,0,0,0,1,Low,10.243560441877241,0,6,Low,0
ENT302997,Partnership,Panama,Voter ID,1,3,32500.0,0,0,2,12,High,10.389026137075234,1,28,Medium,0
ENT302998,Partnership,China,Aadhaar,0,6,32700.0,0,0,0,14,Medium,10.39516093745751,0,5,Low,0
ENT302999,Individual,Mauritius,Aadhaar,1,5,51900.0,1,0,0,29,Low,10.857093336791094,1,33,Medium,1
ENT303000,Corporate,Cyprus,Aadhaar,1,2,54600.0,0,0,0,28,High,10.907807476583594,1,12,Low,0
ENT303001,Partnership,BVI,Aadhaar,1,4,7000.0,0,0,0,1,Low,8.853808274977197,1,18,Low,0
ENT303002,Corporate,UK,Aadhaar,0,3,35800.0,0,0,0,7,Medium,10.485731104959568,0,5,Low,0
ENT303003,Corporate,Hong Kong,Passport,0,6,409100.0,0,0,0,13,Low,12.921717348304627,0,11,Low,0
ENT303004,Corporate,Cayman Islands,Voter ID,1,1,26100.0,0,0,0,24,High,10.169728906753061,1,12,Low,0
ENT303005,Individual,Singapore,Aadhaar,1,5,106300.0,0,0,2,15,High,11.574029971623514,0,16,Low,0
ENT303006,Individual,Mauritius,Voter ID,1,1,58800.0,0,0,1,29,High,10.981914140544825,1,20,Low,0
ENT303007,Corporate,USA,Voter ID,1,6,178400.0,0,0,0,21,High,12.091789104493502,0,0,Low,0
ENT303008,Individual,Seychelles,PAN,1,5,865300.0,0,0,0,23,High,13.670832702262716,1,13,Low,0
ENT303009,Corporate,BVI,Passport,1,6,227500.0,0,0,0,4,High,12.334909912967877,1,12,Low,0
ENT303010,Partnership,Mauritius,PAN,1,2,194500.0,0,0,0,4,High,12.178192583415596,1,12,Low,0
ENT303011,Trust,Panama,PAN,1,1,42800.0,1,0,0,14,High,10.664316745782925,1,27,Medium,1
ENT303012,Corporate,Singapore,Passport,1,2,67000.0,0,0,0,25,High,11.112462823634855,0,0,Low,0
ENT303013,Corporate,UK,Aadhaar,1,5,49800.0,0,0,0,4,Medium,10.815790343132422,0,0,Low,0
ENT303014,Individual,BVI,Passport,1,6,7500.0,0,0,0,19,Medium,8.922791623969637,1,12,Low,0
ENT303015,Individual,Singapore,Voter ID,0,2,413500.0,0,1,0,4,Low,12.932415211822644,0,51,High,1
ENT303016,Individual,Panama,Passport,1,1,56300.0,0,0,1,27,High,10.938467575959383,1,20,Low,0
ENT303017,Corporate,UK,Aadhaar,1,5,14200.0,0,0,0,26,Low,9.561067663645012,0,6,Low,0
ENT303018,Corporate,Mauritius,Voter ID,0,2,12700.0,0,0,0,1,Low,9.44943600950432,1,23,Medium,0
ENT303019,Individual,Seychelles,Voter ID,1,4,40700.0,0,0,0,26,High,10.614007941153417,1,12,Low,0
ENT303020,Individual,Cyprus,Driving License,1,4,34500.0,0,0,0,3,Medium,10.448743588106625,1,12,Low,0
ENT303021,Individual,BVI,PAN,1,5,373100.0,0,0,0,23,Medium,12.82960443945224,1,12,Low,0
ENT303022,Individual,Switzerland,PAN,1,6,25500.0,0,0,1,12,High,10.146472946063877,0,8,Low,0
ENT303023,Corporate,USA,Passport,1,1,29400.0,0,0,1,18,Medium,10.288783966353765,0,8,Low,0
ENT303024,Individual,Panama,Driving License,1,2,12800.0,0,0,0,29,Medium,9.45727857185611,1,12,Low,0
ENT303025,Corporate,Seychelles,Driving License,1,7,43300.0,0,0,0,25,High,10.675931008412125,1,12,Low,0
ENT303026,Individual,Seychelles,Aadhaar,1,2,31000.0,0,0,0,5,Medium,10.34177474101152,1,12,Low,0
ENT303027,Partnership,Hong Kong,Aadhaar,1,6,141000.0,0,0,1,23,High,11.856522261533737,0,8,Low,0
ENT303028,Individual,UAE,PAN,1,1,72100.0,1,0,0,13,Medium,11.185823192802378,0,15,Low,1
ENT303029,Individual,Hong Kong,Driving License,1,4,58900.0,0,0,0,3,High,10.983613347424248,0,0,Low,0
ENT303030,Corporate,Cayman Islands,Passport,1,1,5000.0,0,0,0,14,High,8.517393171418904,1,12,Low,0
ENT303031,Partnership,Seychelles,Voter ID,1,4,41200.0,0,0,0,8,High,10.626217806887722,1,12,Low,0
ENT303032,Trust,China,Aadhaar,1,5,5000.0,0,0,0,20,High,8.517393171418904,0,0,Low,0
ENT303033,Individual,BVI,PAN,1,3,37400.0,0,0,0,3,Medium,10.529452721013085,1,12,Low,0
ENT303034,Individual,Cayman Islands,Voter ID,1,7,222800.0,0,0,0,18,Medium,12.314034275355535,1,12,Low,0
ENT303035,Individual,USA,PAN,1,7,61600.0,0,0,0,18,Low,11.028433383156079,0,6,Low,0
ENT303036,Individual,Germany,Driving License,1,7,9500.0,0,0,0,6,Medium,9.15915233520675,0,0,Low,0
ENT303037,Individual,India,Voter ID,1,1,776900.0,0,0,0,21,High,13.56306820810463,0,0,Low,0
ENT303038,Corporate,Seychelles,Driving License,1,5,8500.0,0,0,0,9,Low,9.04793908261736,1,18,Low,0
ENT303039,Corporate,Mauritius,Driving License,1,3,192200.0,0,0,0,16,Medium,12.166296978418426,1,12,Low,0
ENT303040,Individual,Seychelles,Voter ID,1,5,80900.0,0,0,0,22,High,11.300981463909618,1,12,Low,0
ENT303041,Individual,Cyprus,Voter ID,1,1,36400.0,0,0,0,18,Medium,10.502351525774941,1,12,Low,0
ENT303042,Trust,BVI,Aadhaar,1,5,17500.0,0,1,0,3,High,9.770013301136158,1,52,High,1
ENT303043,Corporate,China,Aadhaar,1,3,43900.0,0,0,3,8,High,10.689692377847104,0,24,Medium,0
ENT303044,Individual,China,Aadhaar,0,1,55100.0,0,0,0,23,Medium,10.916923143796645,0,5,Low,0
ENT303045,Corporate,BVI,PAN,1,6,274800.0,0,0,0,12,High,12.523802478333899,1,12,Low,0
ENT303046,Corporate,Mauritius,PAN,1,6,41500.0,0,0,0,14,Medium,10.633472802314019,1,12,Low,0
ENT303047,Individual,Singapore,Voter ID,1,2,21400.0,0,0,1,23,Low,9.97119292889014,0,14,Low,0
ENT303048,Partnership,Cyprus,Aadhaar,1,7,72600.0,0,0,0,15,High,11.192733974822708,1,12,Low,0
ENT303049,Individual,Switzerland,Driving License,1,5,81000.0,0,0,1,15,High,11.302216779257382,0,8,Low,0
ENT303050,Corporate,China,PAN,1,1,54600.0,0,0,0,12,Medium,10.907807476583594,0,0,Low,0
ENT303051,Individual,Singapore,Aadhaar,1,1,174900.0,0,0,3,14,High,12.071975378543236,0,24,Medium,0
ENT303052,Corporate,Hong Kong,Passport,1,3,71100.0,0,0,0,12,High,11.171856680390034,0,0,Low,0
ENT303053,Individual,China,PAN,1,6,25600.0,0,0,0,5,High,10.150386692204734,0,0,Low,0
ENT303054,Individual,Cyprus,Voter ID,1,3,8400.0,0,0,0,13,Low,9.036106025364846,1,18,Low,0
ENT303055,Corporate,Cayman Islands,Passport,1,5,19800.0,0,0,0,17,Low,9.893487720457795,1,18,Low,0
ENT303056,Individual,Singapore,Driving License,1,4,329400.0,0,0,0,9,Medium,12.705031132543777,0,0,Low,0
ENT303057,Individual,UK,Voter ID,1,3,71500.0,0,0,0,4,Medium,11.177466714598282,0,0,Low,0
ENT303058,Corporate,BVI,Driving License,1,3,191100.0,0,0,0,8,High,12.160557363077048,1,12,Low,0
ENT303059,Corporate,BVI,Voter ID,1,2,255100.0,0,0,0,12,Medium,12.44941482415358,1,12,Low,0
ENT303060,Partnership,Cayman Islands,PAN,1,4,12500.0,0,0,1,9,High,9.433563920090563,1,20,Low,0
ENT303061,Corporate,Mauritius,Passport,1,3,57000.0,0,0,1,24,High,10.950824090522445,1,20,Low,0
ENT303062,Corporate,UAE,Aadhaar,1,7,146800.0,0,0,0,25,High,11.896833207128452,0,0,Low,0
ENT303063,Individual,Switzerland,PAN,1,4,86800.0,0,1,0,9,High,11.371373421319406,0,40,Medium,1
ENT303064,Corporate,Cayman Islands,Aadhaar,1,1,40100.0,0,0,0,16,High,10.599156550639583,1,12,Low,0
ENT303065,Individual,India,Driving License,1,1,2600.0,1,0,0,5,High,7.8636512654486515,0,15,Low,1
ENT303066,Individual,India,Passport,1,3,12200.0,0,0,0,6,High,9.409273194575334,0,0,Low,0
ENT303067,Individual,Singapore,Aadhaar,1,2,15400.0,0,0,0,16,Medium,9.642187721358466,0,0,Low,0
ENT303068,Partnership,Germany,Voter ID,1,6,61100.0,0,0,0,19,Low,11.020283511637867,0,6,Low,0
ENT303069,Corporate,Cayman Islands,Aadhaar,1,6,57500.0,0,0,0,20,High,10.959557617938563,1,12,Low,0
ENT303070,Partnership,Panama,Passport,1,1,13200.0,0,0,0,21,High,9.488047863280759,1,12,Low,0
ENT303071,Partnership,Seychelles,Passport,1,1,399400.0,0,0,1,16,Medium,12.897721203716351,1,20,Low,0
ENT303072,Partnership,Cyprus,Aadhaar,0,6,409500.0,0,0,0,13,High,12.92269462427472,1,17,Low,0
ENT303073,Individual,Germany,Driving License,1,1,15700.0,0,0,0,8,Low,9.661479683575521,0,6,Low,0
ENT303074,Individual,China,Passport,1,4,296800.0,0,0,1,26,High,12.600817159541924,0,8,Low,0
ENT303075,Individual,UK,Driving License,1,3,130700.0,0,0,0,16,Medium,11.780667550692455,0,0,Low,0
ENT303076,Individual,China,Passport,1,5,21400.0,0,0,0,26,Medium,9.97119292889014,0,0,Low,0
ENT303077,Partnership,Germany,PAN,1,5,51000.0,0,0,0,8,High,10.839600519357369,0,0,Low,0
ENT303078,Individual,Cyprus,PAN,1,7,15600.0,0,0,0,4,High,9.65509029374725,1,12,Low,0
ENT303079,Individual,Panama,Passport,1,6,80800.0,0,0,1,12,Low,11.299744620670225,1,26,Medium,0
ENT303080,Individual,Mauritius,PAN,1,2,68800.0,0,0,0,10,Low,11.138973558699526,1,18,Low,0
ENT303081,Individual,Germany,Passport,1,7,66900.0,0,0,2,14,High,11.110969193687714,0,16,Low,0
ENT303082,Individual,Cayman Islands,Driving License,1,3,135100.0,0,0,1,3,Medium,11.813777925845397,1,20,Low,0
ENT303083,Individual,Cayman Islands,Aadhaar,1,7,233800.0,0,0,0,3,Medium,12.362225605170924,1,12,Low,0
ENT303084,Corporate,Seychelles,PAN,1,7,56300.0,0,0,0,11,Low,10.938467575959383,1,18,Low,0
ENT303085,Corporate,Switzerland,Driving License,1,4,138500.0,1,1,0,12,High,11.83863282480007,0,55,High,1
ENT303086,Individual,UAE,Voter ID,1,2,60300.0,0,0,0,1,High,11.007103966325696,0,0,Low,0
ENT303087,Individual,Singapore,Passport,1,3,22000.0,0,0,0,10,Medium,9.99884318585288,0,0,Low,0
ENT303088,Individual,China,Aadhaar,1,2,100100.0,0,0,0,6,Medium,11.513934955263402,0,0,Low,0
ENT303089,Individual,China,Voter ID,1,4,33600.0,0,0,0,11,Medium,10.422311107413181,0,0,Low,0
ENT303090,Corporate,Singapore,PAN,1,5,83300.0,0,0,0,19,Low,11.330215832884798,0,6,Low,0
ENT303091,Individual,UAE,Passport,1,4,5200.0,0,0,0,2,Low,8.556606193773073,0,6,Low,0
ENT303092,Trust,Mauritius,Aadhaar,0,7,85600.0,0,0,2,23,High,11.357452244304588,1,33,Medium,0
ENT303093,Partnership,UAE,Voter ID,1,4,93000.0,0,0,0,14,Medium,11.440365524765756,0,0,Low,0
ENT303094,Individual,Seychelles,Passport,1,7,110200.0,0,0,1,20,Low,11.610061250069942,1,26,Medium,0
ENT303095,Individual,USA,Voter ID,0,3,8900.0,0,0,0,19,Medium,9.093918908958932,0,5,Low,0
ENT303096,Individual,Switzerland,PAN,1,5,13000.0,0,0,0,13,Medium,9.472781556562168,0,0,Low,0
ENT303097,Corporate,BVI,PAN,1,4,25100.0,0,0,1,5,High,10.130662964963708,1,20,Low,0
ENT303098,Corporate,Singapore,Aadhaar,1,4,141100.0,0,0,0,16,Medium,11.85723122498801,0,0,Low,0
ENT303099,Partnership,India,Passport,1,5,218600.0,1,0,1,14,High,12.295003429279529,0,23,Medium,1
ENT303100,Individual,Singapore,Passport,1,4,28100.0,0,0,0,18,Medium,10.243560441877241,0,0,Low,0
ENT303101,Individual,Cyprus,Passport,0,2,41500.0,0,0,0,28,High,10.633472802314019,1,17,Low,0
ENT303102,Individual,India,PAN,1,2,63100.0,1,0,2,21,High,11.052491896264268,0,31,Medium,1
ENT303103,Individual,Hong Kong,Driving License,0,3,364200.0,0,0,0,12,Medium,12.805461192015972,0,5,Low,0
ENT303104,Partnership,China,PAN,1,6,19500.0,0,0,0,24,High,9.87822102528824,0,0,Low,0
ENT303105,Individual,Hong Kong,Driving License,1,1,189200.0,0,0,3,11,Medium,12.15056522099821,0,24,Medium,0
ENT303106,Individual,Germany,Passport,1,4,15700.0,0,0,0,19,Low,9.661479683575521,0,6,Low,0
ENT303107,Corporate,Switzerland,Passport,1,2,25300.0,0,0,2,7,High,10.138599199626192,0,16,Low,0
ENT303108,Individual,Hong Kong,Voter ID,1,6,20800.0,0,0,0,8,Low,9.942756341456828,0,6,Low,0
ENT303109,Corporate,China,Passport,1,1,145800.0,0,0,0,4,Medium,11.889997957243736,0,0,Low,0
ENT303110,Corporate,Switzerland,Aadhaar,1,1,129600.0,0,0,0,16,Medium,11.772215778919925,0,0,Low,0
ENT303111,Individual,Cyprus,Passport,1,4,6800.0,0,0,0,22,High,8.824824939175638,1,12,Low,0
ENT303112,Corporate,Mauritius,PAN,1,5,44500.0,0,0,0,15,Medium,10.703266939811954,1,12,Low,0
ENT303113,Individual,Panama,PAN,1,2,21700.0,0,0,0,13,High,9.985113621416073,1,12,Low,0
ENT303114,Individual,Germany,Passport,1,2,48200.0,0,0,0,7,High,10.783135046711445,0,0,Low,0
ENT303115,Individual,UAE,Voter ID,1,5,15700.0,0,0,0,14,Low,9.661479683575521,0,6,Low,0
ENT303116,Partnership,Panama,Voter ID,1,6,63400.0,0,0,0,29,High,11.05723491317159,1,12,Low,0
ENT303117,Individual,BVI,PAN,0,1,60300.0,0,0,2,11,Medium,11.007103966325696,1,33,Medium,0
ENT303118,Individual,BVI,Passport,1,7,79500.0,0,1,1,3,Medium,11.283524879179666,1,60,High,1
ENT303119,Trust,Cayman Islands,PAN,1,2,7700.0,0,0,0,24,High,8.94910546953925,1,12,Low,0
ENT303120,Corporate,Cayman Islands,Voter ID,1,3,24100.0,0,0,0,12,High,10.090008612393838,1,12,Low,0
ENT303121,Corporate,UAE,Driving License,0,7,187500.0,0,0,0,16,High,12.141539457711714,0,5,Low,0
ENT303122,Individual,Cayman Islands,Driving License,1,6,14100.0,0,0,0,13,Medium,9.55400099583723,1,12,Low,0
ENT303123,Partnership,Germany,PAN,0,1,170500.0,0,0,0,7,High,12.046496440791149,0,5,Low,0
ENT303124,Corporate,Switzerland,Voter ID,1,7,5700.0,0,0,0,16,High,8.648396877031582,0,0,Low,0
ENT303125,Corporate,UAE,Aadhaar,1,2,290400.0,0,0,1,14,Medium,12.57901800545302,0,8,Low,0
ENT303126,Corporate,UAE,Passport,1,7,61500.0,0,0,0,29,High,11.026808713825016,0,0,Low,0
ENT303127,Partnership,Cayman Islands,Driving License,1,3,43700.0,0,0,0,21,Medium,10.685126264117057,1,12,Low,0
ENT303128,Corporate,UK,Driving License,1,1,111100.0,0,0,1,28,Medium,11.618194976487304,0,8,Low,0
ENT303129,Individual,China,Passport,1,2,110700.0,0,0,3,10,High,11.614588152079595,0,24,Medium,0
ENT303130,Individual,Mauritius,Aadhaar,1,5,16800.0,0,0,2,28,Low,9.729193687429403,1,34,Medium,0
ENT303131,Corporate,Panama,Voter ID,1,6,442500.0,0,0,0,26,Low,13.000198003314573,1,18,Low,0
ENT303132,Individual,BVI,PAN,1,5,105700.0,0,0,2,1,Medium,11.568369632551514,1,28,Medium,0
ENT303133,Corporate,Mauritius,Driving License,1,5,40200.0,0,0,1,12,Medium,10.601647149919609,1,20,Low,0
ENT303134,Individual,Singapore,Voter ID,1,1,13700.0,0,0,0,5,Low,9.525224101853109,0,6,Low,0
ENT303135,Individual,Singapore,Aadhaar,1,7,137700.0,0,0,0,21,High,11.832839946854502,0,0,Low,0
ENT303136,Corporate,Hong Kong,PAN,1,3,86200.0,0,0,0,27,Medium,11.364437057512568,0,0,Low,0
ENT303137,Corporate,China,PAN,1,7,99700.0,0,0,1,3,Medium,11.5099309859899,0,8,Low,0
ENT303138,Individual,BVI,PAN,1,1,53600.0,0,0,0,19,Medium,10.889323003601277,1,12,Low,0
ENT303139,Corporate,India,Driving License,1,6,32500.0,0,0,0,16,High,10.389026137075234,0,0,Low,0
ENT303140,Individual,Cayman Islands,Driving License,1,6,90500.0,0,0,0,8,Low,11.413116179350727,1,18,Low,0
ENT303141,Corporate,Singapore,PAN,1,7,18200.0,0,0,0,17,Low,9.809231816610408,0,6,Low,0
ENT303142,Corporate,Panama,Voter ID,1,3,6900.0,0,0,0,13,High,8.839421607620602,1,12,Low,0
ENT303143,Individual,China,Aadhaar,1,4,121700.0,0,0,1,2,Medium,11.70932249586873,0,8,Low,0
ENT303144,Individual,Hong Kong,Aadhaar,1,1,21000.0,0,0,0,10,High,9.952325334619427,0,0,Low,0
ENT303145,Individual,Cayman Islands,Voter ID,1,3,263900.0,0,0,0,8,High,12.48332931179837,1,12,Low,0
ENT303146,Individual,Panama,Driving License,1,5,32700.0,0,0,0,16,High,10.39516093745751,1,12,Low,0
ENT303147,Partnership,Seychelles,PAN,1,6,153900.0,0,0,0,1,Low,11.944064817531656,1,18,Low,0
ENT303148,Corporate,BVI,Aadhaar,1,2,313200.0,0,0,0,20,High,12.654600435941708,1,12,Low,0
ENT303149,Individual,UK,Voter ID,1,4,103000.0,0,0,2,26,Medium,11.542493975902508,0,16,Low,0
ENT303150,Individual,India,PAN,1,1,43200.0,0,0,0,3,Low,10.673618922112436,0,6,Low,0
ENT303151,Corporate,Cyprus,PAN,1,7,95500.0,1,0,0,26,Medium,11.466891997618188,1,27,Medium,1
ENT303152,Individual,BVI,Aadhaar,1,4,83300.0,0,0,1,18,Medium,11.330215832884798,1,20,Low,0
ENT303153,Partnership,UAE,Aadhaar,1,3,211300.0,0,0,3,23,High,12.261038936200617,0,24,Medium,0
ENT303154,Corporate,UK,Passport,1,2,427100.0,0,0,0,29,High,12.964775798198861,0,0,Low,0
ENT303155,Individual,UAE,Driving License,1,1,8700.0,0,0,0,26,Low,9.071193240566025,0,6,Low,0
ENT303156,Trust,BVI,Passport,1,7,73100.0,0,0,0,6,High,11.199597325534862,1,12,Low,0
ENT303157,Individual,USA,Aadhaar,1,6,64400.0,0,0,0,5,High,11.072884439922198,0,0,Low,0
ENT303158,Corporate,UAE,Passport,1,5,29300.0,0,0,0,5,High,10.285376924115587,0,0,Low,0
ENT303159,Corporate,Singapore,Driving License,0,3,24400.0,0,0,0,19,High,10.102379394048045,0,5,Low,0
ENT303160,Individual,UAE,Voter ID,1,5,12800.0,0,0,0,18,Medium,9.45727857185611,0,0,Low,0
ENT303161,Corporate,Singapore,Aadhaar,0,2,24000.0,0,0,0,5,Medium,10.085850775128717,0,5,Low,0
ENT303162,Individual,China,Passport,1,1,174600.0,0,0,0,24,Low,12.0702586497481,0,6,Low,0
ENT303163,Corporate,Mauritius,Aadhaar,1,4,12100.0,0,0,0,9,Medium,9.401043372798053,1,12,Low,0
ENT303164,Partnership,USA,Driving License,1,3,253800.0,0,0,1,11,High,12.444305774364985,0,8,Low,0
ENT303165,Individual,UK,Voter ID,1,7,200800.0,0,0,0,11,Medium,12.210069646866993,0,0,Low,0
ENT303166,Corporate,Cyprus,PAN,1,1,229400.0,0,0,0,5,Low,12.343226842865814,1,18,Low,0
ENT303167,Partnership,Switzerland,Voter ID,1,2,666300.0,0,0,3,16,High,13.409496799374956,0,24,Medium,0
ENT303168,Individual,China,Driving License,1,1,86100.0,0,0,0,16,Low,11.363276304750233,0,6,Low,0
ENT303169,Individual,India,Passport,1,2,51800.0,0,0,0,9,Medium,10.85516473308054,0,0,Low,0
ENT303170,Individual,India,Driving License,1,1,18700.0,0,0,0,13,High,9.83633227734872,0,0,Low,0
ENT303171,Individual,India,PAN,1,2,661700.0,0,0,0,22,High,13.402569071257888,0,0,Low,0
ENT303172,Individual,USA,Aadhaar,1,2,179000.0,0,0,0,1,High,12.095146671399466,0,0,Low,0
ENT303173,Corporate,Seychelles,Aadhaar,1,3,138800.0,0,0,0,6,Medium,11.840796531639839,1,12,Low,0
ENT303174,Individual,Germany,PAN,1,2,45300.0,0,0,0,13,Medium,10.721084386282662,0,0,Low,0
ENT303175,Corporate,Germany,Passport,1,5,255800.0,0,0,0,25,Low,12.452155077423383,0,6,Low,0
ENT303176,Individual,Singapore,Passport,1,6,23300.0,0,0,3,11,Medium,10.056251557087757,0,24,Medium,0
ENT303177,Trust,Mauritius,Aadhaar,0,5,1023000.0,0,0,3,4,High,13.838251022450393,1,42,High,1
ENT303178,Individual,UAE,PAN,1,6,26300.0,0,0,2,16,Low,10.177362240256695,0,22,Medium,0
ENT303179,Corporate,UK,Aadhaar,1,3,171600.0,0,1,0,5,High,12.052927293524846,0,40,Medium,1
ENT303180,Individual,Panama,Driving License,1,3,88300.0,0,0,1,28,Medium,11.388506711556236,1,20,Low,0
ENT303181,Individual,Seychelles,Voter ID,1,7,86800.0,0,0,0,13,High,11.371373421319406,1,12,Low,0
ENT303182,Individual,Switzerland,PAN,1,1,10200.0,0,0,3,29,Medium,9.23024103368252,0,24,Medium,0
ENT303183,Partnership,India,Voter ID,1,5,6400.0,0,0,0,4,High,8.764209507142004,0,0,Low,0
ENT303184,Trust,UK,Passport,1,2,291700.0,0,0,0,8,High,12.583484584029573,0,0,Low,0
ENT303185,Individual,Seychelles,Aadhaar,1,2,186200.0,0,0,1,13,High,12.134582014379962,1,20,Low,0
ENT303186,Partnership,Seychelles,Aadhaar,1,1,363800.0,0,0,0,17,High,12.804362293825438,1,12,Low,0
ENT303187,Individual,China,Aadhaar,1,7,77400.0,0,0,2,24,High,11.256754979390998,0,16,Low,0
ENT303188,Individual,Germany,Aadhaar,0,2,42500.0,0,0,0,29,Medium,10.657282884047461,0,5,Low,0
ENT303189,Corporate,UAE,PAN,1,1,174600.0,0,0,3,22,Medium,12.0702586497481,0,24,Medium,0
ENT303190,Partnership,China,Driving License,1,3,238900.0,0,0,0,21,Low,12.38380451915696,0,6,Low,0
ENT303191,Corporate,India,Passport,1,7,78400.0,0,0,0,2,High,11.269591961359195,0,0,Low,0
ENT303192,Individual,India,Voter ID,1,1,17500.0,0,0,1,16,High,9.770013301136158,0,8,Low,0
ENT303193,Individual,India,PAN,1,7,112200.0,0,0,0,27,Low,11.628047184686986,0,6,Low,0
ENT303194,Individual,UK,Driving License,1,1,1160900.0,0,0,0,11,High,13.964706985726394,0,1,Low,0
ENT303195,Individual,Germany,Aadhaar,1,5,53600.0,0,0,0,6,Medium,10.889323003601277,0,0,Low,0
ENT303196,Corporate,Cyprus,Voter ID,0,5,623800.0,0,0,1,25,High,13.343586686232465,1,25,Medium,0
ENT303197,Corporate,Panama,Passport,1,4,157400.0,0,0,1,16,Low,11.96655196818541,1,26,Medium,0
ENT303198,Corporate,Germany,PAN,1,1,76200.0,0,0,0,13,Medium,11.241129864948206,0,0,Low,0
ENT303199,Individual,Panama,Driving License,1,7,21200.0,0,0,0,2,High,9.961803629358965,1,12,Low,0
ENT303200,Individual,Mauritius,Driving License,1,6,56900.0,1,0,0,19,Low,10.949068194652432,1,33,Medium,1
ENT303201,Partnership,China,PAN,1,1,62400.0,0,0,0,4,Low,11.041336579870135,0,6,Low,0
ENT303202,Corporate,Singapore,Voter ID,1,6,62300.0,0,0,0,26,Low,11.03973275601109,0,6,Low,0
ENT303203,Corporate,BVI,Aadhaar,1,1,22400.0,0,0,1,19,Low,10.016860879703811,1,26,Medium,0
ENT303204,Corporate,Hong Kong,PAN,1,6,113400.0,0,0,0,21,Medium,11.638685488579059,0,0,Low,0
ENT303205,Individual,UK,PAN,1,1,56100.0,0,0,0,29,Low,10.934908916663861,0,6,Low,0
ENT303206,Corporate,BVI,Aadhaar,1,4,151400.0,0,0,1,16,High,11.927687224983487,1,20,Low,0
ENT303207,Corporate,Hong Kong,Passport,1,2,156500.0,0,0,0,24,Medium,11.960817678718287,0,0,Low,0
ENT303208,Corporate,Mauritius,Passport,1,4,59400.0,0,0,1,27,High,10.992066340225865,1,20,Low,0
ENT303209,Trust,Cayman Islands,Voter ID,1,7,9900.0,0,0,0,18,Low,9.200391041122515,1,18,Low,0
ENT303210,Individual,UK,PAN,1,4,621100.0,0,0,0,23,Medium,13.33924898859279,0,0,Low,0
ENT303211,Corporate,Germany,PAN,1,5,74500.0,0,0,0,2,High,11.218567827096358,0,0,Low,0
ENT303212,Corporate,Hong Kong,Voter ID,1,2,41100.0,0,0,1,29,Medium,10.623787731088578,0,8,Low,0
ENT303213,Corporate,India,Passport,1,5,46200.0,0,0,0,18,High,10.740756721857226,0,0,Low,0
ENT303214,Trust,Mauritius,Passport,1,7,25400.0,0,0,2,22,High,10.142543822310387,1,28,Medium,0
ENT303215,Individual,Germany,Driving License,1,2,192700.0,0,0,0,16,Low,12.16889504380259,0,6,Low,0
ENT303216,Corporate,USA,Aadhaar,1,7,50000.0,0,0,1,6,High,10.819798284210286,0,8,Low,0
ENT303217,Corporate,Cyprus,PAN,1,4,6300.0,0,0,0,13,High,8.748463629942055,1,12,Low,0
ENT303218,Individual,Cyprus,Driving License,1,2,88100.0,0,0,0,13,High,11.386239162597649,1,12,Low,0
ENT303219,Individual,Singapore,Voter ID,1,6,49300.0,0,0,1,26,Medium,10.805699643800724,0,8,Low,0
ENT303220,Corporate,Seychelles,Passport,1,1,297500.0,0,0,0,27,High,12.60317286530671,1,12,Low,0
ENT303221,Individual,BVI,Voter ID,1,6,49500.0,0,0,0,3,High,10.809748150372926,1,12,Low,0
ENT303222,Individual,Seychelles,PAN,1,4,17500.0,0,0,0,25,High,9.770013301136158,1,12,Low,0
ENT303223,Corporate,USA,PAN,1,2,40100.0,0,0,0,26,Low,10.599156550639583,0,6,Low,0
ENT303224,Trust,UK,Passport,1,5,8900.0,0,0,0,5,High,9.093918908958932,0,0,Low,0
ENT303225,Individual,Seychelles,Aadhaar,1,2,39800.0,0,0,0,25,Low,10.591647316585027,1,18,Low,0
ENT303226,Corporate,Cayman Islands,Voter ID,1,1,1317500.0,0,0,0,15,High,14.09124731841065,1,13,Low,0
ENT303227,Corporate,Cayman Islands,Voter ID,1,5,43800.0,1,0,0,16,Medium,10.687411927154141,1,27,Medium,1
ENT303228,Partnership,Germany,Driving License,0,7,6400.0,0,0,0,24,High,8.764209507142004,0,5,Low,0
ENT303229,Trust,China,Aadhaar,1,1,131200.0,0,0,0,16,Medium,11.784485777414298,0,0,Low,0
ENT303230,Individual,USA,Voter ID,1,1,280400.0,0,0,0,21,Medium,12.543976000470021,0,0,Low,0
ENT303231,Individual,BVI,Passport,1,2,411300.0,0,0,0,17,Medium,12.927080585530902,1,12,Low,0
ENT303232,Individual,Panama,Driving License,1,1,37000.0,1,0,0,22,Medium,10.518700218288165,1,27,Medium,1
ENT303233,Individual,China,PAN,1,1,30800.0,0,0,0,13,Medium,10.335302435967074,0,0,Low,0
ENT303234,Individual,UAE,Passport,1,2,237800.0,0,0,0,26,High,12.379189468444443,0,0,Low,0
ENT303235,Individual,Cayman Islands,Voter ID,1,5,278600.0,0,0,0,13,Low,12.53753592969685,1,18,Low,0
ENT303236,Individual,Switzerland,Driving License,1,7,576700.0,0,0,0,16,High,13.265079213605816,0,0,Low,0
ENT303237,Individual,Hong Kong,Voter ID,1,4,71300.0,0,0,2,27,Low,11.174665631549477,0,22,Medium,0
ENT303238,Partnership,Seychelles,PAN,1,5,269900.0,0,0,0,27,Medium,12.505810504075185,1,12,Low,0
ENT303239,Individual,China,PAN,1,5,19200.0,0,0,0,8,Medium,9.862717639992917,0,0,Low,0
ENT303240,Individual,Panama,Aadhaar,1,7,4700.0,0,0,0,4,Medium,8.45553053102413,1,12,Low,0
ENT303241,Individual,Singapore,Voter ID,1,6,94400.0,0,0,0,17,High,11.455306945297822,0,0,Low,0
ENT303242,Corporate,China,Driving License,1,3,74200.0,0,0,0,20,High,11.214532906153606,0,0,Low,0
ENT303243,Individual,Singapore,PAN,1,6,442600.0,0,0,0,3,Medium,13.000423965972946,0,0,Low,0
ENT303244,Individual,Panama,Driving License,1,1,46100.0,0,0,0,16,High,10.738589920723442,1,12,Low,0
ENT303245,Trust,India,Passport,1,5,898200.0,0,0,1,10,Low,13.708149152972942,0,15,Low,0
ENT303246,Individual,USA,PAN,1,5,60700.0,0,0,0,27,Medium,11.013715451376466,0,0,Low,0
ENT303247,Individual,Panama,PAN,1,2,23300.0,0,0,0,6,Medium,10.056251557087757,1,12,Low,0
ENT303248,Trust,Cyprus,PAN,1,7,31400.0,0,0,0,18,Medium,10.354595018522993,1,12,Low,0
ENT303249,Partnership,BVI,Aadhaar,1,6,153700.0,0,0,0,11,Low,11.942764435686394,1,18,Low,0
ENT303250,Individual,India,Driving License,1,3,61300.0,0,0,2,11,Medium,11.023551435004947,0,16,Low,0
ENT303251,Individual,BVI,PAN,1,6,78900.0,0,0,2,5,Medium,11.275949181024878,1,28,Medium,0
ENT303252,Corporate,Switzerland,Passport,1,4,83500.0,0,0,0,23,Low,11.332613886815139,0,6,Low,0
ENT303253,Individual,Cayman Islands,PAN,1,4,23100.0,0,0,0,17,Medium,10.047631185616188,1,12,Low,0
ENT303254,Individual,Panama,Passport,1,6,175700.0,0,0,0,3,High,12.076538965678628,1,12,Low,0
ENT303255,Individual,Panama,Voter ID,1,5,28700.0,0,0,0,8,Medium,10.264687244346277,1,12,Low,0
ENT303256,Individual,UAE,PAN,1,2,10600.0,0,0,1,4,High,9.268703615273097,0,8,Low,0
ENT303257,Individual,Mauritius,Driving License,1,3,54500.0,0,0,2,25,High,10.905974329106854,1,28,Medium,0
ENT303258,Corporate,Switzerland,PAN,1,5,48300.0,0,0,0,10,Medium,10.785207543360087,0,0,Low,0
ENT303259,Corporate,Panama,PAN,1,3,95300.0,0,0,0,27,High,11.464795582766675,1,12,Low,0
ENT303260,Corporate,China,Voter ID,1,7,126200.0,0,0,2,24,High,11.745631152988125,0,16,Low,0
ENT303261,Corporate,Cyprus,PAN,1,5,120700.0,0,0,0,2,High,11.701071692055445,1,12,Low,0
ENT303262,Individual,Cyprus,Aadhaar,1,7,461000.0,0,0,0,2,Low,13.04115549117383,1,18,Low,0
ENT303263,Individual,Hong Kong,Voter ID,1,6,11500.0,0,0,0,22,Low,9.350189267092581,0,6,Low,0
ENT303264,Corporate,Panama,Voter ID,1,4,10500.0,0,0,2,16,High,9.259225769705994,1,28,Medium,0
ENT303265,Trust,Seychelles,Voter ID,1,1,24700.0,0,0,0,3,High,10.114599007626499,1,12,Low,0
ENT303266,Corporate,Singapore,Voter ID,1,7,98000.0,0,0,0,8,Medium,11.49273296168228,0,0,Low,0
ENT303267,Individual,USA,Voter ID,1,7,27100.0,0,0,0,22,Medium,10.207325906555994,0,0,Low,0
ENT303268,Partnership,Cayman Islands,Driving License,1,6,616500.0,0,0,0,16,High,13.331815223645236,1,12,Low,0
ENT303269,Corporate,UK,Aadhaar,1,6,178300.0,0,0,0,11,Low,12.091228412360461,0,6,Low,0
ENT303270,Corporate,Cyprus,PAN,1,6,44800.0,0,0,0,7,High,10.709985739582528,1,12,Low,0
ENT303271,Partnership,USA,Driving License,1,4,50700.0,0,0,1,11,Low,10.83370091325064,0,14,Low,0
ENT303272,Individual,India,Voter ID,1,2,415000.0,0,0,1,1,High,12.936036208848487,0,8,Low,0
ENT303273,Partnership,UK,PAN,1,3,23800.0,0,0,0,10,High,10.077482875583607,0,0,Low,0
ENT303274,Partnership,Cyprus,Driving License,1,1,9200.0,0,0,0,12,Medium,9.127067452782361,1,12,Low,0
ENT303275,Corporate,Singapore,Aadhaar,1,2,127400.0,0,0,0,1,Medium,11.755094871382958,0,0,Low,0
ENT303276,Corporate,Hong Kong,Aadhaar,1,5,241300.0,0,0,2,18,Medium,12.39380039582335,0,16,Low,0
ENT303277,Corporate,UAE,Voter ID,1,5,76300.0,0,0,1,17,High,11.242441323346558,0,8,Low,0
ENT303278,Individual,Germany,Driving License,0,1,50700.0,0,0,2,25,Low,10.83370091325064,0,27,Medium,0
ENT303279,Corporate,Panama,Passport,0,7,797300.0,0,0,0,14,High,13.588987552722838,1,17,Low,0
ENT303280,Individual,UK,Voter ID,1,6,8300.0,0,0,0,18,Medium,9.024131268455035,0,0,Low,0
ENT303281,Individual,Switzerland,Aadhaar,1,4,13300.0,0,0,0,16,Medium,9.495594499353297,0,0,Low,0
ENT303282,Individual,UAE,Passport,1,5,12600.0,0,0,0,19,High,9.441531454869693,0,0,Low,0
ENT303283,Individual,Mauritius,Driving License,1,2,75200.0,0,0,0,9,Medium,11.227919807721856,1,12,Low,0
ENT303284,Corporate,Germany,Passport,1,6,39600.0,0,1,2,6,Medium,10.586609649448985,0,56,High,1
ENT303285,Individual,India,Passport,1,2,13100.0,0,0,0,4,Medium,9.48044384215367,0,0,Low,0
ENT303286,Individual,UAE,Aadhaar,1,3,290300.0,0,0,0,17,High,12.578673594719154,0,0,Low,0
ENT303287,Individual,China,PAN,1,1,497900.0,0,1,2,20,Medium,13.118156541063685,0,56,High,1
ENT303288,Corporate,Germany,Voter ID,1,5,72700.0,0,0,0,26,Low,11.194110418585193,0,6,Low,0
ENT303289,Partnership,Seychelles,Voter ID,1,3,477500.0,0,0,1,13,High,13.076321533141567,1,20,Low,0
ENT303290,Individual,Germany,Voter ID,1,6,33200.0,0,0,0,11,High,10.410335274932896,0,0,Low,0
ENT303291,Individual,Singapore,Passport,1,3,168700.0,0,0,0,6,Medium,12.035883196198768,0,0,Low,0
ENT303292,Partnership,Panama,Passport,1,5,44500.0,0,0,0,12,Low,10.703266939811954,1,18,Low,0
ENT303293,Trust,Cayman Islands,PAN,1,4,38900.0,0,0,0,23,High,10.568775236216993,1,12,Low,0
ENT303294,Individual,UK,Passport,1,1,25400.0,0,0,1,11,Medium,10.142543822310387,0,8,Low,0
ENT303295,Individual,Hong Kong,Passport,1,6,99000.0,1,0,0,29,Medium,11.502885230075814,0,15,Low,1
ENT303296,Individual,UK,Voter ID,1,3,421300.0,0,0,0,4,High,12.951102821569798,0,0,Low,0
ENT303297,Corporate,India,Voter ID,0,3,30000.0,0,0,3,25,High,10.308985993422082,0,29,Medium,0
ENT303298,Corporate,Cyprus,Driving License,1,3,23400.0,0,0,0,21,Medium,10.060534035475412,1,12,Low,0
ENT303299,Individual,BVI,PAN,1,6,135400.0,0,0,0,8,Medium,11.81599602495741,1,12,Low,0
ENT303300,Individual,USA,PAN,1,2,18500.0,0,0,0,12,Low,9.825580063659602,0,6,Low,0
ENT303301,Corporate,Singapore,Driving License,1,2,228200.0,0,0,0,16,Medium,12.337982098521458,0,0,Low,0
ENT303302,Individual,Singapore,Aadhaar,1,5,81300.0,0,0,0,15,High,11.305913595583258,0,0,Low,0
ENT303303,Individual,India,PAN,1,4,39000.0,0,0,0,3,High,10.571342565808699,0,0,Low,0
ENT303304,Individual,Germany,Aadhaar,1,7,66500.0,0,0,1,15,Medium,11.104972264124868,0,8,Low,0
ENT303305,Individual,USA,Passport,1,6,28400.0,0,0,2,6,Medium,10.254179634797001,0,16,Low,0
ENT303306,Corporate,Cyprus,PAN,1,7,23700.0,0,0,0,24,Low,10.073272520325904,1,18,Low,0
ENT303307,Corporate,Cayman Islands,Driving License,1,2,624700.0,0,0,2,1,High,13.345028414248748,1,28,Medium,0
ENT303308,Individual,Panama,Voter ID,1,6,89100.0,0,0,0,11,Low,11.397525836740476,1,18,Low,0
ENT303309,Partnership,Singapore,Aadhaar,1,6,52100.0,0,0,0,3,High,10.860939421415225,0,0,Low,0
ENT303310,Corporate,Panama,Passport,1,1,97600.0,0,0,1,21,Medium,11.488643018250334,1,20,Low,0
ENT303311,Individual,USA,Passport,1,7,60100.0,0,0,0,27,Low,11.003781759319981,0,6,Low,0
ENT303312,Individual,Hong Kong,Passport,1,5,63500.0,0,0,0,8,Medium,11.05881093278828,0,0,Low,0
ENT303313,Corporate,Mauritius,Voter ID,1,7,24100.0,0,0,0,5,High,10.090008612393838,1,12,Low,0
ENT303314,Trust,Seychelles,Aadhaar,1,1,49400.0,0,0,0,24,High,10.807725945886109,1,12,Low,0
ENT303315,Individual,India,Driving License,0,3,82500.0,0,0,0,7,High,11.320565693461432,0,5,Low,0
ENT303316,Individual,Seychelles,Passport,1,6,19100.0,0,0,1,28,High,9.857495968685136,1,20,Low,0
ENT303317,Trust,Cyprus,Passport,1,3,7500.0,0,0,0,16,Medium,8.922791623969637,1,12,Low,0
ENT303318,Corporate,UK,PAN,1,7,148500.0,0,0,0,27,Medium,11.908346971208951,0,0,Low,0
ENT303319,Corporate,Seychelles,Passport,1,6,324800.0,0,0,0,21,Medium,12.690967966082654,1,12,Low,0
ENT303320,Individual,Mauritius,Passport,1,5,750500.0,0,0,1,16,High,13.528496262499802,1,20,Low,0
ENT303321,Individual,Hong Kong,Driving License,1,3,11200.0,0,0,0,3,Low,9.32375833901174,0,6,Low,0
ENT303322,Individual,China,Passport,1,3,8600.0,0,0,0,20,Low,9.059633754551479,0,6,Low,0
ENT303323,Individual,Cyprus,PAN,1,4,112400.0,0,0,0,8,High,11.629828113199304,1,12,Low,0
ENT303324,Individual,China,PAN,1,1,77900.0,0,0,2,20,Medium,11.263194068746921,0,16,Low,0
ENT303325,Individual,Seychelles,Passport,1,5,185300.0,0,0,0,1,High,12.129736808912964,1,12,Low,0
ENT303326,Trust,Cyprus,Passport,1,5,32300.0,0,0,0,28,High,10.382853468483827,1,12,Low,0
ENT303327,Individual,Panama,Aadhaar,1,4,22500.0,1,0,0,29,Medium,10.021315031649332,1,27,Medium,1
ENT303328,Individual,Seychelles,Passport,1,4,43700.0,0,0,0,7,Medium,10.685126264117057,1,12,Low,0
ENT303329,Partnership,Cayman Islands,Passport,1,4,131100.0,0,0,0,17,Medium,11.783723297487764,1,12,Low,0
ENT303330,Individual,USA,Aadhaar,0,7,23000.0,0,0,0,10,Medium,10.043292972227004,0,5,Low,0
ENT303331,Corporate,Cayman Islands,Voter ID,1,1,242100.0,0,0,0,8,Medium,12.397110273442197,1,12,Low,0
ENT303332,Partnership,Germany,Passport,1,1,38400.0,0,0,0,25,High,10.555838779903407,0,0,Low,0
ENT303333,Corporate,China,Voter ID,1,7,102000.0,0,0,2,29,Medium,11.532737896139919,0,16,Low,0
ENT303334,Individual,UK,Passport,1,4,109900.0,0,0,1,18,High,11.60733523953139,0,8,Low,0
ENT303335,Individual,BVI,Voter ID,1,5,60100.0,0,0,3,12,High,11.003781759319981,1,36,Medium,0
ENT303336,Individual,Hong Kong,Passport,1,3,215300.0,0,0,1,27,High,12.279792328023508,0,8,Low,0
ENT303337,Individual,UAE,Voter ID,1,3,118000.0,0,0,2,16,Medium,11.678448377988165,0,16,Low,0
ENT303338,Individual,Switzerland,PAN,1,4,20100.0,0,0,3,29,High,9.908524844053396,0,24,Medium,0
ENT303339,Individual,UK,PAN,1,3,29800.0,0,0,0,2,High,10.30229722897745,0,0,Low,0
ENT303340,Corporate,Mauritius,Aadhaar,1,4,3900.0,0,0,2,9,High,8.268988209506656,1,28,Medium,0
ENT303341,Individual,Seychelles,Voter ID,1,3,37600.0,0,0,0,12,Medium,10.534785924769006,1,12,Low,0
ENT303342,Individual,Cyprus,Driving License,1,2,8100.0,0,0,0,18,Medium,8.999742789830492,1,12,Low,0
ENT303343,Individual,Cyprus,PAN,1,6,43500.0,0,0,3,9,High,10.680539205318292,1,36,Medium,0
ENT303344,Individual,BVI,Voter ID,1,6,37700.0,0,0,1,8,Low,10.537441898283253,1,26,Medium,0
ENT303345,Corporate,Germany,Aadhaar,1,2,279000.0,0,0,0,1,Low,12.53897064502647,0,6,Low,0
ENT303346,Individual,UK,Passport,1,1,813400.0,0,0,0,13,Medium,13.608979501861931,0,0,Low,0
ENT303347,Individual,Cayman Islands,Voter ID,1,5,34500.0,0,0,0,10,High,10.448743588106625,1,12,Low,0
ENT303348,Corporate,Switzerland,Driving License,1,2,39400.0,0,0,0,25,High,10.5815464756746,0,0,Low,0
ENT303349,Corporate,Cayman Islands,Passport,1,3,115200.0,0,0,0,3,High,11.654433707761807,1,12,Low,0
ENT303350,Individual,Seychelles,Voter ID,1,4,31400.0,0,0,0,28,Medium,10.354595018522993,1,12,Low,0
ENT303351,Corporate,Germany,Driving License,1,6,97100.0,0,0,0,6,Medium,11.48350695288756,0,0,Low,0
ENT303352,Corporate,BVI,Passport,1,5,27000.0,0,0,0,20,Medium,10.203629181337648,1,12,Low,0
ENT303353,Individual,Mauritius,Driving License,1,3,261800.0,0,0,0,24,High,12.475339952160343,1,12,Low,0
ENT303354,Partnership,China,Driving License,1,1,43100.0,0,0,0,29,Medium,10.67130147767883,0,0,Low,0
ENT303355,Corporate,Panama,Aadhaar,1,5,35100.0,0,0,0,23,Medium,10.465984899076615,1,12,Low,0
ENT303356,Corporate,BVI,Aadhaar,1,6,73200.0,0,0,0,25,High,11.200964361058276,1,12,Low,0
ENT303357,Individual,Hong Kong,Passport,1,4,14600.0,0,0,0,15,High,9.588845298501564,0,0,Low,0
ENT303358,Corporate,Mauritius,Aadhaar,1,4,144000.0,0,0,0,13,High,11.87757552297847,1,12,Low,0
ENT303359,Corporate,UK,Passport,1,1,14400.0,0,0,0,19,High,9.575052927597383,0,0,Low,0
ENT303360,Corporate,Germany,Driving License,1,7,31700.0,0,0,0,8,Medium,10.36410350510914,0,0,Low,0
ENT303361,Corporate,UAE,Voter ID,1,2,53400.0,0,0,1,9,Low,10.885584751364705,0,14,Low,0
ENT303362,Corporate,UK,Aadhaar,1,2,186600.0,0,0,0,1,Medium,12.136727926437826,0,0,Low,0
ENT303363,Individual,UK,Aadhaar,1,7,63400.0,0,0,0,11,High,11.05723491317159,0,0,Low,0
ENT303364,Corporate,Panama,Driving License,1,3,166300.0,0,0,2,17,Medium,12.021554678392043,1,28,Medium,0
ENT303365,Corporate,Singapore,PAN,1,3,30900.0,0,0,0,5,High,10.33854382482173,0,0,Low,0
ENT303366,Corporate,Panama,Passport,1,4,21600.0,0,0,0,19,Low,9.980494888896912,1,18,Low,0
ENT303367,Corporate,Seychelles,Driving License,1,4,13800.0,0,0,0,2,High,9.53249633228804,1,12,Low,0
ENT303368,Individual,India,Passport,1,4,22000.0,1,0,0,27,Medium,9.99884318585288,0,15,Low,1
ENT303369,Individual,Panama,Voter ID,1,5,6300.0,0,0,1,23,Medium,8.748463629942055,1,20,Low,0
ENT303370,Individual,UK,Passport,1,7,73100.0,0,0,0,4,Medium,11.199597325534862,0,0,Low,0
ENT303371,Partnership,Seychelles,Voter ID,1,4,297600.0,0,0,0,26,High,12.603508942150482,1,12,Low,0
ENT303372,Individual,USA,Aadhaar,1,7,60700.0,0,0,1,13,High,11.013715451376466,0,8,Low,0
ENT303373,Corporate,UAE,PAN,1,4,51800.0,0,0,1,4,Medium,10.85516473308054,0,8,Low,0
ENT303374,Individual,UK,Driving License,1,7,42900.0,0,0,1,24,Medium,10.666650414667744,0,8,Low,0
ENT303375,Trust,Switzerland,Passport,1,1,6100.0,0,0,0,13,High,8.716207971151853,0,0,Low,0
ENT303376,Corporate,Mauritius,Aadhaar,1,2,23800.0,0,0,1,26,High,10.077482875583607,1,20,Low,0
ENT303377,Individual,Switzerland,Driving License,1,1,38400.0,0,0,0,23,Medium,10.555838779903407,0,0,Low,0
ENT303378,Individual,Switzerland,Passport,1,5,29300.0,0,0,0,27,High,10.285376924115587,0,0,Low,0
ENT303379,Corporate,BVI,Driving License,1,3,22100.0,0,0,1,1,Medium,10.003378135350923,1,20,Low,0
ENT303380,Partnership,USA,Aadhaar,1,3,167800.0,0,0,0,15,High,12.030534032473051,0,0,Low,0
ENT303381,Individual,Seychelles,Passport,1,3,149400.0,0,0,0,11,Low,11.914389245098882,1,18,Low,0
ENT303382,Individual,Switzerland,Passport,1,6,21400.0,0,0,0,23,High,9.97119292889014,0,0,Low,0
ENT303383,Corporate,Panama,Aadhaar,1,1,23700.0,0,0,0,12,Low,10.073272520325904,1,18,Low,0
ENT303384,Corporate,Seychelles,Aadhaar,1,4,59800.0,0,0,0,11,Low,10.998777662206932,1,18,Low,0
ENT303385,Individual,UAE,Aadhaar,1,2,68900.0,0,0,1,25,High,11.140425970684525,0,8,Low,0
ENT303386,Corporate,India,Voter ID,1,3,25600.0,0,0,1,9,Medium,10.150386692204734,0,8,Low,0
ENT303387,Trust,Cyprus,PAN,1,5,16000.0,0,0,0,25,Medium,9.680406499268875,1,12,Low,0
ENT303388,Corporate,Germany,Passport,1,1,131600.0,0,0,0,20,Medium,11.787529896628678,0,0,Low,0
ENT303389,Corporate,China,Voter ID,1,4,285400.0,0,0,0,2,High,12.561650487872974,0,0,Low,0
ENT303390,Trust,Germany,Aadhaar,1,5,93600.0,0,0,0,26,High,11.446796346169297,0,0,Low,0
ENT303391,Corporate,Cyprus,Voter ID,1,2,111200.0,0,0,0,10,High,11.61909465356394,1,12,Low,0
ENT303392,Partnership,Hong Kong,Passport,1,1,582000.0,0,0,1,10,Low,13.274227444925158,0,14,Low,0
ENT303393,Corporate,Hong Kong,PAN,1,3,6300.0,0,0,0,25,Medium,8.748463629942055,0,0,Low,0
ENT303394,Corporate,Cyprus,PAN,1,7,164000.0,0,0,0,3,High,12.00762780434872,1,12,Low,0
ENT303395,Corporate,BVI,Voter ID,1,1,52500.0,1,0,0,2,Medium,10.868587496017359,1,27,Medium,1
ENT303396,Corporate,Singapore,PAN,1,4,16900.0,0,0,0,23,High,9.735128070758227,0,0,Low,0
ENT303397,Individual,India,Driving License,1,1,381400.0,0,0,0,3,High,12.851606594064263,0,0,Low,0
ENT303398,Individual,UK,Driving License,1,7,89200.0,1,0,0,12,Medium,11.398647529267592,0,15,Low,1
ENT303399,Corporate,Switzerland,Driving License,0,2,131500.0,1,0,0,7,High,11.78676973513378,0,20,Low,1
ENT303400,Individual,Singapore,Passport,1,3,41200.0,0,0,0,15,High,10.626217806887722,0,0,Low,0
ENT303401,Partnership,China,Passport,1,7,26400.0,0,0,1,24,High,10.181157167204903,0,8,Low,0
ENT303402,Individual,Cayman Islands,Aadhaar,1,6,56300.0,0,0,1,15,High,10.938467575959383,1,20,Low,0
ENT303403,Corporate,Cyprus,Driving License,1,5,93300.0,0,0,0,13,Medium,11.443586104891608,1,12,Low,0
ENT303404,Individual,Mauritius,Driving License,1,3,34000.0,0,0,0,8,Medium,10.434145214930487,1,12,Low,0
ENT303405,Individual,BVI,Driving License,1,5,53800.0,0,0,0,3,High,10.893047333337728,1,12,Low,0
ENT303406,Individual,Seychelles,Passport,1,4,44500.0,0,0,0,12,Low,10.703266939811954,1,18,Low,0
ENT303407,Partnership,UAE,Voter ID,1,5,35700.0,0,0,0,6,Low,10.482933978579906,0,6,Low,0
ENT303408,Corporate,Cyprus,Voter ID,1,7,7500.0,0,0,3,29,High,8.922791623969637,1,36,Medium,0
ENT303409,Individual,Cayman Islands,Voter ID,1,2,24800.0,0,0,1,8,Medium,10.118639253920785,1,20,Low,0
ENT303410,Individual,UAE,Driving License,1,2,34900.0,0,0,0,8,Medium,10.460270761075149,0,0,Low,0
ENT303411,Partnership,Cayman Islands,Passport,1,4,174400.0,0,0,0,3,Medium,12.069112524385531,1,12,Low,0
ENT303412,Individual,Mauritius,Aadhaar,1,7,6300.0,0,0,0,18,High,8.748463629942055,1,12,Low,0
ENT303413,Corporate,Cyprus,Voter ID,1,6,22800.0,0,0,0,5,High,10.034559673629849,1,12,Low,0
ENT303414,Corporate,Singapore,Passport,1,4,40600.0,0,0,0,27,Medium,10.611547975828369,0,0,Low,0
ENT303415,Individual,Cayman Islands,Voter ID,1,3,378600.0,0,0,0,4,High,12.844238159063961,1,12,Low,0
ENT303416,Individual,Cayman Islands,PAN,1,6,19400.0,0,0,0,24,Medium,9.873079890114703,1,12,Low,0
ENT303417,Trust,India,Driving License,1,4,52400.0,0,0,0,15,Medium,10.866680954096502,0,0,Low,0
ENT303418,Individual,Cayman Islands,Aadhaar,1,1,26500.0,0,0,0,12,Medium,10.184937747111391,1,12,Low,0
ENT303419,Corporate,Singapore,Voter ID,1,7,21000.0,0,0,0,5,High,9.952325334619427,0,0,Low,0
ENT303420,Corporate,UK,PAN,1,4,124800.0,0,0,0,12,Medium,11.734475747705874,0,0,Low,0
ENT303421,Individual,Singapore,Voter ID,1,5,132400.0,0,0,0,11,High,11.793590475326612,0,0,Low,0
ENT303422,Corporate,Germany,Voter ID,1,3,36300.0,0,0,0,10,Low,10.499600568082863,0,6,Low,0
ENT303423,Corporate,Cayman Islands,Driving License,1,7,66800.0,0,0,3,3,Medium,11.109473329472568,1,36,Medium,0
ENT303424,Corporate,Panama,Aadhaar,1,6,63200.0,0,0,3,24,Medium,11.05407540279458,1,36,Medium,0
ENT303425,Corporate,Cayman Islands,Voter ID,1,7,41100.0,0,0,0,20,Medium,10.623787731088578,1,12,Low,0
ENT303426,Individual,Cyprus,Voter ID,1,6,91000.0,1,0,0,24,High,11.418625774449598,1,27,Medium,1
ENT303427,Individual,USA,PAN,0,7,67500.0,0,0,0,2,Medium,11.119897691565697,0,5,Low,0
ENT303428,Individual,Switzerland,Driving License,1,1,117400.0,0,0,0,3,High,11.67335070422742,0,0,Low,0
ENT303429,Corporate,Germany,PAN,1,4,17400.0,0,0,1,28,Medium,9.76428295481558,0,8,Low,0
ENT303430,Corporate,Panama,PAN,1,3,17200.0,0,0,0,27,Medium,9.75272280064639,1,12,Low,0
ENT303431,Corporate,Switzerland,Voter ID,1,1,88900.0,0,0,0,15,Medium,11.395278670032656,0,0,Low,0
ENT303432,Individual,Panama,Passport,1,6,129900.0,0,0,0,2,Low,11.774527900858468,1,18,Low,0
ENT303433,Individual,Germany,PAN,1,2,53900.0,0,0,2,17,Medium,10.894904309600681,0,16,Low,0
ENT303434,Individual,UK,Voter ID,1,4,28000.0,0,0,1,15,Medium,10.239995502805316,0,8,Low,0
ENT303435,Corporate,China,Voter ID,1,1,170500.0,0,0,0,15,Low,12.046496440791149,0,6,Low,0
ENT303436,Individual,BVI,PAN,1,7,29700.0,0,0,0,25,High,10.298935994257638,1,12,Low,0
ENT303437,Individual,UAE,Passport,1,4,176500.0,0,0,0,5,High,12.081081821061819,0,0,Low,0
ENT303438,Individual,Cyprus,Driving License,1,2,204400.0,0,0,0,29,Medium,12.227839029667624,1,12,Low,0
ENT303439,Corporate,Panama,Aadhaar,1,2,91900.0,0,0,0,22,Medium,11.428467189677395,1,12,Low,0
ENT303440,Corporate,Switzerland,Voter ID,1,2,104200.0,0,0,0,12,High,11.554077005184336,0,0,Low,0
ENT303441,Corporate,Mauritius,Aadhaar,1,4,55500.0,0,0,0,12,High,10.92415631759022,1,12,Low,0
ENT303442,Corporate,UK,PAN,1,2,2100.0,0,0,0,28,High,7.650168700845001,0,0,Low,0
ENT303443,Corporate,China,PAN,0,6,632400.0,0,0,1,29,Medium,13.357278965593876,0,13,Low,0
ENT303444,Corporate,Germany,PAN,1,2,134300.0,0,0,0,4,Medium,11.807838828499989,0,0,Low,0
ENT303445,Individual,UAE,Voter ID,1,6,1728000.0,0,0,0,23,Medium,14.362475807049675,0,1,Low,0
ENT303446,Corporate,Germany,Passport,1,2,90800.0,0,0,0,29,High,11.416425577744599,0,0,Low,0
ENT303447,Individual,Hong Kong,Driving License,1,3,20200.0,0,0,0,27,Medium,9.913487387114461,0,0,Low,0
ENT303448,Partnership,UK,Driving License,1,1,27400.0,0,0,0,25,High,10.21833478806055,0,0,Low,0
ENT303449,Corporate,UAE,Aadhaar,0,4,79900.0,1,0,0,29,Medium,11.288543647320601,0,20,Low,1
ENT303450,Individual,Cyprus,Passport,1,4,120000.0,0,1,0,23,High,11.695255355062795,1,52,High,1
ENT303451,Individual,Germany,Aadhaar,0,1,4700.0,0,0,0,27,High,8.45553053102413,0,5,Low,0
ENT303452,Individual,Seychelles,Driving License,1,6,68300.0,0,1,0,6,Medium,11.131679686740132,1,52,High,1
ENT303453,Individual,BVI,Aadhaar,1,1,27100.0,0,0,0,16,Low,10.207325906555994,1,18,Low,0
ENT303454,Individual,Germany,Voter ID,1,2,194500.0,1,0,0,15,High,12.178192583415596,0,15,Low,1
ENT303455,Corporate,USA,Passport,1,5,88500.0,0,0,0,10,High,11.390769130367211,0,0,Low,0
ENT303456,Individual,UK,Passport,1,6,135000.0,0,0,0,19,High,11.813037464800539,0,0,Low,0
ENT303457,Individual,Cyprus,Passport,1,5,73500.0,0,0,0,10,Medium,11.205054290550551,1,12,Low,0
ENT303458,Partnership,Singapore,Passport,1,4,44700.0,0,0,0,26,Medium,10.707751151716078,0,0,Low,0
ENT303459,Individual,BVI,Aadhaar,1,3,327900.0,0,0,1,23,Medium,12.700467012538367,1,20,Low,0
ENT303460,Individual,Panama,Passport,1,6,3700.0,0,0,0,1,High,8.216358332386156,1,12,Low,0
ENT303461,Corporate,Singapore,PAN,1,5,24000.0,0,0,0,17,High,10.085850775128717,0,0,Low,0
ENT303462,Corporate,Seychelles,Driving License,1,4,169200.0,0,0,0,14,Low,12.03884263630228,1,18,Low,0
ENT303463,Individual,BVI,Aadhaar,1,1,2200.0,0,0,1,6,High,7.696667081526462,1,20,Low,0
ENT303464,Trust,UK,Driving License,1,7,57700.0,1,0,0,12,High,10.96302978336854,0,15,Low,1
ENT303465,Trust,India,Aadhaar,1,7,110500.0,0,0,0,2,Medium,11.612779849672751,0,0,Low,0
ENT303466,Partnership,India,Passport,1,2,9900.0,0,0,0,14,High,9.200391041122515,0,0,Low,0
ENT303467,Corporate,Hong Kong,Passport,1,1,12700.0,0,0,0,26,High,9.44943600950432,0,0,Low,0
ENT303468,Individual,UAE,PAN,1,7,96000.0,0,0,0,3,High,11.472113887062386,0,0,Low,0
ENT303469,Corporate,Germany,PAN,1,2,126400.0,1,0,1,11,Medium,11.747214672056005,0,23,Medium,1
ENT303470,Individual,Singapore,Driving License,1,5,268600.0,0,0,0,16,Medium,12.500982286072535,0,0,Low,0
ENT303471,Trust,Seychelles,Passport,1,1,220600.0,0,0,1,19,Medium,12.304110918882833,1,20,Low,0
ENT303472,Individual,UK,Aadhaar,1,4,64500.0,0,0,1,27,Medium,11.07443600653965,0,8,Low,0
ENT303473,Corporate,India,Aadhaar,1,1,39100.0,0,0,0,1,High,10.573903321093981,0,0,Low,0
ENT303474,Individual,Singapore,Voter ID,1,7,236000.0,0,0,0,26,Low,12.371591321286905,0,6,Low,0
ENT303475,Partnership,Hong Kong,Driving License,1,1,668300.0,0,0,0,21,Medium,13.412493949832024,0,0,Low,0
ENT303476,Individual,USA,Passport,1,4,29400.0,0,0,0,15,Medium,10.288783966353765,0,0,Low,0
ENT303477,Individual,Germany,PAN,0,5,29700.0,1,0,0,14,Medium,10.298935994257638,0,20,Low,1
ENT303478,Individual,USA,Driving License,1,5,53600.0,0,0,2,8,Medium,10.889323003601277,0,16,Low,0
ENT303479,Individual,Singapore,PAN,1,2,68800.0,0,0,0,28,Medium,11.138973558699526,0,0,Low,0
ENT303480,Corporate,Singapore,PAN,1,5,7200.0,0,0,1,5,Medium,8.881975184248867,0,8,Low,0
ENT303481,Individual,Cayman Islands,Voter ID,1,4,33700.0,0,0,0,27,Medium,10.425282789490705,1,12,Low,0
ENT303482,Corporate,Hong Kong,Aadhaar,1,5,81500.0,0,0,0,27,High,11.308370569092329,0,0,Low,0
ENT303483,Corporate,Panama,PAN,1,1,27600.0,0,0,0,26,High,10.225607282932941,1,12,Low,0
ENT303484,Corporate,Singapore,Passport,1,1,94800.0,0,0,1,15,High,11.459535236710686,0,8,Low,0
ENT303485,Corporate,Hong Kong,Aadhaar,1,1,53000.0,0,0,0,15,Medium,10.87806606028079,0,0,Low,0
ENT303486,Corporate,India,PAN,1,6,548500.0,0,0,0,9,High,13.214944381849817,0,0,Low,0
ENT303487,Corporate,India,Driving License,1,4,166700.0,0,0,2,16,Low,12.023957067521133,0,22,Medium,0
ENT303488,Partnership,BVI,Driving License,1,6,644700.0,0,0,0,16,Medium,13.37654192240655,1,12,Low,0
ENT303489,Corporate,China,Aadhaar,1,3,205600.0,0,0,1,5,Medium,12.233692676364548,0,8,Low,0
ENT303490,Individual,BVI,Aadhaar,1,1,125600.0,0,0,0,8,High,11.74086549476798,1,12,Low,0
ENT303491,Partnership,USA,Passport,1,4,163000.0,0,0,0,14,High,12.001511614739405,0,0,Low,0
ENT303492,Individual,Seychelles,Voter ID,0,5,7500.0,0,0,1,5,Low,8.922791623969637,1,31,Medium,0
ENT303493,Individual,Panama,Aadhaar,1,6,93100.0,0,0,0,16,Medium,11.441440204346033,1,12,Low,0
ENT303494,Individual,Germany,Voter ID,1,1,67100.0,0,0,1,19,Medium,11.11395422597838,0,8,Low,0
ENT303495,Individual,Mauritius,Aadhaar,1,2,14041000.0,0,0,1,20,High,16.457492250316776,1,21,Medium,0
ENT303496,Individual,UK,Passport,1,1,44800.0,0,0,0,19,Medium,10.709985739582528,0,0,Low,0
ENT303497,Trust,Switzerland,Aadhaar,1,1,59600.0,0,0,1,14,Medium,10.995427631436174,0,8,Low,0
ENT303498,Partnership,UK,Aadhaar,1,2,4700.0,0,1,0,25,Medium,8.45553053102413,0,40,Medium,1
ENT303499,Individual,Hong Kong,Passport,1,3,43500.0,0,0,2,19,High,10.680539205318292,0,16,Low,0
ENT303500,Corporate,Singapore,PAN,1,4,13400.0,0,0,1,22,Medium,9.503084610020228,0,8,Low,0
ENT303501,Individual,Cayman Islands,Driving License,1,5,7200.0,0,0,1,6,Low,8.881975184248867,1,26,Medium,0
ENT303502,Corporate,Cayman Islands,Driving License,1,1,7000.0,0,0,0,2,Medium,8.853808274977197,1,12,Low,0
ENT303503,Individual,Panama,Passport,1,5,133000.0,0,0,0,9,High,11.798111925972618,1,12,Low,0
ENT303504,Individual,UAE,PAN,1,2,328600.0,0,1,0,25,Low,12.702599527794307,0,46,High,1
ENT303505,Individual,Switzerland,Driving License,0,5,2100.0,0,0,0,12,High,7.650168700845001,0,5,Low,0
ENT303506,Corporate,China,Voter ID,1,2,103700.0,0,0,0,14,High,11.549267037372665,0,0,Low,0
ENT303507,Individual,China,Aadhaar,1,4,200000.0,0,0,0,12,Medium,12.206077645517674,0,0,Low,0
ENT303508,Trust,Switzerland,Voter ID,1,7,17700.0,1,0,0,23,Low,9.781376414141157,0,21,Medium,1
ENT303509,Partnership,Cayman Islands,PAN,1,6,82000.0,0,0,0,25,High,11.314486721293981,1,12,Low,0
ENT303510,Partnership,India,Voter ID,1,4,16100.0,0,0,0,26,High,9.686636660844938,0,0,Low,0
ENT303511,Individual,Panama,PAN,1,3,90500.0,0,0,1,23,Low,11.413116179350727,1,26,Medium,0
ENT303512,Corporate,Seychelles,Aadhaar,1,5,23800.0,0,0,0,28,Medium,10.077482875583607,1,12,Low,0
ENT303513,Corporate,Hong Kong,Passport,1,3,1900.0,0,0,0,26,Medium,7.550135342488429,0,0,Low,0
ENT303514,Individual,Switzerland,Passport,1,3,224400.0,0,0,0,5,High,12.321189908948735,0,0,Low,0
ENT303515,Individual,Mauritius,PAN,1,1,30900.0,1,0,0,7,Medium,10.33854382482173,1,27,Medium,1
ENT303516,Individual,Cyprus,Passport,1,2,4200.0,0,0,0,15,High,8.343077871169383,1,12,Low,0
ENT303517,Corporate,BVI,Voter ID,1,4,37400.0,0,0,0,19,Medium,10.529452721013085,1,12,Low,0
ENT303518,Corporate,Panama,Passport,1,3,9900.0,0,0,0,13,Medium,9.200391041122515,1,12,Low,0
ENT303519,Trust,Switzerland,Driving License,1,3,33700.0,0,0,0,26,Low,10.425282789490705,0,6,Low,0
ENT303520,Individual,Mauritius,Passport,1,1,8600.0,0,0,0,29,High,9.059633754551479,1,12,Low,0
ENT303521,Corporate,India,Driving License,1,7,201700.0,0,0,1,18,Medium,12.214541681788218,0,8,Low,0
ENT303522,Individual,Singapore,Voter ID,1,6,25800.0,0,0,0,21,High,10.158168529848494,0,0,Low,0
ENT303523,Trust,Germany,Voter ID,1,7,110800.0,0,0,0,20,High,11.61549107852535,0,0,Low,0
ENT303524,Individual,Panama,Voter ID,1,7,26400.0,0,0,0,18,Medium,10.181157167204903,1,12,Low,0
ENT303525,Individual,Singapore,Voter ID,1,7,109300.0,0,0,0,4,Medium,11.60186082325361,0,0,Low,0
ENT303526,Corporate,Cayman Islands,Voter ID,1,6,8700.0,0,0,0,4,High,9.071193240566025,1,12,Low,0
ENT303527,Corporate,Seychelles,Passport,1,3,12100.0,0,0,0,26,Medium,9.401043372798053,1,12,Low,0
ENT303528,Individual,China,Voter ID,0,6,367700.0,0,0,0,9,Medium,12.815025386894042,0,5,Low,0
ENT303529,Corporate,UAE,Passport,1,1,1464700.0,0,0,0,1,Medium,14.19716168403983,0,1,Low,0
ENT303530,Corporate,Cyprus,Voter ID,1,1,76100.0,0,0,0,19,Low,11.239816684367907,1,18,Low,0
ENT303531,Corporate,UK,Passport,1,2,15200.0,0,0,0,24,High,9.62911649414402,0,0,Low,0
ENT303532,Individual,USA,PAN,1,5,29300.0,0,0,0,28,High,10.285376924115587,0,0,Low,0
ENT303533,Partnership,BVI,Voter ID,1,6,15600.0,0,0,0,7,High,9.65509029374725,1,12,Low,0
ENT303534,Individual,China,Voter ID,1,4,71800.0,0,0,0,21,Low,11.181653682515929,0,6,Low,0
ENT303535,Trust,UAE,Driving License,1,7,824000.0,0,0,0,3,High,13.621927022483105,0,0,Low,0
ENT303536,Individual,Germany,Passport,1,2,91600.0,0,0,0,20,High,11.425197467633199,0,0,Low,0
ENT303537,Trust,Singapore,PAN,1,5,36500.0,0,0,0,2,High,10.505094936455558,0,0,Low,0
ENT303538,Individual,China,Voter ID,1,1,17100.0,0,0,0,13,High,9.746892220313054,0,0,Low,0
ENT303539,Corporate,Mauritius,Driving License,1,4,13900.0,0,0,0,12,High,9.539716058977092,1,12,Low,0
ENT303540,Individual,UAE,PAN,1,6,20700.0,0,0,0,12,Medium,9.937937287265354,0,0,Low,0
ENT303541,Individual,India,PAN,1,2,74900.0,0,0,0,10,Medium,11.223922520551032,0,0,Low,0
ENT303542,Individual,China,Aadhaar,1,5,5200.0,0,0,0,22,High,8.556606193773073,0,0,Low,0
ENT303543,Individual,UK,Driving License,0,4,16500.0,0,0,0,19,Low,9.711176264112805,0,11,Low,0
ENT303544,Individual,India,Voter ID,1,5,10700.0,0,0,1,19,High,9.278092474027002,0,8,Low,0
ENT303545,Individual,Seychelles,Aadhaar,1,5,121600.0,0,1,1,17,Medium,11.7085004721646,1,60,High,1
ENT303546,Individual,Hong Kong,Driving License,1,1,88100.0,0,1,0,21,Medium,11.386239162597649,0,40,Medium,1
ENT303547,Trust,UAE,Aadhaar,1,6,19800.0,0,0,0,1,High,9.893487720457795,0,0,Low,0
ENT303548,Corporate,BVI,Aadhaar,1,5,118900.0,0,0,0,5,High,11.686046493072437,1,12,Low,0
ENT303549,Individual,China,Voter ID,1,3,122200.0,0,0,0,23,Medium,11.713422508992204,0,0,Low,0
ENT303550,Individual,Seychelles,Aadhaar,1,6,32000.0,0,0,0,9,Medium,10.373522431293592,1,12,Low,0
ENT303551,Individual,Singapore,Driving License,1,2,69700.0,0,0,0,3,Medium,11.151969943847991,0,0,Low,0
ENT303552,Individual,Hong Kong,Aadhaar,1,4,57000.0,0,0,0,21,Low,10.950824090522445,0,6,Low,0
ENT303553,Individual,UK,PAN,1,6,30300.0,0,0,0,2,High,10.318935994253193,0,0,Low,0
ENT303554,Individual,Seychelles,Passport,0,7,57200.0,0,0,0,1,High,10.954326659732555,1,17,Low,0
ENT303555,Corporate,China,Aadhaar,1,5,37500.0,0,0,0,29,High,10.53212287826962,0,0,Low,0
ENT303556,Corporate,China,Passport,1,6,82200.0,0,0,0,3,Low,11.316922746420394,0,6,Low,0
ENT303557,Corporate,Singapore,PAN,1,7,55400.0,0,0,0,5,Low,10.922352923113982,0,6,Low,0
ENT303558,Trust,India,Voter ID,1,4,49400.0,0,0,0,14,Medium,10.807725945886109,0,0,Low,0
ENT303559,Partnership,China,PAN,1,6,83400.0,0,0,0,27,High,11.331415578682627,0,0,Low,0
ENT303560,Individual,China,PAN,0,3,51900.0,0,0,3,13,Low,10.857093336791094,0,35,Medium,0
ENT303561,Corporate,USA,Passport,1,5,149500.0,0,0,0,22,High,11.915058360753719,0,0,Low,0
ENT303562,Individual,UAE,Aadhaar,1,2,324600.0,0,0,3,27,High,12.690352014772609,0,24,Medium,0
ENT303563,Corporate,Hong Kong,Driving License,0,1,46100.0,0,0,1,6,Medium,10.738589920723442,0,13,Low,0
ENT303564,Partnership,Cyprus,Driving License,1,1,93300.0,0,0,0,26,High,11.443586104891608,1,12,Low,0
ENT303565,Individual,UK,Driving License,1,1,31700.0,0,0,0,17,Low,10.36410350510914,0,6,Low,0
ENT303566,Individual,Hong Kong,PAN,1,6,96800.0,0,0,0,13,Medium,11.480412603789821,0,0,Low,0
ENT303567,Individual,UK,Voter ID,1,7,77600.0,0,0,0,13,Medium,11.259335592686217,0,0,Low,0
ENT303568,Individual,Hong Kong,Passport,1,1,42800.0,0,0,0,5,Medium,10.664316745782925,0,0,Low,0
ENT303569,Corporate,India,Driving License,1,1,113600.0,0,1,0,19,High,11.640447588047344,0,40,Medium,1
ENT303570,Corporate,Cayman Islands,Driving License,1,7,17300.0,0,0,0,18,High,9.758519582283522,1,12,Low,0
ENT303571,Corporate,UK,Aadhaar,1,1,13900.0,0,0,0,13,High,9.539716058977092,0,0,Low,0
ENT303572,Individual,USA,Aadhaar,1,5,45100.0,1,0,0,9,Medium,10.716659698193956,0,15,Low,1
ENT303573,Individual,UK,Driving License,1,1,130300.0,0,0,0,6,High,11.77760243768057,0,0,Low,0
ENT303574,Partnership,Cayman Islands,Voter ID,1,5,18600.0,0,0,0,24,High,9.83097062169695,1,12,Low,0
ENT303575,Partnership,Mauritius,Voter ID,1,2,16200.0,0,0,0,22,Medium,9.692828247710418,1,12,Low,0
ENT303576,Individual,Singapore,Passport,1,4,26000.0,0,0,0,7,Low,10.165890277802454,0,6,Low,0
ENT303577,Individual,Switzerland,Voter ID,1,7,10400.0,0,0,0,2,High,9.249657234353133,0,0,Low,0
ENT303578,Corporate,India,Passport,1,3,41400.0,0,0,0,25,Low,10.63106031411106,0,6,Low,0
ENT303579,Individual,UAE,PAN,1,6,21000.0,0,0,0,24,High,9.952325334619427,0,0,Low,0
ENT303580,Individual,Seychelles,PAN,1,6,49600.0,0,1,0,9,Medium,10.811766273800105,1,52,High,1
ENT303581,Corporate,BVI,PAN,1,1,243900.0,1,0,0,20,High,12.404517684236607,1,27,Medium,1
ENT303582,Corporate,Cayman Islands,Passport,1,1,6200.0,0,0,0,1,High,8.732465848349879,1,12,Low,0
ENT303583,Corporate,BVI,Aadhaar,1,7,116600.0,0,0,0,12,Medium,11.666513129191083,1,12,Low,0
ENT303584,Individual,Panama,Passport,1,4,186200.0,1,0,0,22,Medium,12.134582014379962,1,27,Medium,1
ENT303585,Corporate,China,Driving License,1,2,8100.0,0,0,0,10,Medium,8.999742789830492,0,0,Low,0
ENT303586,Partnership,India,PAN,1,4,116700.0,0,0,0,15,High,11.667370387218226,0,0,Low,0
ENT303587,Corporate,India,Voter ID,1,7,413200.0,0,0,0,12,Medium,12.93168943636022,0,0,Low,0
ENT303588,Corporate,India,Voter ID,1,5,115100.0,0,0,1,5,Low,11.65356528276954,0,14,Low,0
ENT303589,Individual,Cayman Islands,Voter ID,1,3,75500.0,0,0,0,5,High,11.231901180182515,1,12,Low,0
ENT303590,Individual,Singapore,Driving License,1,7,42600.0,0,0,0,24,High,10.659633006160352,0,0,Low,0
ENT303591,Individual,India,PAN,1,3,161700.0,0,0,0,12,High,11.993504229837974,0,0,Low,0
ENT303592,Corporate,UAE,Voter ID,1,7,199100.0,0,0,0,1,High,12.201567512641383,0,0,Low,0
ENT303593,Individual,Panama,PAN,1,2,1091700.0,0,0,0,21,High,13.903247588270506,1,13,Low,0
ENT303594,Individual,Singapore,Passport,1,5,3700.0,0,0,0,21,High,8.216358332386156,0,0,Low,0
ENT303595,Individual,India,Aadhaar,1,6,30300.0,0,0,0,16,Medium,10.318935994253193,0,0,Low,0
ENT303596,Individual,Germany,Aadhaar,1,3,46200.0,0,0,0,4,Medium,10.740756721857226,0,0,Low,0
ENT303597,Individual,USA,PAN,0,5,87200.0,0,0,0,20,Medium,11.375971077721223,0,5,Low,0
ENT303598,Individual,Germany,PAN,1,2,166000.0,0,0,0,2,High,12.019749091416921,0,0,Low,0
ENT303599,Individual,Switzerland,Passport,1,6,120000.0,0,0,0,29,Medium,11.695255355062795,0,0,Low,0
ENT303600,Corporate,UAE,Passport,1,7,36100.0,0,0,0,13,Medium,10.494075844768336,0,0,Low,0
ENT303601,Corporate,USA,Driving License,0,1,5900.0,0,0,1,8,High,8.682877107057168,0,13,Low,0
ENT303602,Individual,Switzerland,PAN,1,4,107600.0,0,0,0,20,High,11.586185220346932,0,0,Low,0
ENT303603,Individual,Panama,PAN,1,3,151200.0,0,0,1,17,High,11.926365356462313,1,20,Low,0
ENT303604,Corporate,Panama,Aadhaar,1,3,55600.0,0,0,0,15,Medium,10.925956465688445,1,12,Low,0
ENT303605,Trust,UK,Passport,1,5,2649600.0,0,0,0,16,High,14.789919620588465,0,1,Low,0
ENT303606,Partnership,UAE,Voter ID,1,3,83800.0,0,0,0,7,Medium,11.336200219573199,0,0,Low,0
ENT303607,Partnership,UAE,Aadhaar,1,1,69800.0,0,0,0,22,Medium,11.153403615295403,0,0,Low,0
ENT303608,Individual,Panama,Driving License,1,4,14900.0,0,0,0,11,Medium,9.60918360377546,1,12,Low,0
ENT303609,Corporate,Panama,Passport,1,5,53500.0,0,0,0,14,Medium,10.887455624298198,1,12,Low,0
ENT303610,Corporate,Hong Kong,Passport,0,2,10800.0,0,0,0,3,Low,9.287394001418473,0,11,Low,0
ENT303611,Individual,Cayman Islands,PAN,1,6,68000.0,0,0,0,1,High,11.127277689932466,1,12,Low,0
ENT303612,Corporate,India,Aadhaar,1,3,31800.0,0,0,1,28,High,10.367253014814716,0,8,Low,0
ENT303613,Corporate,Germany,PAN,1,1,71300.0,0,0,1,25,Low,11.174665631549477,0,14,Low,0
ENT303614,Individual,Hong Kong,Voter ID,1,6,13500.0,0,0,0,6,High,9.510519035757246,0,0,Low,0
ENT303615,Individual,Mauritius,Voter ID,1,6,53100.0,0,1,0,21,Low,10.879951039444416,1,58,High,1
ENT303616,Corporate,USA,Voter ID,1,4,18000.0,0,0,0,11,High,9.798182590890704,0,0,Low,0
ENT303617,Individual,Germany,PAN,1,2,24600.0,0,0,0,15,Medium,10.110542371500753,0,0,Low,0
ENT303618,Corporate,USA,Aadhaar,1,5,187200.0,0,0,0,11,High,12.139938184891703,0,0,Low,0
ENT303619,Partnership,UAE,Passport,1,2,58900.0,0,0,0,3,Medium,10.983613347424248,0,0,Low,0
ENT303620,Individual,Cyprus,Driving License,1,1,89100.0,0,0,0,10,Low,11.397525836740476,1,18,Low,0
ENT303621,Corporate,UK,Voter ID,1,7,133000.0,0,0,0,26,High,11.798111925972618,0,0,Low,0
ENT303622,Corporate,Cyprus,Driving License,1,6,37000.0,0,0,0,23,Medium,10.518700218288165,1,12,Low,0
ENT303623,Individual,Switzerland,Aadhaar,1,2,75800.0,0,0,0,14,High,11.235866764155578,0,0,Low,0
ENT303624,Corporate,UK,Driving License,1,1,145000.0,0,0,0,8,Medium,11.884495917930655,0,0,Low,0
ENT303625,Partnership,India,Passport,1,3,18100.0,0,0,0,9,Medium,9.803722464346553,0,0,Low,0
ENT303626,Corporate,BVI,Voter ID,1,4,59000.0,0,0,0,1,High,10.985309671896763,1,12,Low,0
ENT303627,Corporate,UK,Driving License,1,5,222600.0,0,0,0,21,High,12.313136210176474,0,0,Low,0
ENT303628,Partnership,China,Passport,1,7,159900.0,0,0,0,2,Medium,11.982310152711182,0,0,Low,0
ENT303629,Individual,Singapore,Passport,1,4,104400.0,0,0,0,22,High,11.555994532928862,0,0,Low,0
ENT303630,Individual,UAE,Aadhaar,1,2,75800.0,1,0,0,2,High,11.235866764155578,0,15,Low,1
ENT303631,Partnership,Hong Kong,PAN,1,3,81700.0,0,0,0,7,High,11.310821520675269,0,0,Low,0
ENT303632,Individual,USA,Driving License,1,6,96300.0,0,0,0,18,High,11.475233981948293,0,0,Low,0
ENT303633,Corporate,Hong Kong,Voter ID,1,1,29900.0,0,0,0,27,Medium,10.305647203635566,0,0,Low,0
ENT303634,Partnership,Mauritius,Passport,1,4,67800.0,0,0,0,5,Medium,11.124332223082254,1,12,Low,0
ENT303635,Individual,Cyprus,Passport,1,4,76500.0,0,0,0,7,High,11.245059091624615,1,12,Low,0
ENT303636,Individual,BVI,Passport,1,1,27200.0,0,0,0,11,High,10.211009016314165,1,12,Low,0
ENT303637,Individual,BVI,Voter ID,1,3,16500.0,0,0,0,14,Low,9.711176264112805,1,18,Low,0
ENT303638,Individual,India,Aadhaar,1,2,98700.0,0,0,1,12,High,11.499850357082506,0,8,Low,0
ENT303639,Corporate,UK,Voter ID,1,2,19100.0,0,0,1,10,High,9.857495968685136,0,8,Low,0
ENT303640,Corporate,Singapore,PAN,1,3,6600.0,0,0,0,5,Medium,8.79497643168877,0,0,Low,0
ENT303641,Corporate,Hong Kong,PAN,1,2,49300.0,0,0,1,17,High,10.805699643800724,0,8,Low,0
ENT303642,Trust,USA,Passport,1,6,23600.0,0,0,0,7,High,10.069044362997353,0,0,Low,0
ENT303643,Individual,UAE,PAN,1,2,45400.0,0,0,2,11,High,10.723289410218579,0,16,Low,0
ENT303644,Corporate,Cayman Islands,Voter ID,1,4,41200.0,0,0,0,27,Low,10.626217806887722,1,18,Low,0
ENT303645,Corporate,USA,Passport,1,1,279300.0,0,0,2,23,Low,12.540045332306379,0,22,Medium,0
ENT303646,Partnership,Switzerland,PAN,1,5,101500.0,0,0,0,11,Medium,11.527823929632195,0,0,Low,0
ENT303647,Individual,Switzerland,Aadhaar,1,5,6800.0,0,0,1,7,High,8.824824939175638,0,8,Low,0
ENT303648,Individual,Mauritius,Voter ID,1,1,26800.0,0,0,0,5,High,10.196194479235656,1,12,Low,0
ENT303649,Individual,Panama,Aadhaar,1,4,54900.0,0,0,1,11,Medium,10.91328684226798,1,20,Low,0
ENT303650,Individual,China,Voter ID,0,2,222300.0,0,0,0,18,High,12.31178759836772,0,5,Low,0
ENT303651,Individual,Cyprus,PAN,1,6,43000.0,0,0,0,25,High,10.668978650219241,1,12,Low,0
ENT303652,Corporate,Mauritius,Driving License,1,5,46000.0,0,0,0,11,Low,10.736418414365374,1,18,Low,0
ENT303653,Corporate,India,Aadhaar,1,7,34100.0,0,0,0,7,Medium,10.43708198835482,0,0,Low,0
ENT303654,Corporate,Hong Kong,Driving License,1,7,41500.0,0,0,0,8,High,10.633472802314019,0,0,Low,0
ENT303655,Corporate,UAE,PAN,1,7,111200.0,0,0,0,1,High,11.61909465356394,0,0,Low,0
ENT303656,Corporate,Hong Kong,Driving License,1,2,75500.0,0,0,0,7,High,11.231901180182515,0,0,Low,0
ENT303657,Partnership,Singapore,Aadhaar,1,5,361600.0,0,0,0,21,Medium,12.79829667298306,0,0,Low,0
ENT303658,Individual,BVI,Passport,1,3,80800.0,0,0,0,7,High,11.299744620670225,1,12,Low,0
ENT303659,Individual,Hong Kong,Aadhaar,1,3,557800.0,0,0,2,5,Medium,13.23175754693118,0,16,Low,0
ENT303660,Corporate,Switzerland,Passport,1,6,53400.0,0,0,2,20,High,10.885584751364705,0,16,Low,0
ENT303661,Individual,Germany,Passport,1,4,101000.0,0,0,0,12,Medium,11.522885696764481,0,0,Low,0
ENT303662,Corporate,China,Voter ID,1,6,381800.0,0,0,0,15,High,12.852654809442695,0,0,Low,0
ENT303663,Individual,Cayman Islands,Passport,1,6,236000.0,1,0,0,19,High,12.371591321286905,1,27,Medium,1
ENT303664,Corporate,China,Aadhaar,1,3,36200.0,0,0,0,19,Medium,10.49684202174171,0,0,Low,0
ENT303665,Corporate,BVI,PAN,1,4,22900.0,0,0,0,29,Low,10.038935856711177,1,18,Low,0
ENT303666,Corporate,Switzerland,PAN,1,1,31900.0,0,0,0,11,High,10.370392636243981,0,0,Low,0
ENT303667,Individual,BVI,PAN,1,5,646900.0,0,0,0,8,Medium,13.37994854786486,1,12,Low,0
ENT303668,Individual,Seychelles,Aadhaar,1,5,175300.0,0,0,0,10,Medium,12.074259775399616,1,12,Low,0
ENT303669,Individual,Germany,Passport,1,2,35300.0,0,0,0,13,High,10.471666571132038,0,0,Low,0
ENT303670,Individual,Panama,Aadhaar,1,5,13400.0,0,0,2,21,High,9.503084610020228,1,28,Medium,0
ENT303671,Corporate,Switzerland,Voter ID,1,3,14300.0,0,0,2,13,Medium,9.568084743872936,0,16,Low,0
ENT303672,Corporate,India,Voter ID,1,3,398100.0,0,0,0,23,Medium,12.894461020916928,0,0,Low,0
ENT303673,Trust,India,Aadhaar,1,1,32400.0,0,0,3,19,High,10.385944565501662,0,24,Medium,0
ENT303674,Corporate,Mauritius,Passport,1,3,105400.0,0,0,0,8,Medium,11.565527402710426,1,12,Low,0
ENT303675,Individual,USA,Aadhaar,1,3,18500.0,0,0,0,19,Medium,9.825580063659602,0,0,Low,0
ENT303676,Individual,Germany,Passport,1,1,9400.0,0,0,0,19,High,9.148571345578551,0,0,Low,0
ENT303677,Corporate,China,Voter ID,1,3,161400.0,0,0,1,19,Medium,11.991647230585656,0,8,Low,0
ENT303678,Individual,Cayman Islands,Voter ID,1,6,64500.0,0,0,0,6,High,11.07443600653965,1,12,Low,0
ENT303679,Corporate,Switzerland,Aadhaar,1,3,222900.0,0,0,0,4,High,12.31448300568063,0,0,Low,0
ENT303680,Individual,Hong Kong,PAN,1,3,68900.0,0,0,0,29,Medium,11.140425970684525,0,0,Low,0
ENT303681,Individual,China,Driving License,1,4,57200.0,0,0,0,19,High,10.954326659732555,0,0,Low,0
ENT303682,Trust,Mauritius,Aadhaar,1,3,95400.0,0,0,0,6,High,11.465844339561734,1,12,Low,0
ENT303683,Individual,Cyprus,Passport,1,1,19700.0,0,0,1,17,High,9.888424674859083,1,20,Low,0
ENT303684,Individual,Germany,Aadhaar,1,1,9300.0,1,0,0,22,High,9.137877200242468,0,15,Low,1
ENT303685,Partnership,Seychelles,Voter ID,1,7,94300.0,0,0,0,5,High,11.454247073019193,1,12,Low,0
ENT303686,Individual,Singapore,Voter ID,1,1,23400.0,0,0,0,16,Low,10.060534035475412,0,6,Low,0
ENT303687,Corporate,USA,Voter ID,1,6,92100.0,0,0,2,15,Medium,11.430641079947755,0,16,Low,0
ENT303688,Corporate,USA,Passport,1,5,476200.0,0,0,0,26,High,13.073595312990696,0,0,Low,0
ENT303689,Individual,Cayman Islands,PAN,1,7,10400.0,0,0,0,7,Medium,9.249657234353133,1,12,Low,0
ENT303690,Individual,Cayman Islands,Voter ID,1,2,61200.0,0,0,0,19,Medium,11.021918808236205,1,12,Low,0
ENT303691,Corporate,Seychelles,PAN,1,1,98900.0,0,0,0,29,High,11.501874628783144,1,12,Low,0
ENT303692,Individual,Cyprus,Passport,1,2,57000.0,0,0,0,20,Medium,10.950824090522445,1,12,Low,0
ENT303693,Individual,Mauritius,Driving License,1,6,25200.0,0,0,1,4,High,10.134638955251866,1,20,Low,0
ENT303694,Trust,Cyprus,Driving License,1,1,60400.0,0,0,0,2,Medium,11.008760940077243,1,12,Low,0
ENT303695,Individual,Singapore,Driving License,1,4,123300.0,0,0,0,1,High,11.722383799419628,0,0,Low,0
ENT303696,Corporate,Switzerland,Passport,1,1,17100.0,0,0,0,2,High,9.746892220313054,0,0,Low,0
ENT303697,Individual,UAE,Voter ID,1,1,18400.0,0,0,0,3,Medium,9.820160289946374,0,0,Low,0
ENT303698,Corporate,Seychelles,PAN,0,7,699000.0,0,0,0,3,Low,13.457407451830088,1,23,Medium,0
ENT303699,Corporate,UAE,Voter ID,1,7,53000.0,0,0,0,19,Medium,10.87806606028079,0,0,Low,0
ENT303700,Trust,China,Voter ID,1,5,8000.0,0,0,0,22,High,8.987321812850125,0,0,Low,0
ENT303701,Corporate,Singapore,Passport,1,6,23700.0,0,0,0,16,High,10.073272520325904,0,0,Low,0
ENT303702,Corporate,Cayman Islands,Voter ID,1,2,137800.0,0,0,0,25,High,11.833565894429414,1,12,Low,0
ENT303703,Corporate,Seychelles,Passport,1,5,231200.0,0,0,0,18,High,12.351042741030522,1,12,Low,0
ENT303704,Corporate,USA,Passport,1,6,107000.0,0,0,0,25,Low,11.580593459194764,0,6,Low,0
ENT303705,Corporate,UK,Passport,1,1,271200.0,0,0,0,2,Medium,12.510615522357213,0,0,Low,0
ENT303706,Individual,India,Driving License,0,1,98800.0,0,0,0,9,Medium,11.500863005142227,0,5,Low,0
ENT303707,Corporate,Cyprus,PAN,1,1,176600.0,0,0,0,18,High,12.08164822965012,1,12,Low,0
ENT303708,Corporate,India,Aadhaar,1,4,51500.0,0,0,1,4,Low,10.849356503939038,0,14,Low,0
ENT303709,Individual,USA,Driving License,1,7,233300.0,0,0,0,15,Medium,12.360084744326953,0,0,Low,0
ENT303710,Individual,China,Driving License,1,1,156300.0,0,0,0,12,Medium,11.959538914341756,0,0,Low,0
ENT303711,Corporate,Cyprus,Voter ID,1,4,8400.0,0,0,0,11,Medium,9.036106025364846,1,12,Low,0
ENT303712,Partnership,Seychelles,Passport,1,6,6600.0,0,0,0,20,High,8.79497643168877,1,12,Low,0
ENT303713,Corporate,UK,Driving License,1,1,59000.0,0,0,0,15,High,10.985309671896763,0,0,Low,0
ENT303714,Trust,UK,Passport,1,7,86200.0,0,0,0,1,Low,11.364437057512568,0,6,Low,0
ENT303715,Individual,USA,Passport,1,7,33300.0,0,0,0,17,High,10.413342705547674,0,0,Low,0
ENT303716,Individual,UAE,Aadhaar,1,6,206900.0,0,0,0,8,High,12.239995696974733,0,0,Low,0
ENT303717,Partnership,BVI,Aadhaar,1,2,125400.0,0,0,0,12,High,11.73927188163082,1,12,Low,0
ENT303718,Corporate,Hong Kong,PAN,1,5,22500.0,0,0,0,24,High,10.021315031649332,0,0,Low,0
ENT303719,Individual,Mauritius,Aadhaar,1,2,91400.0,0,0,0,15,High,11.423011698301426,1,12,Low,0
ENT303720,Corporate,Hong Kong,Aadhaar,0,5,18100.0,0,0,0,2,Medium,9.803722464346553,0,5,Low,0
ENT303721,Corporate,UK,Driving License,1,5,454600.0,0,0,0,12,High,13.027175390134191,0,0,Low,0
ENT303722,Individual,Seychelles,Passport,1,2,1002200.0,1,0,0,1,High,13.817709139312093,1,28,Medium,1
ENT303723,Corporate,BVI,Aadhaar,1,3,77300.0,0,0,0,26,Medium,11.255462171102444,1,12,Low,0
ENT303724,Individual,Panama,PAN,1,1,212000.0,0,0,0,16,Medium,12.264346270624157,1,12,Low,0
ENT303725,Individual,India,Passport,1,4,37600.0,0,0,0,2,Medium,10.534785924769006,0,0,Low,0
ENT303726,Corporate,Singapore,Driving License,1,3,119200.0,0,0,0,24,High,11.688566422839942,0,0,Low,0
ENT303727,Corporate,Singapore,Aadhaar,1,5,16100.0,1,0,1,1,Medium,9.686636660844938,0,23,Medium,1
ENT303728,Corporate,BVI,Aadhaar,1,7,119000.0,0,0,1,4,High,11.686887175419702,1,20,Low,0
ENT303729,Individual,USA,Driving License,1,4,165800.0,0,0,0,20,Medium,12.01854355302823,0,0,Low,0
ENT303730,Corporate,Switzerland,Voter ID,1,3,46200.0,0,0,0,25,High,10.740756721857226,0,0,Low,0
ENT303731,Individual,Cyprus,Aadhaar,1,1,25800.0,0,0,0,17,Medium,10.158168529848494,1,12,Low,0
ENT303732,Partnership,Singapore,Aadhaar,1,3,82300.0,0,0,0,13,High,11.31813853725963,0,0,Low,0
ENT303733,Corporate,Cayman Islands,Passport,1,3,63000.0,0,0,1,24,High,11.050905878263567,1,20,Low,0
ENT303734,Individual,Cyprus,PAN,0,5,3800.0,0,0,0,24,Medium,8.24301946898925,1,17,Low,0
ENT303735,Partnership,Seychelles,Voter ID,1,4,43800.0,0,0,0,24,Medium,10.687411927154141,1,12,Low,0
ENT303736,Individual,Panama,Voter ID,1,5,74600.0,0,0,3,10,High,11.219909190927746,1,36,Medium,0
ENT303737,Individual,BVI,PAN,1,2,75900.0,0,0,0,7,High,11.237185138527495,1,12,Low,0
ENT303738,Partnership,Switzerland,Passport,1,7,30400.0,0,0,0,5,Medium,10.322230781590136,0,0,Low,0
ENT303739,Corporate,Cyprus,Passport,1,3,128600.0,0,0,0,7,Medium,11.76446986680519,1,12,Low,0
ENT303740,Partnership,China,Voter ID,1,5,147200.0,0,0,0,28,High,11.899554278732099,0,0,Low,0
ENT303741,Individual,Hong Kong,Passport,1,5,86000.0,0,0,0,25,High,11.362114203075018,0,0,Low,0
ENT303742,Partnership,India,Voter ID,1,5,27700.0,0,0,0,19,Medium,10.229223792606835,0,0,Low,0
ENT303743,Partnership,India,Voter ID,1,3,738100.0,0,0,1,8,High,13.511835950587194,0,8,Low,0
ENT303744,Individual,Cayman Islands,Aadhaar,1,4,25900.0,0,0,0,9,High,10.16203685698089,1,12,Low,0
ENT303745,Corporate,Hong Kong,Aadhaar,0,4,133800.0,0,0,1,29,Medium,11.80410890048989,0,13,Low,0
ENT303746,Individual,Cyprus,Passport,1,2,14400.0,0,0,0,18,High,9.575052927597383,1,12,Low,0
ENT303747,Individual,Hong Kong,Aadhaar,1,1,50500.0,1,0,0,25,Medium,10.829748417047593,0,15,Low,1
ENT303748,Partnership,Seychelles,Driving License,1,3,360700.0,0,0,1,24,Medium,12.795804639274813,1,20,Low,0
ENT303749,Individual,Cayman Islands,PAN,1,2,40400.0,0,0,2,8,High,10.606609816118151,1,28,Medium,0
ENT303750,Corporate,India,Voter ID,0,3,70900.0,0,0,1,25,Medium,11.16903981679311,0,13,Low,0
ENT303751,Individual,Switzerland,Aadhaar,1,1,174700.0,0,0,0,20,Medium,12.07083122020422,0,0,Low,0
ENT303752,Individual,Germany,PAN,1,2,124300.0,0,0,0,21,High,11.730461322518734,0,0,Low,0
ENT303753,Individual,Cyprus,Aadhaar,1,3,19700.0,0,0,2,22,Medium,9.888424674859083,1,28,Medium,0
ENT303754,Individual,Cyprus,PAN,1,7,71100.0,0,0,0,5,Medium,11.171856680390034,1,12,Low,0
ENT303755,Individual,India,Driving License,1,4,50700.0,0,0,1,19,High,10.83370091325064,0,8,Low,0
ENT303756,Individual,Panama,PAN,1,7,73500.0,0,0,2,5,High,11.205054290550551,1,28,Medium,0
ENT303757,Corporate,Cayman Islands,Driving License,1,6,261000.0,1,0,0,17,Medium,12.472279517715116,1,27,Medium,1
ENT303758,Partnership,Cayman Islands,Aadhaar,1,6,17600.0,0,0,0,27,Medium,9.77571099759397,1,12,Low,0
ENT303759,Individual,Cayman Islands,Passport,1,6,55900.0,0,0,0,18,High,10.93133754807084,1,12,Low,0
ENT303760,Individual,Germany,PAN,1,2,17600.0,0,0,0,17,High,9.77571099759397,0,0,Low,0
ENT303761,Individual,Singapore,Driving License,0,7,37800.0,0,0,0,10,Low,10.540090836284206,0,11,Low,0
ENT303762,Trust,India,Aadhaar,1,7,38700.0,0,0,0,21,Medium,10.563620718477313,0,0,Low,0
ENT303763,Corporate,Panama,PAN,1,1,73600.0,0,0,0,18,Medium,11.206413891581187,1,12,Low,0
ENT303764,Individual,Cyprus,Passport,1,1,308900.0,0,0,0,11,Medium,12.640776116195056,1,12,Low,0
ENT303765,Corporate,Germany,Aadhaar,1,1,118500.0,0,0,0,10,Low,11.682676678340282,0,6,Low,0
ENT303766,Trust,UAE,Driving License,1,2,68900.0,0,0,0,29,High,11.140425970684525,0,0,Low,0
ENT303767,Corporate,UK,PAN,1,7,146800.0,0,0,0,1,High,11.896833207128452,0,0,Low,0
ENT303768,Partnership,UAE,Passport,1,3,9500.0,0,0,0,4,High,9.15915233520675,0,0,Low,0
ENT303769,Corporate,China,Voter ID,1,2,59000.0,0,0,0,26,Low,10.985309671896763,0,6,Low,0
ENT303770,Individual,Mauritius,Voter ID,0,6,35200.0,0,0,0,14,High,10.468829770273567,1,17,Low,0
ENT303771,Corporate,Cyprus,Aadhaar,1,3,58000.0,0,0,0,12,High,10.968215530759236,1,12,Low,0
ENT303772,Corporate,Panama,Passport,1,4,42400.0,0,0,0,3,High,10.65492722584759,1,12,Low,0
ENT303773,Individual,USA,Aadhaar,1,1,33200.0,0,0,0,27,Medium,10.410335274932896,0,0,Low,0
ENT303774,Corporate,UAE,Aadhaar,1,2,37400.0,0,0,0,13,High,10.529452721013085,0,0,Low,0
ENT303775,Corporate,Hong Kong,Driving License,1,2,23200.0,0,0,0,6,Medium,10.05195066017375,0,0,Low,0
ENT303776,Corporate,China,Driving License,1,2,207900.0,0,0,0,22,High,12.244817283839346,0,0,Low,0
ENT303777,Individual,Germany,Aadhaar,0,6,62000.0,0,0,0,7,High,11.034905792929415,0,5,Low,0
ENT303778,Individual,China,Passport,1,1,42200.0,0,0,0,14,Medium,10.650199196425806,0,0,Low,0
ENT303779,Corporate,Hong Kong,Driving License,1,1,16600.0,0,0,0,10,High,9.717218213494077,0,0,Low,0
ENT303780,Individual,China,Aadhaar,1,2,86100.0,0,0,0,15,Medium,11.363276304750233,0,0,Low,0
ENT303781,Individual,India,PAN,1,3,19300.0,0,0,3,28,High,9.867912187022208,0,24,Medium,0
ENT303782,Partnership,USA,Passport,1,6,590300.0,0,0,0,22,High,13.288387855281217,0,0,Low,0
ENT303783,Partnership,Panama,Passport,1,7,9400.0,0,0,0,20,Low,9.148571345578551,1,18,Low,0
ENT303784,Individual,UAE,Aadhaar,1,7,288100.0,0,0,0,1,Low,12.571066392083603,0,6,Low,0
ENT303785,Corporate,Singapore,Passport,1,7,39500.0,0,0,0,27,High,10.584081267024454,0,0,Low,0
ENT303786,Corporate,UK,Voter ID,1,1,212900.0,0,0,0,13,High,12.268582547911404,0,0,Low,0
ENT303787,Corporate,Panama,Voter ID,0,2,80700.0,0,0,0,11,Low,11.298506245754995,1,23,Medium,0
ENT303788,Individual,UAE,Aadhaar,1,1,92800.0,0,0,0,27,Medium,11.438212694578302,0,0,Low,0
ENT303789,Corporate,UAE,Aadhaar,0,1,392000.0,0,0,0,12,Medium,12.879019669789754,0,5,Low,0
ENT303790,Individual,India,Aadhaar,1,7,30700.0,0,0,0,14,High,10.332050506334692,0,0,Low,0
ENT303791,Partnership,UAE,Aadhaar,1,7,77900.0,0,0,1,2,Medium,11.263194068746921,0,8,Low,0
ENT303792,Individual,Cyprus,Aadhaar,1,7,694500.0,0,0,0,20,Medium,13.450948881060308,1,12,Low,0
ENT303793,Corporate,India,PAN,0,1,94000.0,0,0,1,29,Medium,11.451060699493427,0,13,Low,0
ENT303794,Individual,India,PAN,1,7,207900.0,0,0,0,19,High,12.244817283839346,0,0,Low,0
ENT303795,Corporate,India,Passport,1,2,987000.0,1,0,1,6,Medium,13.80242633158633,0,24,Medium,1
ENT303796,Individual,UK,Aadhaar,1,5,18500.0,0,0,0,2,High,9.825580063659602,0,0,Low,0
ENT303797,Individual,UAE,Voter ID,1,7,47100.0,0,0,0,17,Low,10.76004951120163,0,6,Low,0
ENT303798,Individual,India,Passport,1,4,2607300.0,0,0,0,7,High,14.773826144632114,0,1,Low,0
ENT303799,Individual,Germany,PAN,1,7,635100.0,0,0,3,18,Medium,13.361539320345015,0,24,Medium,0
ENT303800,Corporate,Hong Kong,Aadhaar,1,7,130100.0,0,0,0,24,High,11.776066350866136,0,0,Low,0
ENT303801,Corporate,BVI,Aadhaar,1,5,272600.0,0,0,0,24,Medium,12.515764466616417,1,12,Low,0
ENT303802,Individual,BVI,PAN,1,3,101200.0,0,0,1,26,High,11.524863917209606,1,20,Low,0
ENT303803,Corporate,India,Voter ID,1,5,121000.0,0,0,0,19,Medium,11.703554089007538,0,0,Low,0
ENT303804,Corporate,India,Driving License,1,7,72100.0,0,0,0,1,Medium,11.185823192802378,0,0,Low,0
ENT303805,Individual,Panama,PAN,1,4,33300.0,0,0,0,10,Low,10.413342705547674,1,18,Low,0
ENT303806,Corporate,Hong Kong,Voter ID,1,6,13100.0,0,0,0,3,Medium,9.48044384215367,0,0,Low,0
ENT303807,Corporate,Seychelles,Aadhaar,1,5,49000.0,0,0,0,3,Medium,10.799595985047786,1,12,Low,0
ENT303808,Individual,Singapore,Driving License,1,7,15100.0,0,0,0,9,Medium,9.62251624577579,0,0,Low,0
ENT303809,Individual,USA,Driving License,1,2,289400.0,0,0,1,29,Medium,12.575568548598568,0,8,Low,0
ENT303810,Corporate,China,Voter ID,1,3,26500.0,0,0,0,6,High,10.184937747111391,0,0,Low,0
ENT303811,Corporate,Seychelles,Aadhaar,1,7,62800.0,0,0,0,29,Low,11.047726275896391,1,18,Low,0
ENT303812,Corporate,Germany,Voter ID,1,5,99300.0,0,0,0,21,Medium,11.505910920476012,0,0,Low,0
ENT303813,Individual,China,Voter ID,1,1,15700.0,1,0,1,10,Medium,9.661479683575521,0,23,Medium,1
ENT303814,Individual,Switzerland,Voter ID,1,3,26800.0,1,0,0,21,High,10.196194479235656,0,15,Low,1
ENT303815,Individual,India,Aadhaar,1,1,28700.0,0,0,0,11,Medium,10.264687244346277,0,0,Low,0
ENT303816,Individual,Seychelles,PAN,1,1,89800.0,0,0,0,28,High,11.405351390085748,1,12,Low,0
ENT303817,Corporate,UK,Voter ID,1,6,22100.0,0,0,0,7,High,10.003378135350923,0,0,Low,0
ENT303818,Corporate,Singapore,PAN,1,1,40900.0,0,0,1,3,Medium,10.61890979160975,0,8,Low,0
ENT303819,Individual,Seychelles,Driving License,1,6,246400.0,0,0,0,6,Medium,12.414715569074824,1,12,Low,0
ENT303820,Corporate,Cyprus,Passport,1,5,116900.0,1,0,0,11,Medium,11.669082701743504,1,27,Medium,1
ENT303821,Individual,Switzerland,Driving License,1,4,296800.0,0,0,0,18,Medium,12.600817159541924,0,0,Low,0
ENT303822,Individual,India,Driving License,1,2,180400.0,0,0,0,7,Low,12.102937429832547,0,6,Low,0
ENT303823,Corporate,Germany,Aadhaar,1,1,91200.0,0,0,0,18,High,11.420821140914589,0,0,Low,0
ENT303824,Individual,China,Voter ID,1,5,76800.0,0,1,0,2,High,11.248972939884327,0,40,Medium,1
ENT303825,Corporate,UK,Voter ID,1,1,88200.0,0,0,0,14,Medium,11.38737357979909,0,0,Low,0
ENT303826,Corporate,Panama,Driving License,1,4,97800.0,0,0,0,23,High,11.49069008091951,1,12,Low,0
ENT303827,Individual,Cyprus,Passport,1,2,4200.0,0,0,0,7,Low,8.343077871169383,1,18,Low,0
ENT303828,Individual,UAE,Driving License,1,4,13100.0,1,0,0,12,Low,9.48044384215367,0,21,Medium,1
ENT303829,Individual,UAE,PAN,1,5,34100.0,0,0,0,12,High,10.43708198835482,0,0,Low,0
ENT303830,Individual,BVI,Aadhaar,1,5,95400.0,0,0,0,1,Medium,11.465844339561734,1,12,Low,0
ENT303831,Corporate,Hong Kong,Voter ID,1,4,149500.0,0,0,2,14,Low,11.915058360753719,0,22,Medium,0
ENT303832,Individual,Cyprus,Passport,1,4,38400.0,0,0,0,1,High,10.555838779903407,1,12,Low,0
ENT303833,Corporate,Hong Kong,Driving License,1,3,697300.0,0,0,0,19,High,13.454972447311043,0,0,Low,0
ENT303834,Corporate,Mauritius,Aadhaar,1,7,165300.0,0,0,0,7,High,12.015523333397592,1,12,Low,0
ENT303835,Corporate,USA,PAN,1,3,23600.0,0,0,0,14,High,10.069044362997353,0,0,Low,0
ENT303836,Corporate,Cayman Islands,Aadhaar,1,1,161400.0,0,0,0,24,Low,11.991647230585656,1,18,Low,0
ENT303837,Individual,Germany,Driving License,1,7,22900.0,0,0,0,5,High,10.038935856711177,0,0,Low,0
ENT303838,Individual,Mauritius,Driving License,1,1,144900.0,0,0,0,14,Medium,11.88380602959621,1,12,Low,0
ENT303839,Individual,Mauritius,Aadhaar,0,4,47800.0,0,0,1,2,High,10.774801838762809,1,25,Medium,0
ENT303840,Individual,India,PAN,1,6,224800.0,0,0,0,25,High,12.322970845390355,0,0,Low,0
ENT303841,Individual,Panama,Driving License,1,5,399700.0,0,0,0,16,Medium,12.898472046572692,1,12,Low,0
ENT303842,Corporate,India,PAN,1,6,27900.0,0,0,0,17,High,10.236417809461043,0,0,Low,0
ENT303843,Individual,UK,Voter ID,1,6,40600.0,0,0,3,2,Medium,10.611547975828369,0,24,Medium,0
ENT303844,Partnership,BVI,Driving License,1,2,46200.0,0,0,0,6,High,10.740756721857226,1,12,Low,0
ENT303845,Partnership,Mauritius,Voter ID,0,3,107500.0,0,0,1,18,High,11.58525542883217,1,25,Medium,0
ENT303846,Partnership,USA,Passport,1,1,11800.0,0,0,0,23,High,9.375939552625749,0,0,Low,0
ENT303847,Corporate,UAE,PAN,1,2,52500.0,0,0,0,7,High,10.868587496017359,0,0,Low,0
ENT303848,Corporate,UK,Driving License,1,2,27700.0,0,0,0,21,Low,10.229223792606835,0,6,Low,0
ENT303849,Individual,Switzerland,Driving License,1,4,95700.0,0,0,0,26,High,11.468984026707247,0,0,Low,0
ENT303850,Corporate,BVI,Voter ID,1,3,70100.0,0,0,0,10,Medium,11.157692338256169,1,12,Low,0
ENT303851,Individual,Cayman Islands,Voter ID,1,4,10800.0,0,0,3,16,Medium,9.287394001418473,1,36,Medium,0
ENT303852,Individual,Switzerland,Voter ID,1,7,22100.0,0,0,0,19,High,10.003378135350923,0,0,Low,0
ENT303853,Individual,Seychelles,Driving License,1,3,127800.0,0,0,1,16,Medium,11.758229645621093,1,20,Low,0
ENT303854,Individual,Switzerland,PAN,1,1,15700.0,0,0,0,18,High,9.661479683575521,0,0,Low,0
ENT303855,Individual,Panama,PAN,1,2,44900.0,0,0,0,17,Low,10.712215345197256,1,18,Low,0
ENT303856,Partnership,Germany,Aadhaar,1,7,214900.0,0,0,0,27,Low,12.277932735946903,0,6,Low,0
ENT303857,Individual,China,Driving License,1,3,33100.0,0,1,0,3,High,10.407318772389159,0,40,Medium,1
ENT303858,Individual,Cayman Islands,Passport,0,2,273500.0,0,0,0,3,Medium,12.519060557144618,1,17,Low,0
ENT303859,Individual,India,Driving License,0,1,31700.0,1,0,0,2,Low,10.36410350510914,0,26,Medium,1
ENT303860,Individual,Panama,Aadhaar,1,2,146000.0,0,0,0,20,Medium,11.891368749982085,1,12,Low,0
ENT303861,Corporate,Switzerland,Passport,1,4,63800.0,0,0,0,21,Medium,11.063524143191238,0,0,Low,0
ENT303862,Individual,Germany,Passport,1,3,1900.0,1,0,2,23,Medium,7.550135342488429,0,31,Medium,1
ENT303863,Corporate,BVI,Passport,1,6,132200.0,0,0,0,20,Medium,11.792078770667635,1,12,Low,0
ENT303864,Individual,USA,Aadhaar,1,4,262500.0,0,0,0,11,High,12.47801017053037,0,0,Low,0
ENT303865,Individual,USA,Driving License,1,6,116900.0,1,0,1,15,Low,11.669082701743504,0,29,Medium,1
ENT303866,Individual,Seychelles,Driving License,1,4,58400.0,0,0,0,3,High,10.975088291957388,1,12,Low,0
ENT303867,Individual,Panama,PAN,1,7,11500.0,0,0,0,7,High,9.350189267092581,1,12,Low,0
ENT303868,Partnership,Seychelles,Aadhaar,1,7,250700.0,0,0,0,24,Medium,12.432016272969701,1,12,Low,0
ENT303869,Corporate,BVI,PAN,1,2,95700.0,0,0,0,6,High,11.468984026707247,1,12,Low,0
ENT303870,Partnership,Hong Kong,Driving License,0,3,8200.0,0,0,0,5,High,9.012011377036412,0,5,Low,0
ENT303871,Individual,Singapore,Voter ID,1,6,194300.0,1,0,2,17,High,12.177163782032679,0,31,Medium,1
ENT303872,Trust,Cayman Islands,PAN,1,6,4400.0,0,0,0,28,High,8.38958706681109,1,12,Low,0
ENT303873,Individual,India,Passport,1,5,8600.0,0,0,0,8,High,9.059633754551479,0,0,Low,0
ENT303874,Corporate,Hong Kong,PAN,1,6,44600.0,0,0,0,13,High,10.70551155928146,0,0,Low,0
ENT303875,Individual,Switzerland,Driving License,1,4,21100.0,0,0,1,18,Medium,9.957075711706057,0,8,Low,0
ENT303876,Individual,UK,Voter ID,1,6,114500.0,0,0,0,12,Medium,11.648338835562747,0,0,Low,0
ENT303877,Individual,BVI,Driving License,1,7,674300.0,0,0,0,19,High,13.421431877741002,1,12,Low,0
ENT303878,Corporate,Cayman Islands,Voter ID,1,7,33900.0,0,0,0,19,High,10.431199791458543,1,12,Low,0
ENT303879,Corporate,USA,Driving License,1,4,46300.0,0,0,3,9,Medium,10.742918838113225,0,24,Medium,0
ENT303880,Individual,Germany,Voter ID,1,7,10600.0,0,0,0,12,Medium,9.268703615273097,0,0,Low,0
ENT303881,Corporate,China,Voter ID,1,3,23100.0,0,0,1,15,Low,10.047631185616188,0,14,Low,0
ENT303882,Trust,Hong Kong,Voter ID,1,6,60600.0,0,0,0,6,High,11.01206667357142,0,0,Low,0
ENT303883,Individual,Seychelles,Aadhaar,1,1,47200.0,0,0,1,8,Medium,10.762170357789895,1,20,Low,0
ENT303884,Individual,UAE,Passport,1,1,48600.0,0,0,1,3,High,10.791399385808587,0,8,Low,0
ENT303885,Corporate,UAE,Aadhaar,1,2,148600.0,0,0,0,26,High,11.909020140718255,0,0,Low,0
ENT303886,Partnership,UAE,Driving License,1,6,860400.0,0,0,1,27,Low,13.665153838625153,0,14,Low,0
ENT303887,Individual,Germany,Voter ID,0,7,145800.0,0,0,1,1,Medium,11.889997957243736,0,13,Low,0
ENT303888,Individual,UAE,PAN,1,5,441400.0,0,0,0,12,Medium,12.99770903832101,0,0,Low,0
ENT303889,Individual,Cyprus,Passport,0,1,190800.0,0,0,0,20,Low,12.158986279072735,1,23,Medium,0
ENT303890,Individual,Mauritius,PAN,1,3,32900.0,0,0,0,1,Medium,10.401258331428318,1,12,Low,0
ENT303891,Individual,BVI,PAN,1,6,28400.0,0,0,0,1,High,10.254179634797001,1,12,Low,0
ENT303892,Corporate,Cyprus,PAN,1,2,41900.0,0,0,0,12,Medium,10.643064971973882,1,12,Low,0
ENT303893,Partnership,UK,PAN,1,1,22800.0,0,0,0,10,Medium,10.034559673629849,0,0,Low,0
ENT303894,Corporate,Mauritius,PAN,0,4,33800.0,0,0,0,4,High,10.428245666832275,1,17,Low,0
ENT303895,Trust,Seychelles,PAN,1,4,114200.0,1,0,1,17,Medium,11.645715332733134,1,35,Medium,1
ENT303896,Individual,Germany,Driving License,1,3,930600.0,0,0,0,25,Low,13.743585892967651,0,7,Low,0
ENT303897,Corporate,Mauritius,PAN,1,4,8500.0,0,0,0,13,High,9.04793908261736,1,12,Low,0
ENT303898,Corporate,Seychelles,Voter ID,1,5,54200.0,1,0,0,15,High,10.900454637442037,1,27,Medium,1
ENT303899,Individual,UK,Passport,1,6,184600.0,0,0,0,29,High,12.12595201815431,0,0,Low,0
ENT303900,Corporate,Seychelles,Voter ID,1,3,42700.0,0,0,0,11,High,10.661977618146238,1,12,Low,0
ENT303901,Corporate,Germany,Aadhaar,1,5,84700.0,1,0,0,24,High,11.346882686945893,0,15,Low,1
ENT303902,Individual,Cyprus,Voter ID,1,5,28300.0,0,0,0,12,Low,10.250652418696085,1,18,Low,0
ENT303903,Corporate,BVI,PAN,1,2,272200.0,1,0,0,24,Low,12.514296042962041,1,33,Medium,1
ENT303904,Trust,Switzerland,PAN,1,4,130400.0,0,0,2,14,High,11.778369597156942,0,16,Low,0
ENT303905,Trust,Cayman Islands,PAN,1,4,55600.0,0,0,0,4,High,10.925956465688445,1,12,Low,0
ENT303906,Trust,Germany,PAN,1,3,87100.0,0,0,0,8,High,11.374823643830945,0,0,Low,0
ENT303907,Trust,Cayman Islands,Driving License,1,5,246100.0,0,0,0,19,Medium,12.413497299759758,1,12,Low,0
ENT303908,Corporate,Switzerland,PAN,1,2,48900.0,0,0,0,4,High,10.797553125151618,0,0,Low,0
ENT303909,Corporate,BVI,Driving License,1,4,83000.0,0,0,3,17,High,11.326607934898927,1,36,Medium,0
ENT303910,Corporate,China,PAN,1,7,86400.0,0,0,0,8,Medium,11.366754528799241,0,0,Low,0
ENT303911,Partnership,Hong Kong,Passport,1,3,28200.0,0,0,0,25,Medium,10.247112717290387,0,0,Low,0
ENT303912,Individual,Switzerland,Passport,1,2,148600.0,0,0,0,6,Medium,11.909020140718255,0,0,Low,0
ENT303913,Corporate,USA,Driving License,1,4,19100.0,0,0,1,3,High,9.857495968685136,0,8,Low,0
ENT303914,Individual,Singapore,Passport,1,4,281700.0,0,0,0,29,High,12.548601503733918,0,0,Low,0
ENT303915,Corporate,Hong Kong,Voter ID,1,6,1437000.0,0,0,0,17,Low,14.178068860955143,0,7,Low,0
ENT303916,Individual,China,PAN,1,4,240900.0,1,0,0,2,High,12.392141339694389,0,15,Low,1
ENT303917,Trust,India,Voter ID,1,2,43700.0,0,0,0,11,High,10.685126264117057,0,0,Low,0
ENT303918,Partnership,Cayman Islands,Driving License,1,1,101100.0,0,0,0,19,Medium,11.52387529615648,1,12,Low,0
ENT303919,Individual,Singapore,Passport,1,3,9800.0,0,0,0,29,Medium,9.19023970026918,0,0,Low,0
ENT303920,Corporate,Cyprus,PAN,1,6,56000.0,0,0,0,27,High,10.933124826700707,1,12,Low,0
ENT303921,Partnership,BVI,Driving License,1,7,11000.0,0,0,0,3,High,9.305741456739435,1,12,Low,0
ENT303922,Individual,China,Aadhaar,1,7,8300.0,0,0,0,4,High,9.024131268455035,0,0,Low,0
ENT303923,Individual,Cayman Islands,Passport,1,5,121400.0,0,0,0,18,High,11.7068543948059,1,12,Low,0
ENT303924,Individual,Cyprus,Voter ID,1,1,138000.0,0,0,0,4,Medium,11.835016210489899,1,12,Low,0
ENT303925,Individual,BVI,PAN,1,3,43200.0,0,0,0,29,Low,10.673618922112436,1,18,Low,0
ENT303926,Corporate,UK,Driving License,1,1,15300.0,0,0,2,18,High,9.635673464721814,0,16,Low,0
ENT303927,Corporate,China,Voter ID,1,7,11800.0,0,0,0,6,High,9.375939552625749,0,0,Low,0
ENT303928,Partnership,Singapore,PAN,1,3,132000.0,0,0,1,14,Medium,11.790564777297387,0,8,Low,0
ENT303929,Corporate,Hong Kong,Passport,1,2,156000.0,0,0,0,9,Low,11.957617696467539,0,6,Low,0
ENT303930,Corporate,Germany,Aadhaar,1,5,94200.0,0,0,0,14,Low,11.45318607621936,0,6,Low,0
ENT303931,Individual,Cayman Islands,PAN,1,7,11000.0,0,0,2,9,High,9.305741456739435,1,28,Medium,0
ENT303932,Partnership,UAE,PAN,1,4,7500.0,0,0,2,7,High,8.922791623969637,0,16,Low,0
ENT303933,Corporate,BVI,Voter ID,1,2,180500.0,0,0,0,14,High,12.103491596905931,1,12,Low,0
ENT303934,Corporate,Seychelles,PAN,1,3,18000.0,0,0,0,28,High,9.798182590890704,1,12,Low,0
ENT303935,Individual,Switzerland,PAN,1,4,146400.0,0,0,0,6,High,11.894104711087113,0,0,Low,0
ENT303936,Individual,Cyprus,Aadhaar,1,6,45100.0,0,0,0,16,Medium,10.716659698193956,1,12,Low,0
ENT303937,Partnership,China,Voter ID,1,6,63500.0,1,0,0,11,High,11.05881093278828,0,15,Low,1
ENT303938,Partnership,USA,Passport,1,6,42900.0,1,0,0,3,High,10.666650414667744,0,15,Low,1
ENT303939,Individual,Mauritius,Voter ID,1,6,286600.0,0,0,0,16,Low,12.565846283553652,1,18,Low,0
ENT303940,Individual,Singapore,Driving License,1,2,157300.0,0,0,0,26,High,11.965916446305247,0,0,Low,0
ENT303941,Individual,Germany,PAN,1,5,252400.0,0,0,0,9,Medium,12.438774371606481,0,0,Low,0
ENT303942,Corporate,India,Driving License,0,7,2547100.0,0,0,1,10,Medium,14.75046640767086,0,14,Low,0
ENT303943,Individual,UAE,Passport,0,1,123500.0,0,0,0,20,High,11.724004532183379,0,5,Low,0
ENT303944,Individual,China,Voter ID,0,7,36800.0,0,0,0,20,Low,10.513280297700861,0,11,Low,0
ENT303945,Individual,UK,PAN,1,4,23500.0,0,0,0,10,Medium,10.064798252418377,0,0,Low,0
ENT303946,Corporate,Cyprus,Driving License,1,5,18800.0,0,0,0,8,High,9.841665338892785,1,12,Low,0
ENT303947,Corporate,Switzerland,Voter ID,0,7,110300.0,0,0,1,22,High,11.610968271383634,0,13,Low,0
ENT303948,Individual,India,Driving License,1,2,11700.0,0,0,0,26,Medium,9.367429587218957,0,0,Low,0
ENT303949,Individual,Mauritius,PAN,0,1,125400.0,0,0,0,21,High,11.73927188163082,1,17,Low,0
ENT303950,Corporate,Panama,PAN,1,3,4000.0,0,0,0,26,Low,8.294299608857235,1,18,Low,0
ENT303951,Corporate,UK,Aadhaar,1,5,15300.0,0,0,0,25,High,9.635673464721814,0,0,Low,0
ENT303952,Trust,UAE,Aadhaar,1,2,4300.0,0,0,0,4,Medium,8.366602832783736,0,0,Low,0
ENT303953,Partnership,Cyprus,PAN,1,6,233700.0,1,0,0,20,Medium,12.361797799507952,1,27,Medium,1
ENT303954,Partnership,USA,Voter ID,1,1,60100.0,0,0,1,16,Medium,11.003781759319981,0,8,Low,0
ENT303955,Individual,India,Aadhaar,1,5,4800.0,0,0,0,28,Low,8.476579508530941,0,6,Low,0
ENT303956,Corporate,UK,Aadhaar,1,6,85900.0,0,0,2,23,Medium,11.360950749348124,0,16,Low,0
ENT303957,Individual,Germany,Voter ID,1,3,63200.0,0,0,0,26,Low,11.05407540279458,0,6,Low,0
ENT303958,Trust,BVI,Aadhaar,1,4,140100.0,0,0,0,21,Medium,11.850118870058369,1,12,Low,0
ENT303959,Corporate,Germany,Driving License,1,7,90800.0,0,0,1,28,High,11.416425577744599,0,8,Low,0
ENT303960,Individual,Germany,PAN,1,3,65500.0,0,0,0,15,High,11.089820688682373,0,0,Low,0
ENT303961,Individual,Switzerland,Driving License,1,1,13100.0,0,0,0,27,High,9.48044384215367,0,0,Low,0
ENT303962,Individual,China,Driving License,0,6,60600.0,0,0,0,12,High,11.01206667357142,0,5,Low,0
ENT303963,Individual,UAE,Driving License,1,2,91500.0,1,0,0,12,Medium,11.424105180165641,0,15,Low,1
ENT303964,Corporate,Cyprus,Aadhaar,1,5,101200.0,0,0,0,11,Low,11.524863917209606,1,18,Low,0
ENT303965,Individual,Hong Kong,Aadhaar,1,4,18300.0,0,0,0,9,Low,9.814710982145282,0,6,Low,0
ENT303966,Individual,UAE,Voter ID,1,6,38700.0,0,0,0,17,High,10.563620718477313,0,0,Low,0
ENT303967,Individual,China,Voter ID,1,6,85500.0,0,0,0,11,High,11.356283350762888,0,0,Low,0
ENT303968,Individual,BVI,PAN,1,2,35800.0,0,1,0,23,High,10.485731104959568,1,52,High,1
ENT303969,Individual,UK,PAN,1,1,49200.0,0,0,1,3,Medium,10.803669227477098,0,8,Low,0
ENT303970,Trust,Cyprus,Passport,1,6,154200.0,0,0,0,21,High,11.946012225174645,1,12,Low,0
ENT303971,Individual,Cayman Islands,Aadhaar,1,4,35000.0,0,0,1,19,Low,10.463131911491967,1,26,Medium,0
ENT303972,Individual,Singapore,Aadhaar,1,1,28600.0,0,0,0,21,High,10.261196961231647,0,0,Low,0
ENT303973,Trust,Cyprus,Passport,0,1,23500.0,0,0,0,19,High,10.064798252418377,1,17,Low,0
ENT303974,Corporate,Hong Kong,PAN,1,2,173600.0,0,0,0,28,High,12.06451484156046,0,0,Low,0
ENT303975,Individual,BVI,Voter ID,1,1,55100.0,1,0,1,26,High,10.916923143796645,1,35,Medium,1
ENT303976,Individual,Panama,Aadhaar,1,4,58700.0,0,0,1,6,Medium,10.980212041446208,1,20,Low,0
ENT303977,Individual,BVI,PAN,0,2,78700.0,0,0,0,21,High,11.273411140805074,1,17,Low,0
ENT303978,Individual,Singapore,PAN,0,4,35600.0,0,0,0,22,High,10.480129006333248,0,5,Low,0
ENT303979,Individual,Germany,Aadhaar,1,4,78800.0,0,0,1,17,High,11.274680966120778,0,8,Low,0
ENT303980,Corporate,Singapore,PAN,1,2,202200.0,0,0,0,21,Low,12.217017531154696,0,6,Low,0
ENT303981,Individual,Panama,Driving License,1,3,23400.0,0,0,0,5,Medium,10.060534035475412,1,12,Low,0
ENT303982,Individual,BVI,PAN,1,6,95100.0,0,0,0,20,High,11.462694763725306,1,12,Low,0
ENT303983,Corporate,USA,PAN,1,3,139400.0,0,0,0,26,Medium,11.845109950883979,0,0,Low,0
ENT303984,Individual,Cayman Islands,Voter ID,1,3,79900.0,0,0,0,2,Medium,11.288543647320601,1,12,Low,0
ENT303985,Trust,Singapore,Aadhaar,1,3,84600.0,0,0,0,4,High,11.345701365855424,0,0,Low,0
ENT303986,Corporate,China,Passport,1,6,112200.0,0,0,0,8,High,11.628047184686986,0,0,Low,0
ENT303987,Individual,Mauritius,PAN,1,6,51600.0,0,0,0,28,High,10.851296331126829,1,12,Low,0
ENT303988,Corporate,UAE,Passport,1,3,6000.0,0,0,2,22,Medium,8.699681400989514,0,16,Low,0
ENT303989,Individual,China,Voter ID,1,3,36300.0,0,0,0,16,Low,10.499600568082863,0,6,Low,0
ENT303990,Individual,Hong Kong,Passport,1,6,71100.0,0,1,0,11,High,11.171856680390034,0,40,Medium,1
ENT303991,Individual,Cayman Islands,Passport,1,1,150200.0,0,0,0,6,High,11.919729676079623,1,12,Low,0
ENT303992,Corporate,UAE,Driving License,1,2,37200.0,0,0,0,4,High,10.524090921620362,0,0,Low,0
ENT303993,Individual,Singapore,Aadhaar,1,7,235000.0,0,1,0,28,High,12.367345048436391,0,40,Medium,1
ENT303994,Trust,UK,Aadhaar,1,6,197000.0,0,0,0,28,High,12.190964083849375,0,0,Low,0
ENT303995,Corporate,BVI,Driving License,1,1,2600.0,0,0,0,28,Medium,7.8636512654486515,1,12,Low,0
ENT303996,Individual,UK,PAN,1,1,65700.0,0,1,0,29,High,11.092869425057021,0,40,Medium,1
ENT303997,Individual,Singapore,Aadhaar,1,7,210900.0,0,0,0,10,Medium,12.259144108039314,0,0,Low,0
ENT303998,Individual,Panama,Passport,1,3,185900.0,0,0,0,5,Medium,12.132969552931216,1,12,Low,0
ENT303999,Individual,Switzerland,Voter ID,1,1,188100.0,0,0,0,1,High,12.144734331596096,0,0,Low,0
ENT304000,Corporate,USA,Aadhaar,1,5,1327400.0,0,0,0,21,Medium,14.098733453046096,0,1,Low,0
ENT304001,Individual,Cyprus,Aadhaar,1,3,150700.0,0,0,1,24,Medium,11.923053020292636,1,20,Low,0
ENT304002,Individual,Seychelles,Passport,1,7,110800.0,0,0,1,24,Medium,11.61549107852535,1,20,Low,0
ENT304003,Individual,Cayman Islands,Passport,1,2,305100.0,0,0,1,26,High,12.628398148313286,1,20,Low,0
ENT304004,Corporate,USA,Passport,1,2,97600.0,0,0,1,27,Low,11.488643018250334,0,14,Low,0
ENT304005,Individual,UK,Voter ID,1,6,25800.0,0,0,0,13,Medium,10.158168529848494,0,0,Low,0
ENT304006,Corporate,Cyprus,Passport,1,3,20000.0,0,0,0,24,High,9.90353755128617,1,12,Low,0
ENT304007,Individual,Cayman Islands,Aadhaar,1,2,187600.0,0,0,3,16,High,12.14207264603046,1,36,Medium,0
ENT304008,Individual,UK,Passport,1,5,86800.0,0,0,0,20,Low,11.371373421319406,0,6,Low,0
ENT304009,Individual,Cyprus,Aadhaar,1,1,19900.0,0,0,0,11,Medium,9.898525260706313,1,12,Low,0
ENT304010,Individual,Seychelles,Passport,1,7,106900.0,0,0,0,29,High,11.579658451506333,1,12,Low,0
ENT304011,Individual,Switzerland,Aadhaar,0,5,242700.0,0,0,0,8,High,12.399585512019348,0,5,Low,0
ENT304012,Partnership,India,Driving License,1,4,26400.0,0,0,0,23,Low,10.181157167204903,0,6,Low,0
ENT304013,Individual,India,Aadhaar,1,5,108200.0,0,0,2,4,High,11.591745887495987,0,16,Low,0
ENT304014,Individual,BVI,Passport,1,3,240000.0,0,0,0,12,High,12.388398368982115,1,12,Low,0
ENT304015,Individual,Switzerland,Driving License,0,7,53300.0,0,0,0,28,Low,10.883710371704016,0,11,Low,0
ENT304016,Corporate,UK,Driving License,1,2,22800.0,0,0,0,22,Low,10.034559673629849,0,6,Low,0
ENT304017,Individual,Hong Kong,Driving License,1,4,158600.0,0,0,0,9,High,11.974146893333247,0,0,Low,0
ENT304018,Partnership,UAE,Aadhaar,1,1,28900.0,0,0,0,1,High,10.27163147557801,0,0,Low,0
ENT304019,Individual,UAE,PAN,1,5,93500.0,0,0,0,16,Medium,11.44572741040675,0,0,Low,0
ENT304020,Corporate,Panama,Voter ID,1,6,228500.0,0,0,1,3,High,12.339295865674435,1,20,Low,0
ENT304021,Corporate,Singapore,Passport,1,1,5700.0,0,0,0,17,Low,8.648396877031582,0,6,Low,0
ENT304022,Individual,Hong Kong,Aadhaar,1,4,39000.0,0,0,0,7,Medium,10.571342565808699,0,0,Low,0
ENT304023,Individual,Seychelles,Passport,1,3,668600.0,0,0,0,23,High,13.412942748629595,1,12,Low,0
ENT304024,Individual,Seychelles,PAN,1,4,32100.0,0,0,0,8,Low,10.376642461280849,1,18,Low,0
ENT304025,Trust,Mauritius,Driving License,1,4,293600.0,0,0,0,9,High,12.589976981711247,1,12,Low,0
ENT304026,Individual,Hong Kong,PAN,1,7,190800.0,0,0,0,27,Low,12.158986279072735,0,6,Low,0
ENT304027,Partnership,Cayman Islands,Voter ID,1,6,249700.0,1,0,0,26,High,12.428019481065613,1,27,Medium,1
ENT304028,Corporate,Mauritius,Aadhaar,1,6,174300.0,0,0,1,23,High,12.068538968726306,1,20,Low,0
ENT304029,Corporate,China,Aadhaar,0,2,21700.0,0,0,1,2,Low,9.985113621416073,0,19,Low,0
ENT304030,Individual,China,Voter ID,1,1,10700.0,0,0,0,13,Medium,9.278092474027002,0,0,Low,0
ENT304031,Corporate,China,PAN,1,5,9400.0,0,0,1,8,High,9.148571345578551,0,8,Low,0
ENT304032,Trust,USA,Voter ID,0,7,203400.0,0,0,0,6,High,12.222934679005357,0,5,Low,0
ENT304033,Individual,Singapore,Aadhaar,1,6,52200.0,0,0,0,5,High,10.862856930775358,0,0,Low,0
ENT304034,Individual,BVI,PAN,0,2,433200.0,0,0,0,26,High,12.978957102508893,1,17,Low,0
ENT304035,Individual,UK,PAN,1,3,20100.0,0,0,0,27,Medium,9.908524844053396,0,0,Low,0
ENT304036,Corporate,Switzerland,Driving License,1,3,14800.0,0,0,2,3,Medium,9.60245002503719,0,16,Low,0
ENT304037,Individual,Germany,Passport,1,7,28500.0,0,0,0,12,High,10.25769445336048,0,0,Low,0
ENT304038,Individual,Cayman Islands,PAN,1,7,89800.0,0,0,2,5,High,11.405351390085748,1,28,Medium,0
ENT304039,Partnership,BVI,Driving License,1,3,470600.0,0,0,0,26,Medium,13.061765880220017,1,12,Low,0
ENT304040,Corporate,Germany,Driving License,1,7,19200.0,0,0,0,19,Medium,9.862717639992917,0,0,Low,0
ENT304041,Corporate,Seychelles,Aadhaar,1,3,85200.0,0,0,0,5,High,11.352768449837729,1,12,Low,0
ENT304042,Corporate,BVI,Driving License,0,6,125400.0,0,0,0,8,High,11.73927188163082,1,17,Low,0
ENT304043,Individual,BVI,Driving License,1,7,31700.0,0,0,0,25,Medium,10.36410350510914,1,12,Low,0
ENT304044,Individual,China,Passport,1,6,8600.0,0,0,0,14,Medium,9.059633754551479,0,0,Low,0
ENT304045,Corporate,Singapore,Passport,1,7,346400.0,0,0,0,28,Medium,12.755352342502277,0,0,Low,0
ENT304046,Individual,Mauritius,Aadhaar,1,4,186800.0,0,0,0,12,High,12.137799158081608,1,12,Low,0
ENT304047,Corporate,BVI,Aadhaar,1,4,22100.0,0,0,0,10,High,10.003378135350923,1,12,Low,0
ENT304048,Individual,Germany,PAN,1,7,112500.0,0,0,0,27,High,11.630717389475995,0,0,Low,0
ENT304049,Individual,Cayman Islands,Voter ID,1,2,81100.0,0,0,0,1,High,11.303450570483712,1,12,Low,0
ENT304050,Partnership,UAE,PAN,1,3,14600.0,0,0,3,18,Medium,9.588845298501564,0,24,Medium,0
ENT304051,Individual,Cayman Islands,Driving License,1,1,7000.0,0,0,0,9,High,8.853808274977197,1,12,Low,0
ENT304052,Individual,UK,PAN,1,3,4500.0,0,0,0,14,High,8.412054873292933,0,0,Low,0
ENT304053,Individual,Cyprus,Aadhaar,1,1,29700.0,0,0,3,15,Medium,10.298935994257638,1,36,Medium,0
ENT304054,Corporate,Cyprus,PAN,1,4,80300.0,0,0,0,4,High,11.293537353157436,1,12,Low,0
ENT304055,Individual,China,Aadhaar,1,4,328500.0,1,0,0,13,High,12.7022951610422,0,15,Low,1
ENT304056,Individual,Germany,Passport,1,6,2600.0,0,0,0,24,High,7.8636512654486515,0,0,Low,0
ENT304057,Partnership,Seychelles,Voter ID,1,4,20600.0,0,0,0,15,Medium,9.933094897288786,1,12,Low,0
ENT304058,Corporate,Switzerland,Passport,1,4,41000.0,0,0,0,28,Medium,10.62135173563291,0,0,Low,0
ENT304059,Corporate,Cyprus,PAN,1,4,54200.0,0,0,0,16,High,10.900454637442037,1,12,Low,0
ENT304060,Corporate,UAE,Voter ID,0,6,26900.0,0,0,0,24,Low,10.199918739620157,0,11,Low,0
ENT304061,Individual,UK,Aadhaar,1,4,7200.0,1,0,0,4,High,8.881975184248867,0,15,Low,1
ENT304062,Partnership,Germany,Passport,1,5,152600.0,0,0,0,3,Medium,11.93558195089097,0,0,Low,0
ENT304063,Individual,India,Driving License,1,1,8600.0,0,0,0,15,Medium,9.059633754551479,0,0,Low,0
ENT304064,Individual,USA,PAN,1,3,250700.0,0,0,0,17,High,12.432016272969701,0,0,Low,0
ENT304065,Corporate,BVI,Voter ID,1,1,69000.0,0,0,0,9,High,11.141876276228,1,12,Low,0
ENT304066,Individual,USA,Driving License,1,4,14800.0,0,1,0,6,High,9.60245002503719,0,40,Medium,1
ENT304067,Corporate,Singapore,Passport,1,7,67300.0,0,0,1,9,High,11.116930374363438,0,8,Low,0
ENT304068,Corporate,Cyprus,Driving License,1,4,26000.0,0,0,0,17,Low,10.165890277802454,1,18,Low,0
ENT304069,Individual,Switzerland,Driving License,1,1,15700.0,1,0,0,12,High,9.661479683575521,0,15,Low,1
ENT304070,Partnership,Germany,Driving License,1,6,89000.0,0,0,1,9,High,11.39640288460621,0,8,Low,0
ENT304071,Corporate,China,Driving License,1,5,214900.0,0,0,2,21,High,12.277932735946903,0,16,Low,0
ENT304072,Corporate,BVI,Passport,1,4,115300.0,0,0,1,15,High,11.655301379246426,1,20,Low,0
ENT304073,Individual,Cayman Islands,Driving License,1,4,16500.0,0,0,0,29,High,9.711176264112805,1,12,Low,0
ENT304074,Individual,Singapore,Passport,1,4,55000.0,0,0,0,15,Medium,10.915106645867503,0,0,Low,0
ENT304075,Individual,BVI,Passport,1,6,7100.0,0,0,0,13,High,8.867990898182093,1,12,Low,0
ENT304076,Individual,Seychelles,PAN,1,5,76900.0,0,0,0,2,High,11.250274159310356,1,12,Low,0
ENT304077,Individual,India,Driving License,1,7,99000.0,0,1,0,7,Medium,11.502885230075814,0,40,Medium,1
ENT304078,Individual,BVI,PAN,1,4,10700.0,0,0,0,8,Medium,9.278092474027002,1,12,Low,0
ENT304079,Partnership,Panama,Driving License,1,7,223300.0,0,0,0,26,Medium,12.316275916098562,1,12,Low,0
ENT304080,Partnership,Singapore,Passport,1,7,212300.0,1,0,1,18,High,12.265760357995845,0,23,Medium,1
ENT304081,Corporate,Singapore,PAN,1,6,213700.0,0,0,0,14,Medium,12.272333120753473,0,0,Low,0
ENT304082,Individual,Panama,Passport,1,2,6500.0,0,0,0,12,High,8.77971129020447,1,12,Low,0
ENT304083,Corporate,Switzerland,PAN,0,2,137900.0,0,1,1,10,Medium,11.834291315386718,0,53,High,1
ENT304084,Individual,USA,Voter ID,1,2,4500.0,0,0,0,18,High,8.412054873292933,0,0,Low,0
ENT304085,Corporate,China,Driving License,1,7,9400.0,0,0,0,19,High,9.148571345578551,0,0,Low,0
ENT304086,Corporate,Mauritius,Voter ID,1,1,11300.0,0,0,0,21,High,9.332646496360152,1,12,Low,0
ENT304087,Corporate,Hong Kong,Driving License,1,3,62000.0,0,0,0,26,High,11.034905792929415,0,0,Low,0
ENT304088,Individual,Switzerland,Voter ID,1,1,4500.0,0,0,0,18,Medium,8.412054873292933,0,0,Low,0
ENT304089,Individual,USA,Driving License,1,6,66100.0,0,0,0,22,High,11.098939154318382,0,0,Low,0
ENT304090,Individual,Cayman Islands,Voter ID,1,7,45600.0,0,0,0,3,Medium,10.727684925086583,1,12,Low,0
ENT304091,Individual,Singapore,Passport,1,4,50700.0,0,0,0,8,High,10.83370091325064,0,0,Low,0
ENT304092,Individual,Germany,PAN,1,7,149600.0,0,0,0,5,Medium,11.915727028992151,0,0,Low,0
ENT304093,Individual,Cayman Islands,Passport,1,1,105600.0,0,0,0,23,Medium,11.567423119906431,1,12,Low,0
ENT304094,Corporate,USA,Passport,1,2,85000.0,0,0,0,29,High,11.350418300109132,0,0,Low,0
ENT304095,Corporate,Seychelles,Driving License,1,6,27900.0,0,0,0,20,High,10.236417809461043,1,12,Low,0
ENT304096,Individual,UK,Voter ID,1,2,228300.0,1,0,0,21,Medium,12.338420212709783,0,15,Low,1
ENT304097,Individual,BVI,Voter ID,1,7,125600.0,0,0,0,26,Medium,11.74086549476798,1,12,Low,0
ENT304098,Individual,Cayman Islands,PAN,1,6,13700.0,0,0,0,3,High,9.525224101853109,1,12,Low,0
ENT304099,Individual,Germany,PAN,1,4,54500.0,0,0,2,1,High,10.905974329106854,0,16,Low,0
ENT304100,Individual,Cayman Islands,Passport,1,2,74800.0,0,0,0,25,High,11.222586532857163,1,12,Low,0
ENT304101,Corporate,Panama,Passport,1,3,204000.0,0,0,0,21,High,12.225880174775122,1,12,Low,0
ENT304102,Individual,Switzerland,Passport,1,1,134900.0,0,0,0,24,High,11.812296455066814,0,0,Low,0
ENT304103,Corporate,China,Passport,1,3,23000.0,0,0,0,14,Medium,10.043292972227004,0,0,Low,0
ENT304104,Individual,Seychelles,Aadhaar,1,4,21500.0,0,0,0,20,High,9.975854724662028,1,12,Low,0
ENT304105,Corporate,India,Passport,1,2,155100.0,0,0,0,17,High,11.951831796597101,0,0,Low,0
ENT304106,Individual,Hong Kong,Voter ID,1,7,21500.0,0,0,0,24,Medium,9.975854724662028,0,0,Low,0
ENT304107,Individual,India,Driving License,1,2,684200.0,0,0,0,23,High,13.43600701308552,0,0,Low,0
ENT304108,Individual,Germany,Voter ID,1,4,11200.0,0,0,0,7,Low,9.32375833901174,0,6,Low,0
ENT304109,Corporate,Cayman Islands,Aadhaar,1,6,125800.0,0,0,0,21,High,11.74245657234248,1,12,Low,0
ENT304110,Corporate,Singapore,Aadhaar,1,3,168600.0,0,0,0,2,Medium,12.035290255730406,0,0,Low,0
ENT304111,Individual,Mauritius,PAN,1,2,142000.0,0,0,0,29,High,11.863589378812122,1,12,Low,0
ENT304112,Corporate,Mauritius,PAN,0,3,155200.0,0,1,0,2,Medium,11.952476330009466,1,57,High,1
ENT304113,Individual,Cyprus,Aadhaar,1,3,43600.0,0,0,0,15,Medium,10.682835364853922,1,12,Low,0
ENT304114,Individual,China,Voter ID,1,2,44200.0,0,0,0,19,Medium,10.69650269224425,0,0,Low,0
ENT304115,Individual,UK,Passport,1,1,72200.0,1,0,0,8,High,11.187209175200515,0,15,Low,1
ENT304116,Individual,China,PAN,1,6,198900.0,0,0,0,13,High,12.200562492481511,0,0,Low,0
ENT304117,Corporate,Mauritius,PAN,1,7,39300.0,0,0,0,29,Medium,10.579005242826247,1,12,Low,0
ENT304118,Partnership,Panama,Driving License,1,5,220100.0,0,0,0,24,Low,12.3018418108936,1,18,Low,0
ENT304119,Individual,Seychelles,Aadhaar,1,1,46700.0,0,0,0,10,High,10.751520856703959,1,12,Low,0
ENT304120,Corporate,Panama,Driving License,1,6,207000.0,0,0,1,10,High,12.240478903153711,1,20,Low,0
ENT304121,Individual,USA,Voter ID,1,4,193400.0,0,0,0,27,Low,12.17252103261878,0,6,Low,0
ENT304122,Corporate,Seychelles,Driving License,1,7,242500.0,0,0,0,10,High,12.398761113062513,1,12,Low,0
ENT304123,Corporate,Seychelles,PAN,1,2,28200.0,0,0,1,26,Medium,10.247112717290387,1,20,Low,0
ENT304124,Corporate,Cyprus,PAN,1,7,30200.0,0,0,0,10,High,10.315630315397533,1,12,Low,0
ENT304125,Corporate,Mauritius,PAN,1,5,76600.0,0,0,0,3,High,11.246365410473757,1,12,Low,0
ENT304126,Corporate,Cyprus,Driving License,1,2,75300.0,0,0,0,1,Medium,11.229248693912288,1,12,Low,0
ENT304127,Individual,Cyprus,Voter ID,1,2,31300.0,0,0,0,17,High,10.351405324899678,1,12,Low,0
ENT304128,Individual,BVI,PAN,1,2,91500.0,0,0,0,12,High,11.424105180165641,1,12,Low,0
ENT304129,Individual,Cyprus,Passport,1,1,38600.0,0,0,2,22,Medium,10.5610334618531,1,28,Medium,0
ENT304130,Individual,Hong Kong,Aadhaar,1,4,570700.0,0,0,2,1,High,13.254620708757363,0,16,Low,0
ENT304131,Individual,China,Voter ID,1,1,10800.0,1,0,0,22,High,9.287394001418473,0,15,Low,1
ENT304132,Partnership,Cyprus,PAN,1,2,13000.0,0,0,3,17,High,9.472781556562168,1,36,Medium,0
ENT304133,Individual,UK,Voter ID,0,2,43900.0,0,0,0,11,Medium,10.689692377847104,0,5,Low,0
ENT304134,Corporate,Switzerland,Aadhaar,1,3,13100.0,0,0,1,12,Medium,9.48044384215367,0,8,Low,0
ENT304135,Trust,Germany,Aadhaar,1,6,622500.0,0,0,2,13,High,13.341500513745412,0,16,Low,0
ENT304136,Partnership,Seychelles,Aadhaar,1,7,11900.0,0,0,0,25,High,9.38437770918244,1,12,Low,0
ENT304137,Corporate,Cyprus,PAN,1,7,222400.0,0,0,0,25,Low,12.312237337751334,1,18,Low,0
ENT304138,Corporate,Switzerland,PAN,1,5,35600.0,0,0,0,8,Medium,10.480129006333248,0,0,Low,0
ENT304139,Individual,Hong Kong,Aadhaar,1,2,13100.0,0,0,0,13,High,9.48044384215367,0,0,Low,0
ENT304140,Individual,China,Aadhaar,1,1,150600.0,0,0,0,29,Medium,11.922389234432126,0,0,Low,0
ENT304141,Corporate,Germany,Passport,1,2,46200.0,0,0,0,12,Medium,10.740756721857226,0,0,Low,0
ENT304142,Individual,Mauritius,Passport,1,1,90000.0,0,0,0,16,High,11.407576060361786,1,12,Low,0
ENT304143,Individual,Switzerland,Passport,1,5,101000.0,0,0,0,21,High,11.522885696764481,0,0,Low,0
ENT304144,Corporate,Hong Kong,Driving License,1,7,515800.0,0,0,0,9,High,13.153476311163447,0,0,Low,0
ENT304145,Individual,Panama,Voter ID,1,6,61900.0,0,0,0,5,Medium,11.033291613631048,1,12,Low,0
ENT304146,Corporate,Cyprus,Driving License,1,6,92500.0,0,0,0,13,Medium,11.434974734252892,1,12,Low,0
ENT304147,Individual,Singapore,PAN,1,5,115000.0,0,0,1,21,High,11.652696102959753,0,8,Low,0
ENT304148,Corporate,India,Voter ID,1,3,170400.0,0,0,0,28,High,12.045909761904733,0,0,Low,0
ENT304149,Individual,Panama,Aadhaar,1,3,21100.0,0,0,0,18,Medium,9.957075711706057,1,12,Low,0
ENT304150,Corporate,UK,Voter ID,1,5,107500.0,0,0,0,21,High,11.58525542883217,0,0,Low,0
ENT304151,Individual,Cayman Islands,Voter ID,0,2,11700.0,0,0,0,17,High,9.367429587218957,1,17,Low,0
ENT304152,Corporate,Cayman Islands,Driving License,1,7,98900.0,0,0,0,21,Medium,11.501874628783144,1,12,Low,0
ENT304153,Individual,Cyprus,Aadhaar,1,5,586300.0,0,0,0,25,Medium,13.281588588562313,1,12,Low,0
ENT304154,Individual,Hong Kong,Aadhaar,1,1,21700.0,0,0,0,14,High,9.985113621416073,0,0,Low,0
ENT304155,Corporate,Switzerland,Passport,1,1,52900.0,0,0,0,24,High,10.876177521259402,0,0,Low,0
ENT304156,Trust,Switzerland,Passport,0,1,116700.0,0,0,0,29,High,11.667370387218226,0,5,Low,0
ENT304157,Corporate,Seychelles,PAN,1,6,30500.0,0,0,1,17,High,10.32551474894327,1,20,Low,0
ENT304158,Corporate,UK,Aadhaar,1,3,24100.0,0,0,0,29,Medium,10.090008612393838,0,0,Low,0
ENT304159,Partnership,Switzerland,Driving License,1,6,277400.0,0,0,0,13,Low,12.533219391759038,0,6,Low,0
ENT304160,Individual,Germany,Passport,1,4,103200.0,0,0,2,17,Medium,11.544433821905134,0,16,Low,0
ENT304161,Individual,Cyprus,Passport,1,2,324600.0,0,0,0,23,Low,12.690352014772609,1,18,Low,0
ENT304162,Individual,Hong Kong,PAN,1,2,33600.0,0,0,1,5,High,10.422311107413181,0,8,Low,0
ENT304163,Corporate,Cyprus,PAN,1,2,5200.0,0,0,0,6,High,8.556606193773073,1,12,Low,0
ENT304164,Individual,Cyprus,Voter ID,1,5,24300.0,0,1,0,1,High,10.098272780745283,1,52,High,1
ENT304165,Partnership,Germany,Aadhaar,1,2,17400.0,0,0,0,16,Medium,9.76428295481558,0,0,Low,0
ENT304166,Corporate,Seychelles,Aadhaar,1,7,90600.0,0,0,0,22,High,11.41422052949775,1,12,Low,0
ENT304167,Individual,Switzerland,PAN,1,7,30700.0,1,0,0,6,Medium,10.332050506334692,0,15,Low,1
ENT304168,Partnership,Cayman Islands,Driving License,1,3,87000.0,0,0,0,23,Medium,11.373674891823535,1,12,Low,0
ENT304169,Partnership,Switzerland,PAN,1,6,228600.0,0,0,1,27,Medium,12.339733404786474,0,8,Low,0
ENT304170,Individual,USA,Voter ID,1,1,16300.0,1,0,0,9,Medium,9.69898173460629,0,15,Low,1
ENT304171,Individual,Singapore,Aadhaar,0,1,38200.0,0,0,0,18,Medium,10.5506169722625,0,5,Low,0
ENT304172,Partnership,India,Aadhaar,0,5,304500.0,0,0,0,1,High,12.626429650198945,0,5,Low,0
ENT304173,Individual,Germany,Voter ID,1,7,53000.0,0,0,2,4,High,10.87806606028079,0,16,Low,0
ENT304174,Individual,Hong Kong,PAN,1,7,42600.0,0,0,0,13,High,10.659633006160352,0,0,Low,0
ENT304175,Individual,Mauritius,Driving License,1,5,42500.0,0,0,0,6,Low,10.657282884047461,1,18,Low,0
ENT304176,Individual,Germany,Passport,1,7,22000.0,0,0,2,26,High,9.99884318585288,0,16,Low,0
ENT304177,Individual,Panama,Aadhaar,1,3,18500.0,0,0,0,23,High,9.825580063659602,1,12,Low,0
ENT304178,Corporate,Germany,Aadhaar,1,3,112300.0,0,0,0,27,Medium,11.62893804540639,0,0,Low,0
ENT304179,Individual,Cyprus,Voter ID,1,5,21400.0,1,0,0,26,High,9.97119292889014,1,27,Medium,1
ENT304180,Individual,USA,Voter ID,1,4,191600.0,0,0,0,9,Medium,12.163170363711957,0,0,Low,0
ENT304181,Individual,Cayman Islands,Driving License,1,2,128300.0,0,0,0,19,Medium,11.762134344805622,1,12,Low,0
ENT304182,Individual,UK,Passport,0,2,11200.0,0,0,2,28,High,9.32375833901174,0,21,Medium,0
ENT304183,Individual,Cyprus,Driving License,1,6,119400.0,0,0,0,3,High,11.690242855114947,1,12,Low,0
ENT304184,Individual,Hong Kong,Voter ID,1,3,112100.0,0,0,0,26,Medium,11.627155529627064,0,0,Low,0
ENT304185,Individual,UAE,PAN,1,6,129600.0,1,0,0,18,High,11.772215778919925,0,15,Low,1
ENT304186,Corporate,Hong Kong,Aadhaar,1,3,10600.0,0,0,0,22,Medium,9.268703615273097,0,0,Low,0
ENT304187,Corporate,Hong Kong,Driving License,1,5,125500.0,0,0,0,24,Low,11.74006900564972,0,6,Low,0
ENT304188,Individual,Mauritius,Driving License,1,4,22900.0,0,0,0,13,High,10.038935856711177,1,12,Low,0
ENT304189,Partnership,Panama,Driving License,1,4,95500.0,0,0,0,3,Medium,11.466891997618188,1,12,Low,0
ENT304190,Corporate,India,Driving License,1,1,18600.0,0,0,2,28,High,9.83097062169695,0,16,Low,0
ENT304191,Individual,Seychelles,PAN,1,2,43900.0,0,0,2,4,High,10.689692377847104,1,28,Medium,0
ENT304192,Individual,Mauritius,Passport,1,6,58400.0,0,0,0,29,Medium,10.975088291957388,1,12,Low,0
ENT304193,Corporate,Hong Kong,Driving License,1,1,31200.0,1,0,0,19,High,10.348205424565993,0,15,Low,1
ENT304194,Corporate,Hong Kong,PAN,1,3,33700.0,0,0,0,18,High,10.425282789490705,0,0,Low,0
ENT304195,Trust,Mauritius,Passport,1,5,40900.0,0,0,0,25,High,10.61890979160975,1,12,Low,0
ENT304196,Individual,Singapore,Aadhaar,1,4,147200.0,0,0,0,12,High,11.899554278732099,0,0,Low,0
ENT304197,Individual,UK,Voter ID,1,2,159600.0,0,0,0,14,Medium,11.980432229642377,0,0,Low,0
ENT304198,Corporate,Switzerland,PAN,1,6,5100.0,1,0,0,22,Medium,8.537191877922927,0,15,Low,1
ENT304199,Individual,Cayman Islands,Passport,1,2,52000.0,0,0,0,29,High,10.859018228147887,1,12,Low,0
ENT304200,Individual,USA,Driving License,1,5,54200.0,0,0,0,8,Medium,10.900454637442037,0,0,Low,0
ENT304201,Individual,China,PAN,1,5,18900.0,1,0,0,8,High,9.846970109700957,0,15,Low,1
ENT304202,Corporate,Singapore,Passport,1,6,16600.0,0,0,3,25,Medium,9.717218213494077,0,24,Medium,0
ENT304203,Individual,BVI,Aadhaar,1,4,300800.0,0,0,0,8,Low,12.614204195520381,1,18,Low,0
ENT304204,Individual,Seychelles,Driving License,1,2,12900.0,0,0,0,14,High,9.465060106725137,1,12,Low,0
ENT304205,Partnership,China,PAN,1,6,16400.0,0,0,0,1,Medium,9.70509758756311,0,0,Low,0
ENT304206,Individual,BVI,Aadhaar,1,3,38500.0,0,0,2,7,Medium,10.55843949396453,1,28,Medium,0
ENT304207,Individual,China,Passport,1,2,186200.0,0,0,0,13,High,12.134582014379962,0,0,Low,0
ENT304208,Corporate,UAE,Voter ID,1,5,53600.0,0,0,0,15,High,10.889323003601277,0,0,Low,0
ENT304209,Corporate,Singapore,PAN,1,4,9600.0,1,0,1,2,Low,9.169622538697624,0,29,Medium,1
ENT304210,Corporate,India,Passport,1,6,77500.0,0,0,0,29,Medium,11.258046118484,0,0,Low,0
ENT304211,Corporate,Cyprus,Aadhaar,1,1,10100.0,1,0,0,13,High,9.220389707829185,1,27,Medium,1
ENT304212,Individual,Cayman Islands,Voter ID,1,1,29900.0,0,0,0,29,High,10.305647203635566,1,12,Low,0
ENT304213,Partnership,Hong Kong,Driving License,1,5,54600.0,0,0,0,23,High,10.907807476583594,0,0,Low,0
ENT304214,Corporate,Panama,Aadhaar,1,6,84400.0,0,0,0,5,High,11.34333452885509,1,12,Low,0
ENT304215,Partnership,Seychelles,Passport,1,4,10300.0,1,0,0,12,Medium,9.239996256883693,1,27,Medium,1
ENT304216,Corporate,China,Voter ID,1,7,217700.0,0,0,3,4,High,12.290877840689351,0,24,Medium,0
ENT304217,Corporate,UK,Voter ID,1,2,26400.0,0,0,1,8,Low,10.181157167204903,0,14,Low,0
ENT304218,Corporate,Cyprus,PAN,1,7,50100.0,0,0,0,22,Medium,10.821796246953596,1,12,Low,0
ENT304219,Corporate,Panama,Driving License,1,6,1014500.0,0,0,0,17,Medium,13.829907423954765,1,13,Low,0
ENT304220,Individual,China,Driving License,1,4,1841700.0,0,0,1,2,High,14.426200159060148,0,9,Low,0
ENT304221,Individual,Singapore,Driving License,1,6,390100.0,0,0,0,8,Medium,12.874160958936733,0,0,Low,0
ENT304222,Corporate,USA,Driving License,1,6,279100.0,0,0,0,18,Medium,12.539329002463175,0,0,Low,0
ENT304223,Corporate,Switzerland,Passport,1,3,113000.0,0,1,0,4,Medium,11.635151947212842,0,40,Medium,1
ENT304224,Individual,Germany,Aadhaar,1,3,179000.0,0,0,0,1,Low,12.095146671399466,0,6,Low,0
ENT304225,Individual,UAE,Driving License,1,6,226000.0,0,0,0,18,High,12.328294703023396,0,0,Low,0
ENT304226,Corporate,Switzerland,Voter ID,1,4,12800.0,0,0,0,13,High,9.45727857185611,0,0,Low,0
ENT304227,Partnership,Mauritius,PAN,1,2,68400.0,0,0,0,24,High,11.133142723386813,1,12,Low,0
ENT304228,Corporate,Germany,PAN,1,2,100600.0,0,0,0,12,High,11.518917476956224,0,0,Low,0
ENT304229,Individual,UAE,PAN,1,5,95300.0,0,0,0,27,High,11.464795582766675,0,0,Low,0
ENT304230,Corporate,Seychelles,PAN,1,7,190700.0,0,0,0,15,Low,12.158462035413251,1,18,Low,0
ENT304231,Corporate,China,Voter ID,1,7,6700.0,0,0,3,19,High,8.81001204797317,0,24,Medium,0
ENT304232,Individual,Hong Kong,Aadhaar,1,3,117400.0,0,0,0,19,Medium,11.67335070422742,0,0,Low,0
ENT304233,Corporate,BVI,Passport,0,3,18700.0,0,0,0,8,High,9.83633227734872,1,17,Low,0
ENT304234,Individual,Seychelles,Aadhaar,1,7,15400.0,0,0,0,29,Medium,9.642187721358466,1,12,Low,0
ENT304235,Individual,Hong Kong,Driving License,1,3,2600.0,0,0,0,7,Medium,7.8636512654486515,0,0,Low,0
ENT304236,Individual,China,Driving License,1,7,17300.0,0,0,0,25,High,9.758519582283522,0,0,Low,0
ENT304237,Individual,Germany,PAN,1,5,7600.0,0,0,0,1,High,8.936035096566041,0,0,Low,0
ENT304238,Corporate,USA,Driving License,1,7,15300.0,0,0,0,29,Medium,9.635673464721814,0,0,Low,0
ENT304239,Individual,China,PAN,1,6,109100.0,0,0,2,20,Low,11.600029337681997,0,22,Medium,0
ENT304240,Corporate,UAE,Aadhaar,0,7,21800.0,0,0,0,2,High,9.989711119284745,0,5,Low,0
ENT304241,Corporate,Switzerland,Aadhaar,1,5,14000.0,0,0,0,21,High,9.546884034617925,0,0,Low,0
ENT304242,Corporate,Mauritius,Voter ID,1,1,16000.0,0,0,0,5,High,9.680406499268875,1,12,Low,0
ENT304243,Individual,UAE,PAN,1,5,73900.0,0,0,0,27,Medium,11.210481638644469,0,0,Low,0
ENT304244,Corporate,Switzerland,Aadhaar,1,5,164000.0,0,0,0,26,High,12.00762780434872,0,0,Low,0
ENT304245,Partnership,BVI,PAN,1,6,335400.0,0,0,0,4,Medium,12.72308210988141,1,12,Low,0
ENT304246,Corporate,Singapore,Driving License,1,3,14700.0,0,0,0,19,High,9.595670797663967,0,0,Low,0
ENT304247,Individual,Singapore,PAN,1,7,54500.0,1,0,0,3,High,10.905974329106854,0,15,Low,1
ENT304248,Individual,Seychelles,PAN,1,6,8500.0,0,0,0,25,Medium,9.04793908261736,1,12,Low,0
ENT304249,Individual,UAE,Voter ID,1,3,133500.0,0,0,0,3,Medium,11.80186424743109,0,0,Low,0
ENT304250,Corporate,Germany,Aadhaar,1,1,67900.0,0,0,2,7,High,11.125806040978839,0,16,Low,0
ENT304251,Corporate,Mauritius,Driving License,1,3,37600.0,0,0,0,1,Medium,10.534785924769006,1,12,Low,0
ENT304252,Trust,Mauritius,Driving License,1,5,139300.0,0,0,0,10,High,11.844392338493027,1,12,Low,0
ENT304253,Corporate,Switzerland,PAN,1,1,27400.0,0,0,0,9,Medium,10.21833478806055,0,0,Low,0
ENT304254,Individual,UAE,Passport,1,2,3600.0,0,0,0,15,High,8.188966863648876,0,0,Low,0
ENT304255,Partnership,India,Aadhaar,1,1,33900.0,0,0,1,10,Medium,10.431199791458543,0,8,Low,0
ENT304256,Individual,Mauritius,Driving License,0,2,48100.0,0,0,0,19,Medium,10.781058245898533,1,17,Low,0
ENT304257,Individual,USA,PAN,1,1,63300.0,0,0,0,27,High,11.055656405795794,0,0,Low,0
ENT304258,Individual,Germany,Aadhaar,1,1,698600.0,0,0,0,15,High,13.456835042788141,0,0,Low,0
ENT304259,Corporate,USA,Driving License,1,6,868100.0,0,0,0,5,High,13.674063346320256,0,1,Low,0
ENT304260,Individual,Mauritius,Voter ID,1,3,94500.0,0,0,0,19,High,11.456365695436427,1,12,Low,0
ENT304261,Trust,Mauritius,Aadhaar,1,7,25400.0,0,0,2,20,Medium,10.142543822310387,1,28,Medium,0
ENT304262,Individual,China,Voter ID,1,7,145600.0,0,0,1,27,High,11.888625282853006,0,8,Low,0
ENT304263,Individual,UK,Driving License,1,6,12600.0,0,0,0,25,High,9.441531454869693,0,0,Low,0
ENT304264,Corporate,UK,PAN,1,5,159800.0,0,0,0,14,High,11.98168457011701,0,0,Low,0
ENT304265,Individual,Hong Kong,Voter ID,1,3,77500.0,0,0,0,17,Medium,11.258046118484,0,0,Low,0
ENT304266,Partnership,Seychelles,Aadhaar,1,1,40300.0,0,0,0,1,Low,10.604131561522696,1,18,Low,0
ENT304267,Corporate,India,Passport,1,4,21800.0,0,0,0,8,Low,9.989711119284745,0,6,Low,0
ENT304268,Individual,Seychelles,Aadhaar,1,2,161500.0,0,0,0,25,High,11.992266613576142,1,12,Low,0
ENT304269,Corporate,Switzerland,Driving License,1,1,31800.0,0,0,0,15,High,10.367253014814716,0,0,Low,0
ENT304270,Corporate,UAE,Voter ID,1,4,78100.0,0,0,0,1,Low,11.265758139843117,0,6,Low,0
ENT304271,Individual,Germany,Passport,1,3,54300.0,0,0,0,18,High,10.902297921958713,0,0,Low,0
ENT304272,Individual,Switzerland,PAN,1,1,78700.0,0,0,1,27,High,11.273411140805074,0,8,Low,0
ENT304273,Individual,UK,PAN,1,1,276300.0,0,0,0,16,Medium,12.529246130159391,0,0,Low,0
ENT304274,Individual,Seychelles,Voter ID,1,2,54700.0,0,0,0,24,High,10.909637269778615,1,12,Low,0
ENT304275,Individual,Singapore,Aadhaar,1,5,176300.0,0,0,0,11,High,12.07994804051962,0,0,Low,0
ENT304276,Corporate,UK,Passport,1,5,177500.0,0,0,0,17,Medium,12.086731521684555,0,0,Low,0
ENT304277,Corporate,Singapore,Passport,1,3,94200.0,0,0,0,19,Medium,11.45318607621936,0,0,Low,0
ENT304278,Corporate,Hong Kong,Voter ID,1,4,121500.0,0,0,0,14,Low,11.707677772181546,0,6,Low,0
ENT304279,Corporate,Mauritius,PAN,1,7,39600.0,0,0,0,20,Low,10.586609649448985,1,18,Low,0
ENT304280,Individual,UAE,Voter ID,1,4,9600.0,0,0,1,29,Medium,9.169622538697624,0,8,Low,0
ENT304281,Trust,India,PAN,1,3,575100.0,1,0,0,17,Medium,13.262300956528364,0,15,Low,1
ENT304282,Individual,Cyprus,PAN,1,6,2100.0,0,0,1,28,Medium,7.650168700845001,1,20,Low,0
ENT304283,Corporate,UK,Driving License,0,2,33400.0,0,0,0,16,High,10.416341118636355,0,5,Low,0
ENT304284,Individual,India,Aadhaar,0,3,226500.0,0,0,0,6,High,12.330504638906516,0,5,Low,0
ENT304285,Corporate,USA,PAN,1,1,64100.0,0,0,0,12,Medium,11.068215243411098,0,0,Low,0
ENT304286,Corporate,India,Voter ID,1,6,123900.0,0,0,0,11,High,11.727238138609684,0,0,Low,0
ENT304287,Corporate,UAE,Voter ID,1,2,238600.0,1,0,0,17,Low,12.382547979752006,0,21,Medium,1
ENT304288,Individual,Switzerland,Passport,1,2,843100.0,0,0,0,3,Low,13.644842040008985,0,6,Low,0
ENT304289,Partnership,Singapore,Voter ID,0,5,21700.0,0,0,0,6,Medium,9.985113621416073,0,5,Low,0
ENT304290,Corporate,Cayman Islands,PAN,1,4,140100.0,0,0,0,17,Medium,11.850118870058369,1,12,Low,0
ENT304291,Partnership,India,Voter ID,1,7,174000.0,0,0,0,4,Low,12.066816325306588,0,6,Low,0
ENT304292,Corporate,Cyprus,PAN,1,6,134600.0,0,0,3,14,Medium,11.810070125585671,1,36,Medium,0
ENT304293,Individual,India,PAN,1,5,188900.0,0,0,0,21,Medium,12.148978347281835,0,0,Low,0
ENT304294,Individual,Germany,PAN,0,7,1149000.0,0,0,0,3,Medium,13.954403427152533,0,6,Low,0
ENT304295,Corporate,Hong Kong,Voter ID,1,3,62400.0,0,0,2,28,Low,11.041336579870135,0,22,Medium,0
ENT304296,Partnership,Seychelles,Driving License,1,4,24500.0,0,0,0,20,Low,10.106469212026385,1,18,Low,0
ENT304297,Individual,UK,Aadhaar,1,6,82500.0,0,0,0,7,Medium,11.320565693461432,0,0,Low,0
ENT304298,Corporate,Singapore,Aadhaar,1,4,30000.0,0,0,0,1,Medium,10.308985993422082,0,0,Low,0
ENT304299,Corporate,Switzerland,Aadhaar,1,7,162900.0,0,1,0,28,Medium,12.000897933306716,0,40,Medium,1
ENT304300,Trust,Germany,Aadhaar,1,2,66100.0,0,0,1,17,Medium,11.098939154318382,0,8,Low,0
ENT304301,Individual,Cayman Islands,Driving License,1,5,63000.0,0,0,0,4,High,11.050905878263567,1,12,Low,0
ENT304302,Corporate,UAE,Aadhaar,1,7,101800.0,0,0,0,12,Medium,11.530775206233024,0,0,Low,0
ENT304303,Partnership,Cayman Islands,Passport,0,3,156000.0,0,0,0,22,Low,11.957617696467539,1,23,Medium,0
ENT304304,Individual,USA,PAN,1,6,18100.0,0,0,0,23,Low,9.803722464346553,0,6,Low,0
ENT304305,Corporate,UAE,Driving License,1,6,8800.0,0,0,0,2,High,9.082620630373812,0,0,Low,0
ENT304306,Corporate,Mauritius,Voter ID,1,4,503500.0,0,0,0,2,Medium,13.129340977236101,1,12,Low,0
ENT304307,Individual,Singapore,Passport,1,1,182100.0,0,0,0,13,Medium,12.112316757188815,0,0,Low,0
ENT304308,Individual,Singapore,Voter ID,1,5,35900.0,0,0,0,24,High,10.488520429241627,0,0,Low,0
ENT304309,Individual,Switzerland,PAN,1,4,49200.0,1,0,0,7,High,10.803669227477098,0,15,Low,1
ENT304310,Corporate,Cayman Islands,Voter ID,1,5,100000.0,0,0,0,16,Medium,11.51293546492023,1,12,Low,0
ENT304311,Individual,Mauritius,Voter ID,1,3,109700.0,0,1,0,9,Low,11.605513761992055,1,58,High,1
ENT304312,Individual,Switzerland,Voter ID,1,1,281300.0,0,0,0,12,High,12.547180549395199,0,0,Low,0
ENT304313,Corporate,Mauritius,Driving License,1,6,29400.0,0,0,0,19,High,10.288783966353765,1,12,Low,0
ENT304314,Corporate,Singapore,Aadhaar,1,6,6100.0,0,0,0,23,High,8.716207971151853,0,0,Low,0
ENT304315,Corporate,USA,Aadhaar,1,6,95600.0,0,0,0,22,Low,11.467938559235831,0,6,Low,0
ENT304316,Individual,China,Passport,1,6,224300.0,0,0,0,20,Medium,12.320744178813118,0,0,Low,0
ENT304317,Individual,BVI,Aadhaar,1,7,83600.0,0,0,0,3,High,11.33381076072374,1,12,Low,0
ENT304318,Individual,Germany,PAN,1,5,109900.0,0,0,0,5,High,11.60733523953139,0,0,Low,0
ENT304319,Individual,India,Aadhaar,1,4,232500.0,0,0,0,2,High,12.356649805075568,0,0,Low,0
ENT304320,Corporate,Switzerland,Passport,1,4,256000.0,0,0,0,17,Medium,12.45293662970407,0,0,Low,0
ENT304321,Individual,Seychelles,Voter ID,1,3,196300.0,0,0,0,17,Medium,12.187404474495082,1,12,Low,0
ENT304322,Partnership,Cyprus,Voter ID,1,3,97400.0,0,0,2,17,Low,11.486591756518374,1,34,Medium,0
ENT304323,Corporate,Singapore,Aadhaar,0,6,33100.0,0,0,0,17,Low,10.407318772389159,0,11,Low,0
ENT304324,Partnership,Mauritius,PAN,1,1,57600.0,0,0,0,8,Medium,10.961295207644392,1,12,Low,0
ENT304325,Corporate,Singapore,Voter ID,1,3,66700.0,0,0,0,22,Medium,11.107975224295076,0,0,Low,0
ENT304326,Individual,UAE,PAN,1,5,23100.0,0,1,1,25,Medium,10.047631185616188,0,48,High,1
ENT304327,Individual,UAE,Aadhaar,1,3,297200.0,0,0,0,28,Medium,12.60216395655763,0,0,Low,0
ENT304328,Corporate,Panama,PAN,1,3,77600.0,0,0,0,19,High,11.259335592686217,1,12,Low,0
ENT304329,Individual,Hong Kong,PAN,1,6,203800.0,1,0,0,15,Medium,12.224899306530068,0,15,Low,1
ENT304330,Partnership,China,Aadhaar,1,1,26100.0,0,0,0,26,Medium,10.169728906753061,0,0,Low,0
ENT304331,Individual,China,Passport,1,3,181600.0,0,0,0,14,High,12.109567251742098,0,0,Low,0
ENT304332,Individual,Germany,Voter ID,1,1,38500.0,0,0,0,13,Medium,10.55843949396453,0,0,Low,0
ENT304333,Individual,Mauritius,Aadhaar,0,7,35700.0,0,0,0,19,Medium,10.482933978579906,1,17,Low,0
ENT304334,Corporate,China,PAN,1,6,21300.0,0,0,0,20,High,9.966509298952284,0,0,Low,0
ENT304335,Corporate,India,Voter ID,1,4,484200.0,0,0,0,10,High,13.09025538874625,0,0,Low,0
ENT304336,Trust,Panama,Aadhaar,1,1,36500.0,0,0,0,12,High,10.505094936455558,1,12,Low,0
ENT304337,Partnership,Cyprus,Voter ID,1,2,3600.0,0,0,0,1,High,8.188966863648876,1,12,Low,0
ENT304338,Individual,Cayman Islands,Aadhaar,1,1,64300.0,0,0,1,29,Medium,11.071330462204312,1,20,Low,0
ENT304339,Individual,Seychelles,Passport,1,7,58300.0,0,0,0,16,High,10.97337452485014,1,12,Low,0
ENT304340,Individual,USA,Passport,1,5,134900.0,0,0,0,25,Low,11.812296455066814,0,6,Low,0
ENT304341,Corporate,UK,Driving License,1,3,9400.0,0,0,0,28,High,9.148571345578551,0,0,Low,0
ENT304342,Individual,UAE,Driving License,1,1,3900.0,0,0,0,6,High,8.268988209506656,0,0,Low,0
ENT304343,Individual,Hong Kong,PAN,1,4,148600.0,0,0,0,13,High,11.909020140718255,0,0,Low,0
ENT304344,Individual,Panama,Passport,1,5,141200.0,0,0,0,6,High,11.857939686169175,1,12,Low,0
ENT304345,Corporate,Mauritius,Voter ID,1,3,174600.0,0,0,1,26,Medium,12.0702586497481,1,20,Low,0
ENT304346,Corporate,Panama,PAN,1,3,46400.0,0,0,0,28,High,10.74507628970625,1,12,Low,0
ENT304347,Individual,UAE,Driving License,1,3,322700.0,0,0,0,9,Medium,12.684481476888676,0,0,Low,0
ENT304348,Corporate,Cayman Islands,Driving License,1,2,32200.0,0,0,0,21,Medium,10.379752786950895,1,12,Low,0
ENT304349,Corporate,Mauritius,Voter ID,0,2,33600.0,0,0,0,19,Medium,10.422311107413181,1,17,Low,0
ENT304350,Corporate,USA,Passport,1,4,31700.0,0,0,0,29,Low,10.36410350510914,0,6,Low,0
ENT304351,Individual,Panama,PAN,1,2,459800.0,0,0,0,23,Low,13.038549066167487,1,18,Low,0
ENT304352,Individual,BVI,Passport,0,7,28500.0,0,1,0,2,High,10.25769445336048,1,57,High,1
ENT304353,Individual,BVI,Aadhaar,1,5,263500.0,0,0,0,3,Low,12.481812442022767,1,18,Low,0
ENT304354,Individual,Cyprus,Driving License,1,7,4700.0,0,0,0,27,Medium,8.45553053102413,1,12,Low,0
ENT304355,Partnership,Panama,Voter ID,1,2,18700.0,0,0,0,12,High,9.83633227734872,1,12,Low,0
ENT304356,Partnership,Cayman Islands,Driving License,1,2,11700.0,0,0,0,15,High,9.367429587218957,1,12,Low,0
ENT304357,Corporate,Seychelles,Aadhaar,1,1,382400.0,0,0,0,18,Low,12.854225075218725,1,18,Low,0
ENT304358,Individual,Switzerland,Driving License,1,4,21200.0,0,0,2,8,High,9.961803629358965,0,16,Low,0
ENT304359,Individual,BVI,PAN,1,7,14000.0,0,0,0,11,Low,9.546884034617925,1,18,Low,0
ENT304360,Corporate,Germany,Aadhaar,1,7,268500.0,0,0,0,29,Medium,12.500609917318906,0,0,Low,0
ENT304361,Corporate,UK,Passport,0,1,37400.0,0,0,0,3,Medium,10.529452721013085,0,5,Low,0
ENT304362,Individual,UAE,Passport,1,5,58300.0,0,0,0,13,Medium,10.97337452485014,0,0,Low,0
ENT304363,Corporate,Switzerland,PAN,1,1,18800.0,1,0,0,25,High,9.841665338892785,0,15,Low,1
ENT304364,Corporate,UK,Passport,1,5,48700.0,0,0,0,12,Low,10.793454842740767,0,6,Low,0
ENT304365,Individual,Singapore,Voter ID,1,1,61700.0,0,0,0,11,High,11.03005541721757,0,0,Low,0
ENT304366,Corporate,Seychelles,Passport,1,2,10600.0,0,0,0,15,Low,9.268703615273097,1,18,Low,0
ENT304367,Individual,UK,Aadhaar,1,2,112700.0,0,0,0,22,High,11.632493573102964,0,0,Low,0
ENT304368,Individual,Singapore,Voter ID,1,6,35600.0,0,0,0,16,High,10.480129006333248,0,0,Low,0
ENT304369,Corporate,Panama,PAN,0,5,111600.0,0,0,1,13,Medium,11.622685289462678,1,25,Medium,0
ENT304370,Corporate,UAE,PAN,1,2,79500.0,0,0,0,26,High,11.283524879179666,0,0,Low,0
ENT304371,Individual,USA,Voter ID,1,4,40700.0,0,0,0,1,Medium,10.614007941153417,0,0,Low,0
ENT304372,Individual,Panama,Voter ID,1,6,10600.0,0,0,0,17,Medium,9.268703615273097,1,12,Low,0
ENT304373,Corporate,Switzerland,Passport,1,1,77100.0,0,0,0,11,High,11.252871529635922,0,0,Low,0
ENT304374,Corporate,China,Aadhaar,1,2,54200.0,0,0,2,10,Low,10.900454637442037,0,22,Medium,0
ENT304375,Individual,Switzerland,PAN,1,7,26700.0,0,0,2,16,Low,10.192456296870509,0,22,Medium,0
ENT304376,Individual,Hong Kong,Passport,1,3,23700.0,0,0,0,7,High,10.073272520325904,0,0,Low,0
ENT304377,Corporate,Hong Kong,Voter ID,1,4,107300.0,0,0,0,13,High,11.583393248239855,0,0,Low,0
ENT304378,Individual,Mauritius,Driving License,1,7,324600.0,0,0,0,19,Low,12.690352014772609,1,18,Low,0
ENT304379,Individual,China,PAN,1,4,276400.0,0,1,1,26,High,12.529607988814114,0,48,High,1
ENT304380,Partnership,USA,Voter ID,0,1,518600.0,0,0,0,3,High,13.158890080353258,0,5,Low,0
ENT304381,Partnership,Cyprus,Voter ID,1,3,112200.0,0,0,0,24,Medium,11.628047184686986,1,12,Low,0
ENT304382,Corporate,UK,Passport,1,7,133800.0,0,0,0,22,Medium,11.80410890048989,0,0,Low,0
ENT304383,Corporate,Panama,Voter ID,1,2,171700.0,0,0,2,5,Medium,12.05350987098043,1,28,Medium,0
ENT304384,Individual,Switzerland,PAN,1,5,56200.0,0,0,1,11,Medium,10.936689829317784,0,8,Low,0
ENT304385,Corporate,Switzerland,PAN,1,2,88200.0,0,0,0,9,High,11.38737357979909,0,0,Low,0
ENT304386,Individual,Mauritius,Aadhaar,1,2,110400.0,0,0,0,1,High,11.611874470755124,1,12,Low,0
ENT304387,Individual,Hong Kong,PAN,1,6,87500.0,0,0,1,21,Medium,11.37940550085183,0,8,Low,0
ENT304388,Partnership,China,Aadhaar,1,1,38700.0,0,0,0,28,High,10.563620718477313,0,0,Low,0
ENT304389,Corporate,UK,Passport,1,1,71100.0,0,0,0,13,Medium,11.171856680390034,0,0,Low,0
ENT304390,Partnership,Cyprus,Passport,1,2,44300.0,0,0,0,22,High,10.698762529141884,1,12,Low,0
ENT304391,Individual,Cayman Islands,Voter ID,1,3,30200.0,0,0,1,16,Medium,10.315630315397533,1,20,Low,0
ENT304392,Corporate,Singapore,Driving License,1,1,22300.0,0,0,0,8,High,10.012386799492118,0,0,Low,0
ENT304393,Partnership,UK,Passport,1,1,12000.0,0,0,0,15,Medium,9.392745258631441,0,0,Low,0
ENT304394,Partnership,UK,PAN,1,5,58100.0,0,0,1,26,High,10.969938154395841,0,8,Low,0
ENT304395,Corporate,India,PAN,1,3,17100.0,0,0,1,10,High,9.746892220313054,0,8,Low,0
ENT304396,Corporate,UK,Driving License,1,5,226300.0,0,0,0,3,High,12.329621250524813,0,0,Low,0
ENT304397,Corporate,UK,PAN,1,6,303600.0,0,0,2,25,Low,12.62346961830583,0,22,Medium,0
ENT304398,Corporate,USA,Voter ID,1,1,31300.0,0,0,0,25,Medium,10.351405324899678,0,0,Low,0
ENT304399,Corporate,Panama,Aadhaar,1,1,148800.0,0,0,0,10,High,11.910365121788654,1,12,Low,0
ENT304400,Individual,Switzerland,Aadhaar,1,7,144100.0,0,0,0,5,High,11.878269721588795,0,0,Low,0
ENT304401,Individual,BVI,Voter ID,0,4,100700.0,0,0,2,12,Medium,11.519911009143941,1,33,Medium,0
ENT304402,Corporate,UAE,Driving License,1,2,67300.0,0,0,0,1,Medium,11.116930374363438,0,0,Low,0
ENT304403,Individual,UAE,Voter ID,1,6,12000.0,0,0,0,18,High,9.392745258631441,0,0,Low,0
ENT304404,Corporate,Cyprus,Passport,1,2,3400.0,1,0,0,20,High,8.131824785007195,1,27,Medium,1
ENT304405,Individual,China,Passport,1,2,119800.0,1,0,0,8,High,11.693587311874056,0,15,Low,1
ENT304406,Partnership,Cyprus,Driving License,0,1,42100.0,0,0,0,24,Low,10.647826772357497,1,23,Medium,0
ENT304407,Corporate,Hong Kong,Aadhaar,1,3,477800.0,0,0,0,4,High,13.076949606797566,0,0,Low,0
ENT304408,Individual,BVI,PAN,1,3,234200.0,0,0,2,12,High,12.363934999991463,1,28,Medium,0
ENT304409,Corporate,UAE,Passport,0,2,1201700.0,0,0,0,2,High,13.999248611053492,0,6,Low,0
ENT304410,Corporate,USA,Passport,1,3,108700.0,0,0,0,18,Medium,11.596356272699,0,0,Low,0
ENT304411,Corporate,Mauritius,PAN,1,7,58500.0,0,0,1,11,Medium,10.97679912709094,1,20,Low,0
ENT304412,Individual,USA,PAN,1,6,15900.0,0,0,0,20,High,9.674137279312397,0,0,Low,0
ENT304413,Corporate,Cyprus,Passport,1,5,41600.0,0,0,0,23,High,10.635879484421974,1,12,Low,0
ENT304414,Individual,Cayman Islands,PAN,1,2,36900.0,0,0,0,10,High,10.515993929932415,1,12,Low,0
ENT304415,Individual,China,PAN,1,5,61000.0,1,0,1,16,Medium,11.0186455364637,0,23,Medium,1
ENT304416,Corporate,Cyprus,Aadhaar,1,1,118900.0,0,0,0,29,Medium,11.686046493072437,1,12,Low,0
ENT304417,Trust,UK,Passport,1,5,6200.0,0,0,0,1,High,8.732465848349879,0,0,Low,0
ENT304418,Individual,Seychelles,Aadhaar,1,5,58700.0,0,0,0,23,High,10.980212041446208,1,12,Low,0
ENT304419,Individual,Cyprus,Passport,1,7,128200.0,0,0,0,3,Medium,11.761354623750297,1,12,Low,0
ENT304420,Individual,China,Voter ID,1,6,28900.0,0,0,0,6,Medium,10.27163147557801,0,0,Low,0
ENT304421,Corporate,Cayman Islands,Aadhaar,1,1,153300.0,0,0,0,23,High,11.940158587995837,1,12,Low,0
ENT304422,Corporate,USA,Voter ID,1,7,48800.0,0,1,2,12,High,10.795506083434564,0,56,High,1
ENT304423,Individual,Seychelles,Aadhaar,1,3,15700.0,0,0,1,22,High,9.661479683575521,1,20,Low,0
ENT304424,Individual,Cyprus,Driving License,1,5,42100.0,0,0,0,9,High,10.647826772357497,1,12,Low,0
ENT304425,Individual,BVI,Driving License,0,7,56400.0,0,0,0,6,High,10.94024216782542,1,17,Low,0
ENT304426,Individual,India,Aadhaar,1,4,148400.0,0,0,1,29,High,11.907673348237187,0,8,Low,0
ENT304427,Partnership,Panama,Voter ID,1,2,126700.0,0,0,0,29,High,11.749585258937909,1,12,Low,0
ENT304428,Partnership,Cayman Islands,Passport,1,4,22100.0,0,0,0,3,High,10.003378135350923,1,12,Low,0
ENT304429,Individual,Seychelles,Driving License,1,7,7100.0,0,0,0,25,Low,8.867990898182093,1,18,Low,0
ENT304430,Individual,China,Aadhaar,0,2,92800.0,0,0,0,19,Medium,11.438212694578302,0,5,Low,0
ENT304431,Corporate,Switzerland,Voter ID,1,1,168600.0,0,0,0,28,Medium,12.035290255730406,0,0,Low,0
ENT304432,Individual,Seychelles,PAN,1,4,13100.0,1,0,0,20,High,9.48044384215367,1,27,Medium,1
ENT304433,Individual,Cyprus,Voter ID,1,1,15400.0,0,0,0,3,Medium,9.642187721358466,1,12,Low,0
ENT304434,Individual,Seychelles,Voter ID,1,5,12200.0,0,0,0,21,High,9.409273194575334,1,12,Low,0
ENT304435,Individual,Cayman Islands,Aadhaar,1,7,62200.0,0,0,1,3,Low,11.038126355768453,1,26,Medium,0
ENT304436,Partnership,Cayman Islands,Aadhaar,0,2,29400.0,0,0,0,3,High,10.288783966353765,1,17,Low,0
ENT304437,Corporate,India,Passport,1,6,155000.0,0,0,2,1,High,11.951186847493476,0,16,Low,0
ENT304438,Individual,India,PAN,1,2,899800.0,0,1,0,29,High,13.70992890674667,0,41,High,1
ENT304439,Corporate,Seychelles,Voter ID,1,6,81300.0,0,0,1,14,High,11.305913595583258,1,20,Low,0
ENT304440,Individual,Cayman Islands,Aadhaar,1,6,85600.0,0,1,1,26,Medium,11.357452244304588,1,60,High,1
ENT304441,Individual,Cayman Islands,Passport,1,5,97300.0,0,0,0,15,Medium,11.485564545613576,1,12,Low,0
ENT304442,Corporate,India,Voter ID,1,5,1361000.0,0,0,0,7,High,14.123731016387191,0,1,Low,0
ENT304443,Individual,Cayman Islands,Driving License,1,6,29600.0,0,0,0,15,Medium,10.295563423525277,1,12,Low,0
ENT304444,Individual,Cyprus,Passport,0,5,82600.0,0,0,0,14,Low,11.321777065973317,1,23,Medium,0
ENT304445,Partnership,Singapore,Passport,1,2,10400.0,0,0,0,3,Medium,9.249657234353133,0,0,Low,0
ENT304446,Individual,UK,Voter ID,1,5,516100.0,0,0,0,11,High,13.154057761743932,0,0,Low,0
ENT304447,Corporate,Switzerland,Driving License,1,1,11300.0,0,0,1,17,Medium,9.332646496360152,0,8,Low,0
ENT304448,Trust,UAE,Passport,1,1,66200.0,0,0,0,28,High,11.10045084755119,0,0,Low,0
ENT304449,Corporate,Hong Kong,Voter ID,1,4,764500.0,0,0,3,5,Medium,13.546978612394872,0,24,Medium,0
ENT304450,Individual,UAE,Aadhaar,1,7,85200.0,0,0,1,2,High,11.352768449837729,0,8,Low,0
ENT304451,Corporate,Cayman Islands,Aadhaar,1,3,47800.0,0,0,0,24,High,10.774801838762809,1,12,Low,0
ENT304452,Partnership,China,Driving License,1,6,99300.0,1,0,0,11,Low,11.505910920476012,0,21,Medium,1
ENT304453,Individual,China,Aadhaar,1,7,41400.0,0,0,0,29,High,10.63106031411106,0,0,Low,0
ENT304454,Individual,Panama,Driving License,0,4,33000.0,0,0,0,4,High,10.404293143019792,1,17,Low,0
ENT304455,Individual,Seychelles,Voter ID,1,1,18100.0,0,0,3,21,High,9.803722464346553,1,36,Medium,0
ENT304456,Trust,USA,Voter ID,1,1,141700.0,0,0,0,3,High,11.86147448281689,0,0,Low,0
ENT304457,Individual,USA,Driving License,0,7,47300.0,0,0,0,16,Medium,10.764286715905591,0,5,Low,0
ENT304458,Corporate,UAE,Aadhaar,1,7,88900.0,0,0,0,12,High,11.395278670032656,0,0,Low,0
ENT304459,Partnership,UK,Driving License,1,5,76200.0,0,0,0,29,Medium,11.241129864948206,0,0,Low,0
ENT304460,Corporate,UAE,Passport,1,4,22100.0,0,0,0,12,Medium,10.003378135350923,0,0,Low,0
ENT304461,Corporate,BVI,Voter ID,1,6,216900.0,0,0,0,17,High,12.287196307223885,1,12,Low,0
ENT304462,Individual,India,Aadhaar,1,6,27500.0,0,0,0,9,High,10.221977646629885,0,0,Low,0
ENT304463,Individual,Germany,Passport,1,7,27700.0,0,0,1,7,High,10.229223792606835,0,8,Low,0
ENT304464,Individual,Panama,Driving License,1,2,46400.0,0,1,0,1,Medium,10.74507628970625,1,52,High,1
ENT304465,Partnership,Panama,Driving License,1,5,205900.0,0,0,2,22,High,12.235150749730654,1,28,Medium,0
ENT304466,Corporate,UAE,Passport,1,3,93900.0,0,0,0,15,Medium,11.44999631476691,0,0,Low,0
ENT304467,Corporate,China,Passport,1,5,45700.0,1,0,0,22,High,10.729875458480967,0,15,Low,1
ENT304468,Individual,UK,Aadhaar,0,2,19500.0,0,0,3,22,Medium,9.87822102528824,0,29,Medium,0
ENT304469,Partnership,China,Passport,1,4,35800.0,0,0,0,16,Medium,10.485731104959568,0,0,Low,0
ENT304470,Individual,Switzerland,Aadhaar,1,4,47100.0,0,0,0,27,High,10.76004951120163,0,0,Low,0
ENT304471,Corporate,Germany,PAN,1,4,53600.0,1,0,0,8,High,10.889323003601277,0,15,Low,1
ENT304472,Trust,Switzerland,Passport,1,7,5700.0,0,0,0,29,High,8.648396877031582,0,0,Low,0
ENT304473,Partnership,USA,Passport,0,5,30200.0,0,0,3,27,Medium,10.315630315397533,0,29,Medium,0
ENT304474,Corporate,Germany,Passport,1,5,54700.0,0,0,0,19,Medium,10.909637269778615,0,0,Low,0
ENT304475,Individual,Panama,Aadhaar,1,1,9100.0,0,0,1,22,Medium,9.116139576577355,1,20,Low,0
ENT304476,Individual,UAE,Voter ID,1,2,63200.0,0,0,0,17,High,11.05407540279458,0,0,Low,0
ENT304477,Individual,India,Aadhaar,1,2,33600.0,0,0,0,7,High,10.422311107413181,0,0,Low,0
ENT304478,Individual,India,Voter ID,0,3,28600.0,0,0,0,5,High,10.261196961231647,0,5,Low,0
ENT304479,Trust,Cayman Islands,Driving License,1,7,27400.0,0,0,0,26,Low,10.21833478806055,1,18,Low,0
ENT304480,Individual,Cyprus,Driving License,1,1,40100.0,0,0,0,20,High,10.599156550639583,1,12,Low,0
ENT304481,Individual,Hong Kong,Aadhaar,1,1,364100.0,0,0,0,9,Medium,12.805186580657969,0,0,Low,0
ENT304482,Corporate,BVI,Voter ID,1,4,21400.0,0,0,0,22,High,9.97119292889014,1,12,Low,0
ENT304483,Corporate,Cayman Islands,Passport,1,5,21200.0,0,0,0,25,High,9.961803629358965,1,12,Low,0
ENT304484,Individual,China,PAN,1,6,394300.0,0,0,0,7,High,12.884869856002497,0,0,Low,0
ENT304485,Partnership,Cyprus,PAN,1,6,8300.0,0,0,0,25,High,9.024131268455035,1,12,Low,0
ENT304486,Corporate,Seychelles,Aadhaar,1,5,37300.0,1,0,0,19,Low,10.526775414924009,1,33,Medium,1
ENT304487,Individual,UK,PAN,1,5,408900.0,0,0,0,13,Medium,12.921228351935461,0,0,Low,0
ENT304488,Corporate,Singapore,Driving License,1,6,208300.0,0,0,0,8,High,12.246739428005663,0,0,Low,0
ENT304489,Individual,China,Aadhaar,1,3,16100.0,0,0,0,23,High,9.686636660844938,0,0,Low,0
ENT304490,Corporate,BVI,Aadhaar,1,6,48200.0,0,0,0,1,High,10.783135046711445,1,12,Low,0
ENT304491,Individual,China,Voter ID,1,3,335800.0,0,0,2,25,High,12.724274001584217,0,16,Low,0
ENT304492,Individual,Cayman Islands,Driving License,1,6,41100.0,0,0,0,20,Low,10.623787731088578,1,18,Low,0
ENT304493,Individual,Germany,PAN,1,4,431400.0,0,0,0,2,Low,12.974793330968813,0,6,Low,0
ENT304494,Individual,Germany,Aadhaar,1,4,98800.0,0,0,1,12,Low,11.500863005142227,0,14,Low,0
ENT304495,Corporate,Cyprus,Aadhaar,1,3,177100.0,0,0,0,1,High,12.084475470282369,1,12,Low,0
ENT304496,Corporate,BVI,Voter ID,1,5,41100.0,0,0,1,18,High,10.623787731088578,1,20,Low,0
ENT304497,Corporate,UAE,Aadhaar,1,4,6700.0,0,0,0,1,High,8.81001204797317,0,0,Low,0
ENT304498,Corporate,USA,Aadhaar,0,5,35000.0,0,0,0,17,High,10.463131911491967,0,5,Low,0
ENT304499,Individual,Seychelles,Aadhaar,1,6,92000.0,0,0,0,11,High,11.429554725537322,1,12,Low,0
ENT304500,Individual,Mauritius,Passport,1,4,14500.0,0,0,1,1,Low,9.581972891547895,1,26,Medium,0
ENT304501,Individual,Seychelles,Passport,1,2,36100.0,0,0,0,14,High,10.494075844768336,1,12,Low,0
ENT304502,Individual,Germany,PAN,1,5,149100.0,0,0,0,6,Low,11.912379207638454,0,6,Low,0
ENT304503,Individual,Cayman Islands,Driving License,1,7,27600.0,0,0,0,5,Low,10.225607282932941,1,18,Low,0
ENT304504,Individual,USA,Driving License,1,2,44400.0,0,0,0,23,High,10.70101727068921,0,0,Low,0
ENT304505,Individual,Cayman Islands,Passport,1,3,134600.0,0,0,1,1,High,11.810070125585671,1,20,Low,0
ENT304506,Individual,Switzerland,Aadhaar,1,4,77100.0,0,0,0,20,Medium,11.252871529635922,0,0,Low,0
ENT304507,Individual,Germany,Driving License,1,7,13000.0,0,0,0,29,Medium,9.472781556562168,0,0,Low,0
ENT304508,Trust,UK,Driving License,1,1,28100.0,0,0,0,22,High,10.243560441877241,0,0,Low,0
ENT304509,Corporate,Panama,PAN,1,3,61400.0,0,0,0,5,High,11.02518140064756,1,12,Low,0
ENT304510,Individual,India,Voter ID,1,5,103800.0,0,0,0,26,High,11.550230883578887,0,0,Low,0
ENT304511,Corporate,USA,PAN,1,4,84100.0,0,0,1,16,High,11.339773736496767,0,8,Low,0
ENT304512,Individual,UAE,Passport,1,7,159400.0,0,0,0,15,Medium,11.979178318844294,0,0,Low,0
ENT304513,Corporate,India,Aadhaar,1,3,263700.0,0,0,0,28,Low,12.48257116452228,0,6,Low,0
ENT304514,Corporate,USA,Passport,1,5,77200.0,0,0,3,21,High,11.25416768929685,0,24,Medium,0
ENT304515,Corporate,Germany,PAN,1,4,20400.0,0,0,0,28,High,9.923339198238729,0,0,Low,0
ENT304516,Corporate,Hong Kong,Aadhaar,1,2,35800.0,0,0,0,25,Low,10.485731104959568,0,6,Low,0
ENT304517,Individual,USA,Passport,1,2,44500.0,0,0,0,20,Medium,10.703266939811954,0,0,Low,0
ENT304518,Partnership,Cyprus,PAN,1,4,23200.0,0,0,0,5,Low,10.05195066017375,1,18,Low,0
ENT304519,Corporate,UK,Passport,1,2,175500.0,0,0,0,17,Medium,12.075400019877522,0,0,Low,0
ENT304520,Trust,Mauritius,Passport,1,2,11400.0,0,0,1,16,High,9.34145634983372,1,20,Low,0
ENT304521,Corporate,China,Passport,1,2,131200.0,0,0,2,22,High,11.784485777414298,0,16,Low,0
ENT304522,Individual,Panama,Driving License,1,1,92000.0,0,0,0,18,Medium,11.429554725537322,1,12,Low,0
ENT304523,Trust,Singapore,Aadhaar,1,3,84200.0,0,0,0,16,Low,11.340962076644454,0,6,Low,0
ENT304524,Individual,UAE,Voter ID,0,3,12700.0,0,0,3,14,Medium,9.44943600950432,0,29,Medium,0
ENT304525,Corporate,Switzerland,PAN,0,6,65200.0,0,0,0,13,High,11.08523008522044,0,5,Low,0
ENT304526,Corporate,Seychelles,Passport,1,3,138800.0,0,1,0,5,Medium,11.840796531639839,1,52,High,1
ENT304527,Partnership,Panama,Aadhaar,1,5,42700.0,0,0,3,14,High,10.661977618146238,1,36,Medium,0
ENT304528,Corporate,Mauritius,Passport,1,5,58200.0,0,0,0,23,Medium,10.971657815702502,1,12,Low,0
ENT304529,Corporate,Panama,Driving License,1,4,11700.0,0,0,0,5,Low,9.367429587218957,1,18,Low,0
ENT304530,Corporate,Germany,Voter ID,1,4,28000.0,0,0,0,3,High,10.239995502805316,0,0,Low,0
ENT304531,Individual,BVI,Voter ID,1,4,22500.0,0,0,0,13,High,10.021315031649332,1,12,Low,0
ENT304532,Individual,Mauritius,PAN,0,3,10300.0,0,0,0,2,Medium,9.239996256883693,1,17,Low,0
ENT304533,Corporate,Cayman Islands,Aadhaar,1,3,131800.0,0,0,1,6,Medium,11.789048488275174,1,20,Low,0
ENT304534,Corporate,USA,Voter ID,1,7,442800.0,0,0,2,9,Low,13.000875738169986,0,22,Medium,0
ENT304535,Trust,Seychelles,Aadhaar,1,7,33000.0,0,0,0,7,High,10.404293143019792,1,12,Low,0
ENT304536,Partnership,USA,Passport,1,1,92100.0,0,0,0,22,High,11.430641079947755,0,0,Low,0
ENT304537,Individual,UK,PAN,1,7,36500.0,0,0,0,15,Medium,10.505094936455558,0,0,Low,0
ENT304538,Corporate,Mauritius,Passport,1,5,314100.0,0,0,0,2,High,12.657469869221128,1,12,Low,0
ENT304539,Individual,Panama,Passport,1,4,44200.0,0,0,0,17,Medium,10.69650269224425,1,12,Low,0
ENT304540,Corporate,UAE,Voter ID,1,4,54700.0,0,0,1,7,High,10.909637269778615,0,8,Low,0
ENT304541,Partnership,Switzerland,Driving License,0,6,204100.0,0,0,0,14,Medium,12.226370248344972,0,5,Low,0
ENT304542,Corporate,Singapore,Voter ID,1,4,8000.0,1,0,0,14,Medium,8.987321812850125,0,15,Low,1
ENT304543,Corporate,Singapore,PAN,1,5,59600.0,0,0,3,28,High,10.995427631436174,0,24,Medium,0
ENT304544,Corporate,Cyprus,Driving License,1,1,239700.0,0,0,0,17,High,12.387147592295292,1,12,Low,0
ENT304545,Corporate,USA,PAN,1,5,387700.0,0,0,0,20,Low,12.867989702969597,0,6,Low,0
ENT304546,Individual,Hong Kong,Passport,1,6,623500.0,0,0,0,2,Medium,13.34310564795018,0,0,Low,0
ENT304547,Individual,BVI,Driving License,1,4,102100.0,0,0,0,3,Medium,11.533717798424087,1,12,Low,0
ENT304548,Trust,Switzerland,Aadhaar,0,1,300900.0,0,0,0,18,Medium,12.614536585975857,0,5,Low,0
ENT304549,Individual,Germany,Voter ID,1,4,19700.0,0,0,0,7,Medium,9.888424674859083,0,0,Low,0
ENT304550,Individual,Hong Kong,Passport,1,7,94900.0,0,0,0,23,High,11.460589521950299,0,0,Low,0
ENT304551,Individual,Cyprus,PAN,1,5,91500.0,0,0,0,3,High,11.424105180165641,1,12,Low,0
ENT304552,Corporate,Singapore,Passport,1,7,85600.0,0,0,2,27,High,11.357452244304588,0,16,Low,0
ENT304553,Corporate,USA,Aadhaar,1,2,15800.0,0,0,0,1,High,9.6678285081515,0,0,Low,0
ENT304554,Corporate,BVI,Driving License,1,5,34500.0,0,0,0,28,High,10.448743588106625,1,12,Low,0
ENT304555,Individual,India,PAN,1,1,218000.0,0,0,0,19,High,12.292254928916668,0,0,Low,0
ENT304556,Individual,Cayman Islands,PAN,1,3,17900.0,0,0,0,13,Medium,9.792611856190192,1,12,Low,0
ENT304557,Corporate,USA,PAN,1,6,30000.0,0,0,0,10,Medium,10.308985993422082,0,0,Low,0
ENT304558,Partnership,Cyprus,Voter ID,1,5,66200.0,0,0,0,29,Medium,11.10045084755119,1,12,Low,0
ENT304559,Corporate,Panama,Aadhaar,1,1,12600.0,0,0,0,29,Medium,9.441531454869693,1,12,Low,0
ENT304560,Individual,Switzerland,Driving License,1,4,18300.0,0,0,0,25,High,9.814710982145282,0,0,Low,0
ENT304561,Corporate,USA,Driving License,1,1,97000.0,0,0,0,28,High,11.48247656671073,0,0,Low,0
ENT304562,Individual,USA,PAN,1,7,161300.0,0,0,0,19,High,11.991027463722105,0,0,Low,0
ENT304563,Corporate,UAE,Passport,1,7,67200.0,0,0,3,13,High,11.1154434073529,0,24,Medium,0
ENT304564,Corporate,Singapore,PAN,1,1,15800.0,0,0,0,26,Medium,9.6678285081515,0,0,Low,0
ENT304565,Individual,Seychelles,PAN,0,4,6400.0,0,0,2,27,High,8.764209507142004,1,33,Medium,0
ENT304566,Individual,Mauritius,Passport,1,2,614500.0,0,0,0,21,Medium,13.328565835326202,1,12,Low,0
ENT304567,Trust,Mauritius,Aadhaar,1,6,16700.0,0,0,1,20,High,9.723223876851618,1,20,Low,0
ENT304568,Individual,UAE,Passport,1,2,17500.0,0,0,0,25,High,9.770013301136158,0,0,Low,0
ENT304569,Corporate,Panama,Voter ID,1,2,11700.0,0,0,0,20,High,9.367429587218957,1,12,Low,0
ENT304570,Individual,China,Passport,1,2,35600.0,0,0,1,22,High,10.480129006333248,0,8,Low,0
ENT304571,Individual,Seychelles,Passport,1,7,157600.0,0,0,0,19,High,11.967821801563451,1,12,Low,0
ENT304572,Partnership,Panama,Passport,1,6,24700.0,0,0,0,11,Low,10.114599007626499,1,18,Low,0
ENT304573,Individual,UK,Passport,1,1,10200.0,0,0,0,23,High,9.23024103368252,0,0,Low,0
ENT304574,Individual,Seychelles,Voter ID,1,6,197700.0,0,0,0,12,Medium,12.194511067314858,1,12,Low,0
ENT304575,Individual,Cyprus,Voter ID,1,2,44600.0,0,0,0,1,High,10.70551155928146,1,12,Low,0
ENT304576,Corporate,Cayman Islands,Driving License,1,2,82000.0,0,0,0,19,High,11.314486721293981,1,12,Low,0
ENT304577,Individual,BVI,Aadhaar,1,6,103600.0,0,0,0,26,High,11.548302261270587,1,12,Low,0
ENT304578,Corporate,China,Driving License,1,3,278600.0,0,0,0,4,Medium,12.53753592969685,0,0,Low,0
ENT304579,Individual,Singapore,PAN,1,6,307000.0,0,0,0,1,Low,12.634606283893019,0,6,Low,0
ENT304580,Individual,UAE,Driving License,1,6,24400.0,0,0,0,12,Medium,10.102379394048045,0,0,Low,0
ENT304581,Individual,China,Driving License,0,7,95000.0,0,0,0,3,High,11.461642696843066,0,5,Low,0
ENT304582,Corporate,India,Driving License,1,3,97600.0,0,0,1,15,Low,11.488643018250334,0,14,Low,0
ENT304583,Corporate,BVI,Passport,1,7,114000.0,0,0,0,14,Medium,11.643962499267984,1,12,Low,0
ENT304584,Individual,UK,Aadhaar,1,6,518000.0,0,0,0,17,High,13.157732451741687,0,0,Low,0
ENT304585,Corporate,USA,Driving License,1,5,16000.0,1,0,0,28,Medium,9.680406499268875,0,15,Low,1
ENT304586,Individual,Panama,Voter ID,1,1,138800.0,0,0,3,16,Low,11.840796531639839,1,42,High,1
ENT304587,Corporate,Cayman Islands,Driving License,1,5,34400.0,0,0,0,29,High,10.445840912706414,1,12,Low,0
ENT304588,Partnership,Mauritius,Driving License,1,5,19100.0,0,0,0,4,Medium,9.857495968685136,1,12,Low,0
ENT304589,Individual,Switzerland,Passport,1,4,152800.0,0,0,0,6,Medium,11.93689170019576,0,0,Low,0
ENT304590,Corporate,UK,Voter ID,1,1,972000.0,0,0,0,28,High,13.78711211224863,0,1,Low,0
ENT304591,Individual,Panama,Passport,1,5,137000.0,0,0,0,22,High,11.827743504053695,1,12,Low,0
ENT304592,Corporate,USA,Passport,1,4,482900.0,0,0,0,9,High,13.087566942681606,0,0,Low,0
ENT304593,Trust,UAE,PAN,1,6,278300.0,0,0,0,15,High,12.536458540752227,0,0,Low,0
ENT304594,Corporate,USA,Aadhaar,1,6,95100.0,0,0,0,24,High,11.462694763725306,0,0,Low,0
ENT304595,Individual,UAE,Voter ID,1,4,334100.0,0,0,0,9,High,12.719198621456203,0,0,Low,0
ENT304596,Corporate,Seychelles,Driving License,1,2,17000.0,0,0,0,24,High,9.741027444837728,1,12,Low,0
ENT304597,Individual,Panama,Voter ID,1,2,36300.0,0,0,0,1,High,10.499600568082863,1,12,Low,0
ENT304598,Individual,Panama,PAN,1,6,76100.0,0,0,0,1,High,11.239816684367907,1,12,Low,0
ENT304599,Individual,BVI,Aadhaar,1,1,17200.0,1,0,0,16,High,9.75272280064639,1,27,Medium,1
ENT304600,Individual,Switzerland,PAN,1,3,10000.0,0,0,0,12,Medium,9.210440366976517,0,0,Low,0
ENT304601,Partnership,Germany,Passport,1,4,116600.0,0,0,0,18,High,11.666513129191083,0,0,Low,0
ENT304602,Corporate,Singapore,Voter ID,1,3,118800.0,0,0,0,19,Medium,11.685205103383671,0,0,Low,0
ENT304603,Corporate,BVI,PAN,1,1,50800.0,0,0,0,16,High,10.835671318412196,1,12,Low,0
ENT304604,Corporate,UK,Voter ID,1,2,32800.0,0,0,0,24,Medium,10.39821428171237,0,0,Low,0
ENT304605,Corporate,UK,Passport,1,1,139100.0,0,0,0,26,High,11.842955566958302,0,0,Low,0
ENT304606,Corporate,Hong Kong,Driving License,1,5,117500.0,0,0,0,24,High,11.674202123168433,0,0,Low,0
ENT304607,Partnership,UAE,Driving License,1,2,83000.0,0,0,0,25,Medium,11.326607934898927,0,0,Low,0
ENT304608,Corporate,Mauritius,Aadhaar,1,5,55900.0,0,0,0,20,Low,10.93133754807084,1,18,Low,0
ENT304609,Individual,Hong Kong,Voter ID,1,3,11900.0,0,0,0,29,Medium,9.38437770918244,0,0,Low,0
ENT304610,Corporate,UAE,Passport,1,7,67700.0,0,0,0,15,High,11.12285622984002,0,0,Low,0
ENT304611,Individual,Singapore,Voter ID,1,7,11200.0,0,0,0,4,Low,9.32375833901174,0,6,Low,0
ENT304612,Individual,Seychelles,Driving License,1,1,72900.0,0,0,0,29,Medium,11.196857635323791,1,12,Low,0
ENT304613,Trust,Cyprus,Voter ID,1,7,18100.0,0,0,0,11,Medium,9.803722464346553,1,12,Low,0
ENT304614,Corporate,Switzerland,Passport,1,4,66700.0,0,0,0,25,High,11.107975224295076,0,0,Low,0
ENT304615,Corporate,Singapore,Passport,1,4,95600.0,0,0,1,15,Medium,11.467938559235831,0,8,Low,0
ENT304616,Individual,Panama,PAN,1,4,169000.0,0,0,1,26,High,12.037659911047468,1,20,Low,0
ENT304617,Corporate,Mauritius,Aadhaar,1,1,373400.0,0,0,0,21,Medium,12.830408188179371,1,12,Low,0
ENT304618,Trust,India,Voter ID,1,1,2000.0,0,0,0,18,High,7.601402334583733,0,0,Low,0
ENT304619,Corporate,UK,Passport,1,7,50800.0,0,0,0,7,Low,10.835671318412196,0,6,Low,0
ENT304620,Individual,Switzerland,Passport,1,2,119800.0,0,0,0,4,High,11.693587311874056,0,0,Low,0
ENT304621,Individual,USA,Driving License,1,4,95300.0,0,0,0,9,Low,11.464795582766675,0,6,Low,0
ENT304622,Corporate,Germany,Voter ID,1,7,182100.0,0,0,0,28,Medium,12.112316757188815,0,0,Low,0
ENT304623,Corporate,Cayman Islands,Voter ID,1,1,37900.0,0,0,0,4,Medium,10.542732775946709,1,12,Low,0
ENT304624,Individual,Germany,Driving License,1,2,252400.0,0,0,0,5,High,12.438774371606481,0,0,Low,0
ENT304625,Individual,Seychelles,Aadhaar,1,1,342500.0,0,0,0,8,High,12.744029856388185,1,12,Low,0
ENT304626,Individual,Panama,PAN,1,4,33100.0,0,0,0,14,High,10.407318772389159,1,12,Low,0
ENT304627,Individual,Germany,Passport,1,5,322900.0,0,0,0,12,High,12.685101053675606,0,0,Low,0
ENT304628,Individual,BVI,Voter ID,1,3,32900.0,0,0,0,10,High,10.401258331428318,1,12,Low,0
ENT304629,Corporate,Seychelles,Aadhaar,1,4,28700.0,0,0,0,23,High,10.264687244346277,1,12,Low,0
ENT304630,Individual,India,PAN,1,7,103600.0,0,0,0,26,High,11.548302261270587,0,0,Low,0
ENT304631,Individual,USA,Aadhaar,1,6,112700.0,0,0,0,3,High,11.632493573102964,0,0,Low,0
ENT304632,Corporate,UAE,PAN,1,2,64900.0,0,0,3,18,Medium,11.080618310893968,0,24,Medium,0
ENT304633,Individual,Cyprus,Voter ID,1,2,93900.0,0,0,2,18,Low,11.44999631476691,1,34,Medium,0
ENT304634,Individual,Singapore,Aadhaar,1,5,431500.0,0,0,0,17,Medium,12.975025107000038,0,0,Low,0
ENT304635,Individual,Hong Kong,PAN,1,7,59900.0,0,0,0,16,Medium,11.000448478455008,0,0,Low,0
ENT304636,Individual,USA,Voter ID,1,3,116800.0,0,0,1,1,High,11.66822691098345,0,8,Low,0
ENT304637,Individual,UK,Aadhaar,1,5,42700.0,0,0,0,21,High,10.661977618146238,0,0,Low,0
ENT304638,Individual,Hong Kong,Passport,1,1,10100.0,0,0,0,4,Medium,9.220389707829185,0,0,Low,0
ENT304639,Corporate,BVI,Aadhaar,1,7,97400.0,0,1,0,13,High,11.486591756518374,1,52,High,1
ENT304640,Individual,Mauritius,Aadhaar,1,6,51100.0,0,0,1,19,High,10.841559345471941,1,20,Low,0
ENT304641,Corporate,UAE,Aadhaar,1,5,45000.0,0,0,0,4,Medium,10.714439990727769,0,0,Low,0
ENT304642,Corporate,Germany,Voter ID,1,6,75400.0,0,0,0,14,Medium,11.230575816507569,0,0,Low,0
ENT304643,Trust,USA,PAN,1,4,69300.0,0,0,0,20,High,11.146214615088313,0,0,Low,0
ENT304644,Corporate,India,Voter ID,1,3,446700.0,1,0,2,23,Low,13.009644745976612,0,37,Medium,1
ENT304645,Corporate,Germany,PAN,1,6,7400.0,0,0,0,12,Medium,8.909370405197466,0,0,Low,0
ENT304646,Partnership,Switzerland,PAN,1,5,33000.0,0,0,0,1,High,10.404293143019792,0,0,Low,0
ENT304647,Individual,India,Voter ID,1,4,88500.0,0,0,0,8,High,11.390769130367211,0,0,Low,0
ENT304648,Individual,Switzerland,Passport,1,3,38000.0,0,0,0,1,High,10.545367754151743,0,0,Low,0
ENT304649,Trust,China,PAN,1,4,270700.0,0,0,0,12,Medium,12.508770169721908,0,0,Low,0
ENT304650,Individual,Panama,Voter ID,0,7,7000.0,0,0,0,8,High,8.853808274977197,1,17,Low,0
ENT304651,Individual,Panama,Driving License,1,3,41000.0,0,0,0,17,High,10.62135173563291,1,12,Low,0
ENT304652,Partnership,Cayman Islands,Aadhaar,1,4,557000.0,0,0,0,10,High,13.230322314239945,1,12,Low,0
ENT304653,Individual,Panama,Passport,1,4,40200.0,1,0,0,19,High,10.601647149919609,1,27,Medium,1
ENT304654,Individual,UAE,PAN,1,5,447200.0,0,0,0,2,Medium,13.010763436956484,0,0,Low,0
ENT304655,Individual,Switzerland,Voter ID,1,7,12600.0,0,0,0,6,High,9.441531454869693,0,0,Low,0
ENT304656,Individual,USA,Aadhaar,1,1,101400.0,0,0,0,10,High,11.52683823202353,0,0,Low,0
ENT304657,Individual,Switzerland,Voter ID,1,2,47100.0,0,0,0,12,High,10.76004951120163,0,0,Low,0
ENT304658,Individual,India,Voter ID,1,2,55200.0,0,0,1,2,High,10.918736348043124,0,8,Low,0
ENT304659,Individual,China,Voter ID,1,5,6200.0,1,0,0,16,High,8.732465848349879,0,15,Low,1
ENT304660,Partnership,Cayman Islands,PAN,1,6,365400.0,1,0,0,13,Low,12.808750659649172,1,33,Medium,1
ENT304661,Corporate,Seychelles,Driving License,1,2,58500.0,0,0,1,24,Low,10.97679912709094,1,26,Medium,0
ENT304662,Corporate,Germany,Voter ID,1,6,85000.0,0,0,0,15,High,11.350418300109132,0,0,Low,0
ENT304663,Individual,UAE,Aadhaar,1,2,96000.0,0,0,0,11,Medium,11.472113887062386,0,0,Low,0
ENT304664,Corporate,Seychelles,Passport,0,5,46300.0,0,0,0,8,Medium,10.742918838113225,1,17,Low,0
ENT304665,Individual,USA,Driving License,1,1,16100.0,0,0,0,16,High,9.686636660844938,0,0,Low,0
ENT304666,Corporate,Singapore,Aadhaar,1,3,23200.0,0,0,0,29,Medium,10.05195066017375,0,0,Low,0
ENT304667,Individual,UK,PAN,1,3,17300.0,0,0,0,28,Medium,9.758519582283522,0,0,Low,0
ENT304668,Individual,Seychelles,Voter ID,1,1,119400.0,1,0,2,11,High,11.690242855114947,1,43,High,1
ENT304669,Corporate,Switzerland,Voter ID,1,5,341100.0,0,0,0,7,Medium,12.739933900094027,0,0,Low,0
ENT304670,Corporate,Mauritius,PAN,1,6,237000.0,0,0,1,15,High,12.37581963951765,1,20,Low,0
ENT304671,Corporate,BVI,Passport,1,1,167900.0,0,0,3,26,Medium,12.031129798974042,1,36,Medium,0
ENT304672,Corporate,BVI,Passport,1,7,63100.0,0,0,0,13,Medium,11.052491896264268,1,12,Low,0
ENT304673,Corporate,UAE,Aadhaar,1,1,179900.0,0,0,0,2,High,12.100161978566867,0,0,Low,0
ENT304674,Individual,UK,Driving License,1,6,16200.0,0,0,0,5,High,9.692828247710418,0,0,Low,0
ENT304675,Individual,Hong Kong,Passport,1,3,8800.0,0,0,0,6,High,9.082620630373812,0,0,Low,0
ENT304676,Individual,Cyprus,Aadhaar,1,7,282900.0,0,0,0,6,High,12.552852292101369,1,12,Low,0
ENT304677,Individual,Switzerland,Driving License,0,3,23200.0,0,0,3,8,Medium,10.05195066017375,0,29,Medium,0
ENT304678,Corporate,Mauritius,PAN,1,1,117000.0,0,0,0,5,High,11.669937760751914,1,12,Low,0
ENT304679,Individual,Panama,Driving License,0,6,37300.0,0,0,0,15,High,10.526775414924009,1,17,Low,0
ENT304680,Individual,USA,Passport,1,1,16300.0,0,0,1,26,High,9.69898173460629,0,8,Low,0
ENT304681,Individual,Panama,Passport,1,6,149200.0,0,0,0,20,Medium,11.913049669142206,1,12,Low,0
ENT304682,Partnership,Mauritius,Passport,1,5,135800.0,1,0,1,2,High,11.81894585784987,1,35,Medium,1
ENT304683,Corporate,Mauritius,Driving License,0,5,54700.0,0,0,2,27,High,10.909637269778615,1,33,Medium,0
ENT304684,Individual,Mauritius,Voter ID,1,1,32300.0,0,0,0,2,Low,10.382853468483827,1,18,Low,0
ENT304685,Partnership,Singapore,Driving License,1,3,133200.0,0,0,3,28,High,11.799614544567753,0,24,Medium,0
ENT304686,Individual,Panama,Driving License,1,4,78300.0,0,0,0,29,High,11.268315653289422,1,12,Low,0
ENT304687,Corporate,Cayman Islands,Voter ID,1,3,55500.0,0,0,0,24,Medium,10.92415631759022,1,12,Low,0
ENT304688,Corporate,BVI,Passport,1,2,18900.0,0,1,0,12,High,9.846970109700957,1,52,High,1
ENT304689,Individual,Singapore,Passport,1,5,58100.0,0,0,0,14,Medium,10.969938154395841,0,0,Low,0
ENT304690,Individual,Mauritius,Voter ID,1,1,102900.0,1,0,0,9,Medium,11.541522639947903,1,27,Medium,1
ENT304691,Corporate,China,Aadhaar,1,3,63300.0,0,0,0,24,High,11.055656405795794,0,0,Low,0
ENT304692,Individual,Germany,Driving License,1,4,31900.0,0,1,0,1,High,10.370392636243981,0,40,Medium,1
ENT304693,Corporate,Cyprus,Aadhaar,1,1,5600.0,0,0,2,19,Low,8.630700432209832,1,34,Medium,0
ENT304694,Individual,Singapore,Passport,1,1,23600.0,0,0,0,26,High,10.069044362997353,0,0,Low,0
ENT304695,Corporate,Cyprus,PAN,1,5,52200.0,0,0,0,10,Medium,10.862856930775358,1,12,Low,0
ENT304696,Individual,Switzerland,Driving License,1,2,858200.0,0,0,0,16,Low,13.662593616768433,0,6,Low,0
ENT304697,Corporate,Hong Kong,PAN,1,4,286400.0,0,0,0,15,Low,12.565148205682643,0,6,Low,0
ENT304698,Corporate,Singapore,Passport,1,6,11900.0,0,0,0,7,Medium,9.38437770918244,0,0,Low,0
ENT304699,Individual,Singapore,Passport,1,3,5300.0,0,0,0,5,High,8.575650760987806,0,0,Low,0
ENT304700,Individual,BVI,Driving License,1,3,3700.0,0,0,0,29,Medium,8.216358332386156,1,12,Low,0
ENT304701,Individual,Germany,Passport,1,4,76700.0,0,0,0,1,Medium,11.247670025080003,0,0,Low,0
ENT304702,Corporate,Panama,Voter ID,1,5,19100.0,0,0,0,25,Medium,9.857495968685136,1,12,Low,0
ENT304703,Individual,UAE,Driving License,1,5,90000.0,0,0,2,25,High,11.407576060361786,0,16,Low,0
ENT304704,Partnership,Singapore,Aadhaar,1,3,22700.0,0,0,0,21,Low,10.030164255362632,0,6,Low,0
ENT304705,Corporate,BVI,Driving License,1,6,83900.0,0,0,0,21,High,11.3373928113354,1,12,Low,0
ENT304706,Corporate,Germany,Driving License,1,5,13700.0,0,0,0,19,Medium,9.525224101853109,0,0,Low,0
ENT304707,Corporate,UK,PAN,1,7,109400.0,1,0,0,22,High,11.602775309696066,0,15,Low,1
ENT304708,Partnership,UAE,PAN,1,6,54500.0,0,0,2,8,Medium,10.905974329106854,0,16,Low,0
ENT304709,Individual,Switzerland,Passport,1,1,12600.0,0,0,0,14,Medium,9.441531454869693,0,0,Low,0
ENT304710,Partnership,Germany,Aadhaar,1,5,449500.0,0,0,0,22,High,13.015893357585442,0,0,Low,0
ENT304711,Corporate,Mauritius,PAN,1,1,51600.0,0,0,1,25,Medium,10.851296331126829,1,20,Low,0
ENT304712,Individual,BVI,PAN,1,4,42800.0,0,0,2,10,High,10.664316745782925,1,28,Medium,0
ENT304713,Individual,India,Aadhaar,1,3,36600.0,0,0,0,27,High,10.50783084142058,0,0,Low,0
ENT304714,Individual,Mauritius,Driving License,1,3,167500.0,0,0,0,23,High,12.02874460037869,1,12,Low,0
ENT304715,Corporate,BVI,Voter ID,1,5,3800.0,0,0,1,22,Medium,8.24301946898925,1,20,Low,0
ENT304716,Individual,BVI,PAN,1,4,47800.0,0,0,0,1,Medium,10.774801838762809,1,12,Low,0
ENT304717,Partnership,Singapore,PAN,0,3,37800.0,0,0,0,6,High,10.540090836284206,0,5,Low,0
ENT304718,Individual,USA,Passport,1,2,10600.0,0,0,0,29,High,9.268703615273097,0,0,Low,0
ENT304719,Individual,Germany,Aadhaar,1,2,103400.0,0,0,0,11,High,11.546369912189585,0,0,Low,0
ENT304720,Individual,Panama,Aadhaar,1,2,76300.0,0,0,0,16,Medium,11.242441323346558,1,12,Low,0
ENT304721,Individual,Hong Kong,Passport,0,5,111700.0,0,0,0,27,High,11.623580937568695,0,5,Low,0
ENT304722,Corporate,Hong Kong,PAN,1,5,119400.0,0,0,0,11,High,11.690242855114947,0,0,Low,0
ENT304723,Individual,Panama,Voter ID,1,1,91400.0,0,0,0,4,Medium,11.423011698301426,1,12,Low,0
ENT304724,Individual,Switzerland,Aadhaar,1,5,18400.0,0,0,0,13,Medium,9.820160289946374,0,0,Low,0
ENT304725,Corporate,UAE,Driving License,0,5,559800.0,0,0,0,25,Medium,13.235336642414163,0,5,Low,0
ENT304726,Individual,Switzerland,Voter ID,0,1,88800.0,0,0,0,15,High,11.394153190178114,0,5,Low,0
ENT304727,Individual,Cyprus,Voter ID,1,4,73800.0,0,0,0,4,High,11.209127560632263,1,12,Low,0
ENT304728,Individual,Hong Kong,Aadhaar,1,3,98100.0,0,0,0,1,Low,11.493752839181418,0,6,Low,0
ENT304729,Individual,Hong Kong,PAN,0,6,12000.0,0,0,1,24,Medium,9.392745258631441,0,13,Low,0
ENT304730,Individual,Seychelles,PAN,0,6,229600.0,0,0,0,7,High,12.34409829881876,1,17,Low,0
ENT304731,Individual,Mauritius,Driving License,1,3,157200.0,0,0,0,21,Medium,11.965280520280166,1,12,Low,0
ENT304732,Individual,Panama,Passport,1,7,15900.0,0,0,3,15,Medium,9.674137279312397,1,36,Medium,0
ENT304733,Individual,China,Driving License,1,5,20100.0,0,0,3,17,Medium,9.908524844053396,0,24,Medium,0
ENT304734,Trust,China,Aadhaar,1,5,170300.0,0,0,0,3,High,12.045322738624144,0,0,Low,0
ENT304735,Individual,Cayman Islands,Passport,1,3,359600.0,0,0,1,23,High,12.792750362443366,1,20,Low,0
ENT304736,Individual,Cayman Islands,PAN,1,1,31200.0,0,0,0,1,Low,10.348205424565993,1,18,Low,0
ENT304737,Corporate,Singapore,PAN,1,2,122700.0,0,0,0,13,Medium,11.717505780625043,0,0,Low,0
ENT304738,Individual,China,Aadhaar,1,6,151500.0,1,0,0,6,High,11.928347504569842,0,15,Low,1
ENT304739,Individual,Cyprus,Passport,0,5,215900.0,0,0,0,4,Medium,12.282575248266141,1,17,Low,0
ENT304740,Individual,China,Driving License,1,7,203100.0,0,0,0,24,High,12.221458671239269,0,0,Low,0
ENT304741,Individual,UK,Passport,1,5,123800.0,0,0,0,14,Medium,11.726430716744437,0,0,Low,0
ENT304742,Individual,Singapore,Driving License,1,4,216800.0,0,0,0,16,High,12.286735161083115,0,0,Low,0
ENT304743,Partnership,Cayman Islands,Driving License,1,5,106300.0,0,0,0,18,High,11.574029971623514,1,12,Low,0
ENT304744,Corporate,Switzerland,Voter ID,1,5,67100.0,0,0,0,24,High,11.11395422597838,0,0,Low,0
ENT304745,Individual,Seychelles,Aadhaar,1,5,90300.0,1,0,0,4,Medium,11.410903813540878,1,27,Medium,1
ENT304746,Partnership,Singapore,Voter ID,1,5,23100.0,0,0,0,20,High,10.047631185616188,0,0,Low,0
ENT304747,Partnership,Mauritius,Passport,1,4,232100.0,0,0,0,12,High,12.354927900740968,1,12,Low,0
ENT304748,Corporate,BVI,Driving License,0,1,868100.0,0,0,0,26,Low,13.674063346320256,1,24,Medium,0
ENT304749,Corporate,BVI,Passport,1,4,69200.0,0,0,0,15,High,11.1447705923684,1,12,Low,0
ENT304750,Individual,China,Passport,1,6,69400.0,0,0,0,17,High,11.147656555612986,0,0,Low,0
ENT304751,Corporate,Singapore,PAN,1,3,129900.0,0,0,0,10,Medium,11.774527900858468,0,0,Low,0
ENT304752,Corporate,Cayman Islands,Voter ID,1,5,67300.0,0,0,1,19,Medium,11.116930374363438,1,20,Low,0
ENT304753,Individual,USA,Passport,1,2,130100.0,0,0,2,13,Low,11.776066350866136,0,22,Medium,0
ENT304754,Corporate,India,Aadhaar,1,2,87000.0,1,0,0,21,Medium,11.373674891823535,0,15,Low,1
ENT304755,Individual,Germany,PAN,1,5,36800.0,0,0,0,3,Medium,10.513280297700861,0,0,Low,0
ENT304756,Individual,Germany,Aadhaar,1,6,7600.0,0,0,0,28,High,8.936035096566041,0,0,Low,0
ENT304757,Individual,Cyprus,Voter ID,1,7,13700.0,0,0,1,19,High,9.525224101853109,1,20,Low,0
ENT304758,Individual,Singapore,PAN,1,1,150500.0,0,0,1,15,High,11.921725007667265,0,8,Low,0
ENT304759,Individual,UAE,Voter ID,1,4,34700.0,0,1,1,26,Low,10.454523783963511,0,54,High,1
ENT304760,Trust,India,Voter ID,1,7,260500.0,0,0,0,7,Medium,12.470361978939783,0,0,Low,0
ENT304761,Individual,Cyprus,Voter ID,1,6,34700.0,0,0,0,13,High,10.454523783963511,1,12,Low,0
ENT304762,Corporate,China,Voter ID,1,5,60500.0,0,0,0,3,High,11.010415172807951,0,0,Low,0
ENT304763,Corporate,UAE,PAN,1,5,12500.0,0,0,0,25,Medium,9.433563920090563,0,0,Low,0
ENT304764,Corporate,Switzerland,PAN,1,7,78900.0,0,0,0,15,Low,11.275949181024878,0,6,Low,0
ENT304765,Corporate,Cyprus,Passport,1,7,89200.0,0,0,0,25,High,11.398647529267592,1,12,Low,0
ENT304766,Corporate,Hong Kong,PAN,1,3,86400.0,0,0,0,28,High,11.366754528799241,0,0,Low,0
ENT304767,Corporate,Panama,Passport,1,6,14800.0,0,0,0,3,High,9.60245002503719,1,12,Low,0
ENT304768,Partnership,India,Passport,1,1,271200.0,1,0,0,21,High,12.510615522357213,0,15,Low,1
ENT304769,Corporate,India,PAN,1,3,101200.0,0,0,1,26,High,11.524863917209606,0,8,Low,0
ENT304770,Partnership,Singapore,PAN,1,1,202900.0,0,0,0,19,High,12.220473454337986,0,0,Low,0
ENT304771,Individual,Hong Kong,PAN,1,1,101300.0,1,0,0,27,High,11.525851561856362,0,15,Low,1
ENT304772,Partnership,Germany,PAN,1,4,336100.0,0,0,0,25,High,12.72516698901374,0,0,Low,0
ENT304773,Corporate,Mauritius,Voter ID,1,1,250600.0,0,0,0,9,Medium,12.431617311859128,1,12,Low,0
ENT304774,Corporate,Hong Kong,PAN,1,3,14300.0,0,0,0,23,High,9.568084743872936,0,0,Low,0
ENT304775,Corporate,BVI,Driving License,1,7,32000.0,0,0,0,21,High,10.373522431293592,1,12,Low,0
ENT304776,Corporate,USA,Aadhaar,1,7,22400.0,0,0,0,21,High,10.016860879703811,0,0,Low,0
ENT304777,Individual,Hong Kong,Driving License,1,3,13700.0,0,0,0,21,High,9.525224101853109,0,0,Low,0
ENT304778,Trust,Mauritius,PAN,1,6,59600.0,0,0,0,5,Medium,10.995427631436174,1,12,Low,0
ENT304779,Partnership,Singapore,Voter ID,1,3,70500.0,0,0,3,17,High,11.163382173096926,0,24,Medium,0
ENT304780,Corporate,UK,Aadhaar,1,2,110300.0,0,0,0,29,High,11.610968271383634,0,0,Low,0
ENT304781,Corporate,Hong Kong,Driving License,1,6,206800.0,0,1,2,19,Medium,12.239512257194662,0,56,High,1
ENT304782,Corporate,Germany,Driving License,0,1,262700.0,0,0,0,15,Medium,12.478771782289911,0,5,Low,0
ENT304783,Individual,UK,PAN,1,2,195600.0,0,0,0,13,Low,12.183832149044223,0,6,Low,0
ENT304784,Individual,Hong Kong,Aadhaar,0,1,29400.0,0,0,1,18,High,10.288783966353765,0,13,Low,0
ENT304785,Corporate,Singapore,Aadhaar,1,5,161000.0,0,0,0,12,Medium,11.989165855127435,0,0,Low,0
ENT304786,Individual,Mauritius,Passport,1,2,99100.0,0,0,2,20,High,11.503894811084523,1,28,Medium,0
ENT304787,Corporate,Cyprus,Driving License,1,3,121900.0,0,0,0,4,Low,11.710964518881163,1,18,Low,0
ENT304788,Individual,Hong Kong,Passport,1,2,182200.0,0,0,0,29,High,12.112865752267137,0,0,Low,0
ENT304789,Corporate,Panama,PAN,1,5,161300.0,0,0,0,16,Medium,11.991027463722105,1,12,Low,0
ENT304790,Corporate,Panama,PAN,1,2,10700.0,0,0,0,23,High,9.278092474027002,1,12,Low,0
ENT304791,Corporate,Hong Kong,PAN,0,2,3964200.0,0,0,2,10,High,15.192814879503707,0,22,Medium,0
ENT304792,Individual,China,Driving License,1,2,102700.0,0,0,0,26,Low,11.539577132967588,0,6,Low,0
ENT304793,Corporate,Hong Kong,Passport,1,6,123400.0,0,0,0,20,Low,11.723194494148304,0,6,Low,0
ENT304794,Individual,India,Voter ID,1,5,64600.0,0,0,0,4,High,11.075985169527042,0,0,Low,0
ENT304795,Individual,USA,Aadhaar,1,7,108800.0,0,0,0,11,Low,11.597275804538212,0,6,Low,0
ENT304796,Individual,Cayman Islands,PAN,1,1,58200.0,0,0,0,27,High,10.971657815702502,1,12,Low,0
ENT304797,Corporate,USA,Driving License,0,2,24100.0,0,0,0,7,High,10.090008612393838,0,5,Low,0
ENT304798,Corporate,USA,Driving License,1,6,50900.0,0,0,0,19,Medium,10.837637848711049,0,0,Low,0
ENT304799,Corporate,Panama,Aadhaar,1,6,249500.0,1,0,0,6,High,12.427218202181711,1,27,Medium,1
ENT304800,Individual,Hong Kong,Voter ID,1,6,10100.0,0,0,0,18,Medium,9.220389707829185,0,0,Low,0
ENT304801,Individual,UAE,Voter ID,1,4,326900.0,0,0,0,8,Medium,12.697412651747085,0,0,Low,0
ENT304802,Corporate,China,Driving License,1,4,6400.0,0,0,0,14,High,8.764209507142004,0,0,Low,0
ENT304803,Corporate,India,Aadhaar,1,5,5700.0,0,0,0,1,Low,8.648396877031582,0,6,Low,0
ENT304804,Individual,Seychelles,Passport,1,4,236100.0,0,0,0,10,High,12.37201495855807,1,12,Low,0
ENT304805,Partnership,Cyprus,Driving License,1,4,442200.0,0,0,0,1,Low,12.999519808823099,1,18,Low,0
ENT304806,Individual,UK,Passport,1,1,91500.0,0,0,0,15,Medium,11.424105180165641,0,0,Low,0
ENT304807,Corporate,Mauritius,Aadhaar,1,4,137100.0,0,0,1,16,High,11.82847315946983,1,20,Low,0
ENT304808,Corporate,BVI,Driving License,1,1,23200.0,0,0,0,2,Medium,10.05195066017375,1,12,Low,0
ENT304809,Corporate,China,Driving License,1,1,28100.0,0,0,0,3,High,10.243560441877241,0,0,Low,0
ENT304810,Individual,Switzerland,Passport,1,3,14100.0,0,0,0,3,Low,9.55400099583723,0,6,Low,0
ENT304811,Individual,UAE,Aadhaar,1,5,68700.0,0,0,0,27,High,11.13751903414526,0,0,Low,0
ENT304812,Corporate,India,Aadhaar,1,1,14600.0,0,0,0,8,High,9.588845298501564,0,0,Low,0
ENT304813,Corporate,BVI,PAN,1,6,681000.0,0,0,3,23,High,13.431319053559353,1,36,Medium,0
ENT304814,Corporate,Mauritius,PAN,1,2,11300.0,0,0,0,20,High,9.332646496360152,1,12,Low,0
ENT304815,Corporate,Hong Kong,Voter ID,1,6,19600.0,0,0,0,13,Medium,9.883335864325275,0,0,Low,0
ENT304816,Corporate,USA,Driving License,1,3,53300.0,0,0,0,5,Medium,10.883710371704016,0,0,Low,0
ENT304817,Trust,Germany,PAN,1,6,436000.0,0,0,0,26,Low,12.985399815906522,0,6,Low,0
ENT304818,Corporate,India,Voter ID,1,2,187900.0,0,0,0,21,High,12.14367050736717,0,0,Low,0
ENT304819,Individual,Seychelles,Voter ID,1,4,72600.0,1,0,0,6,High,11.192733974822708,1,27,Medium,1
ENT304820,Individual,UK,Driving License,1,5,47400.0,0,0,0,27,High,10.766398604507042,0,0,Low,0
ENT304821,Individual,Mauritius,PAN,0,1,98100.0,0,0,0,22,Medium,11.493752839181418,1,17,Low,0
ENT304822,Individual,UAE,Aadhaar,1,2,161200.0,0,0,0,5,Medium,11.990407312509369,0,0,Low,0
ENT304823,Individual,India,Driving License,1,5,56100.0,0,0,0,8,Low,10.934908916663861,0,6,Low,0
ENT304824,Individual,Cayman Islands,Driving License,1,1,254100.0,0,0,0,8,Low,12.445487104758993,1,18,Low,0
ENT304825,Individual,UAE,Voter ID,1,7,70900.0,0,0,0,3,High,11.16903981679311,0,0,Low,0
ENT304826,Individual,BVI,Passport,1,5,63800.0,0,0,0,29,Low,11.063524143191238,1,18,Low,0
ENT304827,Individual,Switzerland,Passport,1,1,33400.0,0,0,0,12,Medium,10.416341118636355,0,0,Low,0
ENT304828,Individual,BVI,Voter ID,1,1,275900.0,0,0,0,11,High,12.52779738470044,1,12,Low,0
ENT304829,Corporate,USA,PAN,1,7,257000.0,0,0,0,6,High,12.456835254920371,0,0,Low,0
ENT304830,Trust,Singapore,Aadhaar,1,6,170500.0,0,0,0,8,High,12.046496440791149,0,0,Low,0
ENT304831,Individual,BVI,Passport,1,4,26400.0,0,0,0,13,Low,10.181157167204903,1,18,Low,0
ENT304832,Corporate,China,Passport,1,7,273600.0,0,0,1,12,High,12.519426119694613,0,8,Low,0
ENT304833,Corporate,UK,PAN,1,4,315700.0,0,0,0,17,High,12.66255084210521,0,0,Low,0
ENT304834,Partnership,India,Voter ID,1,2,274000.0,0,0,0,28,Medium,12.520887034998584,0,0,Low,0
ENT304835,Corporate,Singapore,Driving License,1,2,115400.0,0,0,0,22,Medium,11.656168298529856,0,0,Low,0
ENT304836,Trust,Switzerland,Voter ID,1,1,38600.0,0,0,0,18,High,10.5610334618531,0,0,Low,0
ENT304837,Individual,China,Voter ID,1,2,123900.0,0,0,0,13,High,11.727238138609684,0,0,Low,0
ENT304838,Corporate,Cayman Islands,PAN,1,1,308600.0,0,0,0,13,Medium,12.639804459346648,1,12,Low,0
ENT304839,Individual,Mauritius,Driving License,1,3,307300.0,0,0,0,6,Medium,12.63558300226232,1,12,Low,0
ENT304840,Corporate,BVI,Passport,1,5,86100.0,0,0,1,6,Medium,11.363276304750233,1,20,Low,0
ENT304841,Individual,Hong Kong,Passport,1,4,17000.0,0,0,0,9,High,9.741027444837728,0,0,Low,0
ENT304842,Corporate,Cayman Islands,Aadhaar,1,4,206800.0,0,0,0,3,Medium,12.239512257194662,1,12,Low,0
ENT304843,Corporate,Seychelles,Voter ID,1,3,39000.0,0,0,0,15,Low,10.571342565808699,1,18,Low,0
ENT304844,Corporate,India,Voter ID,1,5,80900.0,0,0,0,6,Medium,11.300981463909618,0,0,Low,0
ENT304845,Individual,Cayman Islands,PAN,1,1,27700.0,0,0,0,27,Medium,10.229223792606835,1,12,Low,0
ENT304846,Individual,Panama,Driving License,1,6,320200.0,0,0,0,10,Medium,12.67670420258797,1,12,Low,0
ENT304847,Individual,China,Passport,1,6,553700.0,0,0,0,29,Low,13.224380108841576,0,6,Low,0
ENT304848,Corporate,Cyprus,Voter ID,1,4,294900.0,0,0,0,25,Medium,12.594394985777612,1,12,Low,0
ENT304849,Partnership,UK,Aadhaar,1,4,9000.0,0,0,1,15,High,9.105090961257085,0,8,Low,0
ENT304850,Individual,Cyprus,Aadhaar,1,3,3700.0,0,0,0,5,Medium,8.216358332386156,1,12,Low,0
ENT304851,Corporate,China,Passport,1,5,28000.0,0,0,1,15,Medium,10.239995502805316,0,8,Low,0
ENT304852,Individual,Germany,Voter ID,1,1,91000.0,0,0,0,27,Medium,11.418625774449598,0,0,Low,0
ENT304853,Individual,Switzerland,Aadhaar,1,5,38900.0,0,0,0,26,Medium,10.568775236216993,0,0,Low,0
ENT304854,Trust,China,Passport,0,2,46600.0,0,0,0,27,High,10.74937727911096,0,5,Low,0
ENT304855,Partnership,UAE,Aadhaar,0,4,103100.0,0,0,0,7,High,11.54346436927906,0,5,Low,0
ENT304856,Individual,Hong Kong,Voter ID,1,1,69500.0,0,0,0,28,Medium,11.149096419938578,0,0,Low,0
ENT304857,Individual,UK,Voter ID,1,6,19600.0,0,0,0,22,High,9.883335864325275,0,0,Low,0
ENT304858,Trust,Germany,Aadhaar,1,3,529000.0,0,0,0,1,Medium,13.178745601197818,0,0,Low,0
ENT304859,Individual,Cayman Islands,Driving License,0,1,11100.0,0,0,1,10,Medium,9.314790473332646,1,25,Medium,0
ENT304860,Individual,Mauritius,Aadhaar,1,2,224400.0,0,0,0,2,High,12.321189908948735,1,12,Low,0
ENT304861,Corporate,USA,PAN,1,7,13600.0,0,0,0,7,High,9.517898598432753,0,0,Low,0
ENT304862,Corporate,UK,Voter ID,1,1,22700.0,0,0,0,14,Low,10.030164255362632,0,6,Low,0
ENT304863,Corporate,China,PAN,1,2,100800.0,0,0,0,14,Medium,11.520903555205116,0,0,Low,0
ENT304864,Individual,Singapore,PAN,1,7,152400.0,0,0,0,13,Low,11.934270483892945,0,6,Low,0
ENT304865,Trust,Mauritius,Driving License,1,3,85700.0,0,0,2,2,High,11.358619773129229,1,28,Medium,0
ENT304866,Individual,UAE,Voter ID,1,7,194000.0,0,0,1,27,High,12.175618592671356,0,8,Low,0
ENT304867,Partnership,USA,Voter ID,1,3,19900.0,0,0,0,3,Medium,9.898525260706313,0,0,Low,0
ENT304868,Partnership,USA,Voter ID,1,1,70600.0,0,0,0,23,High,11.16479958768697,0,0,Low,0
ENT304869,Partnership,Switzerland,Driving License,1,7,42000.0,0,0,0,26,Medium,10.645448706505872,0,0,Low,0
ENT304870,Individual,India,Aadhaar,1,5,27700.0,0,0,1,16,Low,10.229223792606835,0,14,Low,0
ENT304871,Corporate,Seychelles,PAN,1,7,46100.0,0,0,0,10,High,10.738589920723442,1,12,Low,0
ENT304872,Individual,Switzerland,Voter ID,1,3,71100.0,0,0,0,29,High,11.171856680390034,0,0,Low,0
ENT304873,Corporate,USA,PAN,1,6,15400.0,0,0,1,23,High,9.642187721358466,0,8,Low,0
ENT304874,Corporate,Seychelles,Voter ID,1,6,13100.0,0,0,0,7,Medium,9.48044384215367,1,12,Low,0
ENT304875,Individual,Hong Kong,Passport,1,7,27800.0,0,0,2,16,Medium,10.232827270254802,0,16,Low,0
ENT304876,Individual,India,PAN,0,4,11700.0,0,0,0,15,Medium,9.367429587218957,0,5,Low,0
ENT304877,Individual,Hong Kong,Driving License,1,2,1500.0,1,0,0,6,High,7.313886831633462,0,15,Low,1
ENT304878,Corporate,USA,Voter ID,1,4,58800.0,0,0,0,18,High,10.981914140544825,0,0,Low,0
ENT304879,Individual,Cyprus,Passport,1,6,65800.0,0,0,0,3,Medium,11.094390314766315,1,12,Low,0
ENT304880,Corporate,Mauritius,Aadhaar,1,7,404800.0,0,0,1,17,Medium,12.911150867308073,1,20,Low,0
ENT304881,Individual,India,Voter ID,1,7,678000.0,0,0,0,28,Medium,13.426904041847699,0,0,Low,0
ENT304882,Corporate,UAE,Aadhaar,1,2,67900.0,0,0,0,4,Medium,11.125806040978839,0,0,Low,0
ENT304883,Corporate,China,Aadhaar,1,4,10900.0,0,0,0,1,Low,9.296609807128359,0,6,Low,0
ENT304884,Individual,Switzerland,PAN,1,5,63100.0,0,0,0,20,High,11.052491896264268,0,0,Low,0
ENT304885,Individual,UAE,Aadhaar,1,7,56800.0,0,0,0,24,Medium,10.947309210188068,0,0,Low,0
ENT304886,Corporate,Cayman Islands,Voter ID,1,7,11000.0,0,0,0,26,Medium,9.305741456739435,1,12,Low,0
ENT304887,Corporate,UAE,Aadhaar,1,6,85100.0,0,0,0,1,High,11.35159406537374,0,0,Low,0
ENT304888,Individual,Hong Kong,Aadhaar,1,2,34500.0,0,0,0,6,Medium,10.448743588106625,0,0,Low,0
ENT304889,Corporate,USA,Aadhaar,1,5,54300.0,0,0,1,10,Low,10.902297921958713,0,14,Low,0
ENT304890,Corporate,Seychelles,Passport,1,3,49600.0,0,0,1,18,High,10.811766273800105,1,20,Low,0
ENT304891,Corporate,Cayman Islands,Passport,1,6,143900.0,0,0,0,13,High,11.87688084212164,1,12,Low,0
ENT304892,Individual,Seychelles,Aadhaar,1,3,6200.0,0,0,0,6,High,8.732465848349879,1,12,Low,0
ENT304893,Individual,Seychelles,Voter ID,1,3,140100.0,0,0,2,5,High,11.850118870058369,1,28,Medium,0
ENT304894,Partnership,BVI,PAN,1,7,262100.0,0,0,1,21,Medium,12.476485204641877,1,20,Low,0
ENT304895,Individual,Cayman Islands,Passport,1,4,190300.0,0,0,1,24,Low,12.15636230813118,1,26,Medium,0
ENT304896,Corporate,USA,Driving License,1,1,57500.0,0,0,0,14,Medium,10.959557617938563,0,0,Low,0
ENT304897,Corporate,USA,Driving License,1,4,16700.0,0,0,0,25,High,9.723223876851618,0,0,Low,0
ENT304898,Corporate,BVI,Passport,1,2,4500.0,0,0,0,3,High,8.412054873292933,1,12,Low,0
ENT304899,Individual,BVI,Voter ID,1,1,150900.0,0,0,0,7,High,11.924379271639218,1,12,Low,0
ENT304900,Corporate,Singapore,Voter ID,1,4,80900.0,0,0,0,1,High,11.300981463909618,0,0,Low,0
ENT304901,Corporate,UAE,Voter ID,1,5,47200.0,0,0,1,6,Medium,10.762170357789895,0,8,Low,0
ENT304902,Corporate,India,Aadhaar,1,1,362800.0,0,0,0,24,High,12.801609753558902,0,0,Low,0
ENT304903,Individual,Mauritius,Driving License,1,4,408200.0,0,0,3,1,Medium,12.919514979134402,1,36,Medium,0
ENT304904,Trust,Cyprus,PAN,1,1,18400.0,0,0,0,1,Medium,9.820160289946374,1,12,Low,0
ENT304905,Corporate,Germany,Driving License,1,4,29400.0,0,0,0,12,High,10.288783966353765,0,0,Low,0
ENT304906,Individual,Switzerland,Driving License,1,7,58500.0,0,0,0,20,High,10.97679912709094,0,0,Low,0
ENT304907,Partnership,Panama,Aadhaar,1,2,215400.0,0,0,0,9,High,12.280256686219182,1,12,Low,0
ENT304908,Individual,Hong Kong,Passport,1,4,136000.0,0,0,0,26,Low,11.820417517632333,0,6,Low,0
ENT304909,Corporate,Panama,Aadhaar,1,6,143300.0,0,0,0,6,High,11.872702592158976,1,12,Low,0
ENT304910,Individual,Singapore,Passport,0,3,93900.0,0,0,1,17,Medium,11.44999631476691,0,13,Low,0
ENT304911,Corporate,Cayman Islands,Aadhaar,1,6,34800.0,0,0,0,24,High,10.457401400981889,1,12,Low,0
ENT304912,Corporate,BVI,Passport,1,4,188800.0,0,0,0,28,High,12.14844882928968,1,12,Low,0
ENT304913,Individual,UK,Driving License,1,1,36400.0,0,0,0,15,High,10.502351525774941,0,0,Low,0
ENT304914,Individual,UAE,Driving License,1,2,12700.0,0,0,0,6,Medium,9.44943600950432,0,0,Low,0
ENT304915,Individual,Cayman Islands,Passport,1,3,26800.0,0,0,0,13,Medium,10.196194479235656,1,12,Low,0
ENT304916,Individual,Hong Kong,Driving License,1,1,123100.0,0,0,0,20,Low,11.720760435616398,0,6,Low,0
ENT304917,Corporate,UK,Aadhaar,1,4,31400.0,0,0,0,18,High,10.354595018522993,0,0,Low,0
ENT304918,Partnership,UAE,Passport,1,4,64800.0,0,0,1,12,High,11.079076314320059,0,8,Low,0
ENT304919,Partnership,Cyprus,PAN,1,3,16000.0,0,0,0,7,High,9.680406499268875,1,12,Low,0
ENT304920,Corporate,Cyprus,Voter ID,1,7,48500.0,0,0,0,28,Low,10.789339695269716,1,18,Low,0
ENT304921,Individual,India,Aadhaar,1,1,104100.0,0,0,0,26,Low,11.553116860704856,0,6,Low,0
ENT304922,Individual,Cyprus,Passport,1,2,2900.0,0,0,0,13,High,7.972810784121404,1,12,Low,0
ENT304923,Individual,BVI,Driving License,1,3,293100.0,0,0,0,13,Low,12.588272538498009,1,18,Low,0
ENT304924,Individual,India,PAN,1,3,283300.0,0,0,3,27,High,12.554265215639417,0,24,Medium,0
ENT304925,Corporate,UK,Voter ID,1,7,7300.0,0,0,0,10,High,8.895766604056085,0,0,Low,0
ENT304926,Corporate,Switzerland,Passport,1,5,262600.0,0,0,0,13,High,12.478391048916697,0,0,Low,0
ENT304927,Corporate,Hong Kong,Voter ID,0,7,51400.0,0,0,0,29,High,10.847412906506923,0,5,Low,0
ENT304928,Corporate,Panama,Aadhaar,1,7,361100.0,0,0,0,28,Low,12.796912976577694,1,18,Low,0
ENT304929,Individual,Mauritius,PAN,1,2,28900.0,0,0,1,9,Low,10.27163147557801,1,26,Medium,0
ENT304930,Corporate,Hong Kong,Voter ID,1,6,8600.0,0,0,0,5,High,9.059633754551479,0,0,Low,0
ENT304931,Individual,Singapore,Driving License,1,5,16300.0,0,0,0,15,High,9.69898173460629,0,0,Low,0
ENT304932,Corporate,Cyprus,Driving License,1,5,101000.0,0,0,1,28,High,11.522885696764481,1,20,Low,0
ENT304933,Corporate,USA,PAN,1,6,314600.0,0,0,0,28,High,12.659060448240805,0,0,Low,0
ENT304934,Partnership,Seychelles,Voter ID,1,1,2100.0,0,0,0,5,High,7.650168700845001,1,12,Low,0
ENT304935,Individual,Singapore,Driving License,1,2,105700.0,0,0,1,11,Low,11.568369632551514,0,14,Low,0
ENT304936,Individual,Hong Kong,Driving License,1,3,200600.0,0,0,0,17,High,12.209073139542411,0,0,Low,0
ENT304937,Corporate,Switzerland,Voter ID,1,2,33600.0,0,0,0,27,Medium,10.422311107413181,0,0,Low,0
ENT304938,Individual,USA,PAN,0,1,100700.0,0,0,0,17,Low,11.519911009143941,0,11,Low,0
ENT304939,Corporate,UAE,Driving License,1,1,40200.0,0,0,2,25,Medium,10.601647149919609,0,16,Low,0
ENT304940,Partnership,USA,Aadhaar,1,6,194900.0,0,0,0,23,Medium,12.180247016318816,0,0,Low,0
ENT304941,Trust,USA,PAN,1,3,32800.0,0,0,0,26,Low,10.39821428171237,0,6,Low,0
ENT304942,Individual,UAE,PAN,1,3,65300.0,0,0,0,20,Medium,11.086762629082946,0,0,Low,0
ENT304943,Corporate,Panama,Voter ID,1,2,3700.0,0,0,0,29,High,8.216358332386156,1,12,Low,0
ENT304944,Individual,UAE,Driving License,1,7,41300.0,0,0,0,18,High,10.628641991731053,0,0,Low,0
ENT304945,Corporate,Mauritius,PAN,0,6,38200.0,0,0,0,4,Medium,10.5506169722625,1,17,Low,0
ENT304946,Corporate,Mauritius,PAN,1,4,217300.0,0,0,0,4,High,12.289038768166744,1,12,Low,0
ENT304947,Individual,Switzerland,PAN,1,6,43300.0,0,0,0,10,High,10.675931008412125,0,0,Low,0
ENT304948,Individual,USA,PAN,1,6,189000.0,0,0,3,26,Medium,12.149507585033072,0,24,Medium,0
ENT304949,Corporate,Germany,Passport,1,4,16500.0,0,0,0,10,Low,9.711176264112805,0,6,Low,0
ENT304950,Individual,Hong Kong,Voter ID,1,7,180300.0,0,0,0,12,High,12.10238295548773,0,0,Low,0
ENT304951,Individual,Mauritius,Aadhaar,1,3,16100.0,0,0,0,16,Medium,9.686636660844938,1,12,Low,0
ENT304952,Individual,Panama,PAN,1,3,82800.0,0,0,0,5,High,11.324195417595107,1,12,Low,0
ENT304953,Individual,USA,Passport,1,4,51500.0,0,0,0,19,Low,10.849356503939038,0,6,Low,0
ENT304954,Corporate,Germany,Driving License,1,7,58300.0,0,0,1,28,Low,10.97337452485014,0,14,Low,0
ENT304955,Corporate,Germany,PAN,0,4,15200.0,0,0,0,29,Medium,9.62911649414402,0,5,Low,0
ENT304956,Corporate,UAE,Driving License,1,2,39400.0,0,0,0,27,High,10.5815464756746,0,0,Low,0
ENT304957,Individual,Switzerland,PAN,1,6,282100.0,0,0,2,23,High,12.550020441826058,0,16,Low,0
ENT304958,Individual,USA,Driving License,1,1,34900.0,0,0,0,29,High,10.460270761075149,0,0,Low,0
ENT304959,Individual,Seychelles,Aadhaar,1,4,167900.0,0,0,0,24,Medium,12.031129798974042,1,12,Low,0
ENT304960,Trust,India,PAN,1,5,97700.0,0,0,0,9,Medium,11.489667073393028,0,0,Low,0
ENT304961,Individual,Panama,Driving License,1,1,25900.0,0,0,0,17,Low,10.16203685698089,1,18,Low,0
ENT304962,Corporate,Germany,Passport,0,1,810300.0,0,0,3,25,Medium,13.605161062558878,0,29,Medium,0
ENT304963,Individual,Cyprus,Voter ID,1,6,26200.0,0,0,0,10,High,10.173552856959743,1,12,Low,0
ENT304964,Trust,Germany,Aadhaar,1,3,91100.0,0,0,0,8,Medium,11.419724060136211,0,0,Low,0
ENT304965,Partnership,USA,Passport,1,2,273200.0,0,0,0,14,Medium,12.51796306699418,0,0,Low,0
ENT304966,Corporate,USA,Driving License,1,2,137100.0,0,0,3,19,High,11.82847315946983,0,24,Medium,0
ENT304967,Individual,Hong Kong,Driving License,1,4,16600.0,1,0,0,3,High,9.717218213494077,0,15,Low,1
ENT304968,Individual,Cayman Islands,Driving License,1,6,85700.0,0,0,0,6,Medium,11.358619773129229,1,12,Low,0
ENT304969,Individual,China,Driving License,1,1,278200.0,0,0,1,11,Low,12.536099153001324,0,14,Low,0
ENT304970,Corporate,China,Voter ID,0,6,26900.0,0,0,0,10,High,10.199918739620157,0,5,Low,0
ENT304971,Individual,USA,Passport,1,6,35300.0,0,0,0,22,Medium,10.471666571132038,0,0,Low,0
ENT304972,Corporate,Mauritius,PAN,1,6,45800.0,0,0,0,2,High,10.732061203925053,1,12,Low,0
ENT304973,Corporate,Panama,Aadhaar,1,2,10100.0,0,0,0,1,Low,9.220389707829185,1,18,Low,0
ENT304974,Partnership,Switzerland,PAN,1,6,7400.0,0,0,0,27,Low,8.909370405197466,0,6,Low,0
ENT304975,Corporate,Mauritius,Voter ID,1,3,160900.0,0,0,0,11,High,11.98854454800156,1,12,Low,0
ENT304976,Partnership,UK,Voter ID,1,2,26200.0,0,0,0,2,Medium,10.173552856959743,0,0,Low,0
ENT304977,Individual,Singapore,Driving License,1,7,17100.0,0,0,0,26,Medium,9.746892220313054,0,0,Low,0
ENT304978,Corporate,India,Driving License,1,3,365200.0,0,0,0,27,Low,12.808203165924832,0,6,Low,0
ENT304979,Partnership,Seychelles,Driving License,1,7,287900.0,0,0,3,2,High,12.570371950022508,1,36,Medium,0
ENT304980,Individual,Singapore,PAN,0,7,39200.0,0,0,0,29,Low,10.576457535657255,0,11,Low,0
ENT304981,Corporate,UK,Voter ID,1,3,26200.0,0,0,0,9,Medium,10.173552856959743,0,0,Low,0
ENT304982,Corporate,China,Driving License,1,4,92800.0,0,0,0,20,High,11.438212694578302,0,0,Low,0
ENT304983,Corporate,Singapore,Voter ID,1,2,93400.0,0,0,0,19,High,11.444657330797734,0,0,Low,0
ENT304984,Individual,UK,PAN,1,6,27900.0,0,0,2,15,High,10.236417809461043,0,16,Low,0
ENT304985,Individual,Cyprus,Voter ID,0,6,22700.0,0,0,0,28,High,10.030164255362632,1,17,Low,0
ENT304986,Corporate,India,PAN,1,6,314200.0,0,0,0,8,High,12.65778818748478,0,0,Low,0
ENT304987,Corporate,UK,Driving License,1,5,57300.0,0,0,1,6,High,10.956073354557526,0,8,Low,0
ENT304988,Individual,Mauritius,Voter ID,1,4,218900.0,0,0,0,28,Medium,12.296374851796545,1,12,Low,0
ENT304989,Corporate,Cyprus,Passport,1,2,13000.0,0,0,0,25,High,9.472781556562168,1,12,Low,0
ENT304990,Individual,Hong Kong,PAN,1,5,33900.0,0,0,0,16,Low,10.431199791458543,0,6,Low,0
ENT304991,Corporate,Cayman Islands,Passport,1,2,9000.0,0,0,0,10,High,9.105090961257085,1,12,Low,0
ENT304992,Individual,Seychelles,Voter ID,0,5,12000.0,0,0,0,17,Medium,9.392745258631441,1,17,Low,0
ENT304993,Individual,Cayman Islands,Voter ID,1,7,76100.0,0,0,0,17,Medium,11.239816684367907,1,12,Low,0
ENT304994,Corporate,Panama,Aadhaar,1,1,322400.0,0,0,0,21,High,12.683551391346773,1,12,Low,0
ENT304995,Corporate,India,Passport,1,1,105400.0,0,0,0,26,Low,11.565527402710426,0,6,Low,0
ENT304996,Individual,USA,Passport,1,1,43000.0,0,0,0,6,High,10.668978650219241,0,0,Low,0
ENT304997,Individual,USA,Aadhaar,0,2,197400.0,0,0,0,11,High,12.192992471824816,0,5,Low,0
ENT304998,Corporate,China,Passport,1,2,197200.0,0,0,0,24,High,12.19197879213173,0,0,Low,0
ENT304999,Individual,BVI,Passport,1,2,9400.0,0,0,1,8,Low,9.148571345578551,1,26,Medium,0
ENT305000,Individual,Mauritius,PAN,1,7,25500.0,0,0,1,26,Medium,10.146472946063877,1,20,Low,0
ENT305001,Individual,Germany,PAN,1,4,247900.0,1,0,1,24,High,12.420784751899777,0,23,Medium,1
ENT305002,Individual,UK,Voter ID,1,3,91000.0,0,0,0,7,Medium,11.418625774449598,0,0,Low,0
ENT305003,Individual,Switzerland,Passport,1,4,115400.0,0,0,0,14,High,11.656168298529856,0,0,Low,0
ENT305004,Individual,India,PAN,1,2,12400.0,0,0,0,19,Medium,9.425532393502772,0,0,Low,0
ENT305005,Individual,Hong Kong,Aadhaar,1,3,36800.0,0,0,0,19,Medium,10.513280297700861,0,0,Low,0
ENT305006,Individual,UAE,Driving License,1,5,153900.0,0,0,0,2,Medium,11.944064817531656,0,0,Low,0
ENT305007,Individual,UK,PAN,0,2,27100.0,0,0,0,24,Medium,10.207325906555994,0,5,Low,0
ENT305008,Individual,Seychelles,Driving License,1,2,49200.0,0,0,0,5,Low,10.803669227477098,1,18,Low,0
ENT305009,Corporate,China,Driving License,1,4,35300.0,0,0,0,26,Medium,10.471666571132038,0,0,Low,0
ENT305010,Partnership,BVI,Voter ID,1,2,634600.0,0,0,0,16,High,13.360751733925767,1,12,Low,0
ENT305011,Individual,Mauritius,Aadhaar,0,2,168300.0,0,0,0,14,Low,12.033509321931893,1,23,Medium,0
ENT305012,Corporate,Cayman Islands,PAN,1,2,284700.0,0,0,0,25,Medium,12.559194785729225,1,12,Low,0
ENT305013,Individual,Hong Kong,Aadhaar,1,1,80000.0,1,0,2,10,High,11.289794413577894,0,31,Medium,1
ENT305014,Individual,India,PAN,1,4,26300.0,0,0,0,24,Low,10.177362240256695,0,6,Low,0
ENT305015,Individual,Panama,Passport,1,3,200300.0,0,0,0,12,Medium,12.20757651415268,1,12,Low,0
ENT305016,Individual,India,Driving License,1,1,230300.0,0,0,0,18,High,12.347142427961746,0,0,Low,0
ENT305017,Corporate,UK,Voter ID,0,1,41200.0,0,0,0,24,High,10.626217806887722,0,5,Low,0
ENT305018,Corporate,UAE,Voter ID,1,3,1700.0,0,0,0,28,High,7.438971592395862,0,0,Low,0
ENT305019,Individual,USA,Passport,1,1,117300.0,0,0,0,13,Low,11.672498559754418,0,6,Low,0
ENT305020,Partnership,Hong Kong,Driving License,1,4,21200.0,0,0,0,29,High,9.961803629358965,0,0,Low,0
ENT305021,Corporate,Seychelles,Passport,1,7,555700.0,1,0,0,23,Medium,13.227985658798515,1,27,Medium,1
ENT305022,Corporate,Seychelles,Driving License,1,4,29900.0,0,0,2,27,Medium,10.305647203635566,1,28,Medium,0
ENT305023,Trust,India,Driving License,1,5,24800.0,0,0,0,28,Medium,10.118639253920785,0,0,Low,0
ENT305024,Individual,Cayman Islands,Aadhaar,1,5,2600.0,0,0,0,2,Medium,7.8636512654486515,1,12,Low,0
ENT305025,Individual,UK,Aadhaar,0,5,783000.0,0,0,0,24,Medium,13.570889252111332,0,5,Low,0
ENT305026,Corporate,India,Voter ID,1,4,806100.0,0,0,0,4,High,13.599964323811799,0,0,Low,0
ENT305027,Individual,Cyprus,PAN,1,2,19500.0,0,0,0,24,Low,9.87822102528824,1,18,Low,0
ENT305028,Individual,Switzerland,Passport,1,6,59100.0,0,0,0,7,Low,10.987003123724813,0,6,Low,0
ENT305029,Individual,Seychelles,Aadhaar,1,2,133700.0,0,0,0,8,Medium,11.803361242493628,1,12,Low,0
ENT305030,Corporate,Panama,Driving License,1,2,41600.0,0,0,0,11,Low,10.635879484421974,1,18,Low,0
ENT305031,Corporate,Panama,Driving License,1,3,27200.0,0,0,1,19,High,10.211009016314165,1,20,Low,0
ENT305032,Individual,Cyprus,Aadhaar,1,2,19500.0,0,0,0,28,High,9.87822102528824,1,12,Low,0
ENT305033,Individual,Switzerland,Passport,1,3,75800.0,0,0,0,24,High,11.235866764155578,0,0,Low,0
ENT305034,Individual,UAE,Voter ID,1,7,160400.0,0,0,0,3,Medium,11.985432208809083,0,0,Low,0
ENT305035,Trust,Cayman Islands,Aadhaar,0,6,45500.0,0,0,0,1,Medium,10.725489582719506,1,17,Low,0
ENT305036,Corporate,Germany,PAN,1,4,44900.0,0,0,0,16,Medium,10.712215345197256,0,0,Low,0
ENT305037,Partnership,USA,Aadhaar,1,6,8500.0,0,0,0,9,High,9.04793908261736,0,0,Low,0
ENT305038,Corporate,USA,PAN,1,7,11100.0,0,0,0,15,Medium,9.314790473332646,0,0,Low,0
ENT305039,Individual,Singapore,Voter ID,1,1,58400.0,0,0,0,27,High,10.975088291957388,0,0,Low,0
ENT305040,Individual,Panama,Voter ID,1,6,5400.0,0,0,0,25,High,8.594339400592892,1,12,Low,0
ENT305041,Individual,Germany,Aadhaar,1,5,77200.0,0,0,0,11,Medium,11.25416768929685,0,0,Low,0
ENT305042,Corporate,Panama,Voter ID,1,7,188300.0,0,0,1,13,High,12.145797025305598,1,20,Low,0
ENT305043,Corporate,BVI,Passport,1,4,152000.0,0,0,0,6,Low,11.931642378754141,1,18,Low,0
ENT305044,Partnership,China,Voter ID,1,6,168900.0,0,0,0,18,Medium,12.037068023441478,0,0,Low,0
ENT305045,Corporate,Hong Kong,Voter ID,1,4,20400.0,0,0,1,29,High,9.923339198238729,0,8,Low,0
ENT305046,Corporate,Switzerland,Voter ID,1,1,49400.0,1,0,0,13,High,10.807725945886109,0,15,Low,1
ENT305047,Corporate,Panama,Passport,1,5,13900.0,0,0,0,27,High,9.539716058977092,1,12,Low,0
ENT305048,Individual,USA,PAN,1,6,99000.0,0,0,0,5,High,11.502885230075814,0,0,Low,0
ENT305049,Individual,USA,Aadhaar,1,3,96700.0,0,0,0,4,Medium,11.47937902264955,0,0,Low,0
ENT305050,Individual,Germany,Passport,1,1,21300.0,0,0,0,16,Medium,9.966509298952284,0,0,Low,0
ENT305051,Corporate,Germany,Voter ID,1,7,20500.0,0,0,0,16,High,9.928228944424575,0,0,Low,0
ENT305052,Corporate,UK,Voter ID,0,6,4319600.0,0,0,1,20,Medium,15.278673594843632,0,14,Low,0
ENT305053,Corporate,India,Passport,1,6,65700.0,1,0,0,21,Medium,11.092869425057021,0,15,Low,1
ENT305054,Corporate,Cyprus,PAN,1,3,202000.0,0,0,0,3,Medium,12.216027926866138,1,12,Low,0
ENT305055,Individual,India,PAN,1,5,25000.0,0,0,0,1,Medium,10.12667110305036,0,0,Low,0
ENT305056,Individual,Seychelles,Passport,1,7,56900.0,0,0,2,16,Low,10.949068194652432,1,34,Medium,0
ENT305057,Corporate,Cayman Islands,PAN,1,4,18900.0,0,0,0,2,High,9.846970109700957,1,12,Low,0
ENT305058,Corporate,Singapore,Driving License,0,7,13700.0,0,0,0,8,High,9.525224101853109,0,5,Low,0
ENT305059,Partnership,Cyprus,PAN,1,3,207900.0,0,0,0,1,Medium,12.244817283839346,1,12,Low,0
ENT305060,Corporate,Cyprus,Aadhaar,1,6,139700.0,1,0,0,21,Low,11.847259703415569,1,33,Medium,1
ENT305061,Individual,UK,Passport,1,3,35300.0,0,0,0,13,Medium,10.471666571132038,0,0,Low,0
ENT305062,Partnership,China,Driving License,1,6,82800.0,0,0,1,20,High,11.324195417595107,0,8,Low,0
ENT305063,Individual,India,PAN,1,7,144500.0,0,0,0,21,High,11.881041706925902,0,0,Low,0
ENT305064,Corporate,Hong Kong,Passport,1,3,152900.0,0,0,1,7,Medium,11.937545932118134,0,8,Low,0
ENT305065,Individual,Panama,Driving License,1,3,22000.0,0,0,0,8,Medium,9.99884318585288,1,12,Low,0
ENT305066,Individual,Seychelles,Aadhaar,1,3,178700.0,0,0,0,22,Medium,12.093469297102763,1,12,Low,0
ENT305067,Individual,Switzerland,Voter ID,1,6,270800.0,0,0,0,29,Medium,12.509139512775626,0,0,Low,0
ENT305068,Corporate,BVI,PAN,1,2,56900.0,0,0,0,12,High,10.949068194652432,1,12,Low,0
ENT305069,Corporate,Switzerland,Passport,1,5,94300.0,0,0,0,14,High,11.454247073019193,0,0,Low,0
ENT305070,Individual,BVI,Aadhaar,1,1,55200.0,0,0,0,12,Medium,10.918736348043124,1,12,Low,0
ENT305071,Partnership,China,PAN,0,4,83300.0,1,0,0,21,High,11.330215832884798,0,20,Low,1
ENT305072,Individual,China,Voter ID,1,5,179200.0,0,0,0,16,Medium,12.09626335986454,0,0,Low,0
ENT305073,Individual,UK,PAN,1,5,76800.0,0,0,0,21,Medium,11.248972939884327,0,0,Low,0
ENT305074,Individual,Germany,Aadhaar,1,1,89500.0,0,0,0,7,High,11.402005077384885,0,0,Low,0
ENT305075,Corporate,USA,Aadhaar,1,4,61500.0,0,0,1,17,Medium,11.026808713825016,0,8,Low,0
ENT305076,Individual,Germany,Aadhaar,1,2,36300.0,0,0,0,27,High,10.499600568082863,0,0,Low,0
ENT305077,Corporate,Mauritius,Aadhaar,1,2,77600.0,0,0,0,13,High,11.259335592686217,1,12,Low,0
ENT305078,Individual,BVI,Passport,1,4,38200.0,0,0,0,10,Medium,10.5506169722625,1,12,Low,0
ENT305079,Individual,BVI,Voter ID,1,3,42700.0,0,0,0,29,High,10.661977618146238,1,12,Low,0
ENT305080,Individual,Mauritius,PAN,1,7,12100.0,0,0,2,29,Medium,9.401043372798053,1,28,Medium,0
ENT305081,Individual,China,Passport,1,2,273900.0,0,0,0,3,Medium,12.520522006212012,0,0,Low,0
ENT305082,Trust,China,Passport,1,4,52300.0,0,0,0,10,High,10.864770770329113,0,0,Low,0
ENT305083,Corporate,Germany,PAN,1,3,59400.0,0,0,1,18,Medium,10.992066340225865,0,8,Low,0
ENT305084,Individual,Germany,Aadhaar,1,1,39700.0,0,0,0,4,Medium,10.589131655274922,0,0,Low,0
ENT305085,Individual,UAE,PAN,1,6,75800.0,0,0,0,18,High,11.235866764155578,0,0,Low,0
ENT305086,Individual,China,Voter ID,1,3,51300.0,0,0,0,10,High,10.84546552414626,0,0,Low,0
ENT305087,Corporate,India,PAN,1,6,39800.0,0,0,0,1,Low,10.591647316585027,0,6,Low,0
ENT305088,Individual,Germany,Driving License,1,3,30200.0,0,0,1,18,High,10.315630315397533,0,8,Low,0
ENT305089,Individual,Cayman Islands,Driving License,1,1,281700.0,0,0,0,18,High,12.548601503733918,1,12,Low,0
ENT305090,Individual,USA,Driving License,1,7,43000.0,0,0,0,24,High,10.668978650219241,0,0,Low,0
ENT305091,Individual,UAE,Driving License,1,3,34300.0,0,0,0,24,Low,10.442929787247998,0,6,Low,0
ENT305092,Partnership,Panama,Driving License,1,5,168400.0,0,0,0,17,High,12.034103319015012,1,12,Low,0
ENT305093,Individual,UK,PAN,0,6,133900.0,0,0,1,16,High,11.804855999911272,0,13,Low,0
ENT305094,Corporate,Mauritius,Passport,1,3,61800.0,0,0,0,12,High,11.031674824544641,1,12,Low,0
ENT305095,Corporate,UK,Voter ID,1,7,7300.0,0,0,0,14,High,8.895766604056085,0,0,Low,0
ENT305096,Corporate,Seychelles,Driving License,1,7,18500.0,0,0,0,4,High,9.825580063659602,1,12,Low,0
ENT305097,Individual,Switzerland,Voter ID,1,1,162500.0,1,0,0,7,Low,11.998439434579149,0,21,Medium,1
ENT305098,Individual,China,Driving License,1,1,42200.0,0,0,0,2,High,10.650199196425806,0,0,Low,0
ENT305099,Corporate,India,PAN,1,3,77600.0,0,0,2,10,High,11.259335592686217,0,16,Low,0
ENT305100,Corporate,China,PAN,1,6,338900.0,0,0,1,7,Medium,12.733463308313716,0,8,Low,0
ENT305101,Corporate,Seychelles,Passport,1,3,26600.0,0,0,0,7,High,10.188704088048116,1,12,Low,0
ENT305102,Individual,Cayman Islands,Driving License,1,5,137800.0,0,0,0,22,High,11.833565894429414,1,12,Low,0
ENT305103,Corporate,UAE,Driving License,1,3,49600.0,0,0,1,27,High,10.811766273800105,0,8,Low,0
ENT305104,Individual,India,Voter ID,1,6,27500.0,0,0,0,8,High,10.221977646629885,0,0,Low,0
ENT305105,Corporate,India,Voter ID,1,1,505100.0,0,0,0,11,High,13.132513688260163,0,0,Low,0
ENT305106,Individual,USA,PAN,1,6,59700.0,0,0,0,24,Medium,10.997104049659168,0,0,Low,0
ENT305107,Corporate,Panama,Voter ID,1,2,131800.0,0,0,0,10,Medium,11.789048488275174,1,12,Low,0
ENT305108,Individual,BVI,Voter ID,1,5,32300.0,0,0,0,24,Medium,10.382853468483827,1,12,Low,0
ENT305109,Individual,Germany,PAN,1,6,148000.0,0,0,0,2,Medium,11.904974309480181,0,0,Low,0
ENT305110,Individual,Germany,Driving License,1,6,66000.0,0,0,0,5,High,11.097425172408931,0,0,Low,0
ENT305111,Corporate,Panama,Driving License,1,3,147000.0,0,0,0,12,High,11.898194668458823,1,12,Low,0
ENT305112,Corporate,BVI,Aadhaar,1,2,118000.0,0,0,1,20,Low,11.678448377988165,1,26,Medium,0
ENT305113,Corporate,USA,Passport,1,3,37600.0,0,0,0,18,High,10.534785924769006,0,0,Low,0
ENT305114,Partnership,China,Voter ID,0,4,174000.0,0,0,0,8,Low,12.066816325306588,0,11,Low,0
ENT305115,Individual,Mauritius,Passport,1,3,57700.0,0,0,0,9,Medium,10.96302978336854,1,12,Low,0
ENT305116,Individual,Mauritius,Voter ID,1,1,36900.0,0,0,0,17,Medium,10.515993929932415,1,12,Low,0
ENT305117,Individual,BVI,PAN,1,1,21300.0,0,0,1,22,High,9.966509298952284,1,20,Low,0
ENT305118,Corporate,Hong Kong,Passport,1,4,48400.0,0,0,0,9,Medium,10.78727575364831,0,0,Low,0
ENT305119,Individual,Seychelles,Driving License,0,6,5700.0,0,0,0,1,Low,8.648396877031582,1,23,Medium,0
ENT305120,Partnership,Switzerland,Aadhaar,1,6,144500.0,0,0,0,10,High,11.881041706925902,0,0,Low,0
ENT305121,Corporate,Switzerland,Driving License,1,7,99900.0,0,0,0,26,Low,11.511934974596555,0,6,Low,0
ENT305122,Individual,Seychelles,Aadhaar,1,7,143600.0,0,0,0,8,High,11.874793899360315,1,12,Low,0
ENT305123,Corporate,UAE,PAN,1,5,56300.0,0,0,0,13,High,10.938467575959383,0,0,Low,0
ENT305124,Corporate,Cayman Islands,Passport,1,1,100200.0,0,0,0,22,High,11.514933447623022,1,12,Low,0
ENT305125,Individual,China,Voter ID,1,1,15700.0,0,0,0,28,High,9.661479683575521,0,0,Low,0
ENT305126,Individual,BVI,Passport,1,2,52100.0,0,0,0,14,Medium,10.860939421415225,1,12,Low,0
ENT305127,Individual,Singapore,Driving License,1,2,12900.0,0,0,0,29,Low,9.465060106725137,0,6,Low,0
ENT305128,Individual,Cyprus,Aadhaar,1,3,97900.0,0,0,0,25,Medium,11.49171204297103,1,12,Low,0
ENT305129,Corporate,UK,Aadhaar,1,5,120400.0,0,0,0,15,Medium,11.698583117470207,0,0,Low,0
ENT305130,Corporate,Mauritius,Passport,1,7,83400.0,0,0,0,18,High,11.331415578682627,1,12,Low,0
ENT305131,Individual,India,Passport,1,4,106700.0,0,0,1,5,Medium,11.577785809317154,0,8,Low,0
ENT305132,Individual,Mauritius,Driving License,1,5,166400.0,0,0,0,27,High,12.022155816966572,1,12,Low,0
ENT305133,Corporate,Germany,PAN,1,4,43000.0,0,0,0,26,High,10.668978650219241,0,0,Low,0
ENT305134,Corporate,Singapore,PAN,1,7,180100.0,0,0,0,9,High,12.101273083619482,0,0,Low,0
ENT305135,Individual,Hong Kong,Voter ID,1,4,102100.0,0,0,0,15,High,11.533717798424087,0,0,Low,0
ENT305136,Corporate,USA,Aadhaar,0,4,11100.0,0,0,0,12,High,9.314790473332646,0,5,Low,0
ENT305137,Partnership,India,Voter ID,1,5,89600.0,0,0,0,10,Low,11.403121759615027,0,6,Low,0
ENT305138,Individual,USA,Passport,1,7,135000.0,0,0,1,24,High,11.813037464800539,0,8,Low,0
ENT305139,Individual,Seychelles,Aadhaar,0,4,80400.0,0,0,0,22,High,11.294781892900653,1,17,Low,0
ENT305140,Corporate,USA,Passport,0,2,94100.0,0,0,0,17,High,11.452123952509567,0,5,Low,0
ENT305141,Corporate,UAE,Passport,1,5,9400.0,1,0,2,24,Medium,9.148571345578551,0,31,Medium,1
ENT305142,Individual,BVI,Aadhaar,1,2,10500.0,0,0,1,10,Medium,9.259225769705994,1,20,Low,0
ENT305143,Individual,India,PAN,1,5,97300.0,0,0,2,21,Medium,11.485564545613576,0,16,Low,0
ENT305144,Individual,China,Voter ID,1,2,90900.0,0,0,0,29,Medium,11.417526281205168,0,0,Low,0
ENT305145,Individual,USA,Voter ID,1,1,21200.0,0,0,0,11,High,9.961803629358965,0,0,Low,0
ENT305146,Corporate,Hong Kong,Voter ID,1,2,125200.0,0,0,0,21,High,11.737675724836684,0,0,Low,0
ENT305147,Individual,Cayman Islands,Driving License,1,2,9500.0,0,0,0,24,High,9.15915233520675,1,12,Low,0
ENT305148,Partnership,Cyprus,Voter ID,1,5,96200.0,0,1,1,13,High,11.474195031610165,1,60,High,1
ENT305149,Individual,Cayman Islands,Passport,1,6,193000.0,0,0,0,5,High,12.170450649220749,1,12,Low,0
ENT305150,Individual,India,Driving License,1,3,46700.0,0,0,0,14,Medium,10.751520856703959,0,0,Low,0
ENT305151,Corporate,Switzerland,Voter ID,1,4,155300.0,0,0,3,9,Medium,11.953120448266079,0,24,Medium,0
ENT305152,Individual,UK,Driving License,1,3,64100.0,0,0,0,28,High,11.068215243411098,0,0,Low,0
ENT305153,Individual,Cyprus,PAN,1,2,65100.0,0,0,2,25,Medium,11.083695189061785,1,28,Medium,0
ENT305154,Partnership,Panama,Passport,1,7,15100.0,0,0,1,16,High,9.62251624577579,1,20,Low,0
ENT305155,Corporate,Cayman Islands,PAN,1,5,45300.0,0,0,0,20,Low,10.721084386282662,1,18,Low,0
ENT305156,Corporate,USA,Passport,1,5,49500.0,0,0,0,18,Medium,10.809748150372926,0,0,Low,0
ENT305157,Individual,Mauritius,Passport,1,1,5200.0,0,0,1,28,Medium,8.556606193773073,1,20,Low,0
ENT305158,Corporate,Germany,PAN,1,5,75000.0,0,0,1,8,Medium,11.225256725762893,0,8,Low,0
ENT305159,Corporate,Hong Kong,Passport,1,4,51100.0,0,0,2,17,High,10.841559345471941,0,16,Low,0
ENT305160,Individual,Mauritius,Driving License,1,2,778200.0,0,0,0,15,Medium,13.56474012454847,1,12,Low,0
ENT305161,Individual,UAE,PAN,1,4,39800.0,0,0,0,5,High,10.591647316585027,0,0,Low,0
ENT305162,Individual,India,PAN,1,7,7000.0,0,0,0,25,Low,8.853808274977197,0,6,Low,0
ENT305163,Corporate,Mauritius,Passport,1,2,78200.0,0,0,0,5,Medium,11.267037714175425,1,12,Low,0
ENT305164,Individual,BVI,Aadhaar,1,6,135000.0,0,0,0,23,High,11.813037464800539,1,12,Low,0
ENT305165,Corporate,India,Aadhaar,1,4,104100.0,0,0,2,22,Low,11.553116860704856,0,22,Medium,0
ENT305166,Individual,UAE,Voter ID,1,1,40100.0,0,0,0,13,High,10.599156550639583,0,0,Low,0
ENT305167,Individual,Switzerland,Driving License,1,2,262600.0,0,0,0,23,Medium,12.478391048916697,0,0,Low,0
ENT305168,Individual,UK,PAN,1,5,1373100.0,0,0,0,2,Medium,14.132582243588654,0,1,Low,0
ENT305169,Partnership,Panama,PAN,1,7,136600.0,0,0,0,9,High,11.824819546736247,1,12,Low,0
ENT305170,Corporate,UK,Voter ID,1,1,17900.0,0,0,0,7,High,9.792611856190192,0,0,Low,0
ENT305171,Individual,Switzerland,Driving License,1,2,210900.0,0,0,0,14,Medium,12.259144108039314,0,0,Low,0
ENT305172,Corporate,UK,Aadhaar,1,6,23800.0,0,0,1,14,High,10.077482875583607,0,8,Low,0
ENT305173,Individual,Singapore,Passport,1,6,132900.0,0,1,0,26,High,11.797359769127505,0,40,Medium,1
ENT305174,Corporate,Cayman Islands,PAN,1,4,35900.0,0,0,0,9,Low,10.488520429241627,1,18,Low,0
ENT305175,Individual,USA,PAN,1,2,119200.0,0,0,0,25,Low,11.688566422839942,0,6,Low,0
ENT305176,Corporate,Hong Kong,Aadhaar,1,4,267100.0,0,1,0,18,Medium,12.49538214300718,0,40,Medium,1
ENT305177,Corporate,Seychelles,Voter ID,1,2,9100.0,0,0,0,24,Medium,9.116139576577355,1,12,Low,0
ENT305178,Individual,Cayman Islands,Voter ID,1,1,40300.0,0,0,0,28,High,10.604131561522696,1,12,Low,0
ENT305179,Individual,Hong Kong,Voter ID,1,7,704400.0,0,0,2,11,Medium,13.465103075251108,0,16,Low,0
ENT305180,Individual,Panama,PAN,1,2,61100.0,0,0,0,19,High,11.020283511637867,1,12,Low,0
ENT305181,Individual,Germany,Passport,0,5,29300.0,0,0,2,29,High,10.285376924115587,0,21,Medium,0
ENT305182,Individual,Panama,Voter ID,1,1,35900.0,0,0,0,27,High,10.488520429241627,1,12,Low,0
ENT305183,Individual,Hong Kong,Passport,1,2,44900.0,0,0,0,27,Medium,10.712215345197256,0,0,Low,0
ENT305184,Individual,Switzerland,PAN,1,1,894400.0,0,0,0,10,Medium,13.703909499450326,0,1,Low,0
ENT305185,Individual,India,Passport,1,7,53300.0,0,0,0,26,Medium,10.883710371704016,0,0,Low,0
ENT305186,Corporate,Seychelles,Aadhaar,1,6,20700.0,0,0,0,18,High,9.937937287265354,1,12,Low,0
ENT305187,Partnership,UAE,Aadhaar,1,3,8600.0,0,0,0,25,Medium,9.059633754551479,0,0,Low,0
ENT305188,Individual,Mauritius,Aadhaar,1,1,71000.0,0,0,0,23,Medium,11.170449240431308,1,12,Low,0
ENT305189,Corporate,Singapore,Passport,0,7,10100.0,0,0,1,4,High,9.220389707829185,0,13,Low,0
ENT305190,Corporate,Hong Kong,Passport,1,2,74500.0,0,0,0,27,Low,11.218567827096358,0,6,Low,0
ENT305191,Corporate,Panama,Driving License,1,4,113600.0,0,0,0,14,Medium,11.640447588047344,1,12,Low,0
ENT305192,Partnership,UK,Passport,1,7,41500.0,0,0,0,18,Medium,10.633472802314019,0,0,Low,0
ENT305193,Individual,Switzerland,PAN,1,5,85100.0,0,0,0,14,Low,11.35159406537374,0,6,Low,0
ENT305194,Corporate,UAE,Passport,1,4,34700.0,0,0,0,5,High,10.454523783963511,0,0,Low,0
ENT305195,Individual,Cayman Islands,PAN,1,4,68500.0,0,0,0,18,High,11.134603622683905,1,12,Low,0
ENT305196,Individual,Hong Kong,Aadhaar,1,2,47500.0,0,0,0,19,Low,10.768506042432708,0,6,Low,0
ENT305197,Individual,Germany,Passport,1,4,56600.0,0,0,1,27,Low,10.943781931879723,0,14,Low,0
ENT305198,Corporate,Germany,Driving License,1,4,189800.0,1,0,2,13,Medium,12.153731433847984,0,31,Medium,1
ENT305199,Individual,Switzerland,Aadhaar,1,5,31100.0,0,0,0,26,Medium,10.344995251991222,0,0,Low,0
ENT305200,Individual,China,Driving License,1,2,55700.0,0,0,0,20,Low,10.92775337907558,0,6,Low,0
ENT305201,Individual,India,Driving License,1,2,7800.0,0,0,0,4,Low,8.962007209588313,0,6,Low,0
ENT305202,Corporate,Seychelles,PAN,1,4,14700.0,0,0,0,18,Low,9.595670797663967,1,18,Low,0
ENT305203,Trust,Seychelles,Aadhaar,1,4,107800.0,0,0,0,12,Low,11.588042213851855,1,18,Low,0
ENT305204,Individual,USA,Voter ID,0,3,497800.0,0,0,0,9,High,13.117955677752501,0,5,Low,0
ENT305205,Individual,Hong Kong,PAN,1,1,9700.0,0,0,0,19,High,9.179984251961283,0,0,Low,0
ENT305206,Corporate,Cayman Islands,Driving License,1,6,55000.0,0,0,1,6,Medium,10.915106645867503,1,20,Low,0
ENT305207,Individual,Cayman Islands,Driving License,1,3,23400.0,0,0,0,2,Medium,10.060534035475412,1,12,Low,0
ENT305208,Individual,Germany,Passport,1,2,81100.0,0,0,0,8,Medium,11.303450570483712,0,0,Low,0
ENT305209,Individual,BVI,Voter ID,1,1,144800.0,0,0,3,12,Medium,11.883115664987255,1,36,Medium,0
ENT305210,Individual,Seychelles,Aadhaar,1,2,44000.0,0,0,0,12,Medium,10.691967639914864,1,12,Low,0
ENT305211,Corporate,USA,Aadhaar,1,2,5000.0,0,0,1,21,High,8.517393171418904,0,8,Low,0
ENT305212,Corporate,UAE,Passport,1,3,12900.0,0,0,0,3,Medium,9.465060106725137,0,0,Low,0
ENT305213,Individual,Germany,PAN,1,6,61500.0,0,0,0,7,High,11.026808713825016,0,0,Low,0
ENT305214,Individual,BVI,Passport,1,3,15900.0,0,0,0,29,Medium,9.674137279312397,1,12,Low,0
ENT305215,Individual,UAE,Voter ID,1,2,71800.0,0,0,0,14,High,11.181653682515929,0,0,Low,0
ENT305216,Individual,China,Passport,1,7,26500.0,0,0,0,1,High,10.184937747111391,0,0,Low,0
ENT305217,Individual,USA,Voter ID,1,5,27000.0,0,0,0,9,High,10.203629181337648,0,0,Low,0
ENT305218,Individual,Cayman Islands,Voter ID,1,7,22500.0,0,0,0,16,Medium,10.021315031649332,1,12,Low,0
ENT305219,Corporate,Panama,Driving License,1,4,67300.0,0,0,1,20,Medium,11.116930374363438,1,20,Low,0
ENT305220,Trust,Seychelles,Driving License,1,3,113300.0,0,0,0,23,Medium,11.63780327310248,1,12,Low,0
ENT305221,Partnership,Hong Kong,PAN,0,5,37000.0,0,0,2,18,Medium,10.518700218288165,0,21,Medium,0
ENT305222,Corporate,UAE,PAN,1,7,143400.0,0,0,0,13,Low,11.87340018062404,0,6,Low,0
ENT305223,Individual,Mauritius,Driving License,1,1,48500.0,0,0,1,27,High,10.789339695269716,1,20,Low,0
ENT305224,Individual,Cayman Islands,Aadhaar,1,2,15400.0,0,0,0,8,Low,9.642187721358466,1,18,Low,0
ENT305225,Individual,China,Passport,1,7,92500.0,0,0,0,1,High,11.434974734252892,0,0,Low,0
ENT305226,Partnership,China,Driving License,1,5,17900.0,0,0,0,23,High,9.792611856190192,0,0,Low,0
ENT305227,Corporate,India,Voter ID,1,1,106300.0,0,0,0,11,High,11.574029971623514,0,0,Low,0
ENT305228,Individual,Singapore,Voter ID,1,5,21600.0,0,0,0,3,High,9.980494888896912,0,0,Low,0
ENT305229,Corporate,Germany,Passport,1,4,53500.0,0,0,0,2,Medium,10.887455624298198,0,0,Low,0
ENT305230,Corporate,Singapore,PAN,1,2,69200.0,0,0,0,28,Low,11.1447705923684,0,6,Low,0
ENT305231,Trust,Panama,Aadhaar,1,7,25800.0,1,0,0,16,High,10.158168529848494,1,27,Medium,1
ENT305232,Individual,Switzerland,Aadhaar,0,3,19400.0,0,0,0,20,High,9.873079890114703,0,5,Low,0
ENT305233,Corporate,Germany,Aadhaar,1,2,106700.0,0,0,0,19,High,11.577785809317154,0,0,Low,0
ENT305234,Individual,Germany,Driving License,1,7,14600.0,0,0,0,6,Medium,9.588845298501564,0,0,Low,0
ENT305235,Individual,Mauritius,PAN,1,1,47100.0,0,0,0,8,High,10.76004951120163,1,12,Low,0
ENT305236,Individual,Mauritius,Aadhaar,1,4,7700.0,0,0,0,18,Medium,8.94910546953925,1,12,Low,0
ENT305237,Individual,Singapore,Passport,1,2,15800.0,0,0,0,21,Medium,9.6678285081515,0,0,Low,0
ENT305238,Corporate,Germany,Voter ID,1,3,96700.0,0,0,0,24,Medium,11.47937902264955,0,0,Low,0
ENT305239,Trust,Singapore,Voter ID,1,6,77500.0,0,0,0,10,Medium,11.258046118484,0,0,Low,0
ENT305240,Corporate,Switzerland,Aadhaar,1,7,33500.0,0,0,0,25,Medium,10.419330568113901,0,0,Low,0
ENT305241,Corporate,USA,Passport,1,5,79900.0,0,0,0,8,Medium,11.288543647320601,0,0,Low,0
ENT305242,Corporate,China,Passport,1,2,34800.0,0,0,0,10,Medium,10.457401400981889,0,0,Low,0
ENT305243,Corporate,Cayman Islands,PAN,1,6,34400.0,0,0,3,3,High,10.445840912706414,1,36,Medium,0
ENT305244,Trust,UAE,Driving License,1,7,36600.0,0,0,0,13,Low,10.50783084142058,0,6,Low,0
ENT305245,Individual,UK,Aadhaar,1,4,25000.0,0,0,0,19,Medium,10.12667110305036,0,0,Low,0
ENT305246,Partnership,Seychelles,Aadhaar,1,3,88100.0,0,0,0,6,Low,11.386239162597649,1,18,Low,0
ENT305247,Partnership,Switzerland,Driving License,1,7,60200.0,0,0,0,7,High,11.005444242454628,0,0,Low,0
ENT305248,Corporate,Mauritius,Driving License,1,4,123200.0,0,0,1,26,Medium,11.72157244693173,1,20,Low,0
ENT305249,Corporate,BVI,Voter ID,1,5,27600.0,0,0,0,27,Medium,10.225607282932941,1,12,Low,0
ENT305250,Corporate,BVI,Driving License,1,7,130800.0,0,0,0,17,High,11.781432363235949,1,12,Low,0
ENT305251,Partnership,Switzerland,PAN,1,3,19600.0,0,0,0,15,Low,9.883335864325275,0,6,Low,0
ENT305252,Individual,Singapore,Aadhaar,1,7,80100.0,0,0,0,21,Low,11.291043617373028,0,6,Low,0
ENT305253,Partnership,Panama,Aadhaar,1,4,44900.0,0,0,0,27,Medium,10.712215345197256,1,12,Low,0
ENT305254,Individual,Panama,Aadhaar,1,6,236600.0,0,0,1,29,High,12.374130457060179,1,20,Low,0
ENT305255,Individual,Hong Kong,Passport,1,5,26900.0,1,0,0,26,Medium,10.199918739620157,0,15,Low,1
ENT305256,Partnership,BVI,Voter ID,1,5,26800.0,0,0,0,12,High,10.196194479235656,1,12,Low,0
ENT305257,Partnership,UK,Aadhaar,1,7,24800.0,0,0,0,4,Low,10.118639253920785,0,6,Low,0
ENT305258,Individual,Germany,Passport,1,7,127200.0,0,0,0,7,High,11.753523791492476,0,0,Low,0
ENT305259,Partnership,Cyprus,Passport,1,6,92600.0,0,0,0,15,High,11.43605521971203,1,12,Low,0
ENT305260,Individual,Seychelles,Driving License,1,4,52000.0,0,0,0,6,Medium,10.859018228147887,1,12,Low,0
ENT305261,Individual,UAE,Driving License,1,5,223600.0,0,0,0,15,Medium,12.317618492524995,0,0,Low,0
ENT305262,Corporate,UAE,Driving License,0,6,88700.0,0,0,0,9,Medium,11.39302644219128,0,5,Low,0
ENT305263,Partnership,Germany,Aadhaar,1,2,15000.0,0,0,0,15,Medium,9.61587214452889,0,0,Low,0
ENT305264,Partnership,Seychelles,PAN,1,5,40000.0,0,0,0,20,High,10.596659732783579,1,12,Low,0
ENT305265,Corporate,India,Voter ID,1,1,2099000.0,0,0,0,7,Medium,14.556972075219997,0,1,Low,0
ENT305266,Individual,Mauritius,Aadhaar,1,6,786900.0,0,0,0,2,Medium,13.575857725331772,1,12,Low,0
ENT305267,Partnership,Cyprus,Aadhaar,1,4,211900.0,0,0,0,29,High,12.263874463452428,1,12,Low,0
ENT305268,Individual,USA,Driving License,1,7,518500.0,0,0,0,19,High,13.158697235290168,0,0,Low,0
ENT305269,Individual,BVI,Driving License,1,4,53000.0,0,0,0,29,High,10.87806606028079,1,12,Low,0
ENT305270,Partnership,Switzerland,Voter ID,1,5,10700.0,0,0,0,18,Medium,9.278092474027002,0,0,Low,0
ENT305271,Trust,Switzerland,Passport,1,1,67200.0,0,0,0,17,Medium,11.1154434073529,0,0,Low,0
ENT305272,Trust,Seychelles,Voter ID,1,7,18900.0,0,0,1,9,High,9.846970109700957,1,20,Low,0
ENT305273,Individual,China,Passport,1,2,37600.0,0,0,0,28,Low,10.534785924769006,0,6,Low,0
ENT305274,Corporate,Singapore,Voter ID,1,5,595300.0,0,0,0,10,High,13.29682243896537,0,0,Low,0
ENT305275,Partnership,Hong Kong,Voter ID,0,3,14900.0,0,0,0,2,Medium,9.60918360377546,0,5,Low,0
ENT305276,Corporate,Singapore,PAN,1,6,169200.0,0,0,0,10,Medium,12.03884263630228,0,0,Low,0
ENT305277,Individual,India,Voter ID,1,5,340700.0,0,0,0,27,Medium,12.7387605387783,0,0,Low,0
ENT305278,Corporate,Cayman Islands,Driving License,1,1,38100.0,0,0,0,21,High,10.547995807489514,1,12,Low,0
ENT305279,Partnership,USA,Passport,1,4,132400.0,1,0,0,18,Low,11.793590475326612,0,21,Medium,1
ENT305280,Individual,Germany,PAN,1,6,17800.0,0,0,0,2,High,9.787009914477434,0,0,Low,0
ENT305281,Individual,Hong Kong,Voter ID,1,6,406900.0,1,0,0,7,High,12.916325191593053,0,15,Low,1
ENT305282,Individual,Germany,Aadhaar,1,4,33700.0,0,0,0,28,High,10.425282789490705,0,0,Low,0
ENT305283,Partnership,China,Voter ID,1,1,36200.0,0,0,0,4,Medium,10.49684202174171,0,0,Low,0
ENT305284,Corporate,China,Voter ID,1,6,123700.0,0,0,0,9,High,11.725622642422277,0,0,Low,0
ENT305285,Individual,Seychelles,Aadhaar,1,7,2900.0,0,0,2,28,High,7.972810784121404,1,28,Medium,0
ENT305286,Individual,Panama,Voter ID,0,7,236200.0,0,0,0,19,Medium,12.37243841643669,1,17,Low,0
ENT305287,Corporate,Mauritius,Passport,1,1,23400.0,0,0,2,19,High,10.060534035475412,1,28,Medium,0
ENT305288,Corporate,Switzerland,Aadhaar,1,5,12700.0,0,0,0,2,High,9.44943600950432,0,0,Low,0
ENT305289,Individual,UAE,Voter ID,1,6,61600.0,0,0,1,2,High,11.028433383156079,0,8,Low,0
ENT305290,Individual,Mauritius,Voter ID,1,1,76900.0,0,0,2,16,High,11.250274159310356,1,28,Medium,0
ENT305291,Individual,Hong Kong,PAN,1,1,530300.0,0,0,0,8,High,13.181200048848504,0,0,Low,0
ENT305292,Individual,Panama,Aadhaar,1,2,98400.0,0,0,0,25,Low,11.496806245590331,1,18,Low,0
ENT305293,Individual,Mauritius,Driving License,1,6,22700.0,0,0,3,27,Low,10.030164255362632,1,42,High,1
ENT305294,Corporate,UK,PAN,1,1,264800.0,0,0,0,8,High,12.486733879472904,0,0,Low,0
ENT305295,Individual,Panama,Aadhaar,1,4,206900.0,0,0,0,17,Medium,12.239995696974733,1,12,Low,0
ENT305296,Trust,Germany,Driving License,1,4,262900.0,0,0,0,3,Low,12.479532814438391,0,6,Low,0
ENT305297,Individual,UAE,PAN,0,7,1883000.0,0,0,0,26,High,14.448377338706594,0,6,Low,0
ENT305298,Individual,UK,Voter ID,1,6,83300.0,1,0,0,20,Medium,11.330215832884798,0,15,Low,1
ENT305299,Individual,Hong Kong,Driving License,1,3,1340900.0,0,0,0,28,High,14.108852334035223,0,1,Low,0
ENT305300,Individual,Mauritius,PAN,1,2,69800.0,0,0,0,11,Medium,11.153403615295403,1,12,Low,0
ENT305301,Individual,USA,Driving License,1,6,18800.0,0,0,0,6,High,9.841665338892785,0,0,Low,0
ENT305302,Trust,India,Passport,1,6,273300.0,0,0,1,22,Medium,12.518329030892268,0,8,Low,0
ENT305303,Corporate,Seychelles,Aadhaar,1,7,718200.0,1,0,3,27,High,13.484504753142964,1,51,High,1
ENT305304,Individual,Cyprus,PAN,1,1,36300.0,0,0,0,8,High,10.499600568082863,1,12,Low,0
ENT305305,Partnership,Cyprus,Aadhaar,1,6,20700.0,1,0,0,1,Medium,9.937937287265354,1,27,Medium,1
ENT305306,Partnership,Cayman Islands,Passport,1,7,829600.0,0,0,0,8,Medium,13.628700141296921,1,12,Low,0
ENT305307,Partnership,China,Voter ID,1,6,50300.0,0,0,0,4,High,10.825780236605917,0,0,Low,0
ENT305308,Corporate,Hong Kong,Aadhaar,1,6,89900.0,0,0,0,28,Medium,11.40646434386837,0,0,Low,0
ENT305309,Individual,India,PAN,1,7,354500.0,0,0,0,16,Medium,12.778466445824812,0,0,Low,0
ENT305310,Individual,UAE,Voter ID,1,4,60800.0,0,0,0,20,High,11.015361515187424,0,0,Low,0
ENT305311,Corporate,BVI,Driving License,1,2,306100.0,0,0,0,8,High,12.631670391834408,1,12,Low,0
ENT305312,Individual,Hong Kong,PAN,1,6,54900.0,0,0,0,28,Low,10.91328684226798,0,6,Low,0
ENT305313,Corporate,Cayman Islands,Passport,1,4,253700.0,0,0,0,29,Medium,12.443911687242986,1,12,Low,0
ENT305314,Individual,USA,Driving License,1,2,135500.0,0,0,1,26,High,11.816734299348461,0,8,Low,0
ENT305315,Corporate,Switzerland,PAN,1,5,78500.0,0,0,1,1,Low,11.270866642542865,0,14,Low,0
ENT305316,Individual,Cyprus,Driving License,1,3,30300.0,0,0,0,8,High,10.318935994253193,1,12,Low,0
ENT305317,Individual,Germany,PAN,0,5,127200.0,0,0,1,29,Low,11.753523791492476,0,19,Low,0
ENT305318,Corporate,India,PAN,1,4,8600.0,0,0,0,10,Medium,9.059633754551479,0,0,Low,0
ENT305319,Individual,China,PAN,1,7,190400.0,0,0,0,25,Low,12.15688765342645,0,6,Low,0
ENT305320,Individual,Cayman Islands,Voter ID,1,1,613900.0,1,0,1,3,Medium,13.327588956344053,1,35,Medium,1
ENT305321,Individual,China,PAN,1,3,116200.0,0,0,0,10,Low,11.663076729214897,0,6,Low,0
ENT305322,Individual,USA,Driving License,0,7,15100.0,1,0,0,17,High,9.62251624577579,0,20,Low,1
ENT305323,Individual,Switzerland,Voter ID,1,3,60300.0,0,1,0,27,Medium,11.007103966325696,0,40,Medium,1
ENT305324,Corporate,Cyprus,Voter ID,1,4,7200.0,0,0,0,16,Low,8.881975184248867,1,18,Low,0
ENT305325,Corporate,Switzerland,Passport,1,4,157900.0,0,0,0,29,Low,11.969723533345908,0,6,Low,0
ENT305326,Individual,India,Voter ID,1,4,5000.0,0,0,0,14,High,8.517393171418904,0,0,Low,0
ENT305327,Individual,China,PAN,1,7,454300.0,0,0,0,19,High,13.026515252933715,0,0,Low,0
ENT305328,Individual,Mauritius,Driving License,1,2,13600.0,0,0,0,13,High,9.517898598432753,1,12,Low,0
ENT305329,Individual,UK,PAN,1,3,156200.0,0,0,0,16,Medium,11.958898918415885,0,0,Low,0
ENT305330,Corporate,Germany,Driving License,1,6,114600.0,0,0,1,21,High,11.649211809228195,0,8,Low,0
ENT305331,Individual,Cayman Islands,Voter ID,1,5,225800.0,0,0,0,23,Low,12.327409359385856,1,18,Low,0
ENT305332,Individual,BVI,Aadhaar,1,4,60800.0,0,0,0,17,High,11.015361515187424,1,12,Low,0
ENT305333,Individual,Switzerland,PAN,1,5,210500.0,0,0,0,6,Medium,12.257245682687113,0,0,Low,0
ENT305334,Partnership,Cyprus,Voter ID,1,7,50500.0,1,0,0,4,High,10.829748417047593,1,27,Medium,1
ENT305335,Individual,Switzerland,PAN,1,1,37400.0,0,0,0,10,Low,10.529452721013085,0,6,Low,0
ENT305336,Trust,Seychelles,Voter ID,1,1,618900.0,0,0,1,4,High,13.335700603496061,1,20,Low,0
ENT305337,Corporate,Singapore,Aadhaar,1,2,18000.0,0,0,0,19,Medium,9.798182590890704,0,0,Low,0
ENT305338,Trust,BVI,PAN,1,4,114400.0,0,0,0,3,High,11.647465099148372,1,12,Low,0
ENT305339,Individual,BVI,PAN,1,7,14700.0,0,0,0,21,Low,9.595670797663967,1,18,Low,0
ENT305340,Corporate,Hong Kong,Voter ID,1,2,46100.0,0,0,0,21,High,10.738589920723442,0,0,Low,0
ENT305341,Trust,USA,Aadhaar,1,4,49500.0,0,0,0,11,High,10.809748150372926,0,0,Low,0
ENT305342,Individual,Mauritius,Aadhaar,1,7,95000.0,0,0,0,16,Medium,11.461642696843066,1,12,Low,0
ENT305343,Individual,USA,Passport,1,4,211600.0,0,0,0,14,High,12.262457704853034,0,0,Low,0
ENT305344,Partnership,Hong Kong,Passport,1,6,42400.0,0,0,0,18,Medium,10.65492722584759,0,0,Low,0
ENT305345,Individual,Cayman Islands,Voter ID,1,6,23400.0,0,0,0,25,High,10.060534035475412,1,12,Low,0
ENT305346,Individual,Cyprus,PAN,1,5,87800.0,0,0,0,1,Medium,11.382828169079987,1,12,Low,0
ENT305347,Partnership,China,Driving License,1,5,88200.0,0,0,3,29,Medium,11.38737357979909,0,24,Medium,0
ENT305348,Corporate,UAE,PAN,1,3,77800.0,0,0,1,25,Low,11.261909563554315,0,14,Low,0
ENT305349,Individual,India,Driving License,0,5,172200.0,0,0,0,26,High,12.056417678159836,0,5,Low,0
ENT305350,Corporate,India,Aadhaar,1,5,84400.0,0,0,0,11,Low,11.34333452885509,0,6,Low,0
ENT305351,Individual,Seychelles,Passport,1,7,31100.0,0,0,0,26,Medium,10.344995251991222,1,12,Low,0
ENT305352,Corporate,China,PAN,1,5,15400.0,0,0,0,1,High,9.642187721358466,0,0,Low,0
ENT305353,Individual,Cyprus,Passport,1,3,9900.0,0,0,0,12,Medium,9.200391041122515,1,12,Low,0
ENT305354,Corporate,Cayman Islands,Aadhaar,1,4,5000.0,0,0,0,19,Medium,8.517393171418904,1,12,Low,0
ENT305355,Trust,USA,PAN,1,7,53100.0,0,0,0,3,Medium,10.879951039444416,0,0,Low,0
ENT305356,Individual,India,Driving License,1,3,146500.0,0,0,2,4,Medium,11.89478753335453,0,16,Low,0
ENT305357,Partnership,Germany,PAN,1,2,234200.0,0,0,0,19,Medium,12.363934999991463,0,0,Low,0
ENT305358,Partnership,Seychelles,Passport,1,3,304100.0,0,0,0,29,High,12.625115162052026,1,12,Low,0
ENT305359,Corporate,BVI,Driving License,1,5,620100.0,0,0,0,22,High,13.337637646979791,1,12,Low,0
ENT305360,Corporate,Germany,Passport,1,2,288300.0,0,0,0,27,High,12.571760352229566,0,0,Low,0
ENT305361,Partnership,Panama,Driving License,1,4,64900.0,0,0,0,14,High,11.080618310893968,1,12,Low,0
ENT305362,Individual,China,Aadhaar,1,6,163200.0,0,0,0,25,High,12.002737848944351,0,0,Low,0
ENT305363,Individual,Singapore,Passport,1,3,59400.0,0,0,0,27,High,10.992066340225865,0,0,Low,0
ENT305364,Individual,Switzerland,Passport,1,7,152400.0,0,0,0,14,Low,11.934270483892945,0,6,Low,0
ENT305365,Individual,USA,Driving License,1,5,58600.0,0,0,0,13,Medium,10.978507040265917,0,0,Low,0
ENT305366,Individual,USA,Aadhaar,1,5,153600.0,0,0,0,4,Medium,11.942113610091182,0,0,Low,0
ENT305367,Trust,Mauritius,PAN,1,6,23100.0,0,1,0,26,High,10.047631185616188,1,52,High,1
ENT305368,Individual,Panama,Passport,1,3,179500.0,0,0,0,9,High,12.097936057925594,1,12,Low,0
ENT305369,Individual,Hong Kong,Aadhaar,1,6,229400.0,0,0,0,11,Medium,12.343226842865814,0,0,Low,0
ENT305370,Individual,Switzerland,Voter ID,1,4,108200.0,0,0,0,12,Low,11.591745887495987,0,6,Low,0
ENT305371,Individual,Seychelles,Aadhaar,0,3,574200.0,0,0,2,22,High,13.26073478822105,1,33,Medium,0
ENT305372,Individual,India,PAN,1,5,25500.0,0,0,0,12,Medium,10.146472946063877,0,0,Low,0
ENT305373,Corporate,UAE,Passport,1,4,17700.0,0,0,2,11,Medium,9.781376414141157,0,16,Low,0
ENT305374,Corporate,Panama,Aadhaar,1,7,16900.0,0,0,0,13,High,9.735128070758227,1,12,Low,0
ENT305375,Individual,USA,Voter ID,1,4,208500.0,0,0,0,14,High,12.24769911637256,0,0,Low,0
ENT305376,Individual,Cyprus,PAN,1,6,64700.0,0,0,0,24,High,11.07753193632009,1,12,Low,0
ENT305377,Individual,Seychelles,Voter ID,1,1,85800.0,0,0,0,27,High,11.359785940419789,1,12,Low,0
ENT305378,Corporate,India,Driving License,1,7,1821400.0,0,0,0,11,Medium,14.415116543143924,0,1,Low,0
ENT305379,Corporate,Cayman Islands,Passport,1,5,11200.0,0,0,2,11,Medium,9.32375833901174,1,28,Medium,0
ENT305380,Individual,UAE,Voter ID,1,7,38900.0,0,0,0,27,High,10.568775236216993,0,0,Low,0
ENT305381,Individual,BVI,Voter ID,1,7,53900.0,0,0,0,15,High,10.894904309600681,1,12,Low,0
ENT305382,Partnership,Cayman Islands,Passport,1,5,27200.0,0,0,0,15,Medium,10.211009016314165,1,12,Low,0
ENT305383,Individual,China,Passport,1,2,367700.0,0,0,3,14,High,12.815025386894042,0,24,Medium,0
ENT305384,Individual,USA,Passport,1,4,247100.0,0,0,0,5,High,12.41755243891307,0,0,Low,0
ENT305385,Individual,Switzerland,Aadhaar,1,2,19000.0,0,0,1,15,Medium,9.852246888342531,0,8,Low,0
ENT305386,Individual,UK,Driving License,1,2,64200.0,1,0,2,3,High,11.06977406588073,0,31,Medium,1
ENT305387,Corporate,Panama,Voter ID,1,4,135000.0,0,0,0,13,Medium,11.813037464800539,1,12,Low,0
ENT305388,Individual,Cyprus,Voter ID,1,3,21100.0,0,0,0,23,High,9.957075711706057,1,12,Low,0
ENT305389,Corporate,Panama,Driving License,1,1,370200.0,0,0,0,19,Medium,12.821801380360457,1,12,Low,0
ENT305390,Trust,Germany,Driving License,1,5,4800.0,0,0,0,28,Low,8.476579508530941,0,6,Low,0
ENT305391,Partnership,UK,Passport,1,7,99700.0,0,0,0,25,Medium,11.5099309859899,0,0,Low,0
ENT305392,Corporate,Hong Kong,PAN,1,4,159000.0,0,0,0,1,High,11.976665770490767,0,0,Low,0
ENT305393,Partnership,Germany,PAN,1,7,50000.0,0,0,0,28,Medium,10.819798284210286,0,0,Low,0
ENT305394,Corporate,China,Aadhaar,1,1,9400.0,1,0,0,27,Medium,9.148571345578551,0,15,Low,1
ENT305395,Individual,Singapore,Driving License,1,3,6900.0,0,0,0,15,High,8.839421607620602,0,0,Low,0
ENT305396,Individual,Panama,Voter ID,1,1,31100.0,0,0,0,11,Medium,10.344995251991222,1,12,Low,0
ENT305397,Corporate,Singapore,Passport,1,3,18300.0,0,0,0,24,High,9.814710982145282,0,0,Low,0
ENT305398,Individual,Mauritius,Driving License,1,7,42100.0,1,0,0,15,Medium,10.647826772357497,1,27,Medium,1
ENT305399,Partnership,Mauritius,Driving License,1,7,255900.0,0,0,1,3,High,12.45254592991672,1,20,Low,0
ENT305400,Corporate,Singapore,Aadhaar,1,7,85300.0,0,0,0,11,High,11.353941456740479,0,0,Low,0
ENT305401,Individual,Cayman Islands,Aadhaar,0,5,58600.0,0,0,3,18,Medium,10.978507040265917,1,41,High,1
ENT305402,Individual,Panama,Voter ID,0,2,177100.0,0,0,0,25,High,12.084475470282369,1,17,Low,0
ENT305403,Corporate,BVI,Driving License,1,2,16200.0,1,0,0,5,High,9.692828247710418,1,27,Medium,1
ENT305404,Corporate,Cyprus,Driving License,0,4,21700.0,0,0,1,17,High,9.985113621416073,1,25,Medium,0
ENT305405,Individual,Panama,Driving License,1,1,38900.0,0,0,2,25,Medium,10.568775236216993,1,28,Medium,0
ENT305406,Individual,Panama,PAN,0,3,499400.0,0,0,0,2,High,13.121164659228688,1,17,Low,0
ENT305407,Individual,Cayman Islands,Voter ID,1,2,7600.0,0,0,0,29,High,8.936035096566041,1,12,Low,0
ENT305408,Individual,India,Driving License,1,3,144300.0,0,0,0,24,High,11.87965667474488,0,0,Low,0
ENT305409,Corporate,Seychelles,Passport,1,2,119400.0,0,0,0,1,High,11.690242855114947,1,12,Low,0
ENT305410,Individual,China,Passport,1,7,84200.0,0,0,0,28,High,11.340962076644454,0,0,Low,0
ENT305411,Individual,BVI,Aadhaar,1,3,29700.0,0,0,0,16,Medium,10.298935994257638,1,12,Low,0
ENT305412,Corporate,UK,PAN,1,3,43500.0,0,0,1,12,High,10.680539205318292,0,8,Low,0
ENT305413,Individual,China,Driving License,1,3,469500.0,0,0,0,1,Medium,13.05942570755364,0,0,Low,0
ENT305414,Corporate,BVI,Driving License,1,5,52200.0,0,0,0,13,Medium,10.862856930775358,1,12,Low,0
ENT305415,Individual,BVI,Driving License,1,3,276600.0,0,0,0,28,High,12.530331313535255,1,12,Low,0
ENT305416,Partnership,Singapore,Driving License,0,6,109200.0,0,0,0,3,Medium,11.600945499760169,0,5,Low,0
ENT305417,Corporate,USA,Passport,1,2,105400.0,0,0,0,11,Low,11.565527402710426,0,6,Low,0
ENT305418,Corporate,Panama,Voter ID,1,2,38500.0,0,0,0,21,Medium,10.55843949396453,1,12,Low,0
ENT305419,Individual,Hong Kong,Voter ID,1,7,514100.0,0,0,0,21,Medium,13.150175023188563,0,0,Low,0
ENT305420,Partnership,Hong Kong,PAN,1,1,208900.0,0,0,1,27,High,12.249615734512616,0,8,Low,0
ENT305421,Individual,UAE,Aadhaar,1,6,35200.0,0,0,0,1,High,10.468829770273567,0,0,Low,0
ENT305422,Individual,Cayman Islands,Voter ID,1,5,15800.0,0,0,1,8,High,9.6678285081515,1,20,Low,0
ENT305423,Individual,USA,Driving License,1,4,23600.0,0,0,0,29,Medium,10.069044362997353,0,0,Low,0
ENT305424,Individual,UAE,PAN,1,5,56300.0,0,0,1,11,Medium,10.938467575959383,0,8,Low,0
ENT305425,Corporate,Cyprus,Driving License,1,5,38700.0,0,0,0,15,Medium,10.563620718477313,1,12,Low,0
ENT305426,Individual,Mauritius,PAN,1,3,192700.0,0,0,0,20,High,12.16889504380259,1,12,Low,0
ENT305427,Partnership,USA,Driving License,1,2,48100.0,0,0,0,27,Low,10.781058245898533,0,6,Low,0
ENT305428,Individual,Seychelles,Driving License,1,2,172000.0,0,0,0,15,Medium,12.055255569732177,1,12,Low,0
ENT305429,Individual,Seychelles,Driving License,1,2,145500.0,0,0,1,4,High,11.8879382384223,1,20,Low,0
ENT305430,Individual,UAE,Aadhaar,1,2,179300.0,0,0,0,27,Medium,12.096821236822512,0,0,Low,0
ENT305431,Partnership,Mauritius,Driving License,1,4,34700.0,0,0,0,18,Low,10.454523783963511,1,18,Low,0
ENT305432,Individual,USA,Driving License,1,2,70400.0,0,0,0,28,High,11.161962746590705,0,0,Low,0
ENT305433,Individual,Cayman Islands,Passport,1,2,176300.0,0,0,0,11,High,12.07994804051962,1,12,Low,0
ENT305434,Corporate,Germany,PAN,1,1,79600.0,0,0,0,3,High,11.284781934567633,0,0,Low,0
ENT305435,Corporate,Seychelles,Voter ID,1,6,28700.0,0,0,0,27,High,10.264687244346277,1,12,Low,0
ENT305436,Corporate,UAE,Driving License,1,5,3400.0,0,0,0,19,Medium,8.131824785007195,0,0,Low,0
ENT305437,Individual,Hong Kong,Voter ID,1,5,112300.0,0,0,0,22,Medium,11.62893804540639,0,0,Low,0
ENT305438,Trust,Mauritius,Passport,1,6,86500.0,0,0,0,6,High,11.367911253546788,1,12,Low,0
ENT305439,Individual,China,Voter ID,1,3,39300.0,0,0,3,28,High,10.579005242826247,0,24,Medium,0
ENT305440,Individual,Switzerland,Passport,1,7,287500.0,0,0,1,18,High,12.568981617474362,0,8,Low,0
ENT305441,Individual,Singapore,Passport,1,1,30700.0,0,0,0,9,High,10.332050506334692,0,0,Low,0
ENT305442,Individual,UK,Driving License,1,5,17000.0,0,0,0,9,High,9.741027444837728,0,0,Low,0
ENT305443,Individual,China,Passport,1,5,41700.0,0,0,0,22,High,10.638280388314705,0,0,Low,0
ENT305444,Individual,BVI,Passport,1,4,86500.0,0,0,0,17,High,11.367911253546788,1,12,Low,0
ENT305445,Corporate,UK,PAN,1,3,87200.0,0,0,0,28,High,11.375971077721223,0,0,Low,0
ENT305446,Individual,BVI,Voter ID,1,3,5900.0,0,0,0,8,High,8.682877107057168,1,12,Low,0
ENT305447,Corporate,Hong Kong,Aadhaar,1,1,21400.0,0,0,0,9,Low,9.97119292889014,0,6,Low,0
ENT305448,Individual,Hong Kong,Passport,1,4,73900.0,0,0,0,24,High,11.210481638644469,0,0,Low,0
ENT305449,Partnership,Switzerland,Voter ID,1,6,44400.0,0,0,0,27,Low,10.70101727068921,0,6,Low,0
ENT305450,Individual,Hong Kong,Driving License,1,4,142400.0,0,0,0,10,High,11.866402300407264,0,0,Low,0
ENT305451,Partnership,Panama,Aadhaar,1,7,106700.0,0,0,0,9,High,11.577785809317154,1,12,Low,0
ENT305452,Individual,Seychelles,Aadhaar,1,2,137400.0,0,0,0,17,Medium,11.83065893676428,1,12,Low,0
ENT305453,Corporate,Hong Kong,PAN,1,6,56400.0,0,0,0,24,High,10.94024216782542,0,0,Low,0
ENT305454,Individual,Panama,Passport,1,1,1788200.0,0,0,0,10,Low,14.396720644504763,1,19,Low,0
ENT305455,Individual,Mauritius,Voter ID,1,5,2500.0,0,0,1,9,Low,7.824445930877619,1,26,Medium,0
ENT305456,Individual,Cayman Islands,Passport,1,4,23400.0,0,0,0,2,Medium,10.060534035475412,1,12,Low,0
ENT305457,Individual,India,Passport,1,4,17200.0,0,0,0,4,High,9.75272280064639,0,0,Low,0
ENT305458,Corporate,UAE,PAN,1,1,289500.0,0,0,0,23,Medium,12.575914030220655,0,0,Low,0
ENT305459,Individual,Hong Kong,Passport,1,2,58300.0,0,0,0,25,High,10.97337452485014,0,0,Low,0
ENT305460,Corporate,Cyprus,Passport,1,4,17800.0,0,0,0,3,Low,9.787009914477434,1,18,Low,0
ENT305461,Individual,Cyprus,Driving License,1,2,66300.0,0,0,0,28,Medium,11.101960259016467,1,12,Low,0
ENT305462,Individual,Panama,Driving License,1,6,42600.0,0,0,0,25,High,10.659633006160352,1,12,Low,0
ENT305463,Corporate,India,PAN,0,1,79900.0,0,0,0,20,Low,11.288543647320601,0,11,Low,0
ENT305464,Partnership,Hong Kong,Driving License,0,1,32000.0,0,0,0,11,High,10.373522431293592,0,5,Low,0
ENT305465,Individual,Mauritius,Driving License,1,7,45400.0,1,0,0,26,Medium,10.723289410218579,1,27,Medium,1
ENT305466,Corporate,Mauritius,Passport,1,2,307500.0,0,0,0,9,High,12.636233618255941,1,12,Low,0
ENT305467,Individual,UAE,PAN,1,7,59100.0,0,0,0,6,Medium,10.987003123724813,0,0,Low,0
ENT305468,Corporate,BVI,PAN,1,3,116800.0,0,0,0,25,High,11.66822691098345,1,12,Low,0
ENT305469,Corporate,Switzerland,Passport,1,6,31600.0,0,0,3,12,Low,10.360944044643913,0,30,Medium,0
ENT305470,Individual,Switzerland,Passport,1,2,55700.0,0,0,0,14,High,10.92775337907558,0,0,Low,0
ENT305471,Corporate,Cyprus,Voter ID,1,7,59100.0,0,0,0,25,High,10.987003123724813,1,12,Low,0
ENT305472,Individual,India,Aadhaar,1,7,13000.0,0,0,0,9,High,9.472781556562168,0,0,Low,0
ENT305473,Partnership,Hong Kong,Driving License,0,2,332000.0,0,0,0,23,High,12.712893259942282,0,5,Low,0
ENT305474,Corporate,India,PAN,1,3,26500.0,0,0,0,8,Medium,10.184937747111391,0,0,Low,0
ENT305475,Individual,USA,Voter ID,1,4,101700.0,0,0,0,3,High,11.52979241483,0,0,Low,0
ENT305476,Partnership,UK,Passport,0,3,16500.0,0,0,0,1,High,9.711176264112805,0,5,Low,0
ENT305477,Corporate,USA,Passport,1,1,29400.0,0,0,0,18,High,10.288783966353765,0,0,Low,0
ENT305478,Corporate,Panama,Passport,1,6,62100.0,0,0,0,15,Medium,11.036517370851499,1,12,Low,0
ENT305479,Partnership,Singapore,Driving License,1,3,389500.0,0,0,0,18,Medium,12.87262171168374,0,0,Low,0
ENT305480,Individual,Hong Kong,Passport,1,3,29400.0,1,0,0,19,Medium,10.288783966353765,0,15,Low,1
ENT305481,Corporate,UK,Aadhaar,1,1,285000.0,0,0,0,17,High,12.560247968016562,0,0,Low,0
ENT305482,Corporate,Cayman Islands,Aadhaar,1,2,46700.0,0,0,0,23,Low,10.751520856703959,1,18,Low,0
ENT305483,Corporate,UAE,PAN,1,7,56600.0,0,0,0,13,Low,10.943781931879723,0,6,Low,0
ENT305484,Corporate,Seychelles,Driving License,1,1,28000.0,0,0,3,6,Medium,10.239995502805316,1,36,Medium,0
ENT305485,Corporate,Panama,Voter ID,1,3,14300.0,0,0,0,24,High,9.568084743872936,1,12,Low,0
ENT305486,Corporate,India,Passport,0,3,79000.0,0,0,0,9,Low,11.277215789596893,0,11,Low,0
ENT305487,Trust,China,Passport,1,6,30000.0,0,0,1,25,High,10.308985993422082,0,8,Low,0
ENT305488,Corporate,Mauritius,Aadhaar,1,6,210400.0,0,0,0,2,Low,12.256770512686108,1,18,Low,0
ENT305489,Corporate,China,Driving License,1,3,52800.0,0,0,0,17,High,10.874285408908944,0,0,Low,0
ENT305490,Individual,Panama,Driving License,1,5,78200.0,0,0,0,19,High,11.267037714175425,1,12,Low,0
ENT305491,Individual,USA,Driving License,1,7,2800.0,0,0,0,27,High,7.937731775260109,0,0,Low,0
ENT305492,Corporate,Germany,Voter ID,1,1,90200.0,0,0,0,22,High,11.409795792463761,0,0,Low,0
ENT305493,Corporate,Cyprus,Voter ID,1,5,12700.0,0,0,0,7,High,9.44943600950432,1,12,Low,0
ENT305494,Corporate,BVI,Aadhaar,1,4,4100.0,0,0,0,7,High,8.31898612539206,1,12,Low,0
ENT305495,Individual,Hong Kong,Voter ID,1,7,48900.0,0,0,0,21,Medium,10.797553125151618,0,0,Low,0
ENT305496,Trust,Hong Kong,Passport,1,5,4500.0,0,0,0,23,High,8.412054873292933,0,0,Low,0
ENT305497,Individual,UK,Passport,1,6,13400.0,0,0,0,11,High,9.503084610020228,0,0,Low,0
ENT305498,Corporate,Hong Kong,Voter ID,1,6,191100.0,0,0,0,28,Low,12.160557363077048,0,6,Low,0
ENT305499,Individual,USA,Voter ID,1,5,27200.0,0,0,1,3,Low,10.211009016314165,0,14,Low,0
ENT305500,Corporate,Germany,Driving License,1,2,43500.0,0,0,0,14,Medium,10.680539205318292,0,0,Low,0
ENT305501,Corporate,USA,Driving License,1,1,20000.0,0,0,0,27,Medium,9.90353755128617,0,0,Low,0
ENT305502,Corporate,Singapore,Passport,1,1,56900.0,0,0,0,25,Medium,10.949068194652432,0,0,Low,0
ENT305503,Individual,Cyprus,Driving License,1,4,27400.0,0,0,0,4,Low,10.21833478806055,1,18,Low,0
ENT305504,Individual,China,PAN,1,4,7200.0,0,0,0,22,High,8.881975184248867,0,0,Low,0
ENT305505,Corporate,Switzerland,Voter ID,1,7,59600.0,0,0,0,2,Medium,10.995427631436174,0,0,Low,0
ENT305506,Corporate,Mauritius,Voter ID,1,7,3000.0,0,0,1,28,Low,8.006700845440367,1,26,Medium,0
ENT305507,Individual,Singapore,PAN,1,1,36900.0,0,0,0,4,High,10.515993929932415,0,0,Low,0
ENT305508,Corporate,Germany,Aadhaar,1,2,14900.0,0,0,0,21,High,9.60918360377546,0,0,Low,0
ENT305509,Partnership,Cayman Islands,Aadhaar,0,4,113900.0,0,0,0,5,High,11.643084929027989,1,17,Low,0
ENT305510,Corporate,BVI,Driving License,1,1,5400.0,0,0,0,16,High,8.594339400592892,1,12,Low,0
ENT305511,Individual,Cayman Islands,Voter ID,1,7,124700.0,0,0,0,17,Low,11.733674150882164,1,18,Low,0
ENT305512,Corporate,Seychelles,Voter ID,1,7,53100.0,0,1,0,10,Medium,10.879951039444416,1,52,High,1
ENT305513,Individual,Singapore,Driving License,1,3,257800.0,0,0,0,10,High,12.459943248455652,0,0,Low,0
ENT305514,Corporate,Germany,Aadhaar,1,3,43000.0,0,0,0,6,Low,10.668978650219241,0,6,Low,0
ENT305515,Partnership,BVI,Voter ID,1,7,344300.0,0,0,0,28,High,12.749271553766196,1,12,Low,0
ENT305516,Individual,Singapore,Aadhaar,1,1,24000.0,0,0,0,10,Medium,10.085850775128717,0,0,Low,0
ENT305517,Partnership,Panama,Driving License,1,1,9900.0,0,0,0,1,Low,9.200391041122515,1,18,Low,0
ENT305518,Corporate,China,PAN,1,3,242400.0,0,0,0,10,Low,12.398348658581329,0,6,Low,0
ENT305519,Partnership,Hong Kong,PAN,1,3,142600.0,0,0,0,13,Medium,11.867805799560465,0,0,Low,0
ENT305520,Corporate,India,Driving License,1,6,79400.0,0,0,0,25,High,11.282266241614355,0,0,Low,0
ENT305521,Individual,Cayman Islands,Driving License,1,7,118400.0,0,0,0,3,High,11.681832447342321,1,12,Low,0
ENT305522,Individual,Hong Kong,Voter ID,1,3,40500.0,0,0,0,5,Medium,10.609081944147828,0,0,Low,0
ENT305523,Individual,BVI,PAN,1,2,9700.0,0,0,0,16,High,9.179984251961283,1,12,Low,0
ENT305524,Partnership,USA,PAN,1,4,29200.0,0,0,1,26,Medium,10.281958234245314,0,8,Low,0
ENT305525,Corporate,Switzerland,Passport,1,5,72100.0,0,0,0,26,Low,11.185823192802378,0,6,Low,0
ENT305526,Individual,Singapore,Voter ID,1,3,306500.0,0,0,0,6,Medium,12.632976296995821,0,0,Low,0
ENT305527,Individual,Cyprus,PAN,1,3,122100.0,0,0,0,21,Low,11.712603850073448,1,18,Low,0
ENT305528,Individual,USA,Voter ID,1,7,182500.0,0,0,0,26,High,12.114510931441727,0,0,Low,0
ENT305529,Corporate,UK,Passport,1,5,110800.0,0,0,2,15,High,11.61549107852535,0,16,Low,0
ENT305530,Corporate,Germany,Driving License,1,4,38700.0,0,0,0,27,High,10.563620718477313,0,0,Low,0
ENT305531,Individual,UAE,Driving License,0,7,22700.0,0,0,0,2,High,10.030164255362632,0,5,Low,0
ENT305532,Partnership,India,PAN,1,3,36300.0,0,0,0,18,High,10.499600568082863,0,0,Low,0
ENT305533,Corporate,Switzerland,Driving License,1,2,72400.0,0,0,0,15,High,11.189975390433117,0,0,Low,0
ENT305534,Individual,UAE,Passport,1,3,71000.0,0,0,0,17,High,11.170449240431308,0,0,Low,0
ENT305535,Individual,Switzerland,Driving License,1,4,106700.0,0,0,2,2,Medium,11.577785809317154,0,16,Low,0
ENT305536,Corporate,India,Passport,1,1,215600.0,0,0,1,4,High,12.281184756225146,0,8,Low,0
ENT305537,Individual,Seychelles,Voter ID,1,7,459600.0,0,0,0,17,Medium,13.038114000759418,1,12,Low,0
ENT305538,Individual,India,Passport,1,2,65100.0,0,0,0,25,High,11.083695189061785,0,0,Low,0
ENT305539,Corporate,UK,Passport,1,1,20800.0,0,0,0,29,High,9.942756341456828,0,0,Low,0
ENT305540,Corporate,Switzerland,Aadhaar,0,5,161400.0,0,0,0,26,Medium,11.991647230585656,0,5,Low,0
ENT305541,Individual,Mauritius,Aadhaar,1,3,15800.0,0,0,0,19,High,9.6678285081515,1,12,Low,0
ENT305542,Partnership,Seychelles,Voter ID,0,5,602400.0,0,0,0,18,High,13.308678615493003,1,17,Low,0
ENT305543,Individual,Germany,PAN,1,5,40200.0,0,0,0,29,Medium,10.601647149919609,0,0,Low,0
ENT305544,Individual,UAE,Aadhaar,1,7,338200.0,0,0,0,6,Medium,12.731395672272523,0,0,Low,0
ENT305545,Corporate,Hong Kong,Aadhaar,1,2,27000.0,0,0,0,16,Medium,10.203629181337648,0,0,Low,0
ENT305546,Individual,USA,Voter ID,1,4,101200.0,1,0,0,25,High,11.524863917209606,0,15,Low,1
ENT305547,Individual,UAE,Passport,1,7,111100.0,0,0,0,13,High,11.618194976487304,0,0,Low,0
ENT305548,Partnership,Cayman Islands,Driving License,1,5,159900.0,0,0,0,28,Medium,11.982310152711182,1,12,Low,0
ENT305549,Corporate,UK,PAN,1,6,24800.0,0,0,0,29,High,10.118639253920785,0,0,Low,0
ENT305550,Individual,Seychelles,Driving License,1,3,35700.0,0,0,0,14,Medium,10.482933978579906,1,12,Low,0
ENT305551,Partnership,BVI,Driving License,1,7,78300.0,0,0,0,27,High,11.268315653289422,1,12,Low,0
ENT305552,Individual,Singapore,PAN,0,7,118900.0,0,0,0,26,High,11.686046493072437,0,5,Low,0
ENT305553,Individual,Panama,Aadhaar,1,4,52800.0,1,0,0,6,High,10.874285408908944,1,27,Medium,1
ENT305554,Individual,BVI,Passport,1,1,14000.0,0,0,2,21,Medium,9.546884034617925,1,28,Medium,0
ENT305555,Corporate,Seychelles,Passport,1,1,274400.0,0,0,0,8,Low,12.522345819142096,1,18,Low,0
ENT305556,Partnership,Panama,Voter ID,1,1,59400.0,0,0,0,1,Medium,10.992066340225865,1,12,Low,0
ENT305557,Individual,India,PAN,1,4,35800.0,0,0,0,29,High,10.485731104959568,0,0,Low,0
ENT305558,Individual,USA,Aadhaar,1,6,151900.0,0,0,2,2,Medium,11.930984271840668,0,16,Low,0
ENT305559,Individual,Switzerland,Voter ID,1,4,31400.0,1,0,0,4,Medium,10.354595018522993,0,15,Low,1
ENT305560,Corporate,Seychelles,Passport,1,4,46400.0,0,0,1,12,Medium,10.74507628970625,1,20,Low,0
ENT305561,Individual,India,Driving License,1,7,637900.0,0,0,0,5,High,13.365938377872649,0,0,Low,0
ENT305562,Corporate,Germany,PAN,1,3,38100.0,0,0,0,26,Low,10.547995807489514,0,6,Low,0
ENT305563,Individual,Singapore,Driving License,1,7,13600.0,0,0,0,9,High,9.517898598432753,0,0,Low,0
ENT305564,Individual,Seychelles,Voter ID,1,1,136100.0,0,0,0,28,Low,11.82115253615114,1,18,Low,0
ENT305565,Corporate,Switzerland,Voter ID,1,3,51000.0,0,0,0,26,High,10.839600519357369,0,0,Low,0
ENT305566,Corporate,China,Driving License,1,1,33800.0,0,0,0,15,Low,10.428245666832275,0,6,Low,0
ENT305567,Individual,China,Passport,1,1,148100.0,0,0,0,8,High,11.905649752427557,0,0,Low,0
ENT305568,Individual,Hong Kong,Driving License,1,7,28500.0,0,0,0,18,Medium,10.25769445336048,0,0,Low,0
ENT305569,Corporate,UK,Passport,0,4,143900.0,0,0,0,16,Low,11.87688084212164,0,11,Low,0
ENT305570,Individual,Panama,Aadhaar,1,7,100000.0,0,0,0,18,High,11.51293546492023,1,12,Low,0
ENT305571,Corporate,Cayman Islands,PAN,1,7,191700.0,0,0,0,9,Medium,12.16369214550422,1,12,Low,0
ENT305572,Individual,Seychelles,Voter ID,1,5,109000.0,0,0,0,29,High,11.599112335481124,1,12,Low,0
ENT305573,Individual,Germany,Passport,1,2,18500.0,0,0,1,28,High,9.825580063659602,0,8,Low,0
ENT305574,Individual,Germany,Aadhaar,1,2,268200.0,0,0,0,9,High,12.49949197838354,0,0,Low,0
ENT305575,Individual,Panama,Aadhaar,0,4,51300.0,0,0,0,17,Low,10.84546552414626,1,23,Medium,0
ENT305576,Individual,Switzerland,Passport,0,1,30800.0,1,0,0,10,High,10.335302435967074,0,20,Low,1
ENT305577,Corporate,China,Driving License,1,7,78200.0,0,0,3,11,Medium,11.267037714175425,0,24,Medium,0
ENT305578,Individual,USA,Aadhaar,1,7,40100.0,0,0,0,13,Medium,10.599156550639583,0,0,Low,0
ENT305579,Corporate,Singapore,PAN,1,5,61400.0,0,0,0,27,Medium,11.02518140064756,0,0,Low,0
ENT305580,Corporate,Germany,Passport,1,7,32700.0,0,0,1,29,Medium,10.39516093745751,0,8,Low,0
ENT305581,Individual,China,PAN,1,3,27400.0,0,0,0,13,High,10.21833478806055,0,0,Low,0
ENT305582,Individual,USA,Driving License,1,7,27000.0,0,0,0,4,Medium,10.203629181337648,0,0,Low,0
ENT305583,Partnership,Germany,Passport,1,2,115200.0,0,0,1,2,Medium,11.654433707761807,0,8,Low,0
ENT305584,Individual,Panama,PAN,1,7,12100.0,0,0,0,17,Low,9.401043372798053,1,18,Low,0
ENT305585,Corporate,Germany,Aadhaar,1,3,239700.0,0,0,0,5,Low,12.387147592295292,0,6,Low,0
ENT305586,Partnership,Switzerland,PAN,1,3,75700.0,0,0,0,10,High,11.234546649377918,0,0,Low,0
ENT305587,Individual,Hong Kong,Driving License,1,7,38000.0,0,0,1,16,High,10.545367754151743,0,8,Low,0
ENT305588,Individual,Cayman Islands,PAN,1,6,39100.0,0,0,0,11,Medium,10.573903321093981,1,12,Low,0
ENT305589,Individual,Hong Kong,Aadhaar,1,1,73800.0,0,0,2,24,High,11.209127560632263,0,16,Low,0
ENT305590,Corporate,USA,Driving License,1,5,46800.0,0,0,0,22,High,10.753659849198824,0,0,Low,0
ENT305591,Individual,China,Aadhaar,1,7,300800.0,0,0,3,27,High,12.614204195520381,0,24,Medium,0
ENT305592,Individual,Cayman Islands,Aadhaar,0,5,53200.0,0,0,0,9,High,10.881832472145556,1,17,Low,0
ENT305593,Corporate,Singapore,Passport,1,7,87100.0,0,0,1,17,Medium,11.374823643830945,0,8,Low,0
ENT305594,Individual,Seychelles,Voter ID,1,5,334200.0,0,0,0,9,High,12.71949788735918,1,12,Low,0
ENT305595,Corporate,Singapore,Aadhaar,1,5,45800.0,0,0,0,21,Medium,10.732061203925053,0,0,Low,0
ENT305596,Corporate,Hong Kong,Driving License,1,3,39100.0,1,0,0,8,High,10.573903321093981,0,15,Low,1
ENT305597,Corporate,USA,PAN,0,5,120800.0,0,0,2,3,Medium,11.701899842594283,0,21,Medium,0
ENT305598,Corporate,UAE,Driving License,1,5,252300.0,0,0,0,21,High,12.438378098156768,0,0,Low,0
ENT305599,Individual,Germany,Voter ID,1,4,455000.0,0,0,0,24,Medium,13.02805489573287,0,0,Low,0
ENT305600,Individual,China,Voter ID,1,3,170100.0,0,0,0,7,Medium,12.04414765726144,0,0,Low,0
ENT305601,Individual,Cayman Islands,PAN,1,5,15100.0,0,0,0,7,High,9.62251624577579,1,12,Low,0
ENT305602,Individual,USA,Voter ID,1,3,41900.0,0,0,0,19,High,10.643064971973882,0,0,Low,0
ENT305603,Individual,Mauritius,PAN,1,6,134000.0,1,0,0,24,Medium,11.80560254159177,1,27,Medium,1
ENT305604,Individual,UK,PAN,1,7,79000.0,0,0,0,3,High,11.277215789596893,0,0,Low,0
ENT305605,Individual,India,Voter ID,1,6,78600.0,0,0,0,23,Low,11.272139700982676,0,6,Low,0
ENT305606,Corporate,Germany,Passport,1,4,466100.0,0,0,0,10,Medium,13.052157627820877,0,0,Low,0
ENT305607,Individual,Seychelles,Driving License,1,5,39600.0,0,0,0,5,Low,10.586609649448985,1,18,Low,0
ENT305608,Individual,Panama,PAN,1,6,484700.0,0,0,0,11,High,13.091287484963173,1,12,Low,0
ENT305609,Individual,Cyprus,Voter ID,1,3,59900.0,0,0,0,28,Medium,11.000448478455008,1,12,Low,0
ENT305610,Individual,India,Voter ID,1,3,149900.0,0,0,1,29,High,11.917730355182513,0,8,Low,0
ENT305611,Individual,UK,Passport,0,5,126000.0,0,0,0,2,Medium,11.744045122410057,0,5,Low,0
ENT305612,Individual,Switzerland,PAN,1,5,335900.0,0,0,0,18,High,12.724571752672464,0,0,Low,0
ENT305613,Corporate,Germany,Voter ID,1,2,374000.0,1,0,0,17,Medium,12.832013750189885,0,15,Low,1
ENT305614,Corporate,Germany,Aadhaar,1,4,200100.0,0,0,0,5,Medium,12.206577518060588,0,0,Low,0
ENT305615,Partnership,UK,PAN,1,5,51700.0,0,0,0,10,Low,10.853232402669228,0,6,Low,0
ENT305616,Partnership,Switzerland,Aadhaar,1,4,33000.0,0,0,0,7,High,10.404293143019792,0,0,Low,0
ENT305617,Individual,Cyprus,Driving License,0,1,1787800.0,0,0,0,17,High,14.396496930982416,1,18,Low,0
ENT305618,Corporate,China,Passport,1,1,26500.0,0,0,0,10,High,10.184937747111391,0,0,Low,0
ENT305619,Corporate,Switzerland,Passport,1,6,40400.0,0,0,1,28,High,10.606609816118151,0,8,Low,0
ENT305620,Trust,Seychelles,Driving License,1,3,21500.0,0,0,0,26,Low,9.975854724662028,1,18,Low,0
ENT305621,Corporate,UAE,Passport,1,1,125000.0,0,0,0,13,High,11.736077016252437,0,0,Low,0
ENT305622,Corporate,USA,Aadhaar,1,6,42600.0,0,0,0,10,Medium,10.659633006160352,0,0,Low,0
ENT305623,Corporate,China,Aadhaar,1,6,11100.0,0,0,0,1,High,9.314790473332646,0,0,Low,0
ENT305624,Individual,Germany,Driving License,1,7,45600.0,0,0,0,13,Medium,10.727684925086583,0,0,Low,0
ENT305625,Individual,Hong Kong,Passport,1,7,243700.0,0,0,0,27,High,12.403697343010705,0,0,Low,0
ENT305626,Individual,USA,Voter ID,1,3,536800.0,0,0,0,4,High,13.19338272752908,0,0,Low,0
ENT305627,Partnership,UK,Voter ID,1,2,62800.0,0,0,0,27,High,11.047726275896391,0,0,Low,0
ENT305628,Individual,Panama,Aadhaar,0,4,51500.0,0,0,0,2,Medium,10.849356503939038,1,17,Low,0
ENT305629,Individual,Singapore,Aadhaar,1,1,121100.0,0,0,0,16,Low,11.704380187145405,0,6,Low,0
ENT305630,Individual,Cyprus,Voter ID,1,7,122500.0,0,0,0,22,Low,11.715874472198905,1,18,Low,0
ENT305631,Individual,India,Driving License,1,4,169800.0,0,0,0,20,Low,12.04238244212355,0,6,Low,0
ENT305632,Individual,Seychelles,Aadhaar,1,4,23800.0,0,0,0,16,High,10.077482875583607,1,12,Low,0
ENT305633,Partnership,UAE,Aadhaar,1,1,45300.0,0,0,0,15,High,10.721084386282662,0,0,Low,0
ENT305634,Trust,China,Voter ID,1,1,47700.0,0,1,0,23,Medium,10.77270764101727,0,40,Medium,1
ENT305635,Individual,China,Driving License,1,4,106500.0,0,0,0,21,High,11.575909653758895,0,0,Low,0
ENT305636,Individual,Mauritius,PAN,1,2,155700.0,0,0,0,14,High,11.955692780409043,1,12,Low,0
ENT305637,Individual,Seychelles,Passport,1,2,29500.0,0,0,0,17,High,10.292179440058462,1,12,Low,0
ENT305638,Corporate,Cyprus,Aadhaar,0,4,71700.0,0,0,0,11,High,11.180259973491848,1,17,Low,0
ENT305639,Individual,Seychelles,Voter ID,1,3,12000.0,0,0,0,25,High,9.392745258631441,1,12,Low,0
ENT305640,Individual,Singapore,Voter ID,1,7,41200.0,0,0,0,12,Low,10.626217806887722,0,6,Low,0
ENT305641,Individual,Cayman Islands,PAN,1,3,43400.0,0,0,0,22,Medium,10.6782377612977,1,12,Low,0
ENT305642,Corporate,BVI,Passport,1,7,28500.0,0,0,2,14,High,10.25769445336048,1,28,Medium,0
ENT305643,Corporate,Germany,Passport,1,2,153100.0,0,0,1,11,Medium,11.938853113303086,0,8,Low,0
ENT305644,Individual,India,Passport,1,5,8600.0,0,0,0,15,Medium,9.059633754551479,0,0,Low,0
ENT305645,Individual,Cayman Islands,Aadhaar,1,5,174000.0,0,0,0,25,Medium,12.066816325306588,1,12,Low,0
ENT305646,Partnership,Cayman Islands,Aadhaar,1,3,10200.0,0,0,0,28,High,9.23024103368252,1,12,Low,0
ENT305647,Individual,Cyprus,Aadhaar,1,1,31100.0,1,0,3,12,Low,10.344995251991222,1,57,High,1
ENT305648,Individual,Mauritius,Aadhaar,1,7,171000.0,0,0,0,17,High,12.049424683420915,1,12,Low,0
ENT305649,Trust,Switzerland,Aadhaar,0,3,11700.0,0,0,1,26,Low,9.367429587218957,0,19,Low,0
ENT305650,Trust,Germany,Aadhaar,1,6,95300.0,0,0,1,14,Medium,11.464795582766675,0,8,Low,0
ENT305651,Corporate,UK,Aadhaar,1,6,16500.0,0,0,0,8,Medium,9.711176264112805,0,0,Low,0
ENT305652,Corporate,Hong Kong,Passport,1,4,98200.0,0,0,0,20,High,11.494771677590096,0,0,Low,0
ENT305653,Individual,Seychelles,PAN,1,1,27000.0,0,0,0,10,High,10.203629181337648,1,12,Low,0
ENT305654,Individual,Cayman Islands,Passport,1,5,90200.0,0,0,0,28,Medium,11.409795792463761,1,12,Low,0
ENT305655,Corporate,Seychelles,Aadhaar,1,7,144500.0,0,0,0,11,High,11.881041706925902,1,12,Low,0
ENT305656,Individual,Switzerland,Driving License,1,7,74200.0,0,0,0,10,High,11.214532906153606,0,0,Low,0
ENT305657,Individual,Mauritius,Driving License,1,1,8900.0,0,0,0,26,High,9.093918908958932,1,12,Low,0
ENT305658,Corporate,UAE,Driving License,1,2,156300.0,0,0,0,26,High,11.959538914341756,0,0,Low,0
ENT305659,Individual,BVI,Voter ID,1,4,15300.0,0,0,0,20,Medium,9.635673464721814,1,12,Low,0
ENT305660,Corporate,China,PAN,1,4,311800.0,0,0,0,2,High,12.650120442784763,0,0,Low,0
ENT305661,Corporate,Switzerland,Aadhaar,1,1,149800.0,0,1,1,25,Medium,11.917063025610398,0,48,High,1
ENT305662,Partnership,Cyprus,Aadhaar,1,7,103300.0,0,0,0,22,High,11.545402335602985,1,12,Low,0
ENT305663,Individual,Switzerland,PAN,1,2,266300.0,0,0,0,29,Medium,12.492382526958323,0,0,Low,0
ENT305664,Individual,Cyprus,Aadhaar,1,6,148600.0,0,0,0,6,Medium,11.909020140718255,1,12,Low,0
ENT305665,Trust,Mauritius,Aadhaar,1,7,14200.0,0,0,0,20,Medium,9.561067663645012,1,12,Low,0
ENT305666,Individual,Singapore,Voter ID,1,7,140400.0,0,0,1,4,High,11.852257893055606,0,8,Low,0
ENT305667,Individual,Cayman Islands,Passport,1,4,25100.0,0,0,0,19,Medium,10.130662964963708,1,12,Low,0
ENT305668,Partnership,BVI,Driving License,0,5,87300.0,1,0,0,21,High,11.377117196515812,1,32,Medium,1
ENT305669,Individual,Switzerland,Driving License,1,2,8400.0,0,0,0,28,High,9.036106025364846,0,0,Low,0
ENT305670,Corporate,Cayman Islands,Passport,1,3,36200.0,0,0,0,10,Medium,10.49684202174171,1,12,Low,0
ENT305671,Corporate,USA,Passport,1,2,412400.0,0,0,0,12,High,12.929751455952264,0,0,Low,0
ENT305672,Individual,Singapore,Passport,1,1,679500.0,0,0,0,14,High,13.429113984242598,0,0,Low,0
ENT305673,Corporate,BVI,Voter ID,0,4,9000.0,0,0,0,9,High,9.105090961257085,1,17,Low,0
ENT305674,Individual,Mauritius,Aadhaar,1,5,86000.0,0,0,0,4,High,11.362114203075018,1,12,Low,0
ENT305675,Corporate,Germany,Driving License,1,6,161100.0,0,0,0,17,High,11.989786776470444,0,0,Low,0
ENT305676,Corporate,Cayman Islands,Aadhaar,1,4,52000.0,0,0,0,13,High,10.859018228147887,1,12,Low,0
ENT305677,Corporate,Switzerland,Passport,1,3,82100.0,0,0,0,21,High,11.315705475634307,0,0,Low,0
ENT305678,Individual,China,Driving License,1,1,102300.0,0,0,0,28,Medium,11.535674727063007,0,0,Low,0
ENT305679,Corporate,Mauritius,Voter ID,1,1,176200.0,1,0,0,19,High,12.079380667837011,1,27,Medium,1
ENT305680,Corporate,BVI,PAN,1,2,324700.0,0,0,0,22,Medium,12.690660037852133,1,12,Low,0
ENT305681,Corporate,UK,Driving License,1,2,174700.0,0,0,0,22,Medium,12.07083122020422,0,0,Low,0
ENT305682,Individual,India,Driving License,0,2,13900.0,0,0,1,10,High,9.539716058977092,0,13,Low,0
ENT305683,Individual,Switzerland,Passport,1,4,231300.0,0,0,0,24,Low,12.351475171599722,0,6,Low,0
ENT305684,Corporate,India,PAN,1,3,70700.0,0,0,0,21,High,11.166214996056205,0,0,Low,0
ENT305685,Corporate,UK,Voter ID,1,2,27700.0,0,0,1,13,Low,10.229223792606835,0,14,Low,0
ENT305686,Corporate,BVI,Aadhaar,1,2,29500.0,0,0,0,13,High,10.292179440058462,1,12,Low,0
ENT305687,Individual,Cyprus,Voter ID,1,6,103800.0,0,0,2,12,Medium,11.550230883578887,1,28,Medium,0
ENT305688,Individual,Hong Kong,Voter ID,1,1,181000.0,0,0,0,29,Medium,12.10625783509458,0,0,Low,0
ENT305689,Individual,China,PAN,1,6,25600.0,0,0,0,13,High,10.150386692204734,0,0,Low,0
ENT305690,Individual,Seychelles,Passport,1,4,78500.0,0,0,0,6,High,11.270866642542865,1,12,Low,0
ENT305691,Corporate,Germany,Passport,1,7,152600.0,0,0,0,18,High,11.93558195089097,0,0,Low,0
ENT305692,Individual,Panama,Passport,1,2,80400.0,0,0,0,25,Low,11.294781892900653,1,18,Low,0
ENT305693,Corporate,Cayman Islands,Passport,1,4,347900.0,0,0,0,8,Medium,12.759673235525094,1,12,Low,0
ENT305694,Partnership,Singapore,Aadhaar,1,3,36100.0,0,0,0,3,Medium,10.494075844768336,0,0,Low,0
ENT305695,Individual,USA,PAN,1,6,35100.0,0,0,0,14,Medium,10.465984899076615,0,0,Low,0
ENT305696,Individual,Seychelles,Aadhaar,1,6,755100.0,0,0,0,11,Medium,13.534606794118544,1,12,Low,0
ENT305697,Individual,Cyprus,Driving License,1,5,27400.0,0,0,3,10,Medium,10.21833478806055,1,36,Medium,0
ENT305698,Corporate,India,PAN,1,3,44400.0,0,0,0,18,High,10.70101727068921,0,0,Low,0
ENT305699,Corporate,UAE,Passport,1,5,48200.0,0,0,0,23,High,10.783135046711445,0,0,Low,0
ENT305700,Partnership,Singapore,Driving License,1,4,70000.0,0,0,0,5,High,11.156264806643742,0,0,Low,0
ENT305701,Individual,Singapore,Aadhaar,1,2,49100.0,0,0,0,8,High,10.801634680173994,0,0,Low,0
ENT305702,Corporate,Cyprus,Aadhaar,1,4,39100.0,0,1,0,8,High,10.573903321093981,1,52,High,1
ENT305703,Individual,Hong Kong,PAN,1,7,30000.0,0,0,0,26,High,10.308985993422082,0,0,Low,0
ENT305704,Individual,USA,Aadhaar,1,3,24100.0,0,0,0,3,Medium,10.090008612393838,0,0,Low,0
ENT305705,Corporate,Seychelles,Voter ID,1,3,27300.0,0,0,0,17,High,10.214678610538817,1,12,Low,0
ENT305706,Corporate,Singapore,Aadhaar,0,6,96000.0,0,0,0,3,High,11.472113887062386,0,5,Low,0
ENT305707,Corporate,Seychelles,Aadhaar,1,7,74300.0,0,0,0,11,Medium,11.215879689565481,1,12,Low,0
ENT305708,Corporate,India,Driving License,1,5,81400.0,0,0,0,11,Medium,11.307142836927456,0,0,Low,0
ENT305709,Corporate,BVI,Passport,1,3,12200.0,0,0,0,7,Medium,9.409273194575334,1,12,Low,0
ENT305710,Individual,UAE,Aadhaar,1,2,105500.0,0,0,0,12,Low,11.566475710526321,0,6,Low,0
ENT305711,Corporate,Singapore,Passport,1,7,2500.0,0,0,0,18,High,7.824445930877619,0,0,Low,0
ENT305712,Individual,Germany,Voter ID,1,6,85800.0,0,0,0,15,High,11.359785940419789,0,0,Low,0
ENT305713,Corporate,Switzerland,Passport,1,4,50700.0,0,0,0,5,Medium,10.83370091325064,0,0,Low,0
ENT305714,Individual,Cayman Islands,Passport,1,5,29200.0,0,0,0,13,High,10.281958234245314,1,12,Low,0
ENT305715,Individual,Switzerland,Driving License,1,3,42100.0,0,0,0,23,High,10.647826772357497,0,0,Low,0
ENT305716,Individual,Germany,PAN,1,6,38900.0,0,0,0,7,Medium,10.568775236216993,0,0,Low,0
ENT305717,Corporate,Seychelles,Aadhaar,1,5,98700.0,0,0,0,2,High,11.499850357082506,1,12,Low,0
ENT305718,Partnership,Singapore,PAN,1,5,12300.0,0,0,0,24,High,9.417435838868785,0,0,Low,0
ENT305719,Corporate,Panama,Passport,1,5,98200.0,0,0,0,25,Medium,11.494771677590096,1,12,Low,0
ENT305720,Partnership,UAE,PAN,1,7,55500.0,0,0,0,20,High,10.92415631759022,0,0,Low,0
ENT305721,Partnership,China,Aadhaar,1,7,49300.0,0,0,0,26,High,10.805699643800724,0,0,Low,0
ENT305722,Partnership,UK,Aadhaar,1,5,33900.0,0,0,0,20,High,10.431199791458543,0,0,Low,0
ENT305723,Individual,Hong Kong,Passport,1,4,82900.0,0,0,0,9,High,11.325402403776808,0,0,Low,0
ENT305724,Trust,UAE,PAN,1,4,21900.0,0,0,0,12,High,9.994287576862567,0,0,Low,0
ENT305725,Partnership,China,Aadhaar,1,3,152900.0,0,0,0,9,Low,11.937545932118134,0,6,Low,0
ENT305726,Individual,Cyprus,PAN,1,5,66500.0,0,0,0,5,Low,11.104972264124868,1,18,Low,0
ENT305727,Individual,Cayman Islands,Passport,1,5,117000.0,0,0,0,6,Medium,11.669937760751914,1,12,Low,0
ENT305728,Individual,Panama,Voter ID,1,1,29800.0,0,0,0,3,High,10.30229722897745,1,12,Low,0
ENT305729,Corporate,Singapore,Voter ID,1,1,1059000.0,0,0,0,13,Medium,13.872836568870161,0,1,Low,0
ENT305730,Individual,UAE,Aadhaar,1,3,15500.0,0,0,0,21,Medium,9.648659816955295,0,0,Low,0
ENT305731,Individual,Mauritius,Voter ID,1,5,133200.0,0,0,0,19,High,11.799614544567753,1,12,Low,0
ENT305732,Individual,Germany,Passport,1,6,55000.0,1,0,0,14,Low,10.915106645867503,0,21,Medium,1
ENT305733,Corporate,UAE,PAN,1,1,312200.0,0,0,1,21,High,12.651402490133291,0,8,Low,0
ENT305734,Individual,Panama,Driving License,1,1,11900.0,0,0,0,8,High,9.38437770918244,1,12,Low,0
ENT305735,Individual,USA,Aadhaar,1,1,168300.0,0,0,3,22,Medium,12.033509321931893,0,24,Medium,0
ENT305736,Individual,Panama,Passport,1,2,350800.0,0,0,0,28,High,12.76797439010324,1,12,Low,0
ENT305737,Individual,Hong Kong,Aadhaar,1,7,7300.0,0,0,0,21,High,8.895766604056085,0,0,Low,0
ENT305738,Individual,Switzerland,Passport,1,7,53900.0,0,0,0,11,High,10.894904309600681,0,0,Low,0
ENT305739,Corporate,Germany,Passport,1,2,2900.0,0,0,0,15,High,7.972810784121404,0,0,Low,0
ENT305740,Corporate,Germany,Voter ID,1,4,38700.0,0,0,0,25,High,10.563620718477313,0,0,Low,0
ENT305741,Individual,Hong Kong,Driving License,0,7,23300.0,0,0,0,19,Medium,10.056251557087757,0,5,Low,0
ENT305742,Partnership,BVI,Voter ID,1,6,22500.0,0,0,0,17,High,10.021315031649332,1,12,Low,0
ENT305743,Individual,Switzerland,Passport,1,4,14500.0,0,0,2,29,High,9.581972891547895,0,16,Low,0
ENT305744,Partnership,Germany,Passport,1,5,50100.0,0,0,0,15,Low,10.821796246953596,0,6,Low,0
ENT305745,Individual,BVI,Passport,1,7,277600.0,0,0,0,6,High,12.533940109913773,1,12,Low,0
ENT305746,Corporate,UK,Passport,1,6,43500.0,0,0,0,8,High,10.680539205318292,0,0,Low,0
ENT305747,Corporate,BVI,Passport,1,6,46000.0,0,0,0,10,High,10.736418414365374,1,12,Low,0
ENT305748,Partnership,India,PAN,1,4,11200.0,0,0,1,19,Medium,9.32375833901174,0,8,Low,0
ENT305749,Individual,Panama,Driving License,1,4,98700.0,0,0,0,22,High,11.499850357082506,1,12,Low,0
ENT305750,Individual,Switzerland,Aadhaar,1,1,64900.0,0,0,0,10,Low,11.080618310893968,0,6,Low,0
ENT305751,Individual,Cayman Islands,Voter ID,1,4,42700.0,0,0,0,20,High,10.661977618146238,1,12,Low,0
ENT305752,Corporate,Germany,Voter ID,1,6,176200.0,0,0,0,21,Medium,12.079380667837011,0,0,Low,0
ENT305753,Individual,Mauritius,Passport,1,7,109900.0,0,0,0,4,High,11.60733523953139,1,12,Low,0
ENT305754,Corporate,UAE,Aadhaar,1,4,81900.0,0,0,0,22,Medium,11.313266479778829,0,0,Low,0
ENT305755,Trust,Hong Kong,Voter ID,1,7,24500.0,0,0,0,7,High,10.106469212026385,0,0,Low,0
ENT305756,Individual,UK,Aadhaar,1,6,192000.0,0,0,0,20,Medium,12.165255859329688,0,0,Low,0
ENT305757,Corporate,USA,Voter ID,1,4,11500.0,0,0,1,26,High,9.350189267092581,0,8,Low,0
ENT305758,Individual,Germany,Driving License,1,3,101000.0,1,0,0,25,High,11.522885696764481,0,15,Low,1
ENT305759,Individual,BVI,Driving License,1,7,62200.0,0,0,0,20,High,11.038126355768453,1,12,Low,0
ENT305760,Corporate,India,Driving License,1,1,157100.0,0,0,0,9,High,11.964644189595829,0,0,Low,0
ENT305761,Corporate,Germany,Passport,1,4,19400.0,0,0,0,28,Medium,9.873079890114703,0,0,Low,0
ENT305762,Individual,India,Passport,1,1,87900.0,0,0,0,23,Low,11.383966460172834,0,6,Low,0
ENT305763,Trust,UAE,Passport,1,2,119800.0,0,0,0,6,Medium,11.693587311874056,0,0,Low,0
ENT305764,Corporate,Panama,Driving License,0,5,3700.0,0,1,0,5,Medium,8.216358332386156,1,57,High,1
ENT305765,Corporate,Hong Kong,PAN,1,1,191400.0,0,0,2,10,High,12.162125982647739,0,16,Low,0
ENT305766,Individual,USA,Voter ID,1,4,165300.0,0,0,0,10,Medium,12.015523333397592,0,0,Low,0
ENT305767,Individual,India,Aadhaar,0,6,24500.0,0,0,0,25,High,10.106469212026385,0,5,Low,0
ENT305768,Individual,Seychelles,Passport,1,3,15400.0,0,0,0,8,High,9.642187721358466,1,12,Low,0
ENT305769,Partnership,UAE,Aadhaar,1,1,21300.0,0,0,3,6,High,9.966509298952284,0,24,Medium,0
ENT305770,Corporate,Cayman Islands,Aadhaar,1,3,41100.0,0,0,0,29,Medium,10.623787731088578,1,12,Low,0
ENT305771,Individual,Singapore,Voter ID,1,3,1301100.0,0,0,0,18,High,14.078721387071704,0,1,Low,0
ENT305772,Individual,Germany,Voter ID,1,1,8000.0,0,0,0,20,High,8.987321812850125,0,0,Low,0
ENT305773,Individual,Cayman Islands,Voter ID,1,7,257000.0,0,0,2,5,High,12.456835254920371,1,28,Medium,0
ENT305774,Individual,Cayman Islands,Aadhaar,1,5,310600.0,0,0,0,10,High,12.646264409266557,1,12,Low,0
ENT305775,Corporate,UAE,Passport,1,5,37600.0,0,0,3,1,High,10.534785924769006,0,24,Medium,0
ENT305776,Corporate,Seychelles,Driving License,1,6,213200.0,0,0,0,27,Low,12.269990661694345,1,18,Low,0
ENT305777,Corporate,Hong Kong,PAN,1,5,78300.0,0,0,0,15,High,11.268315653289422,0,0,Low,0
ENT305778,Partnership,Hong Kong,Driving License,1,1,6100.0,0,0,1,14,Low,8.716207971151853,0,14,Low,0
ENT305779,Partnership,UAE,PAN,1,7,21000.0,0,0,0,17,Medium,9.952325334619427,0,0,Low,0
ENT305780,Trust,Cyprus,PAN,1,6,1223600.0,0,0,0,4,High,14.017308708519094,1,13,Low,0
ENT305781,Individual,BVI,PAN,1,3,221900.0,0,0,2,25,High,12.309986615445005,1,28,Medium,0
ENT305782,Individual,Seychelles,Aadhaar,0,4,193600.0,0,0,0,4,High,12.17355461910053,1,17,Low,0
ENT305783,Individual,India,Voter ID,1,2,17700.0,0,0,0,27,High,9.781376414141157,0,0,Low,0
ENT305784,Individual,UK,Aadhaar,1,2,99200.0,0,0,0,2,Medium,11.504903373867316,0,0,Low,0
ENT305785,Individual,Singapore,Driving License,1,7,272300.0,0,0,1,5,Medium,12.514663351075232,0,8,Low,0
ENT305786,Trust,Hong Kong,Passport,1,6,31200.0,0,0,0,12,Medium,10.348205424565993,0,0,Low,0
ENT305787,Individual,Switzerland,Driving License,1,3,94600.0,1,0,0,28,High,11.457423325808623,0,15,Low,1
ENT305788,Individual,UAE,Driving License,1,5,217300.0,1,0,0,3,Low,12.289038768166744,0,21,Medium,1
ENT305789,Trust,UK,PAN,1,2,77500.0,0,0,0,10,Medium,11.258046118484,0,0,Low,0
ENT305790,Individual,Singapore,Aadhaar,1,1,68300.0,0,0,0,1,Medium,11.131679686740132,0,0,Low,0
ENT305791,Corporate,Hong Kong,Aadhaar,1,5,11600.0,0,0,0,10,Medium,9.358846580275406,0,0,Low,0
ENT305792,Individual,Cayman Islands,Voter ID,1,3,318100.0,0,0,0,28,Medium,12.670124221397808,1,12,Low,0
ENT305793,Corporate,China,Driving License,1,2,141600.0,0,0,3,29,Medium,11.860768522363712,0,24,Medium,0
ENT305794,Individual,Hong Kong,Driving License,1,7,69900.0,0,0,0,15,Medium,11.154835234271214,0,0,Low,0
ENT305795,Individual,UAE,Voter ID,1,2,193000.0,0,0,0,4,High,12.170450649220749,0,0,Low,0
ENT305796,Corporate,UK,Driving License,1,5,36400.0,0,0,0,18,Medium,10.502351525774941,0,0,Low,0
ENT305797,Corporate,BVI,Voter ID,1,3,31500.0,0,0,3,14,High,10.357774570341576,1,36,Medium,0
ENT305798,Individual,UAE,Passport,1,4,39700.0,0,0,1,5,High,10.589131655274922,0,8,Low,0
ENT305799,Corporate,Hong Kong,Passport,1,7,138300.0,0,0,1,8,High,11.837187748284698,0,8,Low,0
ENT305800,Partnership,China,PAN,1,7,7700.0,0,0,0,17,High,8.94910546953925,0,0,Low,0
ENT305801,Individual,USA,Aadhaar,0,7,193200.0,0,0,0,12,Medium,12.171486376730597,0,5,Low,0
ENT305802,Corporate,Mauritius,PAN,1,1,150300.0,0,0,1,17,Medium,11.92039522907888,1,20,Low,0
ENT305803,Individual,Cyprus,Aadhaar,1,4,909700.0,0,0,0,22,High,13.720871253073042,1,13,Low,0
ENT305804,Individual,BVI,Voter ID,1,3,192900.0,0,0,0,12,High,12.169932382913561,1,12,Low,0
ENT305805,Individual,UK,Aadhaar,1,2,84500.0,0,0,0,25,High,11.344518647594766,0,0,Low,0
ENT305806,Partnership,China,Passport,1,4,92200.0,0,0,0,29,High,11.431726255472853,0,0,Low,0
ENT305807,Corporate,UK,PAN,1,1,532500.0,1,0,0,21,Medium,13.185340054498226,0,15,Low,1
ENT305808,Individual,China,Voter ID,1,7,103200.0,0,1,0,29,High,11.544433821905134,0,40,Medium,1
ENT305809,Corporate,BVI,Driving License,1,5,27800.0,0,0,1,4,Medium,10.232827270254802,1,20,Low,0
ENT305810,Partnership,USA,Driving License,1,7,118000.0,0,0,0,10,Low,11.678448377988165,0,6,Low,0
ENT305811,Partnership,Singapore,Driving License,1,3,47300.0,0,0,0,23,Medium,10.764286715905591,0,0,Low,0
ENT305812,Individual,China,Voter ID,1,5,15700.0,0,0,0,2,High,9.661479683575521,0,0,Low,0
ENT305813,Trust,Cayman Islands,Aadhaar,1,5,64800.0,0,0,0,6,Low,11.079076314320059,1,18,Low,0
ENT305814,Trust,Mauritius,Passport,1,6,52100.0,0,0,0,28,Medium,10.860939421415225,1,12,Low,0
ENT305815,Trust,Germany,PAN,1,7,247100.0,0,0,0,19,Low,12.41755243891307,0,6,Low,0
ENT305816,Individual,UAE,Driving License,1,2,36900.0,0,0,0,20,High,10.515993929932415,0,0,Low,0
ENT305817,Corporate,UAE,Driving License,1,7,12100.0,0,0,0,3,Medium,9.401043372798053,0,0,Low,0
ENT305818,Corporate,Panama,Passport,1,2,443800.0,0,0,0,17,Medium,13.00313154274533,1,12,Low,0
ENT305819,Individual,Singapore,Aadhaar,1,7,3800.0,0,0,0,28,High,8.24301946898925,0,0,Low,0
ENT305820,Corporate,Hong Kong,Passport,1,1,188300.0,0,0,0,4,Medium,12.145797025305598,0,0,Low,0
ENT305821,Individual,Seychelles,PAN,1,7,10300.0,0,0,3,10,High,9.239996256883693,1,36,Medium,0
ENT305822,Individual,Panama,Passport,1,6,137000.0,0,0,0,11,Medium,11.827743504053695,1,12,Low,0
ENT305823,Individual,Mauritius,PAN,1,6,44400.0,0,0,1,10,Low,10.70101727068921,1,26,Medium,0
ENT305824,Individual,Cayman Islands,PAN,1,7,65000.0,0,0,0,6,High,11.082157933374816,1,12,Low,0
ENT305825,Individual,BVI,PAN,1,3,1739900.0,0,0,0,20,Low,14.369338773020317,1,19,Low,0
ENT305826,Individual,Germany,PAN,0,5,27500.0,0,0,0,19,High,10.221977646629885,0,5,Low,0
ENT305827,Individual,UK,PAN,1,4,1800.0,0,0,0,6,Medium,7.496097345175956,0,0,Low,0
ENT305828,Individual,Hong Kong,Passport,1,1,122600.0,0,0,0,6,Low,11.716690459057835,0,6,Low,0
ENT305829,Individual,UK,Passport,0,7,13500.0,0,0,0,23,High,9.510519035757246,0,5,Low,0
ENT305830,Corporate,Panama,Voter ID,1,3,17400.0,0,0,0,7,Medium,9.76428295481558,1,12,Low,0
ENT305831,Individual,USA,Aadhaar,1,7,5400.0,0,0,0,29,Medium,8.594339400592892,0,0,Low,0
ENT305832,Partnership,Singapore,Aadhaar,1,5,330800.0,0,0,0,9,Low,12.709272265101712,0,6,Low,0
ENT305833,Individual,Switzerland,Voter ID,1,5,162800.0,0,0,0,23,High,12.000283875037855,0,0,Low,0
ENT305834,Individual,Mauritius,Driving License,1,1,21300.0,0,0,1,2,Medium,9.966509298952284,1,20,Low,0
ENT305835,Corporate,India,Driving License,1,3,582600.0,0,0,0,11,High,13.275257839949527,0,0,Low,0
ENT305836,Corporate,China,Aadhaar,1,4,492400.0,0,1,0,11,High,13.107048704159585,0,40,Medium,1
ENT305837,Partnership,Hong Kong,Voter ID,1,6,4300.0,0,0,0,25,Medium,8.366602832783736,0,0,Low,0
ENT305838,Trust,Singapore,Voter ID,1,4,13300.0,0,0,0,29,High,9.495594499353297,0,0,Low,0
ENT305839,Trust,BVI,PAN,1,2,200400.0,0,0,0,16,High,12.208075638200357,1,12,Low,0
ENT305840,Individual,Mauritius,Passport,1,7,81200.0,0,0,0,9,High,11.304682841344873,1,12,Low,0
ENT305841,Individual,Singapore,PAN,1,7,19400.0,0,0,0,2,Medium,9.873079890114703,0,0,Low,0
ENT305842,Corporate,Cayman Islands,Passport,1,7,17300.0,0,0,0,6,Low,9.758519582283522,1,18,Low,0
ENT305843,Individual,UK,Voter ID,1,4,196800.0,0,0,1,9,Medium,12.189948344888194,0,8,Low,0
ENT305844,Partnership,Hong Kong,Passport,1,1,37100.0,0,0,0,2,High,10.521399202410167,0,0,Low,0
ENT305845,Individual,Switzerland,PAN,1,4,33400.0,1,0,1,18,High,10.416341118636355,0,23,Medium,1
ENT305846,Individual,Switzerland,Voter ID,1,6,42100.0,0,0,0,5,Medium,10.647826772357497,0,0,Low,0
ENT305847,Partnership,Seychelles,Driving License,1,7,35600.0,0,0,0,21,Low,10.480129006333248,1,18,Low,0
ENT305848,Individual,China,PAN,0,5,30200.0,0,0,2,17,Low,10.315630315397533,0,27,Medium,0
ENT305849,Individual,UAE,PAN,1,5,195400.0,0,0,0,21,High,12.182809136284991,0,0,Low,0
ENT305850,Corporate,Hong Kong,Driving License,1,3,215600.0,1,0,0,18,High,12.281184756225146,0,15,Low,1
ENT305851,Partnership,Singapore,Aadhaar,1,3,246700.0,0,0,0,15,Medium,12.415932356015515,0,0,Low,0
ENT305852,Corporate,Switzerland,Passport,1,4,28200.0,0,0,0,29,High,10.247112717290387,0,0,Low,0
ENT305853,Partnership,India,Aadhaar,1,4,5300.0,0,0,0,8,High,8.575650760987806,0,0,Low,0
ENT305854,Corporate,China,PAN,1,1,91300.0,0,0,0,10,Medium,11.421917019425596,0,0,Low,0
ENT305855,Corporate,Germany,Passport,1,4,5000.0,0,0,0,9,High,8.517393171418904,0,0,Low,0
ENT305856,Individual,Switzerland,Driving License,1,5,69500.0,0,0,0,15,High,11.149096419938578,0,0,Low,0
ENT305857,Partnership,China,Driving License,0,5,31400.0,0,0,0,26,Low,10.354595018522993,0,11,Low,0
ENT305858,Corporate,Singapore,Voter ID,1,5,251800.0,1,0,3,29,Medium,12.436394371990376,0,39,Medium,1
ENT305859,Individual,Singapore,Driving License,1,1,68600.0,0,0,0,12,Medium,11.136062390867204,0,0,Low,0
ENT305860,Individual,UK,Passport,1,5,256000.0,0,0,0,17,High,12.45293662970407,0,0,Low,0
ENT305861,Trust,India,PAN,1,5,24000.0,0,0,1,7,Medium,10.085850775128717,0,8,Low,0
ENT305862,Trust,Cayman Islands,Aadhaar,1,7,108900.0,1,0,0,24,High,11.598194491615347,1,27,Medium,1
ENT305863,Individual,Hong Kong,Aadhaar,1,1,87200.0,0,0,0,21,High,11.375971077721223,0,0,Low,0
ENT305864,Individual,Singapore,Aadhaar,1,2,76300.0,0,0,0,11,High,11.242441323346558,0,0,Low,0
ENT305865,Corporate,India,Aadhaar,1,7,53100.0,0,0,0,21,High,10.879951039444416,0,0,Low,0
ENT305866,Individual,Panama,Driving License,0,2,25900.0,0,0,0,17,High,10.16203685698089,1,17,Low,0
ENT305867,Corporate,Seychelles,Passport,1,6,40000.0,0,0,0,29,High,10.596659732783579,1,12,Low,0
ENT305868,Partnership,USA,Driving License,1,7,123400.0,0,0,3,10,Medium,11.723194494148304,0,24,Medium,0
ENT305869,Partnership,Singapore,PAN,1,4,122300.0,0,0,0,19,Medium,11.714240498256716,0,0,Low,0
ENT305870,Individual,UK,PAN,1,6,88700.0,1,0,2,26,Medium,11.39302644219128,0,31,Medium,1
ENT305871,Individual,Mauritius,Driving License,1,6,21200.0,0,0,3,28,Low,9.961803629358965,1,42,High,1
ENT305872,Individual,China,Aadhaar,1,4,33500.0,0,0,3,18,Medium,10.419330568113901,0,24,Medium,0
ENT305873,Individual,Singapore,PAN,1,4,199100.0,0,0,3,17,High,12.201567512641383,0,24,Medium,0
ENT305874,Individual,Germany,Voter ID,1,4,34700.0,0,0,1,25,High,10.454523783963511,0,8,Low,0
ENT305875,Corporate,Hong Kong,PAN,1,7,37400.0,0,0,0,2,Medium,10.529452721013085,0,0,Low,0
ENT305876,Individual,BVI,Aadhaar,1,6,184600.0,0,0,0,8,High,12.12595201815431,1,12,Low,0
ENT305877,Individual,China,Voter ID,1,2,346500.0,0,0,0,21,Medium,12.755640983610817,0,0,Low,0
ENT305878,Partnership,UAE,Aadhaar,1,5,395400.0,0,0,0,16,Low,12.887655718799927,0,6,Low,0
ENT305879,Corporate,Panama,PAN,1,5,13400.0,0,0,0,5,High,9.503084610020228,1,12,Low,0
ENT305880,Individual,Hong Kong,Voter ID,1,3,17800.0,0,0,0,17,Medium,9.787009914477434,0,0,Low,0
ENT305881,Corporate,UK,Driving License,0,4,113000.0,0,0,0,4,High,11.635151947212842,0,5,Low,0
ENT305882,Corporate,Panama,Driving License,1,5,15400.0,0,0,0,25,High,9.642187721358466,1,12,Low,0
ENT305883,Corporate,Mauritius,Aadhaar,0,4,553200.0,0,0,0,6,Medium,13.223476686435603,1,17,Low,0
ENT305884,Individual,Germany,Driving License,1,2,10500.0,0,0,0,5,Low,9.259225769705994,0,6,Low,0
ENT305885,Individual,UAE,Passport,1,7,132700.0,0,0,0,18,Medium,11.795853756086931,0,0,Low,0
ENT305886,Partnership,Cayman Islands,Voter ID,1,3,91600.0,0,0,1,9,Medium,11.425197467633199,1,20,Low,0
ENT305887,Individual,Switzerland,PAN,0,3,93100.0,0,0,0,11,High,11.441440204346033,0,5,Low,0
ENT305888,Partnership,UAE,Passport,1,4,571100.0,0,0,0,3,High,13.25532135565825,0,0,Low,0
ENT305889,Corporate,BVI,Driving License,1,6,30300.0,0,0,0,3,Low,10.318935994253193,1,18,Low,0
ENT305890,Partnership,UK,Passport,1,6,39100.0,0,0,0,29,High,10.573903321093981,0,0,Low,0
ENT305891,Individual,Seychelles,Voter ID,1,6,55000.0,0,0,0,21,Low,10.915106645867503,1,18,Low,0
ENT305892,Individual,Hong Kong,Passport,1,7,5200.0,0,0,0,1,Medium,8.556606193773073,0,0,Low,0
ENT305893,Corporate,Germany,Passport,1,6,550500.0,0,0,1,16,High,13.218584051673648,0,8,Low,0
ENT305894,Corporate,Cyprus,Voter ID,1,3,114400.0,0,0,1,12,Medium,11.647465099148372,1,20,Low,0
ENT305895,Individual,Cayman Islands,Driving License,1,3,172200.0,0,0,0,27,Low,12.056417678159836,1,18,Low,0
ENT305896,Individual,Cyprus,Driving License,1,7,41200.0,0,0,0,23,High,10.626217806887722,1,12,Low,0
ENT305897,Corporate,UAE,Voter ID,1,5,4400.0,0,0,3,23,Medium,8.38958706681109,0,24,Medium,0
ENT305898,Partnership,USA,Voter ID,1,5,49700.0,0,0,0,18,High,10.813780332606648,0,0,Low,0
ENT305899,Corporate,Singapore,Aadhaar,1,1,13300.0,0,0,0,22,Medium,9.495594499353297,0,0,Low,0
ENT305900,Individual,Panama,Passport,1,3,50000.0,0,0,0,27,High,10.819798284210286,1,12,Low,0
ENT305901,Individual,UK,PAN,1,1,63300.0,0,0,3,25,Medium,11.055656405795794,0,24,Medium,0
ENT305902,Individual,Cayman Islands,Passport,1,4,34600.0,0,1,0,5,Medium,10.451637862362272,1,52,High,1
ENT305903,Individual,UK,Passport,1,1,55900.0,0,0,0,23,High,10.93133754807084,0,0,Low,0
ENT305904,Individual,Germany,Aadhaar,1,5,25400.0,0,0,0,20,Low,10.142543822310387,0,6,Low,0
ENT305905,Corporate,UK,Passport,1,7,183500.0,0,0,0,29,High,12.119975396053194,0,0,Low,0
ENT305906,Individual,Switzerland,Voter ID,0,5,14900.0,0,0,0,20,Low,9.60918360377546,0,11,Low,0
ENT305907,Individual,Mauritius,PAN,1,4,76300.0,0,0,0,26,Medium,11.242441323346558,1,12,Low,0
ENT305908,Individual,Germany,Passport,0,6,171700.0,0,0,0,27,High,12.05350987098043,0,5,Low,0
ENT305909,Corporate,BVI,Driving License,1,3,370100.0,0,0,0,8,Medium,12.821531220343036,1,12,Low,0
ENT305910,Individual,BVI,Aadhaar,1,3,524000.0,1,0,0,17,Medium,13.169248871698304,1,27,Medium,1
ENT305911,Individual,Singapore,Voter ID,1,4,132000.0,0,0,0,3,High,11.790564777297387,0,0,Low,0
ENT305912,Individual,India,PAN,1,1,81300.0,0,0,0,21,High,11.305913595583258,0,0,Low,0
ENT305913,Individual,Mauritius,Voter ID,1,4,534000.0,1,0,0,27,Medium,13.188152990599754,1,27,Medium,1
ENT305914,Partnership,USA,Aadhaar,0,7,184100.0,0,0,1,19,High,12.123239799036943,0,13,Low,0
ENT305915,Individual,India,Voter ID,1,2,69800.0,0,0,0,26,High,11.153403615295403,0,0,Low,0
ENT305916,Individual,India,Voter ID,1,7,6100.0,0,0,0,19,Low,8.716207971151853,0,6,Low,0
ENT305917,Individual,Hong Kong,Aadhaar,1,5,35600.0,0,0,0,17,Low,10.480129006333248,0,6,Low,0
ENT305918,Individual,Cayman Islands,Voter ID,1,7,3700.0,0,0,0,6,High,8.216358332386156,1,12,Low,0
ENT305919,Partnership,India,PAN,1,2,120200.0,0,0,0,23,Medium,11.696920620516192,0,0,Low,0
ENT305920,Corporate,USA,Aadhaar,1,1,21000.0,0,0,0,23,Medium,9.952325334619427,0,0,Low,0
ENT305921,Individual,China,Driving License,1,5,418000.0,0,0,0,11,Medium,12.94323910384853,0,0,Low,0
ENT305922,Partnership,Seychelles,Voter ID,1,6,59300.0,0,0,1,9,High,10.990381448250039,1,20,Low,0
ENT305923,Partnership,Cayman Islands,PAN,1,1,25000.0,0,0,0,22,High,10.12667110305036,1,12,Low,0
ENT305924,Trust,UK,PAN,1,6,53700.0,0,0,0,14,High,10.891186902297498,0,0,Low,0
ENT305925,Individual,UK,Driving License,1,4,135400.0,0,0,0,9,Low,11.81599602495741,0,6,Low,0
ENT305926,Partnership,Germany,Aadhaar,1,2,52300.0,0,0,0,8,Low,10.864770770329113,0,6,Low,0
ENT305927,Corporate,China,Aadhaar,1,3,68500.0,0,0,0,5,Medium,11.134603622683905,0,0,Low,0
ENT305928,Trust,Germany,Voter ID,1,3,154900.0,0,0,0,3,High,11.950541482162043,0,0,Low,0
ENT305929,Corporate,China,PAN,1,6,102200.0,0,0,0,13,Medium,11.534696741439683,0,0,Low,0
ENT305930,Individual,Panama,Passport,1,1,41100.0,0,0,0,14,High,10.623787731088578,1,12,Low,0
ENT305931,Corporate,China,Passport,1,5,103100.0,0,0,1,14,High,11.54346436927906,0,8,Low,0
ENT305932,Partnership,Seychelles,Aadhaar,0,6,9800.0,0,0,0,25,High,9.19023970026918,1,17,Low,0
ENT305933,Individual,BVI,Voter ID,1,5,221400.0,0,0,0,1,High,12.307730815958307,1,12,Low,0
ENT305934,Partnership,Germany,Passport,1,3,224800.0,0,0,0,2,Medium,12.322970845390355,0,0,Low,0
ENT305935,Individual,India,PAN,1,4,17800.0,0,0,0,2,High,9.787009914477434,0,0,Low,0
ENT305936,Individual,UK,PAN,1,6,31600.0,0,0,0,25,Medium,10.360944044643913,0,0,Low,0
ENT305937,Partnership,Germany,PAN,1,7,407200.0,0,0,2,29,Medium,12.917062200011113,0,16,Low,0
ENT305938,Corporate,Seychelles,Passport,1,7,75900.0,0,0,0,15,Low,11.237185138527495,1,18,Low,0
ENT305939,Individual,Switzerland,Driving License,1,6,28500.0,0,0,0,14,Medium,10.25769445336048,0,0,Low,0
ENT305940,Individual,Seychelles,Passport,1,2,166200.0,0,0,0,26,Medium,12.020953178232556,1,12,Low,0
ENT305941,Corporate,Hong Kong,Driving License,1,3,318900.0,0,0,1,27,High,12.672635988772473,0,8,Low,0
ENT305942,Trust,China,Voter ID,0,3,23900.0,0,0,0,9,High,10.081675578048475,0,5,Low,0
ENT305943,Partnership,BVI,PAN,1,4,222500.0,0,0,0,18,High,12.312686874960354,1,12,Low,0
ENT305944,Corporate,Panama,Voter ID,1,7,37100.0,0,1,0,20,Medium,10.521399202410167,1,52,High,1
ENT305945,Individual,Seychelles,PAN,1,2,73900.0,0,0,0,13,High,11.210481638644469,1,12,Low,0
ENT305946,Partnership,Cayman Islands,Voter ID,1,3,212800.0,0,0,0,28,Medium,12.268112735686705,1,12,Low,0
ENT305947,Corporate,Panama,Passport,1,1,13100.0,0,0,0,8,Low,9.48044384215367,1,18,Low,0
ENT305948,Partnership,Panama,Voter ID,1,3,25200.0,0,0,1,24,Medium,10.134638955251866,1,20,Low,0
ENT305949,Individual,Hong Kong,Passport,1,4,58900.0,0,0,1,23,Low,10.983613347424248,0,14,Low,0
ENT305950,Individual,India,PAN,1,1,181200.0,0,0,0,21,High,12.107362191339584,0,0,Low,0
ENT305951,Corporate,UK,PAN,1,5,20800.0,0,0,0,17,High,9.942756341456828,0,0,Low,0
ENT305952,Partnership,UK,Aadhaar,1,4,344700.0,0,0,1,13,High,12.750432653574146,0,8,Low,0
ENT305953,Individual,Hong Kong,Aadhaar,1,3,41300.0,0,0,0,19,Medium,10.628641991731053,0,0,Low,0
ENT305954,Corporate,India,Aadhaar,1,7,206600.0,0,0,0,11,High,12.238544675927017,0,0,Low,0
ENT305955,Individual,Singapore,Aadhaar,1,7,47500.0,0,0,0,28,High,10.768506042432708,0,0,Low,0
ENT305956,Trust,Seychelles,Voter ID,1,3,3400.0,0,0,0,24,Low,8.131824785007195,1,18,Low,0
ENT305957,Individual,Mauritius,Passport,1,6,31300.0,0,0,0,16,Low,10.351405324899678,1,18,Low,0
ENT305958,Individual,Mauritius,Voter ID,1,4,18200.0,0,0,0,9,Medium,9.809231816610408,1,12,Low,0
ENT305959,Partnership,Seychelles,Passport,1,7,216600.0,0,0,0,10,Low,12.285812230343542,1,18,Low,0
ENT305960,Corporate,Hong Kong,Voter ID,0,7,627700.0,0,0,0,7,Low,13.349819217422086,0,11,Low,0
ENT305961,Individual,Germany,Driving License,1,7,54900.0,0,0,0,25,High,10.91328684226798,0,0,Low,0
ENT305962,Individual,USA,Aadhaar,0,3,180400.0,0,0,0,21,Medium,12.102937429832547,0,5,Low,0
ENT305963,Individual,Panama,PAN,1,1,40300.0,0,0,0,22,Low,10.604131561522696,1,18,Low,0
ENT305964,Individual,Hong Kong,PAN,1,5,58300.0,1,0,0,13,High,10.97337452485014,0,15,Low,1
ENT305965,Corporate,Singapore,Aadhaar,1,5,89200.0,0,0,0,12,Medium,11.398647529267592,0,0,Low,0
ENT305966,Individual,Hong Kong,Driving License,1,7,77100.0,0,0,1,29,High,11.252871529635922,0,8,Low,0
ENT305967,Individual,Singapore,PAN,0,3,88100.0,0,0,1,17,High,11.386239162597649,0,13,Low,0
ENT305968,Individual,Seychelles,Aadhaar,1,4,273700.0,0,0,0,12,High,12.519791548657462,1,12,Low,0
ENT305969,Individual,Cayman Islands,Aadhaar,1,3,248400.0,0,0,0,13,Low,12.422799654798252,1,18,Low,0
ENT305970,Individual,Seychelles,Passport,1,1,24200.0,0,0,1,24,Medium,10.094149233605084,1,20,Low,0
ENT305971,Corporate,China,Aadhaar,1,1,19600.0,0,1,0,29,Medium,9.883335864325275,0,40,Medium,1
ENT305972,Individual,Germany,Passport,1,6,161700.0,0,0,0,14,High,11.993504229837974,0,0,Low,0
ENT305973,Corporate,China,Passport,1,3,73100.0,0,0,0,29,Medium,11.199597325534862,0,0,Low,0
ENT305974,Corporate,USA,Aadhaar,0,7,21200.0,0,0,0,11,Low,9.961803629358965,0,11,Low,0
ENT305975,Individual,China,Voter ID,1,5,141300.0,0,0,0,10,High,11.85864764578841,0,0,Low,0
ENT305976,Individual,India,Aadhaar,1,6,68200.0,0,0,0,15,High,11.130214506480655,0,0,Low,0
ENT305977,Trust,BVI,PAN,1,2,41800.0,0,0,0,6,High,10.640675541671662,1,12,Low,0
ENT305978,Individual,China,Aadhaar,0,6,64800.0,0,0,0,23,High,11.079076314320059,0,5,Low,0
ENT305979,Corporate,Cyprus,Aadhaar,1,7,21300.0,1,0,0,26,High,9.966509298952284,1,27,Medium,1
ENT305980,Corporate,BVI,Passport,1,2,304200.0,0,0,0,2,Medium,12.625443946112906,1,12,Low,0
ENT305981,Partnership,BVI,Aadhaar,1,6,159000.0,0,0,0,19,High,11.976665770490767,1,12,Low,0
ENT305982,Corporate,China,Driving License,1,4,67600.0,0,0,0,28,High,11.121378054821049,0,0,Low,0
ENT305983,Corporate,Mauritius,Driving License,1,6,31300.0,0,0,0,25,Medium,10.351405324899678,1,12,Low,0
ENT305984,Individual,UAE,PAN,1,6,66600.0,1,0,0,28,High,11.106474871430772,0,15,Low,1
ENT305985,Corporate,Mauritius,Aadhaar,1,7,243500.0,0,0,0,3,High,12.40287632827253,1,12,Low,0
ENT305986,Individual,Seychelles,Voter ID,1,5,19400.0,0,1,0,22,High,9.873079890114703,1,52,High,1
ENT305987,Corporate,USA,Driving License,1,7,136200.0,0,0,0,26,High,11.821887014814502,0,0,Low,0
ENT305988,Individual,Cyprus,Voter ID,1,1,415900.0,0,0,0,29,High,12.938202530152253,1,12,Low,0
ENT305989,Corporate,UK,Passport,1,1,83300.0,0,0,1,5,Low,11.330215832884798,0,14,Low,0
ENT305990,Individual,Germany,Driving License,1,1,26000.0,1,0,0,20,Medium,10.165890277802454,0,15,Low,1
ENT305991,Individual,Switzerland,Voter ID,1,6,24700.0,0,0,0,5,Low,10.114599007626499,0,6,Low,0
ENT305992,Corporate,China,Aadhaar,1,4,18600.0,0,0,0,23,High,9.83097062169695,0,0,Low,0
ENT305993,Partnership,BVI,Voter ID,1,3,211300.0,0,0,0,1,Medium,12.261038936200617,1,12,Low,0
ENT305994,Individual,Seychelles,Voter ID,1,2,46900.0,0,0,0,7,High,10.75579427616868,1,12,Low,0
ENT305995,Corporate,China,Driving License,1,5,16300.0,0,0,0,12,Medium,9.69898173460629,0,0,Low,0
ENT305996,Individual,Seychelles,Driving License,0,4,40600.0,0,0,0,26,High,10.611547975828369,1,17,Low,0
ENT305997,Individual,China,Voter ID,1,4,68000.0,0,0,0,3,High,11.127277689932466,0,0,Low,0
ENT305998,Corporate,Seychelles,PAN,1,2,25400.0,0,0,1,26,Medium,10.142543822310387,1,20,Low,0
ENT305999,Corporate,China,Driving License,1,6,303900.0,0,0,0,18,High,12.624457269455574,0,0,Low,0
